seed,env_init,schedule,observer,converged,attractor,time_to_sync,sym_var_final,misID_snap,misID_half,misID_post,nll_half,brier_half,switch_rate,acf1,acf2,acf5,mis_acf1,turning_rate,period2_score,spec_peak_freq,spec_peak_share,final_S_A,final_S_B,final_S_C
0,5_2_6,sync,hard,0,no_conv,,0.222222,0.000000,0.000000,,0.000000,0.000000,0.721088,0.202643,0.114089,0.103169,nan,0.381944,0.368056,0.226667,0.212450,1,1,0
1,5_2_6,sync,hard,1,S=0,18,0.000000,0.000000,0.000000,0.000000,0.000000,0.000000,0.176871,0.732959,0.678037,0.723775,nan,0.090278,0.076389,0.020000,0.464303,0,0,0
2,5_2_6,sync,hard,0,no_conv,,0.222222,0.000000,0.000000,,0.000000,0.000000,0.619048,0.405905,0.348039,0.382673,nan,0.319444,0.305556,0.020000,0.325098,0,1,0
3,5_2_6,sync,hard,0,no_conv,,0.222222,0.000000,0.000000,,0.000000,0.000000,0.727891,0.321808,0.258445,0.245571,nan,0.395833,0.381944,0.126667,0.284294,1,0,0
4,5_2_6,sync,hard,0,no_conv,,0.222222,0.000000,0.000000,,0.000000,0.000000,0.721088,0.202643,0.114089,0.103169,nan,0.381944,0.368056,0.226667,0.212450,1,1,0
5,5_2_6,sync,hard,1,other_conv,17,0.000000,0.000000,0.000000,0.000000,0.000000,0.000000,0.258503,0.767459,0.740823,0.624387,nan,0.138889,0.125000,0.020000,0.506890,4,4,4
6,5_2_6,sync,hard,0,no_conv,,0.222222,0.000000,0.000000,,0.000000,0.000000,0.721088,0.479708,0.407131,0.380389,nan,0.375000,0.368056,0.020000,0.471684,0,1,0
7,5_2_6,sync,hard,1,S=0,21,0.000000,0.000000,0.000000,0.000000,0.000000,0.000000,0.176871,0.734537,0.681688,0.724091,nan,0.090278,0.076389,0.020000,0.503384,0,0,0
8,5_2_6,sync,hard,0,no_conv,,0.222222,0.000000,0.000000,,0.000000,0.000000,0.727891,0.321808,0.258445,0.245571,nan,0.395833,0.381944,0.126667,0.284294,1,0,0
9,5_2_6,sync,hard,0,no_conv,,0.222222,0.000000,0.000000,,0.000000,0.000000,0.727891,0.321808,0.258445,0.245571,nan,0.395833,0.381944,0.126667,0.284294,1,0,0
10,5_2_6,sync,hard,0,no_conv,,0.222222,0.000000,0.000000,,0.000000,0.000000,0.727891,0.321808,0.258445,0.245571,nan,0.395833,0.381944,0.126667,0.284294,1,0,0
11,5_2_6,sync,hard,1,S=0,5,0.000000,0.000000,0.000000,0.000000,0.000000,0.000000,0.122449,0.644745,0.447163,0.629217,nan,0.048611,0.034722,0.020000,0.154551,0,0,0
12,5_2_6,sync,hard,0,no_conv,,0.222222,0.000000,0.000000,,0.000000,0.000000,0.727891,0.321808,0.258445,0.245571,nan,0.395833,0.381944,0.126667,0.284294,1,0,0
13,5_2_6,sync,hard,1,other_conv,17,0.000000,0.000000,0.000000,0.000000,0.000000,0.000000,0.204082,0.765187,0.743455,0.672172,nan,0.097222,0.083333,0.020000,0.506398,4,4,4
14,5_2_6,sync,hard,0,no_conv,,0.222222,0.000000,0.000000,,0.000000,0.000000,0.727891,0.321808,0.258445,0.245571,nan,0.395833,0.381944,0.126667,0.284294,1,0,0
15,5_2_6,sync,hard,0,no_conv,,0.222222,0.000000,0.000000,,0.000000,0.000000,0.727891,0.321808,0.258445,0.245571,nan,0.395833,0.381944,0.126667,0.284294,1,0,0
16,5_2_6,sync,hard,0,no_conv,,0.222222,0.000000,0.000000,,0.000000,0.000000,0.727891,0.321808,0.258445,0.245571,nan,0.395833,0.381944,0.126667,0.284294,1,0,0
17,5_2_6,sync,hard,0,no_conv,,0.222222,0.000000,0.000000,,0.000000,0.000000,0.727891,0.212367,0.102124,0.025525,nan,0.381944,0.368056,0.226667,0.208165,0,1,0
18,5_2_6,sync,hard,0,no_conv,,0.222222,0.000000,0.000000,,0.000000,0.000000,0.707483,0.033245,-0.012741,-0.047488,nan,0.375000,0.361111,0.233333,0.282347,3,3,2
19,5_2_6,sync,hard,1,other_conv,17,0.000000,0.000000,0.000000,0.000000,0.000000,0.000000,0.258503,0.767459,0.740823,0.624387,nan,0.138889,0.125000,0.020000,0.506890,4,4,4
20,5_2_6,sync,hard,0,no_conv,,0.222222,0.000000,0.000000,,0.000000,0.000000,0.673469,0.377472,0.302709,0.327681,nan,0.340278,0.326389,0.126667,0.298869,0,0,1
21,5_2_6,sync,hard,1,S=0,21,0.000000,0.000000,0.000000,0.000000,0.000000,0.000000,0.176871,0.734537,0.681688,0.724091,nan,0.090278,0.076389,0.020000,0.503384,0,0,0
22,5_2_6,sync,hard,0,no_conv,,0.222222,0.000000,0.000000,,0.000000,0.000000,0.727891,0.324954,0.263067,0.272639,nan,0.395833,0.381944,0.126667,0.322167,1,0,0
23,5_2_6,sync,hard,0,no_conv,,0.222222,0.000000,0.000000,,0.000000,0.000000,0.768707,0.572041,0.530719,0.402791,nan,0.430556,0.416667,0.020000,0.422831,3,4,4
24,5_2_6,sync,hard,0,no_conv,,0.222222,0.000000,0.000000,,0.000000,0.000000,0.700680,-0.151772,-0.161084,-0.035124,nan,0.388889,0.375000,0.340000,0.183624,1,2,2
25,5_2_6,sync,hard,0,no_conv,,0.222222,0.000000,0.000000,,0.000000,0.000000,0.727891,0.321808,0.258445,0.245571,nan,0.395833,0.381944,0.126667,0.284294,1,0,0
26,5_2_6,sync,hard,0,no_conv,,0.222222,0.000000,0.000000,,0.000000,0.000000,0.727891,0.321808,0.258445,0.245571,nan,0.395833,0.381944,0.126667,0.284294,1,0,0
27,5_2_6,sync,hard,0,no_conv,,0.222222,0.000000,0.000000,,0.000000,0.000000,0.727891,0.321808,0.258445,0.245571,nan,0.395833,0.381944,0.126667,0.284294,1,0,0
28,5_2_6,sync,hard,0,no_conv,,0.222222,0.000000,0.000000,,0.000000,0.000000,0.727891,0.324224,0.261788,0.270722,nan,0.395833,0.381944,0.126667,0.306479,1,0,0
29,5_2_6,sync,hard,0,no_conv,,0.222222,0.000000,0.000000,,0.000000,0.000000,0.727891,0.321808,0.258445,0.245571,nan,0.395833,0.381944,0.126667,0.284294,1,0,0
30,5_2_6,sync,hard,0,no_conv,,0.222222,0.000000,0.000000,,0.000000,0.000000,0.727891,0.321808,0.258445,0.245571,nan,0.395833,0.381944,0.126667,0.284294,1,0,0
31,5_2_6,sync,hard,0,no_conv,,0.222222,0.000000,0.000000,,0.000000,0.000000,0.727891,0.321808,0.258445,0.245571,nan,0.395833,0.381944,0.126667,0.284294,1,0,0
32,5_2_6,sync,hard,0,no_conv,,0.222222,0.000000,0.000000,,0.000000,0.000000,0.727891,0.243518,0.192811,0.188464,nan,0.395833,0.381944,0.226667,0.269040,0,1,0
33,5_2_6,sync,hard,0,no_conv,,0.222222,0.000000,0.000000,,0.000000,0.000000,0.727891,0.324224,0.261788,0.270722,nan,0.395833,0.381944,0.126667,0.306479,1,0,0
34,5_2_6,sync,hard,0,no_conv,,0.222222,0.000000,0.000000,,0.000000,0.000000,0.700680,-0.177886,-0.232527,-0.158040,nan,0.368056,0.354167,0.340000,0.344454,2,2,1
35,5_2_6,sync,hard,1,S=0,21,0.000000,0.000000,0.000000,0.000000,0.000000,0.000000,0.176871,0.734537,0.681688,0.724091,nan,0.090278,0.076389,0.020000,0.503384,0,0,0
36,5_2_6,sync,hard,0,no_conv,,0.222222,0.000000,0.000000,,0.000000,0.000000,0.721088,0.202643,0.114089,0.103169,nan,0.381944,0.368056,0.226667,0.212450,1,1,0
37,5_2_6,sync,hard,0,no_conv,,0.222222,0.000000,0.000000,,0.000000,0.000000,0.673469,0.377472,0.302709,0.327681,nan,0.340278,0.326389,0.126667,0.298869,0,0,1
38,5_2_6,sync,hard,0,no_conv,,0.222222,0.000000,0.000000,,0.000000,0.000000,0.727891,0.321808,0.258445,0.245571,nan,0.395833,0.381944,0.126667,0.284294,1,0,0
39,5_2_6,sync,hard,1,S=0,21,0.000000,0.000000,0.000000,0.000000,0.000000,0.000000,0.176871,0.734537,0.681688,0.724091,nan,0.090278,0.076389,0.020000,0.503384,0,0,0
40,5_2_6,sync,hard,0,no_conv,,0.222222,0.000000,0.000000,,0.000000,0.000000,0.727891,0.240576,0.190099,0.185501,nan,0.395833,0.381944,0.126667,0.265265,0,1,0
41,5_2_6,sync,hard,0,no_conv,,0.222222,0.000000,0.000000,,0.000000,0.000000,0.727891,0.321808,0.258445,0.245571,nan,0.395833,0.381944,0.126667,0.284294,1,0,0
42,5_2_6,sync,hard,0,no_conv,,0.222222,0.000000,0.000000,,0.000000,0.000000,0.727891,0.212367,0.102124,0.025525,nan,0.381944,0.368056,0.226667,0.208165,0,1,0
43,5_2_6,sync,hard,0,no_conv,,0.222222,0.000000,0.000000,,0.000000,0.000000,0.727891,0.321808,0.258445,0.245571,nan,0.395833,0.381944,0.126667,0.284294,1,0,0
44,5_2_6,sync,hard,1,S=0,21,0.000000,0.000000,0.000000,0.000000,0.000000,0.000000,0.176871,0.734537,0.681688,0.724091,nan,0.090278,0.076389,0.020000,0.503384,0,0,0
45,5_2_6,sync,hard,0,no_conv,,0.222222,0.000000,0.000000,,0.000000,0.000000,0.727891,0.324224,0.261788,0.270722,nan,0.395833,0.381944,0.126667,0.306479,1,0,0
46,5_2_6,sync,hard,0,no_conv,,0.222222,0.000000,0.000000,,0.000000,0.000000,0.727891,0.321808,0.258445,0.245571,nan,0.395833,0.381944,0.126667,0.284294,1,0,0
47,5_2_6,sync,hard,1,S=0,21,0.000000,0.000000,0.000000,0.000000,0.000000,0.000000,0.176871,0.734537,0.681688,0.724091,nan,0.090278,0.076389,0.020000,0.503384,0,0,0
48,5_2_6,sync,hard,0,no_conv,,0.222222,0.000000,0.000000,,0.000000,0.000000,0.727891,0.324224,0.261788,0.270722,nan,0.395833,0.381944,0.126667,0.306479,1,0,0
49,5_2_6,sync,hard,1,other_conv,17,0.000000,0.000000,0.000000,0.000000,0.000000,0.000000,0.272109,-0.062608,-0.043153,0.146178,nan,0.166667,0.152778,0.253333,0.154548,2,2,2
50,5_2_6,sync,hard,0,no_conv,,0.222222,0.000000,0.000000,,0.000000,0.000000,0.680272,0.541219,0.462467,0.373958,nan,0.333333,0.326389,0.020000,0.408482,0,1,0
51,5_2_6,sync,hard,0,no_conv,,0.222222,0.000000,0.000000,,0.000000,0.000000,0.727891,0.321808,0.258445,0.245571,nan,0.395833,0.381944,0.126667,0.284294,1,0,0
52,5_2_6,sync,hard,0,no_conv,,0.222222,0.000000,0.000000,,0.000000,0.000000,0.768707,0.781225,0.748947,0.675477,nan,0.444444,0.444444,0.020000,0.492912,6,5,5
53,5_2_6,sync,hard,1,other_conv,17,0.000000,0.000000,0.000000,0.000000,0.000000,0.000000,0.204082,0.765187,0.743455,0.672172,nan,0.097222,0.083333,0.020000,0.506398,4,4,4
54,5_2_6,sync,hard,0,no_conv,,0.222222,0.000000,0.000000,,0.000000,0.000000,0.619048,0.405905,0.348039,0.382673,nan,0.319444,0.305556,0.020000,0.325098,0,1,0
55,5_2_6,sync,hard,0,no_conv,,0.222222,0.000000,0.000000,,0.000000,0.000000,0.721088,0.202643,0.114089,0.103169,nan,0.381944,0.368056,0.226667,0.212450,1,1,0
56,5_2_6,sync,hard,1,other_conv,17,0.000000,0.000000,0.000000,0.000000,0.000000,0.000000,0.258503,0.767459,0.740823,0.624387,nan,0.138889,0.125000,0.020000,0.506890,4,4,4
57,5_2_6,sync,hard,0,no_conv,,0.222222,0.000000,0.000000,,0.000000,0.000000,0.727891,0.321808,0.258445,0.245571,nan,0.395833,0.381944,0.126667,0.284294,1,0,0
58,5_2_6,sync,hard,0,no_conv,,0.222222,0.000000,0.000000,,0.000000,0.000000,0.727891,0.321808,0.258445,0.245571,nan,0.395833,0.381944,0.126667,0.284294,1,0,0
59,5_2_6,sync,hard,1,other_conv,17,0.000000,0.000000,0.000000,0.000000,0.000000,0.000000,0.258503,0.767459,0.740823,0.624387,nan,0.138889,0.125000,0.020000,0.506890,4,4,4
60,5_2_6,sync,hard,0,no_conv,,0.222222,0.000000,0.000000,,0.000000,0.000000,0.727891,0.321808,0.258445,0.245571,nan,0.395833,0.381944,0.126667,0.284294,1,0,0
61,5_2_6,sync,hard,0,no_conv,,0.222222,0.000000,0.000000,,0.000000,0.000000,0.727891,0.321808,0.258445,0.245571,nan,0.395833,0.381944,0.126667,0.284294,1,0,0
62,5_2_6,sync,hard,0,no_conv,,0.222222,0.000000,0.000000,,0.000000,0.000000,0.727891,0.321808,0.258445,0.245571,nan,0.395833,0.381944,0.126667,0.284294,1,0,0
63,5_2_6,sync,hard,0,no_conv,,0.222222,0.000000,0.000000,,0.000000,0.000000,0.653061,0.330892,0.308567,0.244346,nan,0.333333,0.319444,0.020000,0.282226,3,3,4
64,5_2_6,sync,hard,0,no_conv,,0.222222,0.000000,0.000000,,0.000000,0.000000,0.727891,0.324224,0.261788,0.270722,nan,0.395833,0.381944,0.126667,0.306479,1,0,0
65,5_2_6,sync,hard,0,no_conv,,0.222222,0.000000,0.000000,,0.000000,0.000000,0.721088,0.038906,0.061408,0.121046,nan,0.409722,0.395833,0.220000,0.220675,2,3,3
66,5_2_6,sync,hard,0,no_conv,,0.222222,0.000000,0.000000,,0.000000,0.000000,0.727891,0.212367,0.102124,0.025525,nan,0.381944,0.368056,0.226667,0.208165,0,1,0
67,5_2_6,sync,hard,0,no_conv,,0.222222,0.000000,0.000000,,0.000000,0.000000,0.727891,0.321808,0.258445,0.245571,nan,0.395833,0.381944,0.126667,0.284294,1,0,0
68,5_2_6,sync,hard,0,no_conv,,0.222222,0.000000,0.000000,,0.000000,0.000000,0.727891,0.321808,0.258445,0.245571,nan,0.395833,0.381944,0.126667,0.284294,1,0,0
69,5_2_6,sync,hard,0,no_conv,,0.222222,0.000000,0.000000,,0.000000,0.000000,0.727891,0.321808,0.258445,0.245571,nan,0.395833,0.381944,0.126667,0.284294,1,0,0
70,5_2_6,sync,hard,0,no_conv,,0.222222,0.000000,0.000000,,0.000000,0.000000,0.727891,0.321808,0.258445,0.245571,nan,0.395833,0.381944,0.126667,0.284294,1,0,0
71,5_2_6,sync,hard,0,no_conv,,0.222222,0.000000,0.000000,,0.000000,0.000000,0.727891,0.321808,0.258445,0.245571,nan,0.395833,0.381944,0.126667,0.284294,1,0,0
72,5_2_6,sync,hard,0,no_conv,,0.222222,0.000000,0.000000,,0.000000,0.000000,0.727891,-0.045257,-0.115042,-0.127290,nan,0.388889,0.375000,0.226667,0.275554,2,3,2
73,5_2_6,sync,hard,0,no_conv,,0.222222,0.000000,0.000000,,0.000000,0.000000,0.727891,0.321808,0.258445,0.245571,nan,0.395833,0.381944,0.126667,0.284294,1,0,0
74,5_2_6,sync,hard,0,no_conv,,0.222222,0.000000,0.000000,,0.000000,0.000000,0.619048,0.405905,0.348039,0.382673,nan,0.319444,0.305556,0.020000,0.325098,0,1,0
75,5_2_6,sync,hard,0,no_conv,,0.222222,0.000000,0.000000,,0.000000,0.000000,0.727891,0.321808,0.258445,0.245571,nan,0.395833,0.381944,0.126667,0.284294,1,0,0
76,5_2_6,sync,hard,0,no_conv,,0.222222,0.000000,0.000000,,0.000000,0.000000,0.727891,0.321808,0.258445,0.245571,nan,0.395833,0.381944,0.126667,0.284294,1,0,0
77,5_2_6,sync,hard,0,no_conv,,0.222222,0.000000,0.000000,,0.000000,0.000000,0.727891,0.321808,0.258445,0.245571,nan,0.395833,0.381944,0.126667,0.284294,1,0,0
78,5_2_6,sync,hard,1,S=0,14,0.000000,0.000000,0.000000,0.000000,0.000000,0.000000,0.217687,0.644159,0.538326,0.607898,nan,0.111111,0.097222,0.020000,0.318594,0,0,0
79,5_2_6,sync,hard,0,no_conv,,0.222222,0.000000,0.000000,,0.000000,0.000000,0.727891,0.324224,0.261788,0.270722,nan,0.395833,0.381944,0.126667,0.306479,1,0,0
80,5_2_6,sync,hard,0,no_conv,,0.222222,0.000000,0.000000,,0.000000,0.000000,0.727891,0.321808,0.258445,0.245571,nan,0.395833,0.381944,0.126667,0.284294,1,0,0
81,5_2_6,sync,hard,0,no_conv,,0.222222,0.000000,0.000000,,0.000000,0.000000,0.721088,0.202643,0.114089,0.103169,nan,0.381944,0.368056,0.226667,0.212450,1,1,0
82,5_2_6,sync,hard,0,no_conv,,0.222222,0.000000,0.000000,,0.000000,0.000000,0.727891,0.324224,0.261788,0.270722,nan,0.395833,0.381944,0.126667,0.306479,1,0,0
83,5_2_6,sync,hard,0,no_conv,,0.222222,0.000000,0.000000,,0.000000,0.000000,0.727891,0.324224,0.261788,0.270722,nan,0.395833,0.381944,0.126667,0.306479,1,0,0
84,5_2_6,sync,hard,0,no_conv,,0.222222,0.000000,0.000000,,0.000000,0.000000,0.727891,0.324224,0.261788,0.270722,nan,0.395833,0.381944,0.126667,0.306479,1,0,0
85,5_2_6,sync,hard,0,no_conv,,0.222222,0.000000,0.000000,,0.000000,0.000000,0.700680,0.029319,-0.054894,-0.142907,nan,0.361111,0.347222,0.233333,0.242445,2,2,1
86,5_2_6,sync,hard,0,no_conv,,0.222222,0.000000,0.000000,,0.000000,0.000000,0.727891,0.324684,0.260819,0.277641,nan,0.395833,0.381944,0.126667,0.302475,1,0,0
87,5_2_6,sync,hard,0,no_conv,,0.222222,0.000000,0.000000,,0.000000,0.000000,0.721088,0.202643,0.114089,0.103169,nan,0.381944,0.368056,0.226667,0.212450,1,1,0
88,5_2_6,sync,hard,1,S=0,18,0.000000,0.000000,0.000000,0.000000,0.000000,0.000000,0.176871,0.732959,0.678037,0.723775,nan,0.090278,0.076389,0.020000,0.464303,0,0,0
89,5_2_6,sync,hard,0,no_conv,,0.222222,0.000000,0.000000,,0.000000,0.000000,0.727891,0.324224,0.261788,0.270722,nan,0.395833,0.381944,0.126667,0.306479,1,0,0
90,5_2_6,sync,hard,0,no_conv,,0.222222,0.000000,0.000000,,0.000000,0.000000,0.680272,0.258646,0.206397,0.259589,nan,0.368056,0.354167,0.120000,0.320918,0,1,1
91,5_2_6,sync,hard,0,no_conv,,0.222222,0.000000,0.000000,,0.000000,0.000000,0.673469,0.377472,0.302709,0.327681,nan,0.340278,0.326389,0.126667,0.298869,0,0,1
92,5_2_6,sync,hard,0,no_conv,,0.222222,0.000000,0.000000,,0.000000,0.000000,0.714286,-0.150267,-0.218266,-0.129943,nan,0.388889,0.375000,0.333333,0.327109,2,1,2
93,5_2_6,sync,hard,0,no_conv,,0.222222,0.000000,0.000000,,0.000000,0.000000,0.727891,0.328353,0.265061,0.303784,nan,0.395833,0.381944,0.126667,0.338768,1,0,0
94,5_2_6,sync,hard,0,no_conv,,0.222222,0.000000,0.000000,,0.000000,0.000000,0.727891,0.321808,0.258445,0.245571,nan,0.395833,0.381944,0.126667,0.284294,1,0,0
95,5_2_6,sync,hard,0,no_conv,,0.222222,0.000000,0.000000,,0.000000,0.000000,0.721088,0.202643,0.114089,0.103169,nan,0.381944,0.368056,0.226667,0.212450,1,1,0
96,5_2_6,sync,hard,0,no_conv,,0.222222,0.000000,0.000000,,0.000000,0.000000,0.727891,0.321808,0.258445,0.245571,nan,0.395833,0.381944,0.126667,0.284294,1,0,0
97,5_2_6,sync,hard,0,no_conv,,0.222222,0.000000,0.000000,,0.000000,0.000000,0.748299,0.567137,0.526614,0.410679,nan,0.416667,0.409722,0.020000,0.347636,5,4,4
98,5_2_6,sync,hard,0,no_conv,,0.222222,0.000000,0.000000,,0.000000,0.000000,0.727891,0.324224,0.261788,0.270722,nan,0.395833,0.381944,0.126667,0.306479,1,0,0
99,5_2_6,sync,hard,0,no_conv,,0.222222,0.000000,0.000000,,0.000000,0.000000,0.741497,0.513501,0.498624,0.416071,nan,0.416667,0.402778,0.020000,0.403416,3,4,4
100,5_2_6,sync,hard,0,no_conv,,0.222222,0.000000,0.000000,,0.000000,0.000000,0.727891,0.324224,0.261788,0.270722,nan,0.395833,0.381944,0.126667,0.306479,1,0,0
101,5_2_6,sync,hard,1,S=0,21,0.000000,0.000000,0.000000,0.000000,0.000000,0.000000,0.176871,0.734537,0.681688,0.724091,nan,0.090278,0.076389,0.020000,0.503384,0,0,0
102,5_2_6,sync,hard,0,no_conv,,0.222222,0.000000,0.000000,,0.000000,0.000000,0.707483,0.381481,0.351176,0.261381,nan,0.375000,0.361111,0.020000,0.299360,3,3,4
103,5_2_6,sync,hard,0,no_conv,,0.222222,0.000000,0.000000,,0.000000,0.000000,0.727891,0.324954,0.263067,0.272639,nan,0.395833,0.381944,0.126667,0.322167,1,0,0
104,5_2_6,sync,hard,0,no_conv,,0.222222,0.000000,0.000000,,0.000000,0.000000,0.727891,0.321808,0.258445,0.245571,nan,0.395833,0.381944,0.126667,0.284294,1,0,0
105,5_2_6,sync,hard,1,other_conv,15,0.000000,0.000000,0.000000,0.000000,0.000000,0.000000,0.231293,-0.063107,-0.103005,0.017178,nan,0.131944,0.118056,0.233333,0.143154,2,2,2
106,5_2_6,sync,hard,0,no_conv,,0.222222,0.000000,0.000000,,0.000000,0.000000,0.748299,0.168324,0.108363,-0.013182,nan,0.409722,0.395833,0.120000,0.190052,2,3,3
107,5_2_6,sync,hard,0,no_conv,,0.222222,0.000000,0.000000,,0.000000,0.000000,0.727891,0.321808,0.258445,0.245571,nan,0.395833,0.381944,0.126667,0.284294,1,0,0
108,5_2_6,sync,hard,0,no_conv,,0.222222,0.000000,0.000000,,0.000000,0.000000,0.727891,0.321808,0.258445,0.245571,nan,0.395833,0.381944,0.126667,0.284294,1,0,0
109,5_2_6,sync,hard,0,no_conv,,0.222222,0.000000,0.000000,,0.000000,0.000000,0.727891,0.324684,0.260819,0.277641,nan,0.395833,0.381944,0.126667,0.302475,1,0,0
110,5_2_6,sync,hard,0,no_conv,,0.222222,0.000000,0.000000,,0.000000,0.000000,0.727891,0.321808,0.258445,0.245571,nan,0.395833,0.381944,0.126667,0.284294,1,0,0
111,5_2_6,sync,hard,0,no_conv,,0.222222,0.000000,0.000000,,0.000000,0.000000,0.619048,0.405905,0.348039,0.382673,nan,0.319444,0.305556,0.020000,0.325098,0,1,0
112,5_2_6,sync,hard,1,S=0,21,0.000000,0.000000,0.000000,0.000000,0.000000,0.000000,0.176871,0.734537,0.681688,0.724091,nan,0.090278,0.076389,0.020000,0.503384,0,0,0
113,5_2_6,sync,hard,0,no_conv,,0.222222,0.000000,0.000000,,0.000000,0.000000,0.768707,0.753513,0.727758,0.646999,nan,0.437500,0.430556,0.020000,0.493721,6,5,5
114,5_2_6,sync,hard,0,no_conv,,0.222222,0.000000,0.000000,,0.000000,0.000000,0.727891,0.321808,0.258445,0.245571,nan,0.395833,0.381944,0.126667,0.284294,1,0,0
115,5_2_6,sync,hard,0,no_conv,,0.222222,0.000000,0.000000,,0.000000,0.000000,0.673469,0.377472,0.302709,0.327681,nan,0.340278,0.326389,0.126667,0.298869,0,0,1
116,5_2_6,sync,hard,1,S=0,21,0.000000,0.000000,0.000000,0.000000,0.000000,0.000000,0.176871,0.734537,0.681688,0.724091,nan,0.090278,0.076389,0.020000,0.503384,0,0,0
117,5_2_6,sync,hard,0,no_conv,,0.222222,0.000000,0.000000,,0.000000,0.000000,0.727891,0.321808,0.258445,0.245571,nan,0.395833,0.381944,0.126667,0.284294,1,0,0
118,5_2_6,sync,hard,0,no_conv,,0.222222,0.000000,0.000000,,0.000000,0.000000,0.727891,0.324224,0.261788,0.270722,nan,0.395833,0.381944,0.126667,0.306479,1,0,0
119,5_2_6,sync,hard,0,no_conv,,0.222222,0.000000,0.000000,,0.000000,0.000000,0.700680,0.029319,-0.054894,-0.142907,nan,0.361111,0.347222,0.233333,0.242445,2,2,1
120,5_2_6,sync,hard,1,S=0,21,0.000000,0.000000,0.000000,0.000000,0.000000,0.000000,0.176871,0.734537,0.681688,0.724091,nan,0.090278,0.076389,0.020000,0.503384,0,0,0
121,5_2_6,sync,hard,0,no_conv,,0.222222,0.000000,0.000000,,0.000000,0.000000,0.727891,0.321808,0.258445,0.245571,nan,0.395833,0.381944,0.126667,0.284294,1,0,0
122,5_2_6,sync,hard,1,S=0,9,0.000000,0.000000,0.000000,0.000000,0.000000,0.000000,0.136054,0.628910,0.497593,0.178441,nan,0.062500,0.048611,0.020000,0.181738,0,0,0
123,5_2_6,sync,hard,0,no_conv,,0.222222,0.000000,0.000000,,0.000000,0.000000,0.673469,0.377472,0.302709,0.327681,nan,0.340278,0.326389,0.126667,0.298869,0,0,1
124,5_2_6,sync,hard,0,no_conv,,0.222222,0.000000,0.000000,,0.000000,0.000000,0.727891,0.321808,0.258445,0.245571,nan,0.395833,0.381944,0.126667,0.284294,1,0,0
125,5_2_6,sync,hard,0,no_conv,,0.222222,0.000000,0.000000,,0.000000,0.000000,0.727891,0.324224,0.261788,0.270722,nan,0.395833,0.381944,0.126667,0.306479,1,0,0
126,5_2_6,sync,hard,0,no_conv,,0.222222,0.000000,0.000000,,0.000000,0.000000,0.727891,0.321808,0.258445,0.245571,nan,0.395833,0.381944,0.126667,0.284294,1,0,0
127,5_2_6,sync,hard,0,no_conv,,0.222222,0.000000,0.000000,,0.000000,0.000000,0.727891,-0.045257,-0.115042,-0.127290,nan,0.388889,0.375000,0.226667,0.275554,2,3,2
128,5_2_6,sync,hard,1,S=0,21,0.000000,0.000000,0.000000,0.000000,0.000000,0.000000,0.176871,0.734537,0.681688,0.724091,nan,0.090278,0.076389,0.020000,0.503384,0,0,0
129,5_2_6,sync,hard,0,no_conv,,0.222222,0.000000,0.000000,,0.000000,0.000000,0.727891,0.321808,0.258445,0.245571,nan,0.395833,0.381944,0.126667,0.284294,1,0,0
130,5_2_6,sync,hard,0,no_conv,,0.222222,0.000000,0.000000,,0.000000,0.000000,0.727891,0.321808,0.258445,0.245571,nan,0.395833,0.381944,0.126667,0.284294,1,0,0
131,5_2_6,sync,hard,0,no_conv,,0.222222,0.000000,0.000000,,0.000000,0.000000,0.700680,-0.177886,-0.232527,-0.158040,nan,0.368056,0.354167,0.340000,0.344454,2,2,1
132,5_2_6,sync,hard,0,no_conv,,0.222222,0.000000,0.000000,,0.000000,0.000000,0.727891,0.324954,0.263067,0.272639,nan,0.395833,0.381944,0.126667,0.322167,1,0,0
133,5_2_6,sync,hard,0,no_conv,,0.222222,0.000000,0.000000,,0.000000,0.000000,0.727891,0.321808,0.258445,0.245571,nan,0.395833,0.381944,0.126667,0.284294,1,0,0
134,5_2_6,sync,hard,0,no_conv,,0.222222,0.000000,0.000000,,0.000000,0.000000,0.727891,0.321808,0.258445,0.245571,nan,0.395833,0.381944,0.126667,0.284294,1,0,0
135,5_2_6,sync,hard,0,no_conv,,0.222222,0.000000,0.000000,,0.000000,0.000000,0.727891,-0.045257,-0.115042,-0.127290,nan,0.388889,0.375000,0.226667,0.275554,2,3,2
136,5_2_6,sync,hard,1,S=0,21,0.000000,0.000000,0.000000,0.000000,0.000000,0.000000,0.176871,0.734537,0.681688,0.724091,nan,0.090278,0.076389,0.020000,0.503384,0,0,0
137,5_2_6,sync,hard,0,no_conv,,0.222222,0.000000,0.000000,,0.000000,0.000000,0.727891,0.321808,0.258445,0.245571,nan,0.395833,0.381944,0.126667,0.284294,1,0,0
138,5_2_6,sync,hard,1,S=0,21,0.000000,0.000000,0.000000,0.000000,0.000000,0.000000,0.176871,0.734537,0.681688,0.724091,nan,0.090278,0.076389,0.020000,0.503384,0,0,0
139,5_2_6,sync,hard,0,no_conv,,0.222222,0.000000,0.000000,,0.000000,0.000000,0.727891,0.321808,0.258445,0.245571,nan,0.395833,0.381944,0.126667,0.284294,1,0,0
140,5_2_6,sync,hard,0,no_conv,,0.222222,0.000000,0.000000,,0.000000,0.000000,0.727891,0.321808,0.258445,0.245571,nan,0.395833,0.381944,0.126667,0.284294,1,0,0
141,5_2_6,sync,hard,1,other_conv,14,0.000000,0.000000,0.000000,0.000000,0.000000,0.000000,0.217687,-0.089031,-0.042305,0.180971,nan,0.138889,0.125000,0.246667,0.120762,2,2,2
142,5_2_6,sync,hard,0,no_conv,,0.222222,0.000000,0.000000,,0.000000,0.000000,0.727891,0.321808,0.258445,0.245571,nan,0.395833,0.381944,0.126667,0.284294,1,0,0
143,5_2_6,sync,hard,0,no_conv,,0.222222,0.000000,0.000000,,0.000000,0.000000,0.727891,0.324224,0.261788,0.270722,nan,0.395833,0.381944,0.126667,0.306479,1,0,0
144,5_2_6,sync,hard,0,no_conv,,0.222222,0.000000,0.000000,,0.000000,0.000000,0.680272,0.205680,0.156083,0.048782,nan,0.340278,0.326389,0.233333,0.284279,3,3,2
145,5_2_6,sync,hard,0,no_conv,,0.222222,0.000000,0.000000,,0.000000,0.000000,0.727891,0.324954,0.263067,0.272639,nan,0.395833,0.381944,0.126667,0.322167,1,0,0
146,5_2_6,sync,hard,0,no_conv,,0.222222,0.000000,0.000000,,0.000000,0.000000,0.680272,0.107468,0.067554,0.030162,nan,0.347222,0.333333,0.233333,0.343366,3,3,2
147,5_2_6,sync,hard,0,no_conv,,0.222222,0.000000,0.000000,,0.000000,0.000000,0.727891,0.321808,0.258445,0.245571,nan,0.395833,0.381944,0.126667,0.284294,1,0,0
148,5_2_6,sync,hard,1,S=0,16,0.000000,0.000000,0.000000,0.000000,0.000000,0.000000,0.258503,0.644346,0.499150,0.525885,nan,0.131944,0.118056,0.020000,0.348236,0,0,0
149,5_2_6,sync,hard,0,no_conv,,0.222222,0.000000,0.000000,,0.000000,0.000000,0.727891,0.321808,0.258445,0.245571,nan,0.395833,0.381944,0.126667,0.284294,1,0,0
150,5_2_6,sync,hard,0,no_conv,,0.222222,0.000000,0.000000,,0.000000,0.000000,0.727891,0.321808,0.258445,0.245571,nan,0.395833,0.381944,0.126667,0.284294,1,0,0
151,5_2_6,sync,hard,1,S=0,21,0.000000,0.000000,0.000000,0.000000,0.000000,0.000000,0.176871,0.734537,0.681688,0.724091,nan,0.090278,0.076389,0.020000,0.503384,0,0,0
152,5_2_6,sync,hard,0,no_conv,,0.222222,0.000000,0.000000,,0.000000,0.000000,0.673469,0.374976,0.316944,0.342481,nan,0.347222,0.333333,0.126667,0.307869,0,0,1
153,5_2_6,sync,hard,0,no_conv,,0.222222,0.000000,0.000000,,0.000000,0.000000,0.673469,0.377472,0.302709,0.327681,nan,0.340278,0.326389,0.126667,0.298869,0,0,1
154,5_2_6,sync,hard,0,no_conv,,0.222222,0.000000,0.000000,,0.000000,0.000000,0.727891,0.321808,0.258445,0.245571,nan,0.395833,0.381944,0.126667,0.284294,1,0,0
155,5_2_6,sync,hard,0,no_conv,,0.222222,0.000000,0.000000,,0.000000,0.000000,0.721088,-0.041000,-0.089864,-0.006562,nan,0.402778,0.388889,0.233333,0.256744,1,1,2
156,5_2_6,sync,hard,0,no_conv,,0.222222,0.000000,0.000000,,0.000000,0.000000,0.727891,0.321808,0.258445,0.245571,nan,0.395833,0.381944,0.126667,0.284294,1,0,0
157,5_2_6,sync,hard,0,no_conv,,0.222222,0.000000,0.000000,,0.000000,0.000000,0.727891,0.324224,0.261788,0.270722,nan,0.395833,0.381944,0.126667,0.306479,1,0,0
158,5_2_6,sync,hard,0,no_conv,,0.222222,0.000000,0.000000,,0.000000,0.000000,0.727891,0.321808,0.258445,0.245571,nan,0.395833,0.381944,0.126667,0.284294,1,0,0
159,5_2_6,sync,hard,1,S=0,21,0.000000,0.000000,0.000000,0.000000,0.000000,0.000000,0.176871,0.734537,0.681688,0.724091,nan,0.090278,0.076389,0.020000,0.503384,0,0,0
160,5_2_6,sync,hard,0,no_conv,,0.222222,0.000000,0.000000,,0.000000,0.000000,0.673469,0.377472,0.302709,0.327681,nan,0.340278,0.326389,0.126667,0.298869,0,0,1
161,5_2_6,sync,hard,0,no_conv,,0.222222,0.000000,0.000000,,0.000000,0.000000,0.659864,0.518027,0.479833,0.383020,nan,0.326389,0.312500,0.020000,0.403068,4,4,3
162,5_2_6,sync,hard,0,no_conv,,0.222222,0.000000,0.000000,,0.000000,0.000000,0.727891,0.321808,0.258445,0.245571,nan,0.395833,0.381944,0.126667,0.284294,1,0,0
163,5_2_6,sync,hard,0,no_conv,,0.222222,0.000000,0.000000,,0.000000,0.000000,0.687075,0.526766,0.491827,0.384444,nan,0.354167,0.340278,0.020000,0.404635,4,4,3
164,5_2_6,sync,hard,1,S=0,18,0.000000,0.000000,0.000000,0.000000,0.000000,0.000000,0.176871,0.732959,0.678037,0.723775,nan,0.090278,0.076389,0.020000,0.464303,0,0,0
165,5_2_6,sync,hard,0,no_conv,,0.222222,0.000000,0.000000,,0.000000,0.000000,0.727891,0.321808,0.258445,0.245571,nan,0.395833,0.381944,0.126667,0.284294,1,0,0
166,5_2_6,sync,hard,0,no_conv,,0.222222,0.000000,0.000000,,0.000000,0.000000,0.727891,0.321808,0.258445,0.245571,nan,0.395833,0.381944,0.126667,0.284294,1,0,0
167,5_2_6,sync,hard,0,no_conv,,0.222222,0.000000,0.000000,,0.000000,0.000000,0.727891,0.324954,0.263067,0.272639,nan,0.395833,0.381944,0.126667,0.322167,1,0,0
168,5_2_6,sync,hard,0,no_conv,,0.222222,0.000000,0.000000,,0.000000,0.000000,0.727891,0.324224,0.261788,0.270722,nan,0.395833,0.381944,0.126667,0.306479,1,0,0
169,5_2_6,sync,hard,0,no_conv,,0.222222,0.000000,0.000000,,0.000000,0.000000,0.741497,0.438487,0.387048,0.383371,nan,0.423611,0.409722,0.126667,0.431154,0,0,1
170,5_2_6,sync,hard,1,other_conv,17,0.000000,0.000000,0.000000,0.000000,0.000000,0.000000,0.258503,0.767459,0.740823,0.624387,nan,0.138889,0.125000,0.020000,0.506890,4,4,4
171,5_2_6,sync,hard,1,S=0,21,0.000000,0.000000,0.000000,0.000000,0.000000,0.000000,0.176871,0.734537,0.681688,0.724091,nan,0.090278,0.076389,0.020000,0.503384,0,0,0
172,5_2_6,sync,hard,0,no_conv,,0.222222,0.000000,0.000000,,0.000000,0.000000,0.727891,0.321808,0.258445,0.245571,nan,0.395833,0.381944,0.126667,0.284294,1,0,0
173,5_2_6,sync,hard,0,no_conv,,0.222222,0.000000,0.000000,,0.000000,0.000000,0.727891,0.321808,0.258445,0.245571,nan,0.395833,0.381944,0.126667,0.284294,1,0,0
174,5_2_6,sync,hard,0,no_conv,,0.222222,0.000000,0.000000,,0.000000,0.000000,0.727891,0.321808,0.258445,0.245571,nan,0.395833,0.381944,0.126667,0.284294,1,0,0
175,5_2_6,sync,hard,0,no_conv,,0.222222,0.000000,0.000000,,0.000000,0.000000,0.727891,0.321808,0.258445,0.245571,nan,0.395833,0.381944,0.126667,0.284294,1,0,0
176,5_2_6,sync,hard,1,S=0,14,0.000000,0.000000,0.000000,0.000000,0.000000,0.000000,0.217687,0.644159,0.538326,0.607898,nan,0.111111,0.097222,0.020000,0.318594,0,0,0
177,5_2_6,sync,hard,1,S=0,17,0.000000,0.000000,0.000000,0.000000,0.000000,0.000000,0.224490,0.790383,0.705062,0.607377,nan,0.090278,0.083333,0.020000,0.507073,0,0,0
178,5_2_6,sync,hard,0,no_conv,,0.222222,0.000000,0.000000,,0.000000,0.000000,0.727891,0.321808,0.258445,0.245571,nan,0.395833,0.381944,0.126667,0.284294,1,0,0
179,5_2_6,sync,hard,0,no_conv,,0.222222,0.000000,0.000000,,0.000000,0.000000,0.727891,0.321808,0.258445,0.245571,nan,0.395833,0.381944,0.126667,0.284294,1,0,0
180,5_2_6,sync,hard,0,no_conv,,0.222222,0.000000,0.000000,,0.000000,0.000000,0.700680,0.029319,-0.054894,-0.142907,nan,0.361111,0.347222,0.233333,0.242445,2,2,1
181,5_2_6,sync,hard,0,no_conv,,0.222222,0.000000,0.000000,,0.000000,0.000000,0.714286,0.292513,0.175703,0.076698,nan,0.354167,0.340278,0.220000,0.302093,0,0,1
182,5_2_6,sync,hard,1,S=0,19,0.000000,0.000000,0.000000,0.000000,0.000000,0.000000,0.176871,0.733898,0.679827,0.724411,nan,0.090278,0.076389,0.020000,0.480017,0,0,0
183,5_2_6,sync,hard,0,no_conv,,0.222222,0.000000,0.000000,,0.000000,0.000000,0.727891,0.321808,0.258445,0.245571,nan,0.395833,0.381944,0.126667,0.284294,1,0,0
184,5_2_6,sync,hard,0,no_conv,,0.222222,0.000000,0.000000,,0.000000,0.000000,0.727891,0.321808,0.258445,0.245571,nan,0.395833,0.381944,0.126667,0.284294,1,0,0
185,5_2_6,sync,hard,0,no_conv,,0.222222,0.000000,0.000000,,0.000000,0.000000,0.727891,0.324224,0.261788,0.270722,nan,0.395833,0.381944,0.126667,0.306479,1,0,0
186,5_2_6,sync,hard,0,no_conv,,0.222222,0.000000,0.000000,,0.000000,0.000000,0.727891,0.321808,0.258445,0.245571,nan,0.395833,0.381944,0.126667,0.284294,1,0,0
187,5_2_6,sync,hard,0,no_conv,,0.222222,0.000000,0.000000,,0.000000,0.000000,0.721088,0.202643,0.114089,0.103169,nan,0.381944,0.368056,0.226667,0.212450,1,1,0
188,5_2_6,sync,hard,0,no_conv,,0.222222,0.000000,0.000000,,0.000000,0.000000,0.721088,0.202643,0.114089,0.103169,nan,0.381944,0.368056,0.226667,0.212450,1,1,0
189,5_2_6,sync,hard,0,no_conv,,0.222222,0.000000,0.000000,,0.000000,0.000000,0.727891,0.328353,0.265061,0.303784,nan,0.395833,0.381944,0.126667,0.338768,1,0,0
190,5_2_6,sync,hard,0,no_conv,,0.222222,0.000000,0.000000,,0.000000,0.000000,0.727891,0.321808,0.258445,0.245571,nan,0.395833,0.381944,0.126667,0.284294,1,0,0
191,5_2_6,sync,hard,0,no_conv,,0.222222,0.000000,0.000000,,0.000000,0.000000,0.727891,0.321808,0.258445,0.245571,nan,0.395833,0.381944,0.126667,0.284294,1,0,0
192,5_2_6,sync,hard,0,no_conv,,0.222222,0.000000,0.000000,,0.000000,0.000000,0.727891,0.324954,0.263067,0.272639,nan,0.395833,0.381944,0.126667,0.322167,1,0,0
193,5_2_6,sync,hard,1,S=0,32,0.000000,0.000000,0.000000,0.000000,0.000000,0.000000,0.489796,0.502238,0.437251,0.464320,nan,0.277778,0.263889,0.126667,0.301936,0,0,0
194,5_2_6,sync,hard,0,no_conv,,0.222222,0.000000,0.000000,,0.000000,0.000000,0.721088,0.202643,0.114089,0.103169,nan,0.381944,0.368056,0.226667,0.212450,1,1,0
195,5_2_6,sync,hard,0,no_conv,,0.222222,0.000000,0.000000,,0.000000,0.000000,0.727891,0.321808,0.258445,0.245571,nan,0.395833,0.381944,0.126667,0.284294,1,0,0
196,5_2_6,sync,hard,1,S=0,21,0.000000,0.000000,0.000000,0.000000,0.000000,0.000000,0.176871,0.734537,0.681688,0.724091,nan,0.090278,0.076389,0.020000,0.503384,0,0,0
197,5_2_6,sync,hard,0,no_conv,,0.222222,0.000000,0.000000,,0.000000,0.000000,0.727891,0.321808,0.258445,0.245571,nan,0.395833,0.381944,0.126667,0.284294,1,0,0
198,5_2_6,sync,hard,0,no_conv,,0.222222,0.000000,0.000000,,0.000000,0.000000,0.768707,0.395296,0.341112,0.253381,nan,0.437500,0.423611,0.020000,0.339644,0,1,0
199,5_2_6,sync,hard,1,S=0,21,0.000000,0.000000,0.000000,0.000000,0.000000,0.000000,0.176871,0.734537,0.681688,0.724091,nan,0.090278,0.076389,0.020000,0.503384,0,0,0
0,5_2_6,sync,smooth,1,S=0,48,0.000000,0.000000,0.000000,0.000000,0.806324,0.344662,0.544218,0.856376,0.764559,0.652052,nan,0.222222,0.215278,0.020000,0.605695,0,0,0
1,5_2_6,sync,smooth,1,other_conv,49,0.000000,0.000000,0.000000,0.000000,0.806324,0.344662,0.693878,0.863339,0.731117,0.393527,nan,0.215278,0.208333,0.020000,0.420142,4,4,4
2,5_2_6,sync,smooth,0,no_conv,,0.222222,0.000000,0.000000,,0.806324,0.344662,0.659864,0.647121,0.511603,-0.081480,nan,0.284722,0.277778,0.040000,0.290255,2,1,1
3,5_2_6,sync,smooth,0,no_conv,,0.222222,0.000000,0.000000,,0.806324,0.344662,0.312925,0.553508,0.417725,0.264312,nan,0.118056,0.111111,0.020000,0.234106,1,0,0
4,5_2_6,sync,smooth,0,no_conv,,2.888889,0.000000,0.000000,,0.806324,0.344662,0.408163,0.785488,0.662035,0.335037,nan,0.111111,0.111111,0.020000,0.374485,4,0,1
5,5_2_6,sync,smooth,0,no_conv,,0.222222,0.000000,0.000000,,0.806324,0.344662,0.571429,0.942059,0.907768,0.818997,nan,0.201389,0.201389,0.020000,0.733828,8,8,7
6,5_2_6,sync,smooth,1,S=0,43,0.000000,0.000000,0.000000,0.000000,0.806324,0.344662,0.360544,0.562655,0.445265,0.515200,nan,0.166667,0.159722,0.020000,0.273206,0,0,0
7,5_2_6,sync,smooth,1,other_conv,49,0.000000,0.000000,0.000000,0.000000,0.806324,0.344662,0.428571,0.679238,0.550343,0.434979,nan,0.118056,0.111111,0.020000,0.397290,1,1,1
8,5_2_6,sync,smooth,1,S=0,47,0.000000,0.000000,0.000000,0.000000,0.806324,0.344662,0.401361,0.680574,0.591002,0.501324,nan,0.166667,0.159722,0.020000,0.450745,0,0,0
9,5_2_6,sync,smooth,0,no_conv,,0.222222,0.000000,0.000000,,0.806324,0.344662,0.333333,0.707304,0.563869,0.339428,nan,0.111111,0.111111,0.053333,0.303112,0,1,0
10,5_2_6,sync,smooth,1,S=0,47,0.000000,0.000000,0.000000,0.000000,0.806324,0.344662,0.421769,0.621634,0.414883,-0.137312,nan,0.145833,0.138889,0.053333,0.199570,0,0,0
11,5_2_6,sync,smooth,0,no_conv,,0.888889,0.000000,0.000000,,0.806324,0.344662,0.523810,0.594739,0.581473,0.282297,nan,0.256944,0.243056,0.026667,0.371961,3,1,1
12,5_2_6,sync,smooth,0,no_conv,,0.222222,0.000000,0.000000,,0.806324,0.344662,0.380952,0.506982,0.425381,0.078032,nan,0.152778,0.145833,0.040000,0.215181,1,0,0
13,5_2_6,sync,smooth,0,no_conv,,0.222222,0.000000,0.000000,,0.806324,0.344662,0.510204,0.694617,0.629932,0.283012,nan,0.194444,0.180556,0.040000,0.478575,0,1,1
14,5_2_6,sync,smooth,0,no_conv,,0.222222,0.000000,0.000000,,0.806324,0.344662,0.360544,0.497816,0.157285,-0.075083,nan,0.097222,0.097222,0.113333,0.169055,1,0,0
15,5_2_6,sync,smooth,0,no_conv,,0.666667,0.000000,0.000000,,0.806324,0.344662,0.380952,0.765576,0.631210,0.313919,nan,0.131944,0.125000,0.020000,0.522993,1,2,3
16,5_2_6,sync,smooth,1,S=0,48,0.000000,0.000000,0.000000,0.000000,0.806324,0.344662,0.374150,0.428028,0.083400,0.021387,nan,0.145833,0.145833,0.146667,0.138202,0,0,0
17,5_2_6,sync,smooth,1,S=0,47,0.000000,0.000000,0.000000,0.000000,0.806324,0.344662,0.217687,0.864735,0.851118,0.729988,nan,0.069444,0.055556,0.020000,0.420452,0,0,0
18,5_2_6,sync,smooth,0,no_conv,,2.888889,0.000000,0.000000,,0.806324,0.344662,0.639456,0.806883,0.698526,0.406186,nan,0.222222,0.208333,0.033333,0.551196,8,7,4
19,5_2_6,sync,smooth,1,S=0,44,0.000000,0.000000,0.000000,0.000000,0.806324,0.344662,0.408163,0.931295,0.891519,0.744578,nan,0.131944,0.118056,0.020000,0.749952,0,0,0
20,5_2_6,sync,smooth,0,no_conv,,0.666667,0.000000,0.000000,,0.806324,0.344662,0.646259,0.754555,0.531546,0.135576,nan,0.173611,0.166667,0.040000,0.473949,0,1,2
21,5_2_6,sync,smooth,0,no_conv,,0.222222,0.000000,0.000000,,0.806324,0.344662,0.544218,0.725373,0.535425,0.332356,nan,0.187500,0.187500,0.026667,0.377347,0,0,1
22,5_2_6,sync,smooth,0,no_conv,,0.888889,0.000000,0.000000,,0.806324,0.344662,0.414966,0.678843,0.558728,0.285874,nan,0.145833,0.138889,0.026667,0.435400,0,0,2
23,5_2_6,sync,smooth,0,no_conv,,0.888889,0.000000,0.000000,,0.806324,0.344662,0.312925,0.617325,0.311113,0.021755,nan,0.090278,0.090278,0.080000,0.167758,0,0,2
24,5_2_6,sync,smooth,0,no_conv,,0.666667,0.000000,0.000000,,0.806324,0.344662,0.346939,0.680593,0.494873,0.209860,nan,0.104167,0.090278,0.026667,0.279593,0,1,2
25,5_2_6,sync,smooth,0,no_conv,,0.222222,0.000000,0.000000,,0.806324,0.344662,0.319728,0.531671,0.418283,-0.095592,nan,0.131944,0.131944,0.080000,0.173891,0,1,0
26,5_2_6,sync,smooth,0,no_conv,,0.666667,0.000000,0.000000,,0.806324,0.344662,0.693878,0.648214,0.465917,0.136456,nan,0.263889,0.256944,0.020000,0.258652,4,3,2
27,5_2_6,sync,smooth,0,no_conv,,0.222222,0.000000,0.000000,,0.806324,0.344662,0.571429,0.772381,0.698545,0.427183,nan,0.263889,0.243056,0.020000,0.477576,1,1,0
28,5_2_6,sync,smooth,0,no_conv,,0.888889,0.000000,0.000000,,0.806324,0.344662,0.414966,0.768892,0.685539,0.565143,nan,0.194444,0.187500,0.026667,0.579656,2,0,0
29,5_2_6,sync,smooth,0,no_conv,,5.555556,0.000000,0.000000,,0.806324,0.344662,0.687075,0.758485,0.619588,0.451513,nan,0.243056,0.229167,0.026667,0.441604,7,2,7
30,5_2_6,sync,smooth,0,no_conv,,0.222222,0.000000,0.000000,,0.806324,0.344662,0.578231,0.798630,0.745815,0.477150,nan,0.270833,0.263889,0.020000,0.521847,0,0,1
31,5_2_6,sync,smooth,0,no_conv,,0.222222,0.000000,0.000000,,0.806324,0.344662,0.319728,0.639130,0.528466,0.238408,nan,0.125000,0.118056,0.053333,0.230946,0,0,1
32,5_2_6,sync,smooth,1,other_conv,49,0.000000,0.000000,0.000000,0.000000,0.806324,0.344662,0.530612,0.695981,0.544845,0.239290,nan,0.194444,0.180556,0.020000,0.420404,1,1,1
33,5_2_6,sync,smooth,0,no_conv,,0.222222,0.000000,0.000000,,0.806324,0.344662,0.340136,0.679527,0.627636,0.368590,nan,0.131944,0.118056,0.020000,0.408551,1,0,0
34,5_2_6,sync,smooth,1,S=0,47,0.000000,0.000000,0.000000,0.000000,0.806324,0.344662,0.340136,0.580980,0.423967,0.104189,nan,0.131944,0.125000,0.020000,0.178852,0,0,0
35,5_2_6,sync,smooth,1,S=0,48,0.000000,0.000000,0.000000,0.000000,0.806324,0.344662,0.244898,0.521893,0.421111,-0.019175,nan,0.076389,0.062500,0.186667,0.161829,0,0,0
36,5_2_6,sync,smooth,1,S=0,47,0.000000,0.000000,0.000000,0.000000,0.806324,0.344662,0.326531,0.593045,0.251856,-0.049391,nan,0.076389,0.076389,0.066667,0.199049,0,0,0
37,5_2_6,sync,smooth,0,no_conv,,0.222222,0.000000,0.000000,,0.806324,0.344662,0.693878,0.827972,0.738190,0.445723,nan,0.298611,0.291667,0.033333,0.384099,7,7,6
38,5_2_6,sync,smooth,0,no_conv,,0.222222,0.000000,0.000000,,0.806324,0.344662,0.224490,0.736723,0.686103,0.521539,nan,0.083333,0.076389,0.020000,0.348724,0,0,1
39,5_2_6,sync,smooth,1,S=0,41,0.000000,0.000000,0.000000,0.000000,0.806324,0.344662,0.619048,0.727968,0.639890,0.392239,nan,0.312500,0.298611,0.026667,0.362556,0,0,0
40,5_2_6,sync,smooth,1,S=0,49,0.000000,0.000000,0.000000,0.000000,0.806324,0.344662,0.551020,0.778178,0.694062,0.498710,nan,0.222222,0.215278,0.020000,0.521738,0,0,0
41,5_2_6,sync,smooth,0,no_conv,,1.555556,0.000000,0.000000,,0.806324,0.344662,0.591837,0.739577,0.669791,0.509277,nan,0.291667,0.284722,0.020000,0.569727,2,4,1
42,5_2_6,sync,smooth,1,S=0,49,0.000000,0.000000,0.000000,0.000000,0.806324,0.344662,0.530612,0.704304,0.577521,0.360398,nan,0.187500,0.166667,0.020000,0.447840,0,0,0
43,5_2_6,sync,smooth,0,no_conv,,1.555556,0.000000,0.000000,,0.806324,0.344662,0.482993,0.775885,0.710761,0.480513,nan,0.208333,0.201389,0.020000,0.547124,1,0,3
44,5_2_6,sync,smooth,1,S=0,44,0.000000,0.000000,0.000000,0.000000,0.806324,0.344662,0.448980,0.526673,0.434602,0.210181,nan,0.229167,0.222222,0.033333,0.270073,0,0,0
45,5_2_6,sync,smooth,0,no_conv,,0.222222,0.000000,0.000000,,0.806324,0.344662,0.326531,0.537337,0.456818,0.406149,nan,0.111111,0.104167,0.020000,0.249642,0,0,1
46,5_2_6,sync,smooth,0,no_conv,,0.888889,0.000000,0.000000,,0.806324,0.344662,0.673469,0.871518,0.776089,0.516352,nan,0.256944,0.256944,0.020000,0.595789,4,6,4
47,5_2_6,sync,smooth,0,no_conv,,2.888889,0.000000,0.000000,,0.806324,0.344662,0.537415,0.855553,0.770331,0.557540,nan,0.180556,0.166667,0.020000,0.627799,4,3,7
48,5_2_6,sync,smooth,0,no_conv,,2.000000,0.000000,0.000000,,0.806324,0.344662,0.326531,0.723635,0.715329,0.380716,nan,0.145833,0.125000,0.026667,0.366010,0,0,3
49,5_2_6,sync,smooth,1,S=0,46,0.000000,0.000000,0.000000,0.000000,0.806324,0.344662,0.394558,0.674297,0.571762,0.354705,nan,0.138889,0.131944,0.033333,0.380662,0,0,0
50,5_2_6,sync,smooth,1,S=0,44,0.000000,0.000000,0.000000,0.000000,0.806324,0.344662,0.353741,0.775682,0.696138,0.459982,nan,0.118056,0.104167,0.033333,0.366170,0,0,0
51,5_2_6,sync,smooth,0,no_conv,,0.666667,0.000000,0.000000,,0.806324,0.344662,0.646259,0.667277,0.515397,0.239556,nan,0.256944,0.243056,0.020000,0.283317,2,1,0
52,5_2_6,sync,smooth,1,S=0,44,0.000000,0.000000,0.000000,0.000000,0.806324,0.344662,0.408163,0.679600,0.563280,0.248428,nan,0.173611,0.173611,0.046667,0.358977,0,0,0
53,5_2_6,sync,smooth,0,no_conv,,0.222222,0.000000,0.000000,,0.806324,0.344662,0.346939,0.517659,0.383161,-0.029003,nan,0.131944,0.125000,0.040000,0.278351,0,1,1
54,5_2_6,sync,smooth,0,no_conv,,2.888889,0.000000,0.000000,,0.806324,0.344662,0.619048,0.817979,0.642759,0.220088,nan,0.152778,0.145833,0.033333,0.425210,6,2,3
55,5_2_6,sync,smooth,1,S=0,46,0.000000,0.000000,0.000000,0.000000,0.806324,0.344662,0.353741,0.518120,0.416712,0.055217,nan,0.152778,0.145833,0.053333,0.231143,0,0,0
56,5_2_6,sync,smooth,0,no_conv,,0.222222,0.000000,0.000000,,0.806324,0.344662,0.503401,0.678210,0.598503,0.308751,nan,0.194444,0.180556,0.033333,0.485242,1,0,1
57,5_2_6,sync,smooth,0,no_conv,,2.888889,0.000000,0.000000,,0.806324,0.344662,0.326531,0.744953,0.586399,0.302291,nan,0.131944,0.131944,0.020000,0.400750,0,3,4
58,5_2_6,sync,smooth,1,S=0,49,0.000000,0.000000,0.000000,0.000000,0.806324,0.344662,0.598639,0.535613,0.316606,0.143852,nan,0.229167,0.229167,0.046667,0.231277,0,0,0
59,5_2_6,sync,smooth,0,no_conv,,1.555556,0.000000,0.000000,,0.806324,0.344662,0.598639,0.732118,0.577551,0.181423,nan,0.194444,0.180556,0.033333,0.537038,5,2,3
60,5_2_6,sync,smooth,1,S=0,49,0.000000,0.000000,0.000000,0.000000,0.806324,0.344662,0.530612,0.643407,0.506717,0.155488,nan,0.187500,0.180556,0.040000,0.410620,0,0,0
61,5_2_6,sync,smooth,1,S=0,49,0.000000,0.000000,0.000000,0.000000,0.806324,0.344662,0.605442,0.672187,0.530376,0.328763,nan,0.243056,0.229167,0.026667,0.441158,0,0,0
62,5_2_6,sync,smooth,0,no_conv,,0.222222,0.000000,0.000000,,0.806324,0.344662,0.544218,0.642785,0.514745,0.365152,nan,0.250000,0.229167,0.020000,0.370448,0,0,1
63,5_2_6,sync,smooth,1,S=0,49,0.000000,0.000000,0.000000,0.000000,0.806324,0.344662,0.312925,0.332465,0.139518,-0.133148,nan,0.125000,0.125000,0.066667,0.166297,0,0,0
64,5_2_6,sync,smooth,0,no_conv,,0.222222,0.000000,0.000000,,0.806324,0.344662,0.666667,0.806857,0.687305,0.496095,nan,0.263889,0.256944,0.020000,0.538585,5,4,4
65,5_2_6,sync,smooth,0,no_conv,,2.888889,0.000000,0.000000,,0.806324,0.344662,0.666667,0.759711,0.598983,0.300374,nan,0.250000,0.243056,0.020000,0.448255,1,5,2
66,5_2_6,sync,smooth,1,S=0,47,0.000000,0.000000,0.000000,0.000000,0.806324,0.344662,0.632653,0.752273,0.593809,0.445330,nan,0.263889,0.263889,0.020000,0.463909,0,0,0
67,5_2_6,sync,smooth,0,no_conv,,0.222222,0.000000,0.000000,,0.806324,0.344662,0.489796,0.904638,0.832993,0.624480,nan,0.138889,0.138889,0.020000,0.690618,7,6,6
68,5_2_6,sync,smooth,1,S=0,49,0.000000,0.000000,0.000000,0.000000,0.806324,0.344662,0.503401,0.678782,0.450051,0.253146,nan,0.173611,0.173611,0.033333,0.322697,0,0,0
69,5_2_6,sync,smooth,0,no_conv,,0.666667,0.000000,0.000000,,0.806324,0.344662,0.462585,0.580635,0.419510,0.173734,nan,0.159722,0.159722,0.026667,0.316843,0,1,2
70,5_2_6,sync,smooth,1,S=0,44,0.000000,0.000000,0.000000,0.000000,0.806324,0.344662,0.292517,0.539911,0.228803,0.114280,nan,0.104167,0.097222,0.046667,0.157466,0,0,0
71,5_2_6,sync,smooth,0,no_conv,,6.888889,0.000000,0.000000,,0.806324,0.344662,0.632653,0.850512,0.783942,0.472372,nan,0.256944,0.236111,0.026667,0.433277,8,7,2
72,5_2_6,sync,smooth,0,no_conv,,0.888889,0.000000,0.000000,,0.806324,0.344662,0.537415,0.765407,0.590811,0.287593,nan,0.159722,0.159722,0.040000,0.403338,2,0,0
73,5_2_6,sync,smooth,1,other_conv,49,0.000000,0.000000,0.000000,0.000000,0.806324,0.344662,0.523810,0.788664,0.656870,0.334611,nan,0.152778,0.138889,0.020000,0.438938,2,2,2
74,5_2_6,sync,smooth,1,S=0,43,0.000000,0.000000,0.000000,0.000000,0.806324,0.344662,0.319728,0.706200,0.614551,0.160458,nan,0.125000,0.111111,0.046667,0.281305,0,0,0
75,5_2_6,sync,smooth,0,no_conv,,0.222222,0.000000,0.000000,,0.806324,0.344662,0.482993,0.563044,0.416051,0.084163,nan,0.201389,0.201389,0.020000,0.295752,1,0,1
76,5_2_6,sync,smooth,1,S=0,45,0.000000,0.000000,0.000000,0.000000,0.806324,0.344662,0.455782,0.650974,0.569501,0.154062,nan,0.194444,0.180556,0.040000,0.299020,0,0,0
77,5_2_6,sync,smooth,1,S=0,49,0.000000,0.000000,0.000000,0.000000,0.806324,0.344662,0.360544,0.440519,0.291832,-0.123676,nan,0.173611,0.166667,0.066667,0.200552,0,0,0
78,5_2_6,sync,smooth,1,S=0,43,0.000000,0.000000,0.000000,0.000000,0.806324,0.344662,0.469388,0.616947,0.502430,0.154279,nan,0.208333,0.208333,0.040000,0.346171,0,0,0
79,5_2_6,sync,smooth,1,S=8,48,0.000000,0.000000,0.000000,0.000000,0.806324,0.344662,0.585034,0.914467,0.841228,0.633417,nan,0.187500,0.180556,0.020000,0.716866,8,8,8
80,5_2_6,sync,smooth,0,no_conv,,2.000000,0.000000,0.000000,,0.806324,0.344662,0.503401,0.837316,0.696840,0.410425,nan,0.159722,0.159722,0.020000,0.517613,3,3,6
81,5_2_6,sync,smooth,1,S=0,48,0.000000,0.000000,0.000000,0.000000,0.806324,0.344662,0.360544,0.707862,0.651355,0.397986,nan,0.152778,0.138889,0.026667,0.240613,0,0,0
82,5_2_6,sync,smooth,0,no_conv,,0.666667,0.000000,0.000000,,0.806324,0.344662,0.312925,0.431235,0.378996,0.023480,nan,0.131944,0.131944,0.033333,0.245595,1,2,0
83,5_2_6,sync,smooth,1,S=0,48,0.000000,0.000000,0.000000,0.000000,0.806324,0.344662,0.380952,0.597530,0.269573,-0.141614,nan,0.118056,0.118056,0.066667,0.231830,0,0,0
84,5_2_6,sync,smooth,1,S=0,47,0.000000,0.000000,0.000000,0.000000,0.806324,0.344662,0.387755,0.475347,0.258613,-0.038393,nan,0.131944,0.125000,0.120000,0.188976,0,0,0
85,5_2_6,sync,smooth,0,no_conv,,0.222222,0.000000,0.000000,,0.806324,0.344662,0.496599,0.703878,0.636502,0.456885,nan,0.166667,0.159722,0.026667,0.400136,0,0,1
86,5_2_6,sync,smooth,0,no_conv,,0.666667,0.000000,0.000000,,0.806324,0.344662,0.700680,0.793460,0.682165,0.356516,nan,0.291667,0.277778,0.026667,0.571506,2,0,1
87,5_2_6,sync,smooth,0,no_conv,,11.555556,0.000000,0.000000,,0.806324,0.344662,0.530612,0.801556,0.669462,0.272367,nan,0.152778,0.152778,0.026667,0.425684,8,0,2
88,5_2_6,sync,smooth,0,no_conv,,2.888889,0.000000,0.000000,,0.806324,0.344662,0.367347,0.774226,0.716980,0.351596,nan,0.145833,0.131944,0.020000,0.484643,5,2,1
89,5_2_6,sync,smooth,1,S=0,44,0.000000,0.000000,0.000000,0.000000,0.806324,0.344662,0.210884,0.667286,0.449776,0.195869,nan,0.062500,0.055556,0.020000,0.191902,0,0,0
90,5_2_6,sync,smooth,0,no_conv,,2.000000,0.000000,0.000000,,0.806324,0.344662,0.612245,0.805113,0.701102,0.345237,nan,0.229167,0.229167,0.020000,0.446275,4,4,1
91,5_2_6,sync,smooth,0,no_conv,,1.555556,0.000000,0.000000,,0.806324,0.344662,0.312925,0.536553,0.231939,0.150638,nan,0.104167,0.104167,0.060000,0.201708,2,3,0
92,5_2_6,sync,smooth,0,no_conv,,2.888889,0.000000,0.000000,,0.806324,0.344662,0.693878,0.701990,0.449358,0.129720,nan,0.243056,0.236111,0.046667,0.338350,5,4,1
93,5_2_6,sync,smooth,0,no_conv,,0.666667,0.000000,0.000000,,0.806324,0.344662,0.340136,0.657530,0.478600,0.232834,nan,0.118056,0.118056,0.020000,0.365219,1,0,2
94,5_2_6,sync,smooth,1,S=0,49,0.000000,0.000000,0.000000,0.000000,0.806324,0.344662,0.387755,0.565648,0.429217,0.319423,nan,0.145833,0.138889,0.026667,0.304826,0,0,0
95,5_2_6,sync,smooth,0,no_conv,,0.222222,0.000000,0.000000,,0.806324,0.344662,0.244898,0.541994,0.352332,-0.003973,nan,0.076389,0.076389,0.020000,0.175068,1,0,0
96,5_2_6,sync,smooth,1,S=0,47,0.000000,0.000000,0.000000,0.000000,0.806324,0.344662,0.428571,0.472925,0.385722,0.128018,nan,0.208333,0.201389,0.180000,0.215132,0,0,0
97,5_2_6,sync,smooth,1,S=0,44,0.000000,0.000000,0.000000,0.000000,0.806324,0.344662,0.299320,0.608240,0.443734,0.260239,nan,0.111111,0.111111,0.020000,0.202232,0,0,0
98,5_2_6,sync,smooth,0,no_conv,,0.888889,0.000000,0.000000,,0.806324,0.344662,0.278912,0.469830,0.351806,-0.057112,nan,0.097222,0.090278,0.040000,0.228121,0,2,2
99,5_2_6,sync,smooth,1,S=0,30,0.000000,0.000000,0.000000,0.000000,0.806324,0.344662,0.265306,0.604750,0.468365,0.187621,nan,0.111111,0.104167,0.020000,0.274035,0,0,0
100,5_2_6,sync,smooth,0,no_conv,,0.222222,0.000000,0.000000,,0.806324,0.344662,0.231293,0.381765,0.200802,0.000351,nan,0.083333,0.083333,0.033333,0.164467,0,0,1
101,5_2_6,sync,smooth,0,no_conv,,0.222222,0.000000,0.000000,,0.806324,0.344662,0.482993,0.753922,0.576811,0.222244,nan,0.125000,0.125000,0.033333,0.367718,1,0,0
102,5_2_6,sync,smooth,1,other_conv,49,0.000000,0.000000,0.000000,0.000000,0.806324,0.344662,0.306122,0.536994,0.353289,0.310959,nan,0.111111,0.104167,0.066667,0.320776,1,1,1
103,5_2_6,sync,smooth,1,S=0,49,0.000000,0.000000,0.000000,0.000000,0.806324,0.344662,0.421769,0.575860,0.433902,0.069807,nan,0.159722,0.152778,0.040000,0.230761,0,0,0
104,5_2_6,sync,smooth,0,no_conv,,0.666667,0.000000,0.000000,,0.806324,0.344662,0.428571,0.502819,0.240306,-0.053348,nan,0.145833,0.138889,0.033333,0.243336,0,1,2
105,5_2_6,sync,smooth,0,no_conv,,0.888889,0.000000,0.000000,,0.806324,0.344662,0.530612,0.742430,0.616788,0.236565,nan,0.194444,0.187500,0.020000,0.502344,1,3,1
106,5_2_6,sync,smooth,0,no_conv,,0.222222,0.000000,0.000000,,0.806324,0.344662,0.346939,0.748071,0.708286,0.562039,nan,0.131944,0.125000,0.020000,0.479930,1,0,1
107,5_2_6,sync,smooth,0,no_conv,,1.555556,0.000000,0.000000,,0.806324,0.344662,0.585034,0.756574,0.545308,0.221808,nan,0.208333,0.201389,0.033333,0.492190,2,0,3
108,5_2_6,sync,smooth,0,no_conv,,0.222222,0.000000,0.000000,,0.806324,0.344662,0.292517,0.835343,0.762897,0.467211,nan,0.097222,0.090278,0.026667,0.307621,1,0,0
109,5_2_6,sync,smooth,0,no_conv,,1.555556,0.000000,0.000000,,0.806324,0.344662,0.469388,0.715944,0.506323,0.103572,nan,0.166667,0.152778,0.033333,0.418102,1,0,3
110,5_2_6,sync,smooth,0,no_conv,,1.555556,0.000000,0.000000,,0.806324,0.344662,0.625850,0.821522,0.666282,0.309345,nan,0.180556,0.166667,0.046667,0.316903,7,5,8
111,5_2_6,sync,smooth,1,S=0,49,0.000000,0.000000,0.000000,0.000000,0.806324,0.344662,0.482993,0.710001,0.613098,0.348591,nan,0.173611,0.166667,0.033333,0.418576,0,0,0
112,5_2_6,sync,smooth,1,S=0,49,0.000000,0.000000,0.000000,0.000000,0.806324,0.344662,0.564626,0.833596,0.736685,0.496280,nan,0.208333,0.187500,0.026667,0.622068,0,0,0
113,5_2_6,sync,smooth,0,no_conv,,0.888889,0.000000,0.000000,,0.806324,0.344662,0.224490,0.756105,0.598949,0.076588,nan,0.069444,0.069444,0.046667,0.213888,2,0,0
114,5_2_6,sync,smooth,1,S=0,49,0.000000,0.000000,0.000000,0.000000,0.806324,0.344662,0.551020,0.655611,0.536560,0.241010,nan,0.236111,0.229167,0.053333,0.324135,0,0,0
115,5_2_6,sync,smooth,1,S=8,45,0.000000,0.000000,0.000000,0.000000,0.806324,0.344662,0.571429,0.955276,0.924351,0.811892,nan,0.201389,0.194444,0.020000,0.756249,8,8,8
116,5_2_6,sync,smooth,1,S=0,46,0.000000,0.000000,0.000000,0.000000,0.806324,0.344662,0.258503,0.512609,0.319031,0.254662,nan,0.097222,0.090278,0.046667,0.185559,0,0,0
117,5_2_6,sync,smooth,0,no_conv,,3.555556,0.000000,0.000000,,0.806324,0.344662,0.646259,0.879301,0.796283,0.594912,nan,0.229167,0.215278,0.046667,0.585928,8,8,4
118,5_2_6,sync,smooth,0,no_conv,,0.222222,0.000000,0.000000,,0.806324,0.344662,0.537415,0.847241,0.752474,0.601486,nan,0.208333,0.208333,0.020000,0.595626,0,0,1
119,5_2_6,sync,smooth,0,no_conv,,2.666667,0.000000,0.000000,,0.806324,0.344662,0.646259,0.904417,0.812242,0.593311,nan,0.208333,0.208333,0.020000,0.720893,6,4,2
120,5_2_6,sync,smooth,0,no_conv,,1.555556,0.000000,0.000000,,0.806324,0.344662,0.741497,0.646538,0.453712,0.045433,nan,0.305556,0.284722,0.040000,0.353679,2,4,5
121,5_2_6,sync,smooth,0,no_conv,,0.222222,0.000000,0.000000,,0.806324,0.344662,0.292517,0.721474,0.686181,0.510404,nan,0.104167,0.097222,0.020000,0.383241,1,0,0
122,5_2_6,sync,smooth,0,no_conv,,0.222222,0.000000,0.000000,,0.806324,0.344662,0.598639,0.616224,0.437031,0.204640,nan,0.215278,0.201389,0.053333,0.320916,0,0,1
123,5_2_6,sync,smooth,0,no_conv,,12.666667,0.000000,0.000000,,0.806324,0.344662,0.442177,0.793322,0.738259,0.588711,nan,0.138889,0.138889,0.020000,0.498084,8,0,1
124,5_2_6,sync,smooth,1,S=0,49,0.000000,0.000000,0.000000,0.000000,0.806324,0.344662,0.176871,0.548697,0.496463,0.342577,nan,0.069444,0.062500,0.093333,0.142609,0,0,0
125,5_2_6,sync,smooth,0,no_conv,,6.000000,0.000000,0.000000,,0.806324,0.344662,0.585034,0.770187,0.595008,0.482955,nan,0.201389,0.201389,0.046667,0.455617,8,5,2
126,5_2_6,sync,smooth,0,no_conv,,0.222222,0.000000,0.000000,,0.806324,0.344662,0.659864,0.903819,0.835080,0.514311,nan,0.243056,0.236111,0.033333,0.541258,7,8,8
127,5_2_6,sync,smooth,0,no_conv,,0.666667,0.000000,0.000000,,0.806324,0.344662,0.666667,0.814151,0.672495,0.427203,nan,0.250000,0.236111,0.033333,0.437359,7,6,8
128,5_2_6,sync,smooth,0,no_conv,,0.222222,0.000000,0.000000,,0.806324,0.344662,0.408163,0.365657,0.388766,0.111582,nan,0.215278,0.208333,0.033333,0.181543,1,0,0
129,5_2_6,sync,smooth,0,no_conv,,1.555556,0.000000,0.000000,,0.806324,0.344662,0.734694,0.793265,0.642217,0.343319,nan,0.263889,0.250000,0.026667,0.472032,4,1,2
130,5_2_6,sync,smooth,0,no_conv,,0.222222,0.000000,0.000000,,0.806324,0.344662,0.442177,0.636564,0.540727,0.232021,nan,0.173611,0.159722,0.033333,0.313919,0,1,0
131,5_2_6,sync,smooth,0,no_conv,,4.222222,0.000000,0.000000,,0.806324,0.344662,0.510204,0.769972,0.603215,0.359116,nan,0.138889,0.138889,0.020000,0.476667,2,5,7
132,5_2_6,sync,smooth,1,S=0,48,0.000000,0.000000,0.000000,0.000000,0.806324,0.344662,0.238095,0.553049,0.347738,-0.074423,nan,0.104167,0.104167,0.033333,0.142067,0,0,0
133,5_2_6,sync,smooth,1,S=0,49,0.000000,0.000000,0.000000,0.000000,0.806324,0.344662,0.387755,0.716313,0.495849,0.371412,nan,0.118056,0.104167,0.020000,0.380271,0,0,0
134,5_2_6,sync,smooth,0,no_conv,,0.222222,0.000000,0.000000,,0.806324,0.344662,0.408163,0.837763,0.786501,0.626016,nan,0.173611,0.166667,0.020000,0.573183,0,1,0
135,5_2_6,sync,smooth,0,no_conv,,0.222222,0.000000,0.000000,,0.806324,0.344662,0.272109,0.439603,0.233046,-0.014901,nan,0.118056,0.111111,0.060000,0.143209,0,1,1
136,5_2_6,sync,smooth,1,S=0,46,0.000000,0.000000,0.000000,0.000000,0.806324,0.344662,0.408163,0.789481,0.681436,0.350773,nan,0.145833,0.138889,0.033333,0.343061,0,0,0
137,5_2_6,sync,smooth,0,no_conv,,0.222222,0.000000,0.000000,,0.806324,0.344662,0.578231,0.768516,0.575429,0.279008,nan,0.173611,0.173611,0.026667,0.536931,1,1,0
138,5_2_6,sync,smooth,0,no_conv,,0.222222,0.000000,0.000000,,0.806324,0.344662,0.292517,0.845331,0.800469,0.709889,nan,0.090278,0.076389,0.020000,0.534011,0,0,1
139,5_2_6,sync,smooth,0,no_conv,,0.666667,0.000000,0.000000,,0.806324,0.344662,0.625850,0.927562,0.881644,0.748908,nan,0.222222,0.215278,0.020000,0.708185,7,6,8
140,5_2_6,sync,smooth,0,no_conv,,0.666667,0.000000,0.000000,,0.806324,0.344662,0.476190,0.770581,0.639637,0.371638,nan,0.166667,0.159722,0.020000,0.449693,0,1,2
141,5_2_6,sync,smooth,0,no_conv,,4.222222,0.000000,0.000000,,0.806324,0.344662,0.551020,0.808758,0.675317,0.417196,nan,0.194444,0.194444,0.020000,0.600297,2,4,7
142,5_2_6,sync,smooth,0,no_conv,,1.555556,0.000000,0.000000,,0.806324,0.344662,0.625850,0.867594,0.757241,0.509205,nan,0.194444,0.194444,0.026667,0.606630,5,8,7
143,5_2_6,sync,smooth,0,no_conv,,0.222222,0.000000,0.000000,,0.806324,0.344662,0.517007,0.677801,0.547285,0.496450,nan,0.194444,0.187500,0.020000,0.427493,0,1,0
144,5_2_6,sync,smooth,1,S=0,37,0.000000,0.000000,0.000000,0.000000,0.806324,0.344662,0.462585,0.859798,0.783410,0.651925,nan,0.166667,0.159722,0.020000,0.551254,0,0,0
145,5_2_6,sync,smooth,0,no_conv,,0.222222,0.000000,0.000000,,0.806324,0.344662,0.687075,0.720924,0.535691,0.299277,nan,0.263889,0.263889,0.020000,0.442438,4,3,3
146,5_2_6,sync,smooth,0,no_conv,,2.000000,0.000000,0.000000,,0.806324,0.344662,0.761905,0.708105,0.558486,0.269881,nan,0.354167,0.347222,0.020000,0.296768,4,4,1
147,5_2_6,sync,smooth,0,no_conv,,1.555556,0.000000,0.000000,,0.806324,0.344662,0.639456,0.905645,0.816266,0.406427,nan,0.159722,0.138889,0.033333,0.763782,6,8,5
148,5_2_6,sync,smooth,0,no_conv,,0.222222,0.000000,0.000000,,0.806324,0.344662,0.414966,0.740007,0.634872,0.313271,nan,0.131944,0.118056,0.033333,0.434487,1,0,1
149,5_2_6,sync,smooth,0,no_conv,,1.555556,0.000000,0.000000,,0.806324,0.344662,0.523810,0.883253,0.801428,0.634671,nan,0.180556,0.166667,0.026667,0.577155,7,6,4
150,5_2_6,sync,smooth,0,no_conv,,0.222222,0.000000,0.000000,,0.806324,0.344662,0.625850,0.832990,0.702504,0.424802,nan,0.201389,0.194444,0.020000,0.538236,5,5,4
151,5_2_6,sync,smooth,0,no_conv,,0.888889,0.000000,0.000000,,0.806324,0.344662,0.421769,0.715715,0.596821,0.249819,nan,0.118056,0.104167,0.020000,0.403273,1,3,3
152,5_2_6,sync,smooth,1,S=0,49,0.000000,0.000000,0.000000,0.000000,0.806324,0.344662,0.367347,0.538214,0.335185,-0.048835,nan,0.118056,0.118056,0.080000,0.190397,0,0,0
153,5_2_6,sync,smooth,0,no_conv,,0.222222,0.000000,0.000000,,0.806324,0.344662,0.224490,0.639544,0.438193,-0.043846,nan,0.055556,0.048611,0.053333,0.295740,0,1,1
154,5_2_6,sync,smooth,1,S=0,39,0.000000,0.000000,0.000000,0.000000,0.806324,0.344662,0.251701,0.705439,0.572538,0.303742,nan,0.076389,0.069444,0.033333,0.304045,0,0,0
155,5_2_6,sync,smooth,0,no_conv,,0.666667,0.000000,0.000000,,0.806324,0.344662,0.353741,0.511267,0.286131,0.004550,nan,0.104167,0.090278,0.033333,0.261212,1,3,2
156,5_2_6,sync,smooth,0,no_conv,,0.222222,0.000000,0.000000,,0.806324,0.344662,0.353741,0.610733,0.400214,-0.085116,nan,0.125000,0.118056,0.086667,0.251115,1,2,1
157,5_2_6,sync,smooth,0,no_conv,,0.222222,0.000000,0.000000,,0.806324,0.344662,0.401361,0.736656,0.629084,0.516915,nan,0.173611,0.166667,0.026667,0.420581,0,1,0
158,5_2_6,sync,smooth,0,no_conv,,0.666667,0.000000,0.000000,,0.806324,0.344662,0.673469,0.910259,0.852409,0.675184,nan,0.250000,0.243056,0.026667,0.714813,8,7,6
159,5_2_6,sync,smooth,0,no_conv,,0.222222,0.000000,0.000000,,0.806324,0.344662,0.306122,0.654395,0.536551,0.389185,nan,0.111111,0.104167,0.020000,0.432765,2,2,1
160,5_2_6,sync,smooth,0,no_conv,,0.222222,0.000000,0.000000,,0.806324,0.344662,0.612245,0.665951,0.529317,0.249046,nan,0.250000,0.243056,0.020000,0.405576,5,4,4
161,5_2_6,sync,smooth,0,no_conv,,3.555556,0.000000,0.000000,,0.806324,0.344662,0.462585,0.803497,0.685851,0.267234,nan,0.152778,0.138889,0.026667,0.400884,7,3,3
162,5_2_6,sync,smooth,0,no_conv,,0.666667,0.000000,0.000000,,0.806324,0.344662,0.523810,0.803631,0.745875,0.514612,nan,0.201389,0.187500,0.020000,0.568935,0,2,1
163,5_2_6,sync,smooth,0,no_conv,,0.888889,0.000000,0.000000,,0.806324,0.344662,0.666667,0.766465,0.621866,0.339014,nan,0.236111,0.229167,0.020000,0.404914,5,3,5
164,5_2_6,sync,smooth,0,no_conv,,0.888889,0.000000,0.000000,,0.806324,0.344662,0.306122,0.482985,0.477943,0.173169,nan,0.159722,0.159722,0.046667,0.207779,0,0,2
165,5_2_6,sync,smooth,1,S=0,43,0.000000,0.000000,0.000000,0.000000,0.806324,0.344662,0.380952,0.748499,0.618220,0.181658,nan,0.118056,0.104167,0.053333,0.299248,0,0,0
166,5_2_6,sync,smooth,0,no_conv,,2.888889,0.000000,0.000000,,0.806324,0.344662,0.476190,0.582759,0.365934,0.103257,nan,0.159722,0.159722,0.033333,0.241832,1,4,0
167,5_2_6,sync,smooth,1,S=0,49,0.000000,0.000000,0.000000,0.000000,0.806324,0.344662,0.435374,0.518415,0.225810,0.195883,nan,0.159722,0.159722,0.060000,0.259465,0,0,0
168,5_2_6,sync,smooth,1,S=0,49,0.000000,0.000000,0.000000,0.000000,0.806324,0.344662,0.346939,0.509206,0.325266,-0.018906,nan,0.138889,0.131944,0.153333,0.185317,0,0,0
169,5_2_6,sync,smooth,1,other_conv,49,0.000000,0.000000,0.000000,0.000000,0.806324,0.344662,0.360544,0.629115,0.473717,0.162616,nan,0.111111,0.104167,0.053333,0.272555,1,1,1
170,5_2_6,sync,smooth,0,no_conv,,0.222222,0.000000,0.000000,,0.806324,0.344662,0.435374,0.486158,0.258087,-0.112388,nan,0.152778,0.145833,0.040000,0.203211,1,0,1
171,5_2_6,sync,smooth,0,no_conv,,0.222222,0.000000,0.000000,,0.806324,0.344662,0.673469,0.565848,0.427371,0.093244,nan,0.305556,0.291667,0.033333,0.246384,3,4,3
172,5_2_6,sync,smooth,0,no_conv,,0.222222,0.000000,0.000000,,0.806324,0.344662,0.619048,0.806356,0.706831,0.393710,nan,0.222222,0.222222,0.020000,0.515993,0,0,1
173,5_2_6,sync,smooth,0,no_conv,,0.222222,0.000000,0.000000,,0.806324,0.344662,0.285714,0.711588,0.549672,0.262191,nan,0.090278,0.090278,0.046667,0.275347,0,0,1
174,5_2_6,sync,smooth,0,no_conv,,0.666667,0.000000,0.000000,,0.806324,0.344662,0.551020,0.782945,0.644730,0.300700,nan,0.180556,0.159722,0.020000,0.520109,4,2,3
175,5_2_6,sync,smooth,0,no_conv,,0.666667,0.000000,0.000000,,0.806324,0.344662,0.714286,0.783516,0.586709,0.143693,nan,0.250000,0.250000,0.033333,0.345521,5,4,3
176,5_2_6,sync,smooth,0,no_conv,,0.888889,0.000000,0.000000,,0.806324,0.344662,0.557823,0.803302,0.626895,0.274434,nan,0.201389,0.201389,0.020000,0.481219,5,5,3
177,5_2_6,sync,smooth,0,no_conv,,0.666667,0.000000,0.000000,,0.806324,0.344662,0.625850,0.813687,0.682819,0.297852,nan,0.215278,0.208333,0.033333,0.420701,5,7,6
178,5_2_6,sync,smooth,0,no_conv,,6.888889,0.000000,0.000000,,0.806324,0.344662,0.551020,0.847459,0.780225,0.608659,nan,0.215278,0.215278,0.026667,0.578931,6,0,1
179,5_2_6,sync,smooth,0,no_conv,,0.222222,0.000000,0.000000,,0.806324,0.344662,0.625850,0.663175,0.540136,0.094008,nan,0.263889,0.256944,0.040000,0.283639,0,0,1
180,5_2_6,sync,smooth,1,S=0,49,0.000000,0.000000,0.000000,0.000000,0.806324,0.344662,0.292517,0.513577,0.339503,-0.115122,nan,0.118056,0.118056,0.066667,0.132890,0,0,0
181,5_2_6,sync,smooth,0,no_conv,,2.000000,0.000000,0.000000,,0.806324,0.344662,0.442177,0.770716,0.742743,0.497099,nan,0.180556,0.166667,0.020000,0.591228,2,5,2
182,5_2_6,sync,smooth,0,no_conv,,0.222222,0.000000,0.000000,,0.806324,0.344662,0.482993,0.636433,0.404520,-0.036121,nan,0.159722,0.152778,0.026667,0.259801,2,2,1
183,5_2_6,sync,smooth,0,no_conv,,0.888889,0.000000,0.000000,,0.806324,0.344662,0.673469,0.833670,0.740335,0.535836,nan,0.236111,0.222222,0.020000,0.521324,8,8,6
184,5_2_6,sync,smooth,0,no_conv,,0.222222,0.000000,0.000000,,0.806324,0.344662,0.367347,0.622628,0.366854,-0.001622,nan,0.104167,0.104167,0.026667,0.238842,1,0,0
185,5_2_6,sync,smooth,0,no_conv,,0.222222,0.000000,0.000000,,0.806324,0.344662,0.659864,0.811874,0.722832,0.350647,nan,0.277778,0.263889,0.020000,0.550973,5,4,4
186,5_2_6,sync,smooth,1,S=0,45,0.000000,0.000000,0.000000,0.000000,0.806324,0.344662,0.374150,0.729025,0.569443,0.243386,nan,0.104167,0.104167,0.033333,0.330973,0,0,0
187,5_2_6,sync,smooth,0,no_conv,,0.666667,0.000000,0.000000,,0.806324,0.344662,0.653061,0.916983,0.877067,0.779867,nan,0.277778,0.270833,0.020000,0.809351,6,5,4
188,5_2_6,sync,smooth,0,no_conv,,0.222222,0.000000,0.000000,,0.806324,0.344662,0.700680,0.682652,0.458627,0.179504,nan,0.291667,0.284722,0.053333,0.266756,1,0,1
189,5_2_6,sync,smooth,0,no_conv,,2.888889,0.000000,0.000000,,0.806324,0.344662,0.605442,0.847761,0.722440,0.606572,nan,0.201389,0.201389,0.020000,0.567457,4,8,7
190,5_2_6,sync,smooth,0,no_conv,,0.666667,0.000000,0.000000,,0.806324,0.344662,0.448980,0.682894,0.488455,0.343570,nan,0.152778,0.152778,0.026667,0.318484,2,1,0
191,5_2_6,sync,smooth,0,no_conv,,2.000000,0.000000,0.000000,,0.806324,0.344662,0.680272,0.849467,0.768464,0.635884,nan,0.284722,0.277778,0.020000,0.527311,5,5,8
192,5_2_6,sync,smooth,1,S=0,48,0.000000,0.000000,0.000000,0.000000,0.806324,0.344662,0.360544,0.747806,0.667261,0.218896,nan,0.125000,0.118056,0.033333,0.313041,0,0,0
193,5_2_6,sync,smooth,0,no_conv,,0.888889,0.000000,0.000000,,0.806324,0.344662,0.435374,0.696654,0.668374,0.387756,nan,0.208333,0.187500,0.033333,0.354806,2,0,0
194,5_2_6,sync,smooth,0,no_conv,,0.666667,0.000000,0.000000,,0.806324,0.344662,0.523810,0.747913,0.656037,0.449522,nan,0.215278,0.208333,0.033333,0.585834,2,3,1
195,5_2_6,sync,smooth,1,S=0,48,0.000000,0.000000,0.000000,0.000000,0.806324,0.344662,0.319728,0.533415,0.329512,0.012711,nan,0.097222,0.097222,0.053333,0.195491,0,0,0
196,5_2_6,sync,smooth,0,no_conv,,0.888889,0.000000,0.000000,,0.806324,0.344662,0.414966,0.565582,0.357165,0.340693,nan,0.152778,0.152778,0.020000,0.393671,0,0,2
197,5_2_6,sync,smooth,1,S=0,49,0.000000,0.000000,0.000000,0.000000,0.806324,0.344662,0.312925,0.477173,0.387161,0.182982,nan,0.118056,0.111111,0.026667,0.188760,0,0,0
198,5_2_6,sync,smooth,1,S=0,49,0.000000,0.000000,0.000000,0.000000,0.806324,0.344662,0.326531,0.727395,0.632827,0.408626,nan,0.111111,0.104167,0.033333,0.312858,0,0,0
199,5_2_6,sync,smooth,1,S=0,49,0.000000,0.000000,0.000000,0.000000,0.806324,0.344662,0.455782,0.734463,0.636799,0.366973,nan,0.180556,0.166667,0.020000,0.345371,0,0,0
0,5_2_6,sync,memoryless,1,S=0,47,0.000000,0.633333,0.586667,0.555556,1.506658,0.674178,0.448980,0.538434,0.254348,0.020270,-0.095013,0.201389,0.194444,0.066667,0.228558,0,0,0
1,5_2_6,sync,memoryless,0,no_conv,,0.222222,0.666667,0.640000,,1.749430,0.751005,0.598639,0.854546,0.722739,0.565103,0.003097,0.208333,0.201389,0.026667,0.386049,7,8,8
2,5_2_6,sync,memoryless,0,no_conv,,0.222222,0.653333,0.600000,,1.839870,0.761768,0.687075,0.570674,0.362567,0.108574,0.150220,0.298611,0.291667,0.073333,0.252691,1,0,0
3,5_2_6,sync,memoryless,0,no_conv,,0.222222,0.620000,0.613333,,1.544618,0.697149,0.517007,0.665820,0.531059,0.230228,0.037401,0.166667,0.152778,0.046667,0.288890,1,0,0
4,5_2_6,sync,memoryless,0,no_conv,,0.888889,0.580000,0.560000,,1.616937,0.699994,0.489796,0.482638,0.286778,0.327747,-0.056141,0.166667,0.159722,0.126667,0.213952,2,0,0
5,5_2_6,sync,memoryless,0,no_conv,,0.222222,0.680000,0.653333,,1.800319,0.771569,0.591837,0.551592,0.417823,0.132466,-0.025113,0.256944,0.256944,0.046667,0.305387,1,0,0
6,5_2_6,sync,memoryless,0,no_conv,,0.222222,0.726667,0.720000,,1.765498,0.772212,0.510204,0.406648,0.332995,-0.002381,-0.058782,0.236111,0.222222,0.160000,0.193053,1,1,0
7,5_2_6,sync,memoryless,0,no_conv,,0.222222,0.613333,0.626667,,1.846328,0.774357,0.619048,0.642661,0.443501,0.050699,0.042672,0.243056,0.236111,0.046667,0.247801,1,0,0
8,5_2_6,sync,memoryless,0,no_conv,,0.888889,0.686667,0.720000,,2.024135,0.864299,0.673469,0.701038,0.541578,0.232480,0.038590,0.229167,0.229167,0.046667,0.420917,2,2,4
9,5_2_6,sync,memoryless,0,no_conv,,0.222222,0.606667,0.600000,,1.593787,0.717079,0.503401,0.634990,0.546484,0.251874,-0.008538,0.229167,0.229167,0.026667,0.241980,0,1,0
10,5_2_6,sync,memoryless,1,S=0,49,0.000000,0.606667,0.666667,0.666667,1.663699,0.733336,0.476190,0.470477,0.079511,-0.014523,-0.072398,0.173611,0.173611,0.153333,0.165654,0,0,0
11,5_2_6,sync,memoryless,1,S=0,49,0.000000,0.693333,0.666667,0.666667,1.611031,0.715842,0.619048,0.584207,0.372547,0.262912,-0.076533,0.250000,0.236111,0.060000,0.323002,0,0,0
12,5_2_6,sync,memoryless,0,no_conv,,0.222222,0.560000,0.533333,,1.542309,0.675047,0.530612,0.493900,0.417808,0.185194,-0.116776,0.263889,0.256944,0.026667,0.261709,1,0,0
13,5_2_6,sync,memoryless,0,no_conv,,0.888889,0.720000,0.680000,,1.780651,0.761703,0.646259,0.730633,0.604014,0.239757,-0.080551,0.250000,0.236111,0.040000,0.425645,2,2,0
14,5_2_6,sync,memoryless,0,no_conv,,0.222222,0.593333,0.600000,,1.729174,0.755075,0.517007,0.577801,0.283311,-0.186670,0.015556,0.145833,0.145833,0.080000,0.231019,1,1,0
15,5_2_6,sync,memoryless,0,no_conv,,1.555556,0.626667,0.666667,,1.731733,0.754691,0.530612,0.380464,0.137665,-0.100156,-0.059736,0.236111,0.236111,0.100000,0.182647,1,0,3
16,5_2_6,sync,memoryless,1,S=8,48,0.000000,0.693333,0.693333,0.333333,1.664778,0.761924,0.755102,0.889880,0.837495,0.684508,-0.016383,0.375000,0.368056,0.020000,0.472337,8,8,8
17,5_2_6,sync,memoryless,1,other_conv,48,0.000000,0.640000,0.666667,0.333333,1.809664,0.746568,0.517007,0.500292,0.442406,0.190994,0.007807,0.270833,0.263889,0.033333,0.316211,1,1,1
18,5_2_6,sync,memoryless,0,no_conv,,0.222222,0.633333,0.573333,,1.638392,0.710317,0.591837,0.637340,0.403950,-0.078924,0.025289,0.222222,0.215278,0.026667,0.207817,0,1,0
19,5_2_6,sync,memoryless,0,no_conv,,0.666667,0.686667,0.666667,,1.701228,0.734204,0.578231,0.776542,0.642745,0.371912,-0.109715,0.215278,0.201389,0.020000,0.439155,1,2,0
20,5_2_6,sync,memoryless,0,no_conv,,1.555556,0.693333,0.746667,,2.035795,0.853013,0.741497,0.831263,0.686578,0.488013,-0.061889,0.263889,0.250000,0.020000,0.506435,5,6,8
21,5_2_6,sync,memoryless,0,no_conv,,0.888889,0.660000,0.706667,,1.626827,0.737111,0.591837,0.543255,0.465407,0.190857,-0.030815,0.305556,0.298611,0.026667,0.272385,2,0,2
22,5_2_6,sync,memoryless,0,no_conv,,0.222222,0.706667,0.786667,,1.947256,0.825575,0.625850,0.603695,0.278884,-0.067278,0.026389,0.208333,0.208333,0.046667,0.281388,2,1,1
23,5_2_6,sync,memoryless,0,no_conv,,0.888889,0.720000,0.760000,,1.922101,0.843018,0.714286,0.869990,0.773245,0.591464,0.005441,0.256944,0.243056,0.020000,0.479613,6,8,8
24,5_2_6,sync,memoryless,0,no_conv,,2.000000,0.673333,0.680000,,1.830652,0.785228,0.517007,0.645709,0.470982,0.207909,-0.090611,0.222222,0.215278,0.020000,0.345185,1,1,4
25,5_2_6,sync,memoryless,0,no_conv,,0.888889,0.546667,0.506667,,1.435689,0.643710,0.401361,0.407678,0.186595,-0.143549,-0.009094,0.159722,0.159722,0.086667,0.170338,0,2,0
26,5_2_6,sync,memoryless,0,no_conv,,0.888889,0.586667,0.600000,,1.741287,0.748981,0.551020,0.687972,0.568417,0.081890,0.146878,0.201389,0.187500,0.046667,0.339907,0,0,2
27,5_2_6,sync,memoryless,0,no_conv,,0.666667,0.633333,0.640000,,1.509258,0.686025,0.537415,0.501418,0.293642,0.173892,-0.111683,0.222222,0.208333,0.040000,0.200509,1,2,0
28,5_2_6,sync,memoryless,0,no_conv,,0.666667,0.640000,0.586667,,1.511067,0.696374,0.564626,0.801485,0.686140,0.509517,-0.011751,0.201389,0.194444,0.020000,0.562718,2,0,1
29,5_2_6,sync,memoryless,0,no_conv,,0.222222,0.680000,0.693333,,1.795197,0.778918,0.632653,0.574654,0.415499,0.109461,-0.131718,0.270833,0.263889,0.033333,0.249994,2,1,1
30,5_2_6,sync,memoryless,0,no_conv,,0.888889,0.646667,0.693333,,1.946639,0.822775,0.687075,0.541691,0.294646,-0.107331,0.011498,0.319444,0.319444,0.053333,0.271198,1,1,3
31,5_2_6,sync,memoryless,0,no_conv,,0.222222,0.640000,0.613333,,1.551773,0.696470,0.557823,0.606304,0.538859,0.452922,-0.001117,0.270833,0.263889,0.020000,0.475236,0,1,1
32,5_2_6,sync,memoryless,1,S=0,49,0.000000,0.673333,0.680000,0.666667,1.677769,0.741017,0.523810,0.646907,0.524891,0.361155,-0.000601,0.208333,0.194444,0.033333,0.263782,0,0,0
33,5_2_6,sync,memoryless,0,no_conv,,0.888889,0.640000,0.693333,,1.862377,0.788899,0.455782,0.656201,0.449803,0.391972,0.024552,0.159722,0.159722,0.020000,0.334754,2,0,2
34,5_2_6,sync,memoryless,0,no_conv,,0.222222,0.633333,0.653333,,1.750830,0.771227,0.476190,0.782555,0.629074,0.290149,0.010212,0.145833,0.138889,0.020000,0.474712,0,0,1
35,5_2_6,sync,memoryless,0,no_conv,,0.888889,0.733333,0.693333,,1.979651,0.815388,0.523810,0.629238,0.513419,0.385713,-0.036728,0.215278,0.208333,0.020000,0.412774,1,3,1
36,5_2_6,sync,memoryless,0,no_conv,,0.222222,0.560000,0.533333,,1.577876,0.679263,0.551020,0.574613,0.334969,0.206101,-0.070575,0.208333,0.194444,0.073333,0.279387,0,0,1
37,5_2_6,sync,memoryless,0,no_conv,,0.222222,0.680000,0.666667,,1.758423,0.741713,0.537415,0.589377,0.387576,0.280406,0.005947,0.194444,0.194444,0.026667,0.265991,1,0,0
38,5_2_6,sync,memoryless,0,no_conv,,0.222222,0.646667,0.680000,,1.905063,0.777471,0.482993,0.550462,0.259875,0.174750,0.127023,0.166667,0.166667,0.100000,0.251444,2,1,1
39,5_2_6,sync,memoryless,0,no_conv,,0.222222,0.686667,0.653333,,1.685928,0.743275,0.530612,0.731536,0.506701,0.242630,-0.085425,0.166667,0.159722,0.053333,0.316053,0,1,1
40,5_2_6,sync,memoryless,0,no_conv,,0.888889,0.680000,0.653333,,1.696130,0.738079,0.653061,0.769687,0.708829,0.649037,0.053845,0.326389,0.319444,0.020000,0.630093,2,0,0
41,5_2_6,sync,memoryless,0,no_conv,,0.222222,0.700000,0.693333,,1.831955,0.789377,0.625850,0.571244,0.279511,-0.034094,-0.059635,0.243056,0.243056,0.053333,0.264964,1,0,0
42,5_2_6,sync,memoryless,1,S=0,48,0.000000,0.633333,0.626667,0.333333,1.707008,0.735554,0.476190,0.567033,0.359909,0.170137,0.027224,0.166667,0.152778,0.093333,0.266224,0,0,0
43,5_2_6,sync,memoryless,0,no_conv,,0.888889,0.673333,0.693333,,1.811026,0.772073,0.564626,0.621420,0.453644,0.076159,0.005979,0.222222,0.215278,0.040000,0.329207,0,0,2
44,5_2_6,sync,memoryless,1,S=0,49,0.000000,0.640000,0.600000,0.333333,1.687101,0.707993,0.537415,0.631950,0.427970,0.200129,-0.053331,0.250000,0.236111,0.080000,0.234946,0,0,0
45,5_2_6,sync,memoryless,0,no_conv,,0.222222,0.573333,0.520000,,1.606345,0.687170,0.482993,0.327075,0.081156,0.126113,-0.155501,0.201389,0.194444,0.073333,0.133256,1,2,1
46,5_2_6,sync,memoryless,1,other_conv,49,0.000000,0.586667,0.640000,1.000000,1.665335,0.733449,0.598639,0.664834,0.524462,0.170886,0.001188,0.256944,0.256944,0.053333,0.360111,1,1,1
47,5_2_6,sync,memoryless,0,no_conv,,0.222222,0.673333,0.640000,,1.663552,0.725127,0.598639,0.751259,0.665070,0.558141,-0.060728,0.270833,0.256944,0.020000,0.605330,1,1,2
48,5_2_6,sync,memoryless,0,no_conv,,0.222222,0.660000,0.640000,,1.747060,0.748840,0.544218,0.423751,0.114970,0.023260,-0.089393,0.201389,0.194444,0.086667,0.145501,1,1,0
49,5_2_6,sync,memoryless,0,no_conv,,0.888889,0.646667,0.653333,,1.676745,0.718897,0.346939,0.634763,0.428488,0.172679,0.020611,0.125000,0.125000,0.066667,0.283920,2,0,0
50,5_2_6,sync,memoryless,1,S=8,47,0.000000,0.633333,0.653333,0.888889,1.824774,0.771844,0.598639,0.879049,0.812007,0.681064,0.022990,0.243056,0.229167,0.026667,0.419274,8,8,8
51,5_2_6,sync,memoryless,0,no_conv,,0.222222,0.600000,0.626667,,1.674224,0.705629,0.551020,0.611964,0.529035,0.302198,0.089481,0.250000,0.236111,0.033333,0.392135,1,0,0
52,5_2_6,sync,memoryless,0,no_conv,,0.222222,0.606667,0.666667,,1.768178,0.776234,0.653061,0.607246,0.421976,-0.007337,-0.226735,0.277778,0.277778,0.046667,0.242239,0,1,0
53,5_2_6,sync,memoryless,0,no_conv,,0.666667,0.700000,0.693333,,1.829435,0.770485,0.557823,0.511950,0.374393,0.153241,-0.038093,0.229167,0.215278,0.066667,0.238186,0,2,1
54,5_2_6,sync,memoryless,0,no_conv,,1.555556,0.646667,0.573333,,1.645696,0.707953,0.537415,0.756949,0.637561,0.506322,-0.000226,0.208333,0.194444,0.020000,0.496985,2,3,0
55,5_2_6,sync,memoryless,0,no_conv,,3.555556,0.580000,0.586667,,1.664586,0.713855,0.530612,0.502563,0.477822,0.071666,-0.070940,0.229167,0.208333,0.066667,0.204793,4,0,0
56,5_2_6,sync,memoryless,0,no_conv,,0.222222,0.586667,0.573333,,1.622098,0.705275,0.476190,0.645544,0.602528,0.352718,-0.102307,0.208333,0.201389,0.026667,0.371365,1,0,0
57,5_2_6,sync,memoryless,0,no_conv,,0.222222,0.713333,0.786667,,2.022395,0.839892,0.605442,0.578581,0.258891,-0.140952,0.119046,0.229167,0.229167,0.040000,0.280971,1,2,1
58,5_2_6,sync,memoryless,1,S=0,48,0.000000,0.540000,0.506667,0.666667,1.495329,0.660946,0.544218,0.655559,0.436143,0.083283,0.025881,0.173611,0.173611,0.033333,0.309011,0,0,0
59,5_2_6,sync,memoryless,0,no_conv,,0.222222,0.653333,0.653333,,1.692648,0.730371,0.530612,0.614805,0.468584,0.163227,-0.128328,0.208333,0.201389,0.033333,0.263560,1,0,0
60,5_2_6,sync,memoryless,1,other_conv,49,0.000000,0.646667,0.653333,0.666667,1.619064,0.726934,0.578231,0.889981,0.842787,0.736703,-0.304701,0.250000,0.243056,0.020000,0.533869,7,7,7
61,5_2_6,sync,memoryless,1,S=0,48,0.000000,0.633333,0.600000,0.333333,1.617987,0.712891,0.591837,0.820626,0.719602,0.427759,-0.071880,0.222222,0.208333,0.020000,0.487250,0,0,0
62,5_2_6,sync,memoryless,0,no_conv,,1.555556,0.713333,0.773333,,1.849405,0.800923,0.537415,0.334690,0.090525,-0.025819,-0.014277,0.243056,0.229167,0.060000,0.166435,3,0,2
63,5_2_6,sync,memoryless,0,no_conv,,0.888889,0.606667,0.706667,,1.916961,0.789428,0.489796,0.537770,0.415814,0.035274,0.048207,0.243056,0.243056,0.066667,0.173682,2,0,0
64,5_2_6,sync,memoryless,0,no_conv,,0.222222,0.686667,0.680000,,1.831141,0.798480,0.714286,0.863795,0.790757,0.592436,-0.069664,0.291667,0.277778,0.026667,0.516218,7,7,8
65,5_2_6,sync,memoryless,0,no_conv,,0.222222,0.673333,0.733333,,1.727503,0.770640,0.503401,0.674039,0.569665,0.346402,0.032985,0.194444,0.173611,0.033333,0.361439,0,0,1
66,5_2_6,sync,memoryless,0,no_conv,,0.222222,0.640000,0.613333,,1.639386,0.712815,0.571429,0.564161,0.383099,0.169301,-0.072830,0.243056,0.243056,0.053333,0.293350,0,0,1
67,5_2_6,sync,memoryless,0,no_conv,,0.666667,0.673333,0.680000,,1.752166,0.758536,0.523810,0.498233,0.308286,0.094028,-0.105647,0.222222,0.215278,0.020000,0.244471,1,2,0
68,5_2_6,sync,memoryless,1,other_conv,48,0.000000,0.640000,0.600000,0.666667,1.704076,0.735204,0.605442,0.538007,0.290113,0.329784,0.023723,0.236111,0.236111,0.020000,0.340584,1,1,1
69,5_2_6,sync,memoryless,1,S=0,47,0.000000,0.673333,0.706667,0.666667,1.825594,0.789517,0.680272,0.756801,0.585515,0.210954,-0.174364,0.277778,0.277778,0.026667,0.402849,0,0,0
70,5_2_6,sync,memoryless,0,no_conv,,0.666667,0.660000,0.666667,,1.720070,0.733084,0.442177,0.579371,0.363431,0.146398,-0.040661,0.138889,0.131944,0.040000,0.218098,2,0,1
71,5_2_6,sync,memoryless,0,no_conv,,0.222222,0.540000,0.560000,,1.545453,0.700179,0.503401,0.561016,0.480593,0.235253,0.046443,0.215278,0.194444,0.026667,0.371481,2,1,1
72,5_2_6,sync,memoryless,0,no_conv,,0.666667,0.593333,0.573333,,1.714590,0.735182,0.619048,0.485033,0.280277,0.024713,-0.041437,0.250000,0.236111,0.046667,0.193160,2,0,1
73,5_2_6,sync,memoryless,0,no_conv,,0.222222,0.593333,0.546667,,1.534343,0.669309,0.557823,0.576457,0.378761,0.341354,-0.037681,0.236111,0.236111,0.106667,0.275291,0,0,1
74,5_2_6,sync,memoryless,0,no_conv,,0.666667,0.613333,0.613333,,1.689194,0.720936,0.469388,0.373825,0.264399,0.172038,-0.054207,0.222222,0.208333,0.040000,0.173549,2,1,0
75,5_2_6,sync,memoryless,0,no_conv,,0.222222,0.726667,0.706667,,1.721425,0.752967,0.639456,0.523775,0.263869,0.102124,-0.125226,0.263889,0.263889,0.060000,0.195342,0,1,1
76,5_2_6,sync,memoryless,0,no_conv,,0.222222,0.706667,0.693333,,1.887809,0.786486,0.625850,0.634765,0.514603,0.369637,0.163618,0.277778,0.270833,0.026667,0.339933,0,1,0
77,5_2_6,sync,memoryless,0,no_conv,,0.222222,0.673333,0.693333,,1.754055,0.760409,0.625850,0.599589,0.403202,0.034501,0.046878,0.291667,0.284722,0.033333,0.264606,1,0,0
78,5_2_6,sync,memoryless,1,S=0,49,0.000000,0.666667,0.653333,0.666667,1.762164,0.761097,0.625850,0.686042,0.493195,0.231385,0.015789,0.229167,0.222222,0.026667,0.386803,0,0,0
79,5_2_6,sync,memoryless,0,no_conv,,0.222222,0.613333,0.546667,,1.529721,0.684762,0.523810,0.622028,0.537955,0.275412,-0.081052,0.236111,0.222222,0.033333,0.334903,0,1,0
80,5_2_6,sync,memoryless,0,no_conv,,0.666667,0.673333,0.626667,,1.779394,0.759457,0.619048,0.599899,0.425093,0.174593,0.003752,0.236111,0.229167,0.020000,0.308045,1,2,0
81,5_2_6,sync,memoryless,0,no_conv,,0.222222,0.660000,0.586667,,1.562402,0.687090,0.489796,0.455730,0.236946,0.128409,-0.048496,0.229167,0.222222,0.033333,0.198851,0,1,0
82,5_2_6,sync,memoryless,0,no_conv,,0.222222,0.593333,0.573333,,1.473183,0.659098,0.380952,0.577779,0.343133,-0.126610,0.092566,0.138889,0.138889,0.146667,0.249611,1,1,0
83,5_2_6,sync,memoryless,0,no_conv,,0.222222,0.713333,0.693333,,1.794980,0.772019,0.612245,0.639707,0.511909,0.143054,-0.138396,0.277778,0.277778,0.053333,0.316745,0,0,1
84,5_2_6,sync,memoryless,0,no_conv,,0.222222,0.646667,0.626667,,1.750713,0.746269,0.476190,0.576455,0.401954,0.145062,-0.064663,0.173611,0.166667,0.033333,0.350065,1,0,1
85,5_2_6,sync,memoryless,0,no_conv,,0.222222,0.686667,0.666667,,1.667041,0.730069,0.442177,0.533840,0.377397,-0.061657,0.039145,0.138889,0.131944,0.053333,0.287799,1,0,0
86,5_2_6,sync,memoryless,0,no_conv,,0.222222,0.700000,0.666667,,1.673047,0.734017,0.666667,0.806496,0.710591,0.433766,-0.018337,0.298611,0.284722,0.020000,0.473864,0,1,1
87,5_2_6,sync,memoryless,0,no_conv,,0.222222,0.653333,0.653333,,1.648726,0.733655,0.517007,0.599171,0.397805,0.025872,-0.051941,0.215278,0.215278,0.060000,0.305523,1,0,1
88,5_2_6,sync,memoryless,0,no_conv,,2.000000,0.646667,0.706667,,1.895477,0.816343,0.612245,0.636736,0.383083,0.063828,0.008545,0.201389,0.201389,0.033333,0.300947,3,3,0
89,5_2_6,sync,memoryless,0,no_conv,,0.222222,0.546667,0.573333,,1.589480,0.689508,0.489796,0.565438,0.508669,0.204602,0.034141,0.215278,0.201389,0.060000,0.300005,1,0,0
90,5_2_6,sync,memoryless,0,no_conv,,0.222222,0.620000,0.640000,,1.670493,0.733486,0.496599,0.682118,0.587645,0.448398,0.006010,0.229167,0.229167,0.026667,0.345167,1,1,0
91,5_2_6,sync,memoryless,0,no_conv,,0.888889,0.753333,0.746667,,1.993473,0.870516,0.707483,0.707771,0.540780,0.164063,-0.070749,0.298611,0.291667,0.040000,0.271864,6,6,4
92,5_2_6,sync,memoryless,0,no_conv,,0.222222,0.640000,0.640000,,1.542251,0.702989,0.564626,0.726752,0.610028,0.350550,-0.113966,0.201389,0.194444,0.020000,0.381846,0,0,1
93,5_2_6,sync,memoryless,0,no_conv,,0.222222,0.533333,0.533333,,1.678525,0.706356,0.544218,0.448562,0.192916,0.002030,-0.215619,0.229167,0.229167,0.133333,0.222551,1,0,0
94,5_2_6,sync,memoryless,1,S=0,49,0.000000,0.653333,0.666667,0.333333,1.733779,0.756169,0.605442,0.510994,0.204265,0.040731,0.038375,0.243056,0.243056,0.086667,0.197459,0,0,0
95,5_2_6,sync,memoryless,0,no_conv,,0.222222,0.700000,0.733333,,1.792936,0.785190,0.571429,0.500673,0.187961,-0.080579,0.112568,0.201389,0.201389,0.040000,0.197209,2,1,1
96,5_2_6,sync,memoryless,0,no_conv,,1.555556,0.700000,0.680000,,1.895039,0.805095,0.741497,0.826491,0.751640,0.448703,-0.013362,0.354167,0.340278,0.020000,0.558113,5,8,6
97,5_2_6,sync,memoryless,0,no_conv,,0.222222,0.660000,0.613333,,1.692605,0.733328,0.523810,0.536994,0.405292,0.200439,0.066517,0.215278,0.208333,0.026667,0.284540,0,1,0
98,5_2_6,sync,memoryless,0,no_conv,,0.222222,0.586667,0.640000,,1.506004,0.692568,0.476190,0.558223,0.514104,0.418270,0.047257,0.208333,0.201389,0.020000,0.363688,0,1,1
99,5_2_6,sync,memoryless,1,S=0,49,0.000000,0.706667,0.693333,0.666667,1.884633,0.790189,0.557823,0.547017,0.454534,0.106162,-0.004079,0.236111,0.215278,0.060000,0.223626,0,0,0
100,5_2_6,sync,memoryless,1,S=0,49,0.000000,0.700000,0.613333,1.000000,1.595589,0.688982,0.462585,0.501372,0.429434,0.085695,-0.206281,0.194444,0.180556,0.046667,0.186867,0,0,0
101,5_2_6,sync,memoryless,0,no_conv,,0.222222,0.646667,0.586667,,1.550816,0.689434,0.503401,0.672929,0.536145,0.370930,0.152399,0.194444,0.187500,0.033333,0.333371,1,0,0
102,5_2_6,sync,memoryless,0,no_conv,,1.555556,0.740000,0.746667,,1.909626,0.834892,0.687075,0.586544,0.456778,0.154946,-0.209159,0.312500,0.305556,0.033333,0.355590,3,0,2
103,5_2_6,sync,memoryless,0,no_conv,,0.222222,0.613333,0.640000,,1.737867,0.746766,0.503401,0.733877,0.634248,0.520624,0.037110,0.215278,0.208333,0.020000,0.519131,1,1,2
104,5_2_6,sync,memoryless,0,no_conv,,0.888889,0.560000,0.506667,,1.535306,0.657408,0.469388,0.636859,0.485221,0.236156,-0.126921,0.138889,0.131944,0.040000,0.261025,0,0,2
105,5_2_6,sync,memoryless,0,no_conv,,0.666667,0.640000,0.640000,,1.770245,0.763039,0.523810,0.597469,0.396195,0.125151,-0.053479,0.194444,0.180556,0.020000,0.314655,1,2,3
106,5_2_6,sync,memoryless,0,no_conv,,0.222222,0.660000,0.640000,,1.723886,0.769130,0.693878,0.821644,0.754856,0.520387,-0.026106,0.319444,0.312500,0.020000,0.524063,0,0,1
107,5_2_6,sync,memoryless,0,no_conv,,0.666667,0.613333,0.640000,,1.720313,0.738374,0.619048,0.495776,0.331148,0.022724,0.009494,0.277778,0.270833,0.066667,0.273633,2,0,1
108,5_2_6,sync,memoryless,1,S=0,49,0.000000,0.660000,0.680000,0.666667,1.879745,0.776219,0.510204,0.496649,0.285066,-0.030297,-0.042638,0.173611,0.166667,0.040000,0.176040,0,0,0
109,5_2_6,sync,memoryless,1,S=0,49,0.000000,0.600000,0.600000,0.000000,1.598673,0.710609,0.564626,0.659296,0.536043,0.245109,-0.050292,0.263889,0.256944,0.053333,0.274584,0,0,0
110,5_2_6,sync,memoryless,1,S=0,48,0.000000,0.653333,0.653333,0.666667,1.681355,0.740689,0.544218,0.714648,0.496079,0.154776,-0.100496,0.166667,0.159722,0.033333,0.361671,0,0,0
111,5_2_6,sync,memoryless,0,no_conv,,0.222222,0.713333,0.760000,,1.816500,0.798205,0.632653,0.750270,0.681298,0.354989,0.106740,0.270833,0.256944,0.033333,0.403360,1,0,1
112,5_2_6,sync,memoryless,0,no_conv,,0.222222,0.713333,0.666667,,1.679022,0.750609,0.612245,0.885973,0.810666,0.659003,0.038666,0.229167,0.215278,0.020000,0.551940,8,8,7
113,5_2_6,sync,memoryless,1,S=0,49,0.000000,0.580000,0.533333,0.333333,1.632307,0.688089,0.455782,0.750581,0.633052,0.291234,-0.004787,0.159722,0.152778,0.033333,0.312639,0,0,0
114,5_2_6,sync,memoryless,1,S=0,49,0.000000,0.660000,0.560000,0.333333,1.500921,0.671000,0.517007,0.574007,0.497497,0.218576,0.274472,0.243056,0.236111,0.020000,0.278593,0,0,0
115,5_2_6,sync,memoryless,0,no_conv,,0.222222,0.626667,0.720000,,1.824290,0.781545,0.510204,0.531259,0.389263,0.075481,0.146342,0.201389,0.194444,0.046667,0.215088,0,1,0
116,5_2_6,sync,memoryless,0,no_conv,,0.222222,0.666667,0.653333,,1.764463,0.773249,0.639456,0.617877,0.405966,0.027906,-0.086137,0.236111,0.229167,0.060000,0.320782,0,1,1
117,5_2_6,sync,memoryless,1,S=0,49,0.000000,0.653333,0.626667,0.666667,1.669353,0.724804,0.564626,0.463834,0.404821,0.231900,-0.166948,0.256944,0.243056,0.040000,0.215598,0,0,0
118,5_2_6,sync,memoryless,0,no_conv,,1.555556,0.666667,0.586667,,1.724432,0.728071,0.619048,0.836371,0.739567,0.599346,-0.092000,0.250000,0.243056,0.020000,0.642627,1,2,4
119,5_2_6,sync,memoryless,1,S=0,47,0.000000,0.666667,0.626667,0.222222,1.665008,0.719250,0.591837,0.780343,0.683445,0.411841,-0.006357,0.243056,0.236111,0.020000,0.468918,0,0,0
120,5_2_6,sync,memoryless,0,no_conv,,0.222222,0.606667,0.613333,,1.625611,0.704735,0.551020,0.500320,0.333171,0.126526,0.023087,0.208333,0.187500,0.040000,0.182600,1,0,0
121,5_2_6,sync,memoryless,0,no_conv,,0.222222,0.740000,0.760000,,1.983539,0.832812,0.544218,0.425448,0.155594,0.164973,-0.057371,0.215278,0.215278,0.066667,0.269668,1,2,2
122,5_2_6,sync,memoryless,0,no_conv,,0.888889,0.686667,0.706667,,1.820330,0.765240,0.523810,0.545554,0.370694,0.113808,0.045952,0.215278,0.208333,0.033333,0.267272,2,2,0
123,5_2_6,sync,memoryless,0,no_conv,,0.222222,0.620000,0.573333,,1.578439,0.688827,0.448980,0.628869,0.438835,0.093280,0.092015,0.180556,0.180556,0.060000,0.243251,1,0,1
124,5_2_6,sync,memoryless,1,S=0,49,0.000000,0.613333,0.560000,0.333333,1.513851,0.671152,0.517007,0.433362,0.259336,-0.102177,-0.009193,0.236111,0.222222,0.086667,0.205515,0,0,0
125,5_2_6,sync,memoryless,0,no_conv,,0.222222,0.726667,0.706667,,1.845388,0.796623,0.666667,0.678906,0.504049,0.170492,0.109208,0.256944,0.243056,0.046667,0.352278,1,0,1
126,5_2_6,sync,memoryless,0,no_conv,,0.222222,0.673333,0.666667,,1.754479,0.757632,0.666667,0.542810,0.472212,0.314864,-0.118081,0.326389,0.312500,0.020000,0.378532,0,0,1
127,5_2_6,sync,memoryless,0,no_conv,,0.222222,0.626667,0.666667,,1.669950,0.745747,0.523810,0.668110,0.588487,0.277057,-0.002468,0.222222,0.208333,0.033333,0.329246,1,0,1
128,5_2_6,sync,memoryless,0,no_conv,,0.222222,0.666667,0.640000,,1.903253,0.778618,0.646259,0.604722,0.501442,0.239250,-0.031291,0.270833,0.263889,0.053333,0.386874,1,2,2
129,5_2_6,sync,memoryless,0,no_conv,,0.888889,0.633333,0.560000,,1.435877,0.654830,0.605442,0.667692,0.508714,0.337977,0.136069,0.263889,0.256944,0.020000,0.368330,0,2,0
130,5_2_6,sync,memoryless,0,no_conv,,0.888889,0.626667,0.666667,,1.879674,0.797631,0.571429,0.641280,0.518225,0.144105,-0.023222,0.222222,0.201389,0.026667,0.386693,0,2,0
131,5_2_6,sync,memoryless,0,no_conv,,1.555556,0.666667,0.733333,,1.919586,0.820164,0.578231,0.642415,0.383446,0.135685,-0.229683,0.194444,0.194444,0.040000,0.268304,2,4,1
132,5_2_6,sync,memoryless,1,S=0,48,0.000000,0.620000,0.600000,0.500000,1.573864,0.714760,0.496599,0.562292,0.449203,-0.016240,-0.112346,0.215278,0.201389,0.080000,0.214418,0,0,0
133,5_2_6,sync,memoryless,0,no_conv,,0.222222,0.686667,0.653333,,1.800369,0.788037,0.632653,0.892105,0.817487,0.702694,-0.031417,0.236111,0.229167,0.020000,0.519284,8,7,7
134,5_2_6,sync,memoryless,0,no_conv,,0.222222,0.613333,0.560000,,1.627520,0.707348,0.598639,0.832060,0.743933,0.506966,-0.132510,0.243056,0.236111,0.020000,0.520468,0,1,1
135,5_2_6,sync,memoryless,1,other_conv,49,0.000000,0.600000,0.626667,0.666667,1.568208,0.694707,0.469388,0.484163,0.452908,0.227647,0.064468,0.229167,0.222222,0.040000,0.234758,1,1,1
136,5_2_6,sync,memoryless,0,no_conv,,0.222222,0.640000,0.613333,,1.691501,0.720701,0.530612,0.498420,0.341495,0.246615,-0.063977,0.277778,0.277778,0.033333,0.252728,0,1,0
137,5_2_6,sync,memoryless,0,no_conv,,0.888889,0.660000,0.706667,,1.731627,0.757402,0.503401,0.604927,0.389629,0.099625,-0.086762,0.201389,0.194444,0.053333,0.225745,2,0,0
138,5_2_6,sync,memoryless,1,S=0,49,0.000000,0.693333,0.733333,0.666667,1.953253,0.845756,0.714286,0.623885,0.507486,0.236542,0.100503,0.354167,0.333333,0.020000,0.334890,0,0,0
139,5_2_6,sync,memoryless,0,no_conv,,0.222222,0.633333,0.613333,,1.633046,0.712887,0.571429,0.701475,0.590975,0.495657,0.023601,0.250000,0.243056,0.026667,0.305001,1,0,1
140,5_2_6,sync,memoryless,1,S=0,49,0.000000,0.713333,0.653333,0.666667,1.629147,0.723109,0.551020,0.745357,0.634653,0.401280,-0.002528,0.215278,0.201389,0.020000,0.411066,0,0,0
141,5_2_6,sync,memoryless,0,no_conv,,0.222222,0.733333,0.773333,,1.735409,0.769533,0.503401,0.599681,0.417400,0.099373,-0.074643,0.208333,0.208333,0.053333,0.236765,1,0,1
142,5_2_6,sync,memoryless,1,S=0,49,0.000000,0.706667,0.626667,0.666667,1.600452,0.721211,0.585034,0.682098,0.565240,0.414502,-0.025507,0.263889,0.263889,0.026667,0.396469,0,0,0
143,5_2_6,sync,memoryless,0,no_conv,,0.222222,0.593333,0.546667,,1.596325,0.705095,0.489796,0.575917,0.250101,-0.143002,0.179704,0.145833,0.145833,0.073333,0.262071,1,0,0
144,5_2_6,sync,memoryless,1,S=0,47,0.000000,0.766667,0.733333,0.555556,1.937086,0.828487,0.748299,0.783960,0.648882,0.189015,0.030044,0.326389,0.319444,0.053333,0.423547,0,0,0
145,5_2_6,sync,memoryless,0,no_conv,,0.222222,0.640000,0.586667,,1.678687,0.715407,0.551020,0.760147,0.638098,0.290382,-0.034760,0.215278,0.208333,0.026667,0.328583,1,0,0
146,5_2_6,sync,memoryless,0,no_conv,,0.222222,0.640000,0.613333,,1.649633,0.756626,0.721088,0.855718,0.779590,0.553576,0.025934,0.347222,0.340278,0.026667,0.439542,8,7,7
147,5_2_6,sync,memoryless,1,S=0,46,0.000000,0.600000,0.640000,0.750000,1.650570,0.722811,0.476190,0.554468,0.234020,-0.024696,0.174783,0.180556,0.173611,0.120000,0.156737,0,0,0
148,5_2_6,sync,memoryless,0,no_conv,,0.888889,0.673333,0.626667,,1.603816,0.710923,0.571429,0.724984,0.496529,0.379698,0.073985,0.180556,0.173611,0.026667,0.395356,0,2,0
149,5_2_6,sync,memoryless,0,no_conv,,0.222222,0.646667,0.653333,,1.768173,0.790310,0.625850,0.633612,0.550793,0.255935,-0.069722,0.277778,0.263889,0.033333,0.342459,1,1,0
150,5_2_6,sync,memoryless,0,no_conv,,0.222222,0.646667,0.613333,,1.559913,0.705091,0.605442,0.772400,0.640560,0.504460,0.008439,0.229167,0.222222,0.020000,0.479079,0,1,0
151,5_2_6,sync,memoryless,0,no_conv,,0.222222,0.753333,0.773333,,1.850709,0.793226,0.523810,0.456445,0.311604,0.073145,0.063988,0.222222,0.208333,0.060000,0.222955,1,0,0
152,5_2_6,sync,memoryless,0,no_conv,,0.222222,0.633333,0.573333,,1.573062,0.687909,0.585034,0.529191,0.366852,0.106031,-0.079361,0.270833,0.270833,0.060000,0.194474,0,1,0
153,5_2_6,sync,memoryless,0,no_conv,,0.222222,0.686667,0.733333,,1.831326,0.782144,0.612245,0.661453,0.542331,0.119041,0.072121,0.277778,0.263889,0.033333,0.442943,0,0,1
154,5_2_6,sync,memoryless,1,other_conv,49,0.000000,0.640000,0.600000,0.666667,1.716651,0.729392,0.448980,0.468600,0.340358,-0.045179,-0.069981,0.180556,0.173611,0.053333,0.179333,1,1,1
155,5_2_6,sync,memoryless,0,no_conv,,0.888889,0.700000,0.680000,,1.874104,0.827984,0.727891,0.736565,0.518039,0.310842,-0.099781,0.277778,0.270833,0.020000,0.424748,4,2,2
156,5_2_6,sync,memoryless,0,no_conv,,0.666667,0.626667,0.600000,,1.685119,0.728159,0.571429,0.627144,0.507055,0.178702,-0.121841,0.229167,0.215278,0.040000,0.252115,0,2,1
157,5_2_6,sync,memoryless,0,no_conv,,0.666667,0.593333,0.533333,,1.550632,0.674794,0.476190,0.576884,0.413432,0.241954,-0.084595,0.201389,0.194444,0.080000,0.291061,1,2,0
158,5_2_6,sync,memoryless,0,no_conv,,2.888889,0.753333,0.760000,,1.887853,0.820581,0.585034,0.679847,0.489733,0.074397,-0.120005,0.222222,0.222222,0.033333,0.368328,4,0,1
159,5_2_6,sync,memoryless,0,no_conv,,0.222222,0.646667,0.640000,,1.858201,0.777974,0.530612,0.603751,0.409410,0.067302,-0.129426,0.194444,0.187500,0.033333,0.316720,1,1,2
160,5_2_6,sync,memoryless,1,S=0,49,0.000000,0.680000,0.653333,0.666667,1.720502,0.748299,0.564626,0.853489,0.766459,0.530404,0.109300,0.194444,0.187500,0.020000,0.585216,0,0,0
161,5_2_6,sync,memoryless,0,no_conv,,2.666667,0.713333,0.693333,,1.941909,0.820125,0.612245,0.758475,0.671727,0.446585,0.150383,0.256944,0.243056,0.020000,0.536331,5,3,1
162,5_2_6,sync,memoryless,0,no_conv,,0.222222,0.660000,0.666667,,1.852372,0.782276,0.646259,0.547327,0.334916,0.063809,-0.092283,0.319444,0.312500,0.033333,0.285788,1,0,0
163,5_2_6,sync,memoryless,0,no_conv,,0.888889,0.720000,0.706667,,1.872490,0.805178,0.687075,0.582464,0.458588,0.032444,0.051325,0.305556,0.291667,0.046667,0.312685,2,0,2
164,5_2_6,sync,memoryless,0,no_conv,,0.888889,0.686667,0.706667,,1.755930,0.765124,0.503401,0.772233,0.705924,0.497552,-0.153887,0.201389,0.194444,0.020000,0.446870,0,0,2
165,5_2_6,sync,memoryless,0,no_conv,,0.222222,0.660000,0.666667,,1.705241,0.733059,0.523810,0.663529,0.505962,0.173826,0.101779,0.222222,0.215278,0.026667,0.333316,3,2,2
166,5_2_6,sync,memoryless,0,no_conv,,1.555556,0.693333,0.666667,,1.606426,0.713832,0.517007,0.767909,0.565646,0.215494,-0.135184,0.180556,0.180556,0.026667,0.430736,3,1,0
167,5_2_6,sync,memoryless,0,no_conv,,0.222222,0.680000,0.706667,,1.648080,0.756236,0.551020,0.535248,0.293702,-0.026483,-0.085284,0.236111,0.229167,0.080000,0.146294,1,0,0
168,5_2_6,sync,memoryless,1,S=0,48,0.000000,0.626667,0.613333,0.333333,1.691276,0.713456,0.489796,0.546713,0.333511,0.101161,0.007087,0.173611,0.166667,0.046667,0.215353,0,0,0
169,5_2_6,sync,memoryless,1,S=0,49,0.000000,0.540000,0.546667,0.666667,1.635453,0.700307,0.496599,0.332087,0.205940,0.204779,-0.028242,0.250000,0.243056,0.040000,0.142491,0,0,0
170,5_2_6,sync,memoryless,0,no_conv,,0.222222,0.633333,0.733333,,1.919556,0.824623,0.571429,0.568749,0.466424,0.258270,0.025589,0.277778,0.270833,0.020000,0.375455,1,2,1
171,5_2_6,sync,memoryless,1,S=0,48,0.000000,0.660000,0.640000,0.500000,1.549136,0.702794,0.578231,0.748856,0.585963,0.456117,-0.093036,0.250000,0.243056,0.026667,0.345331,0,0,0
172,5_2_6,sync,memoryless,0,no_conv,,0.888889,0.600000,0.586667,,1.601452,0.708127,0.537415,0.634406,0.534521,0.298317,-0.020216,0.229167,0.222222,0.093333,0.382308,2,0,0
173,5_2_6,sync,memoryless,0,no_conv,,0.222222,0.693333,0.626667,,1.625397,0.715828,0.544218,0.757376,0.697920,0.504699,0.018137,0.215278,0.208333,0.026667,0.488223,0,0,1
174,5_2_6,sync,memoryless,0,no_conv,,0.222222,0.666667,0.666667,,1.616608,0.727547,0.517007,0.487925,0.391213,0.109301,0.109109,0.256944,0.243056,0.026667,0.225874,1,0,0
175,5_2_6,sync,memoryless,0,no_conv,,0.222222,0.653333,0.653333,,1.507345,0.688266,0.537415,0.487943,0.450521,0.323715,-0.043972,0.263889,0.243056,0.033333,0.250103,1,0,0
176,5_2_6,sync,memoryless,0,no_conv,,1.555556,0.753333,0.866667,,2.042315,0.883156,0.693878,0.822894,0.681170,0.409114,0.057992,0.270833,0.263889,0.040000,0.563062,4,5,7
177,5_2_6,sync,memoryless,0,no_conv,,0.222222,0.700000,0.626667,,1.643049,0.722640,0.544218,0.664688,0.539176,0.420553,0.189207,0.201389,0.194444,0.020000,0.393498,1,1,0
178,5_2_6,sync,memoryless,1,S=0,49,0.000000,0.560000,0.480000,0.666667,1.551027,0.661455,0.435374,0.808806,0.748652,0.689317,0.049882,0.145833,0.131944,0.020000,0.478929,0,0,0
179,5_2_6,sync,memoryless,1,other_conv,49,0.000000,0.640000,0.546667,0.000000,1.617812,0.718475,0.619048,0.622214,0.512844,0.242806,0.038631,0.298611,0.291667,0.026667,0.387054,1,1,1
180,5_2_6,sync,memoryless,0,no_conv,,0.888889,0.626667,0.533333,,1.488311,0.660109,0.462585,0.520118,0.382516,0.080956,0.163966,0.194444,0.187500,0.060000,0.226118,0,0,2
181,5_2_6,sync,memoryless,0,no_conv,,0.888889,0.626667,0.666667,,1.786979,0.763928,0.476190,0.458453,0.291356,0.032649,0.027198,0.201389,0.194444,0.046667,0.210279,3,1,1
182,5_2_6,sync,memoryless,0,no_conv,,0.888889,0.680000,0.733333,,1.841792,0.781649,0.530612,0.727460,0.518613,-0.029948,0.012877,0.180556,0.173611,0.040000,0.277815,4,2,4
183,5_2_6,sync,memoryless,0,no_conv,,0.222222,0.673333,0.666667,,1.590194,0.719849,0.585034,0.581143,0.370852,-0.021549,-0.027764,0.208333,0.194444,0.046667,0.244014,0,1,0
184,5_2_6,sync,memoryless,0,no_conv,,0.888889,0.626667,0.546667,,1.651030,0.705458,0.544218,0.699227,0.618271,0.443340,-0.016481,0.208333,0.194444,0.053333,0.359825,2,0,0
185,5_2_6,sync,memoryless,0,no_conv,,2.000000,0.633333,0.573333,,1.624090,0.710312,0.653061,0.691866,0.563530,0.186006,0.108040,0.291667,0.277778,0.026667,0.296299,0,3,0
186,5_2_6,sync,memoryless,0,no_conv,,0.666667,0.600000,0.586667,,1.698463,0.701807,0.442177,0.694953,0.588611,0.547548,-0.034440,0.145833,0.138889,0.020000,0.385832,2,1,0
187,5_2_6,sync,memoryless,0,no_conv,,0.222222,0.626667,0.680000,,1.914722,0.784591,0.564626,0.608317,0.458593,0.160176,-0.035527,0.270833,0.270833,0.040000,0.336817,0,0,1
188,5_2_6,sync,memoryless,0,no_conv,,0.222222,0.593333,0.560000,,1.560909,0.690423,0.537415,0.696920,0.561375,0.090689,-0.110393,0.201389,0.187500,0.053333,0.309659,1,0,0
189,5_2_6,sync,memoryless,0,no_conv,,0.666667,0.626667,0.600000,,1.560790,0.713762,0.537415,0.602499,0.394747,0.147078,0.045436,0.194444,0.194444,0.020000,0.354679,3,2,1
190,5_2_6,sync,memoryless,0,no_conv,,0.222222,0.633333,0.586667,,1.813985,0.799095,0.748299,0.821290,0.719206,0.558588,0.000341,0.333333,0.326389,0.020000,0.551515,7,6,7
191,5_2_6,sync,memoryless,0,no_conv,,0.888889,0.666667,0.626667,,1.722671,0.737623,0.517007,0.442034,0.316566,0.162839,0.145146,0.215278,0.201389,0.060000,0.197643,0,0,2
192,5_2_6,sync,memoryless,0,no_conv,,0.222222,0.700000,0.706667,,1.832263,0.770310,0.544218,0.617346,0.426319,0.153213,-0.021084,0.194444,0.180556,0.033333,0.246129,1,0,0
193,5_2_6,sync,memoryless,0,no_conv,,0.222222,0.613333,0.600000,,1.586926,0.696608,0.489796,0.536224,0.453706,0.145830,0.003510,0.256944,0.243056,0.026667,0.265292,1,0,1
194,5_2_6,sync,memoryless,1,other_conv,49,0.000000,0.660000,0.626667,0.666667,1.645778,0.730590,0.510204,0.530299,0.376033,0.097116,0.105124,0.222222,0.222222,0.026667,0.267222,2,2,2
195,5_2_6,sync,memoryless,1,other_conv,49,0.000000,0.626667,0.640000,0.666667,1.520911,0.698648,0.421769,0.541794,0.311198,-0.141674,-0.073051,0.125000,0.118056,0.040000,0.245897,1,1,1
196,5_2_6,sync,memoryless,0,no_conv,,0.888889,0.600000,0.520000,,1.584400,0.677715,0.510204,0.486834,0.367735,0.045661,0.006289,0.256944,0.256944,0.200000,0.197205,2,0,0
197,5_2_6,sync,memoryless,0,no_conv,,0.888889,0.646667,0.653333,,1.548429,0.695664,0.462585,0.440429,0.277975,0.224674,-0.089880,0.208333,0.208333,0.046667,0.281387,2,0,0
198,5_2_6,sync,memoryless,1,other_conv,49,0.000000,0.633333,0.626667,0.666667,1.702549,0.726607,0.503401,0.552467,0.451203,0.161126,0.093461,0.173611,0.159722,0.033333,0.323915,2,2,2
199,5_2_6,sync,memoryless,0,no_conv,,0.222222,0.640000,0.640000,,1.614555,0.703272,0.448980,0.562260,0.344455,0.068246,-0.022452,0.166667,0.152778,0.080000,0.262896,0,1,0
0,5_2_6,sync,static,1,S=0,32,0.000000,0.640000,0.546667,0.370370,1.338410,0.764564,0.217687,0.725286,0.399574,0.200715,0.448579,0.055556,0.055556,0.086667,0.204492,0,0,0
1,5_2_6,sync,static,0,no_conv,,0.666667,0.666667,0.560000,,2.890359,0.952940,0.578231,0.520927,0.348709,0.292775,0.140503,0.243056,0.243056,0.020000,0.303862,3,2,1
2,5_2_6,sync,static,0,no_conv,,0.222222,0.593333,0.546667,,2.253915,0.927018,0.557823,0.464501,0.273785,0.114828,0.081494,0.256944,0.250000,0.066667,0.240014,3,4,3
3,5_2_6,sync,static,1,S=0,40,0.000000,0.606667,0.440000,0.233333,1.232554,0.584595,0.360544,0.788988,0.695674,0.386866,0.400713,0.138889,0.131944,0.033333,0.445558,0,0,0
4,5_2_6,sync,static,1,S=0,36,0.000000,0.660000,0.573333,0.500000,0.828972,0.601781,0.258503,0.665321,0.622466,0.471589,0.311543,0.090278,0.083333,0.020000,0.342920,0,0,0
5,5_2_6,sync,static,0,no_conv,,0.222222,0.713333,0.693333,,3.122825,1.058094,0.476190,0.467856,0.317470,0.044976,-0.013167,0.194444,0.194444,0.046667,0.251215,1,0,1
6,5_2_6,sync,static,1,S=0,41,0.000000,0.506667,0.493333,0.518519,0.797049,0.547134,0.156463,0.548086,0.594666,0.331523,0.435849,0.076389,0.062500,0.020000,0.174808,0,0,0
7,5_2_6,sync,static,1,S=0,20,0.000000,0.206667,0.026667,0.044444,0.111585,0.054276,0.136054,0.702363,0.760465,0.592234,0.440267,0.055556,0.041667,0.020000,0.263871,0,0,0
8,5_2_6,sync,static,0,no_conv,,0.222222,0.726667,0.760000,,5.439623,1.249765,0.462585,0.621930,0.567134,0.517087,0.056211,0.215278,0.215278,0.040000,0.381648,0,0,1
9,5_2_6,sync,static,1,S=0,36,0.000000,0.500000,0.320000,0.238095,0.810881,0.474387,0.251701,0.757826,0.694293,0.528441,0.424758,0.118056,0.118056,0.020000,0.259482,0,0,0
10,5_2_6,sync,static,1,S=0,19,0.000000,0.133333,0.000000,0.000000,0.048425,0.008501,0.108844,0.791224,0.460363,0.201631,0.310161,0.027778,0.027778,0.046667,0.178856,0,0,0
11,5_2_6,sync,static,1,S=0,34,0.000000,0.513333,0.386667,0.208333,1.032850,0.544407,0.306122,0.607907,0.454062,0.319415,0.391972,0.125000,0.118056,0.060000,0.229808,0,0,0
12,5_2_6,sync,static,1,S=0,17,0.000000,0.340000,0.093333,0.181818,0.182007,0.098845,0.197279,0.768062,0.771953,0.622354,0.484608,0.083333,0.076389,0.020000,0.309329,0,0,0
13,5_2_6,sync,static,1,S=0,47,0.000000,0.680000,0.546667,0.222222,0.868962,0.561625,0.292517,0.711177,0.383185,0.292184,0.330244,0.138889,0.138889,0.100000,0.177883,0,0,0
14,5_2_6,sync,static,1,S=0,26,0.000000,0.373333,0.013333,0.013889,0.152765,0.074837,0.231293,0.592162,0.403083,0.396228,0.590788,0.090278,0.090278,0.020000,0.202334,0,0,0
15,5_2_6,sync,static,1,S=0,11,0.000000,0.293333,0.080000,0.222222,0.248962,0.141976,0.122449,0.639330,0.707977,0.190856,0.406103,0.048611,0.041667,0.020000,0.170100,0,0,0
16,5_2_6,sync,static,0,no_conv,,0.888889,0.686667,0.613333,,4.706594,1.122778,0.414966,0.725858,0.539850,0.470378,0.091448,0.145833,0.138889,0.026667,0.343305,0,0,2
17,5_2_6,sync,static,1,S=0,44,0.000000,0.593333,0.480000,0.333333,2.114181,0.749558,0.292517,0.669060,0.713871,0.559803,0.394762,0.118056,0.104167,0.160000,0.285126,0,0,0
18,5_2_6,sync,static,1,S=0,49,0.000000,0.573333,0.280000,0.000000,0.666003,0.428285,0.285714,0.832138,0.788975,0.580870,0.659999,0.111111,0.104167,0.020000,0.389574,0,0,0
19,5_2_6,sync,static,0,no_conv,,0.222222,0.800000,0.760000,,3.830151,1.054290,0.666667,0.776833,0.685695,0.488541,0.196863,0.305556,0.291667,0.020000,0.522299,3,3,2
20,5_2_6,sync,static,0,no_conv,,0.222222,0.613333,0.613333,,3.250211,1.045140,0.510204,0.733386,0.649747,0.561328,0.147594,0.222222,0.208333,0.026667,0.393250,0,0,1
21,5_2_6,sync,static,1,S=0,41,0.000000,0.573333,0.400000,0.407407,0.648558,0.446734,0.265306,0.725406,0.687720,0.520780,0.478603,0.125000,0.118056,0.026667,0.372200,0,0,0
22,5_2_6,sync,static,1,S=0,47,0.000000,0.313333,0.213333,0.666667,0.530943,0.309517,0.163265,0.710515,0.399679,0.486437,0.491778,0.048611,0.048611,0.020000,0.199318,0,0,0
23,5_2_6,sync,static,1,S=0,42,0.000000,0.506667,0.453333,0.333333,2.120420,0.751076,0.238095,0.708637,0.625875,0.372927,0.229331,0.090278,0.083333,0.033333,0.233106,0,0,0
24,5_2_6,sync,static,1,S=0,31,0.000000,0.700000,0.746667,0.736842,2.191169,1.135058,0.163265,0.796377,0.703384,0.469719,0.371052,0.048611,0.048611,0.026667,0.242266,0,0,0
25,5_2_6,sync,static,0,no_conv,,0.222222,0.313333,0.066667,,0.272529,0.101940,0.136054,0.593687,0.312719,-0.047387,0.553839,0.055556,0.055556,0.046667,0.104274,0,1,0
26,5_2_6,sync,static,1,S=0,45,0.000000,0.820000,0.840000,0.800000,2.614754,1.263394,0.401361,0.630129,0.564258,0.315822,-0.045370,0.187500,0.180556,0.040000,0.286731,0,0,0
27,5_2_6,sync,static,1,S=0,11,0.000000,0.086667,0.000000,0.000000,0.014928,0.001244,0.081633,0.696006,0.166510,-0.030316,0.309761,0.020833,0.013889,0.080000,0.090731,0,0,0
28,5_2_6,sync,static,1,S=0,41,0.000000,0.660000,0.626667,0.666667,2.743177,0.995288,0.394558,0.728647,0.622312,0.570693,-0.056355,0.159722,0.152778,0.026667,0.414536,0,0,0
29,5_2_6,sync,static,0,no_conv,,0.222222,0.660000,0.640000,,3.006417,1.017782,0.571429,0.444162,0.394196,0.082272,0.004371,0.298611,0.291667,0.053333,0.196920,2,1,2
30,5_2_6,sync,static,1,S=0,41,0.000000,0.500000,0.493333,0.407407,1.624743,0.814993,0.190476,0.698077,0.649668,0.547632,0.262002,0.069444,0.069444,0.020000,0.253551,0,0,0
31,5_2_6,sync,static,1,S=0,11,0.000000,0.246667,0.026667,0.153846,0.174646,0.082690,0.108844,0.726542,0.514641,0.498074,0.521455,0.013889,0.013889,0.020000,0.168978,0,0,0
32,5_2_6,sync,static,1,S=0,34,0.000000,0.553333,0.360000,0.208333,0.678422,0.446196,0.265306,0.723474,0.633549,0.429356,0.544074,0.111111,0.104167,0.020000,0.340074,0,0,0
33,5_2_6,sync,static,1,S=0,46,0.000000,0.800000,0.866667,0.666667,2.436213,1.217122,0.251701,0.746835,0.557812,0.456908,0.154007,0.083333,0.076389,0.040000,0.413833,0,0,0
34,5_2_6,sync,static,1,S=0,41,0.000000,0.560000,0.320000,0.074074,0.707397,0.400466,0.265306,0.744586,0.748843,0.587190,0.505503,0.118056,0.104167,0.020000,0.344946,0,0,0
35,5_2_6,sync,static,1,S=0,34,0.000000,0.693333,0.493333,0.395833,0.836975,0.549103,0.312925,0.721944,0.611065,0.485222,0.412373,0.104167,0.097222,0.026667,0.294640,0,0,0
36,5_2_6,sync,static,1,S=0,28,0.000000,0.533333,0.373333,0.363636,0.795108,0.514341,0.244898,0.559583,0.403877,0.334668,0.453289,0.090278,0.083333,0.120000,0.231786,0,0,0
37,5_2_6,sync,static,0,no_conv,,0.222222,0.713333,0.706667,,3.814929,1.127997,0.632653,0.594507,0.412689,0.212773,0.091709,0.284722,0.284722,0.026667,0.247592,0,1,0
38,5_2_6,sync,static,1,S=0,32,0.000000,0.633333,0.640000,0.666667,2.760758,1.243824,0.265306,0.763751,0.693787,0.628392,0.321471,0.097222,0.090278,0.020000,0.362994,0,0,0
39,5_2_6,sync,static,0,no_conv,,0.222222,0.813333,0.840000,,4.065643,1.317620,0.503401,0.714458,0.593165,0.505605,0.080135,0.201389,0.194444,0.026667,0.338476,0,1,1
40,5_2_6,sync,static,1,other_conv,49,0.000000,0.586667,0.546667,0.333333,1.708179,0.745998,0.605442,0.385826,0.130902,0.075816,0.025019,0.263889,0.256944,0.033333,0.264103,3,3,3
41,5_2_6,sync,static,1,S=0,34,0.000000,0.653333,0.453333,0.437500,0.904666,0.591516,0.292517,0.805849,0.762088,0.571929,0.444179,0.125000,0.118056,0.020000,0.349668,0,0,0
42,5_2_6,sync,static,1,S=0,45,0.000000,0.513333,0.426667,0.000000,1.186103,0.573700,0.231293,0.590212,0.460103,0.405050,0.413131,0.083333,0.069444,0.080000,0.229090,0,0,0
43,5_2_6,sync,static,1,S=0,48,0.000000,0.593333,0.546667,0.333333,1.431366,0.816728,0.292517,0.603548,0.431948,0.076448,0.357332,0.104167,0.104167,0.106667,0.147272,0,0,0
44,5_2_6,sync,static,1,S=0,39,0.000000,0.520000,0.400000,0.333333,1.660471,0.624429,0.265306,0.736565,0.628013,0.290919,0.227564,0.125000,0.118056,0.046667,0.225888,0,0,0
45,5_2_6,sync,static,1,S=0,47,0.000000,0.333333,0.120000,0.000000,0.272616,0.158108,0.183673,0.552596,0.296741,0.463231,0.483183,0.069444,0.062500,0.080000,0.230689,0,0,0
46,5_2_6,sync,static,0,no_conv,,0.222222,0.706667,0.733333,,4.791784,1.314178,0.591837,0.647770,0.485760,0.350023,0.165728,0.277778,0.270833,0.020000,0.401076,4,5,5
47,5_2_6,sync,static,1,S=0,16,0.000000,0.520000,0.333333,0.401961,0.616799,0.426393,0.149660,0.670199,0.407695,0.646251,0.247876,0.041667,0.041667,0.020000,0.188168,0,0,0
48,5_2_6,sync,static,1,S=0,41,0.000000,0.513333,0.413333,0.407407,1.049265,0.635412,0.149660,0.622115,0.512742,0.604744,0.407016,0.069444,0.062500,0.026667,0.170941,0,0,0
49,5_2_6,sync,static,1,S=0,20,0.000000,0.326667,0.240000,0.233333,0.450194,0.308316,0.088435,0.839572,0.745989,0.369807,0.495228,0.013889,0.013889,0.033333,0.177417,0,0,0
50,5_2_6,sync,static,0,no_conv,,0.222222,0.540000,0.426667,,0.999505,0.542272,0.585034,0.458455,0.291943,0.091512,0.016625,0.284722,0.270833,0.113333,0.197867,5,5,6
51,5_2_6,sync,static,1,S=0,48,0.000000,0.753333,0.813333,0.666667,1.764261,1.181546,0.340136,0.566247,0.540228,0.512469,0.244392,0.180556,0.166667,0.020000,0.292393,0,0,0
52,5_2_6,sync,static,1,S=0,34,0.000000,0.493333,0.266667,0.187500,0.517059,0.349049,0.251701,0.498616,0.455794,0.127692,0.387719,0.118056,0.118056,0.020000,0.177155,0,0,0
53,5_2_6,sync,static,0,no_conv,,0.222222,0.646667,0.573333,,1.775290,0.807983,0.571429,0.637509,0.483425,0.202831,0.174820,0.250000,0.243056,0.020000,0.388562,4,4,3
54,5_2_6,sync,static,1,S=0,49,0.000000,0.740000,0.666667,0.333333,2.172587,0.953251,0.462585,0.760773,0.751028,0.699710,0.175197,0.243056,0.229167,0.020000,0.538454,0,0,0
55,5_2_6,sync,static,1,S=0,16,0.000000,0.120000,0.000000,0.019608,0.021158,0.004376,0.122449,0.621434,0.465757,0.184945,0.386429,0.055556,0.041667,0.033333,0.123493,0,0,0
56,5_2_6,sync,static,1,S=0,49,0.000000,0.686667,0.640000,0.666667,3.919352,1.163164,0.428571,0.634991,0.565153,0.406577,0.165868,0.180556,0.173611,0.033333,0.348316,0,0,0
57,5_2_6,sync,static,1,S=0,48,0.000000,0.520000,0.426667,0.333333,1.297638,0.733852,0.156463,0.815182,0.564731,0.440614,0.323021,0.055556,0.055556,0.020000,0.251617,0,0,0
58,5_2_6,sync,static,1,S=0,30,0.000000,0.273333,0.053333,0.000000,0.135671,0.078287,0.176871,0.574543,0.499915,0.248104,0.348882,0.055556,0.055556,0.060000,0.180228,0,0,0
59,5_2_6,sync,static,1,S=0,41,0.000000,0.566667,0.413333,0.333333,1.258304,0.644380,0.292517,0.743357,0.668729,0.702429,0.394517,0.104167,0.097222,0.020000,0.412445,0,0,0
60,5_2_6,sync,static,0,no_conv,,0.222222,0.700000,0.613333,,3.151624,0.946576,0.605442,0.773697,0.709880,0.605552,0.211707,0.291667,0.284722,0.020000,0.544610,2,1,2
61,5_2_6,sync,static,1,S=0,49,0.000000,0.720000,0.746667,1.000000,3.232069,1.326064,0.455782,0.625892,0.642105,0.484013,0.242815,0.243056,0.222222,0.026667,0.323763,0,0,0
62,5_2_6,sync,static,1,S=0,35,0.000000,0.340000,0.293333,0.266667,0.574841,0.390345,0.149660,0.642064,0.452362,0.066099,0.545346,0.062500,0.048611,0.040000,0.143919,0,0,0
63,5_2_6,sync,static,1,S=0,13,0.000000,0.240000,0.093333,0.135135,0.169271,0.111986,0.081633,0.657578,0.594989,0.170547,0.541552,0.027778,0.020833,0.040000,0.118199,0,0,0
64,5_2_6,sync,static,1,S=0,41,0.000000,0.713333,0.613333,0.555556,1.500087,0.872778,0.346939,0.535705,0.559910,0.301492,0.331894,0.166667,0.152778,0.046667,0.232288,0,0,0
65,5_2_6,sync,static,1,S=0,38,0.000000,0.706667,0.640000,0.555556,1.385584,0.880143,0.278912,0.784361,0.745426,0.550789,0.271299,0.104167,0.090278,0.020000,0.344474,0,0,0
66,5_2_6,sync,static,1,S=0,46,0.000000,0.773333,0.906667,0.916667,3.552949,1.429876,0.387755,0.632530,0.481207,0.403424,0.079568,0.152778,0.152778,0.040000,0.357029,0,0,0
67,5_2_6,sync,static,1,S=0,40,0.000000,0.673333,0.560000,0.333333,3.230335,0.932928,0.326531,0.772774,0.712587,0.520537,0.492303,0.131944,0.131944,0.026667,0.326143,0,0,0
68,5_2_6,sync,static,1,S=0,47,0.000000,0.646667,0.533333,0.333333,1.250519,0.806709,0.312925,0.683764,0.590152,0.586612,0.227936,0.118056,0.118056,0.020000,0.346474,0,0,0
69,5_2_6,sync,static,1,S=0,44,0.000000,0.620000,0.520000,0.333333,1.473413,0.703123,0.353741,0.545941,0.616589,0.456014,0.470939,0.201389,0.194444,0.180000,0.296475,0,0,0
70,5_2_6,sync,static,1,S=0,27,0.000000,0.640000,0.413333,0.376812,0.935124,0.613287,0.244898,0.680435,0.576310,0.425269,0.693336,0.104167,0.097222,0.033333,0.253393,0,0,0
71,5_2_6,sync,static,1,S=0,46,0.000000,0.646667,0.626667,0.666667,3.002580,1.082530,0.340136,0.654704,0.729988,0.523821,0.313845,0.201389,0.180556,0.033333,0.449507,0,0,0
72,5_2_6,sync,static,1,S=0,48,0.000000,0.740000,0.720000,0.500000,2.240726,1.061007,0.476190,0.704235,0.668960,0.661476,-0.061996,0.250000,0.243056,0.020000,0.464639,0,0,0
73,5_2_6,sync,static,0,no_conv,,0.222222,0.720000,0.800000,,3.715197,1.184592,0.632653,0.663501,0.602349,0.500493,0.100875,0.326389,0.312500,0.026667,0.398387,1,0,1
74,5_2_6,sync,static,1,S=0,25,0.000000,0.306667,0.000000,0.000000,0.074689,0.019691,0.136054,0.736972,0.813086,0.405755,0.664825,0.055556,0.048611,0.020000,0.184747,0,0,0
75,5_2_6,sync,static,1,S=0,44,0.000000,0.573333,0.493333,0.666667,1.165916,0.748830,0.244898,0.703563,0.569157,0.501144,0.444117,0.076389,0.076389,0.020000,0.283311,0,0,0
76,5_2_6,sync,static,1,S=0,43,0.000000,0.626667,0.560000,0.619048,1.699310,0.841553,0.346939,0.732209,0.696608,0.523848,0.256284,0.145833,0.138889,0.020000,0.357155,0,0,0
77,5_2_6,sync,static,1,S=0,38,0.000000,0.553333,0.400000,0.333333,2.216647,0.744074,0.360544,0.821456,0.724410,0.525570,0.489538,0.138889,0.131944,0.020000,0.416449,0,0,0
78,5_2_6,sync,static,1,S=0,29,0.000000,0.380000,0.213333,0.174603,0.554897,0.325888,0.190476,0.591059,0.144134,0.061638,0.422236,0.062500,0.062500,0.180000,0.138919,0,0,0
79,5_2_6,sync,static,0,no_conv,,0.222222,0.540000,0.493333,,2.158640,0.746542,0.639456,0.422054,0.235784,0.028539,-0.060206,0.305556,0.298611,0.106667,0.245014,4,3,3
80,5_2_6,sync,static,1,S=0,25,0.000000,0.560000,0.493333,0.493333,1.395052,0.789149,0.149660,0.700329,0.630988,0.541056,0.587801,0.069444,0.062500,0.020000,0.203564,0,0,0
81,5_2_6,sync,static,1,S=0,27,0.000000,0.373333,0.080000,0.043478,0.199809,0.111218,0.183673,0.528120,0.349018,0.156266,0.469623,0.090278,0.083333,0.066667,0.165032,0,0,0
82,5_2_6,sync,static,1,S=0,29,0.000000,0.633333,0.613333,0.539683,1.201357,0.789439,0.272109,0.842241,0.773380,0.315976,0.382567,0.090278,0.083333,0.040000,0.373138,0,0,0
83,5_2_6,sync,static,1,S=0,48,0.000000,0.566667,0.466667,0.000000,0.809569,0.550537,0.197279,0.838520,0.680329,0.500491,0.519055,0.069444,0.062500,0.020000,0.301769,0,0,0
84,5_2_6,sync,static,1,S=0,14,0.000000,0.453333,0.253333,0.342593,0.406449,0.283409,0.108844,0.714192,0.819799,0.424858,0.594784,0.034722,0.020833,0.020000,0.286031,0,0,0
85,5_2_6,sync,static,1,S=0,36,0.000000,0.773333,0.773333,0.880952,1.645910,0.986685,0.312925,0.667651,0.591120,0.606948,0.285730,0.118056,0.111111,0.020000,0.307819,0,0,0
86,5_2_6,sync,static,1,other_conv,48,0.000000,0.493333,0.306667,0.000000,1.799450,0.543987,0.489796,0.494147,0.351386,0.267293,0.284798,0.215278,0.208333,0.020000,0.323111,2,2,2
87,5_2_6,sync,static,1,S=0,36,0.000000,0.660000,0.666667,0.547619,1.845359,0.923986,0.258503,0.700385,0.661486,0.469580,0.288399,0.104167,0.097222,0.026667,0.378848,0,0,0
88,5_2_6,sync,static,1,S=0,49,0.000000,0.666667,0.493333,0.333333,1.731668,0.896722,0.272109,0.638776,0.443534,0.357445,0.277960,0.104167,0.104167,0.033333,0.277351,0,0,0
89,5_2_6,sync,static,1,S=0,17,0.000000,0.340000,0.013333,0.141414,0.103887,0.051160,0.156463,0.773498,0.796630,0.476058,0.673988,0.062500,0.055556,0.020000,0.272690,0,0,0
90,5_2_6,sync,static,1,S=0,28,0.000000,0.720000,0.626667,0.666667,1.012413,0.743388,0.183673,0.676374,0.675959,0.341013,0.382437,0.076389,0.069444,0.020000,0.197513,0,0,0
91,5_2_6,sync,static,0,no_conv,,0.222222,0.706667,0.573333,,2.694774,0.874041,0.585034,0.714049,0.621113,0.354411,0.245063,0.284722,0.277778,0.020000,0.497095,3,3,2
92,5_2_6,sync,static,1,other_conv,49,0.000000,0.446667,0.320000,0.000000,1.709347,0.543383,0.564626,0.350666,0.051883,0.110835,0.028800,0.250000,0.243056,0.020000,0.189447,3,3,3
93,5_2_6,sync,static,1,S=0,8,0.000000,0.113333,0.000000,0.039683,0.011319,0.000893,0.047619,0.773833,0.643942,0.482654,0.335487,0.006944,0.006944,0.020000,0.092981,0,0,0
94,5_2_6,sync,static,1,S=0,40,0.000000,0.513333,0.413333,0.300000,0.571770,0.420678,0.183673,0.719719,0.481812,0.421620,0.419953,0.076389,0.076389,0.060000,0.142437,0,0,0
95,5_2_6,sync,static,1,S=0,39,0.000000,0.320000,0.120000,0.000000,0.350954,0.204160,0.204082,0.627929,0.388340,0.057831,0.432367,0.069444,0.069444,0.053333,0.168291,0,0,0
96,5_2_6,sync,static,1,S=8,39,0.000000,0.813333,0.826667,0.969697,2.808257,1.247895,0.353741,0.864348,0.798600,0.529004,0.128485,0.125000,0.111111,0.040000,0.384324,8,8,8
97,5_2_6,sync,static,1,S=0,42,0.000000,0.733333,0.653333,0.666667,1.402389,0.943296,0.204082,0.602724,0.484679,0.282325,0.487666,0.069444,0.062500,0.073333,0.210654,0,0,0
98,5_2_6,sync,static,1,S=0,35,0.000000,0.526667,0.333333,0.333333,0.662965,0.455056,0.244898,0.560532,0.596697,0.352365,0.505952,0.111111,0.104167,0.020000,0.239971,0,0,0
99,5_2_6,sync,static,1,S=0,38,0.000000,0.453333,0.426667,0.333333,1.441952,0.655073,0.217687,0.671815,0.729887,0.555276,0.414995,0.083333,0.069444,0.020000,0.222597,0,0,0
100,5_2_6,sync,static,0,no_conv,,0.222222,0.740000,0.653333,,2.051013,0.939379,0.333333,0.510317,0.347396,0.082871,0.428854,0.131944,0.125000,0.060000,0.235934,0,0,1
101,5_2_6,sync,static,0,no_conv,,0.222222,0.733333,0.693333,,2.544011,1.063832,0.448980,0.741658,0.588840,0.197188,0.189257,0.131944,0.125000,0.046667,0.316388,1,0,0
102,5_2_6,sync,static,1,S=0,33,0.000000,0.486667,0.373333,0.313725,0.792196,0.526886,0.190476,0.653488,0.600469,0.281552,0.146698,0.083333,0.083333,0.026667,0.189058,0,0,0
103,5_2_6,sync,static,1,S=0,34,0.000000,0.506667,0.413333,0.333333,1.066416,0.655924,0.244898,0.772377,0.694676,0.339300,0.513872,0.083333,0.076389,0.026667,0.255511,0,0,0
104,5_2_6,sync,static,1,S=0,36,0.000000,0.786667,0.720000,0.571429,1.512966,0.876994,0.346939,0.847829,0.753680,0.539947,0.318041,0.083333,0.076389,0.026667,0.423950,0,0,0
105,5_2_6,sync,static,1,S=0,35,0.000000,0.620000,0.640000,0.666667,2.101502,0.898188,0.251701,0.704870,0.722546,0.448275,0.430662,0.111111,0.097222,0.020000,0.341352,0,0,0
106,5_2_6,sync,static,1,S=0,21,0.000000,0.466667,0.200000,0.264368,0.389537,0.261750,0.224490,0.726876,0.677342,0.656304,0.601824,0.076389,0.069444,0.020000,0.280845,0,0,0
107,5_2_6,sync,static,1,S=0,41,0.000000,0.420000,0.333333,0.333333,1.458158,0.601311,0.204082,0.599132,0.522693,0.493553,0.389949,0.104167,0.097222,0.080000,0.174242,0,0,0
108,5_2_6,sync,static,1,S=0,21,0.000000,0.453333,0.320000,0.321839,0.650886,0.449852,0.129252,0.666165,0.680770,0.471637,0.466491,0.048611,0.041667,0.046667,0.240602,0,0,0
109,5_2_6,sync,static,1,S=0,46,0.000000,0.533333,0.346667,0.166667,0.918247,0.493767,0.428571,0.761396,0.694037,0.609208,0.203129,0.229167,0.222222,0.020000,0.394545,0,0,0
110,5_2_6,sync,static,1,S=0,44,0.000000,0.260000,0.040000,0.000000,0.194866,0.079729,0.149660,0.705095,0.354174,0.272328,0.499404,0.041667,0.041667,0.073333,0.140015,0,0,0
111,5_2_6,sync,static,1,S=0,36,0.000000,0.613333,0.493333,0.476190,0.934362,0.620125,0.292517,0.623362,0.511346,0.364997,0.535779,0.111111,0.104167,0.020000,0.260829,0,0,0
112,5_2_6,sync,static,0,no_conv,,0.222222,0.566667,0.400000,,1.583819,0.635342,0.578231,0.547560,0.460799,0.287131,0.259297,0.291667,0.277778,0.020000,0.309212,3,2,3
113,5_2_6,sync,static,1,S=0,14,0.000000,0.186667,0.000000,0.018519,0.009030,0.000501,0.115646,0.813402,0.683197,0.254139,0.644309,0.020833,0.020833,0.020000,0.163819,0,0,0
114,5_2_6,sync,static,1,S=0,42,0.000000,0.253333,0.066667,0.000000,0.208371,0.107938,0.149660,0.765878,0.827652,0.279201,0.700251,0.062500,0.055556,0.020000,0.188720,0,0,0
115,5_2_6,sync,static,1,S=0,39,0.000000,0.480000,0.413333,0.333333,2.490862,0.816295,0.176871,0.650725,0.520945,0.440722,0.485678,0.048611,0.041667,0.033333,0.255457,0,0,0
116,5_2_6,sync,static,0,no_conv,,0.222222,0.780000,0.800000,,4.585715,1.287772,0.591837,0.742402,0.621682,0.529742,0.227649,0.256944,0.256944,0.020000,0.579252,2,1,2
117,5_2_6,sync,static,0,no_conv,,0.222222,0.666667,0.626667,,1.199362,0.756728,0.217687,0.653165,0.604603,0.488148,0.303543,0.111111,0.104167,0.020000,0.177590,1,0,0
118,5_2_6,sync,static,0,no_conv,,0.222222,0.673333,0.680000,,4.146630,1.027745,0.625850,0.792589,0.724247,0.386605,0.163243,0.305556,0.298611,0.033333,0.540109,6,7,7
119,5_2_6,sync,static,0,no_conv,,0.222222,0.753333,0.773333,,2.578288,1.197780,0.367347,0.745612,0.663907,0.417788,0.264317,0.138889,0.131944,0.020000,0.360819,1,0,0
120,5_2_6,sync,static,1,S=0,31,0.000000,0.440000,0.226667,0.192982,0.416606,0.263114,0.272109,0.576653,0.503631,0.347475,0.420413,0.131944,0.118056,0.180000,0.250628,0,0,0
121,5_2_6,sync,static,1,S=0,43,0.000000,0.566667,0.520000,0.380952,1.179339,0.736327,0.170068,0.629520,0.423177,0.319056,0.437325,0.083333,0.083333,0.060000,0.233474,0,0,0
122,5_2_6,sync,static,1,S=0,19,0.000000,0.373333,0.213333,0.268817,0.371658,0.245003,0.210884,0.764893,0.789647,0.721634,0.428838,0.104167,0.097222,0.020000,0.389131,0,0,0
123,5_2_6,sync,static,1,S=0,36,0.000000,0.626667,0.573333,0.357143,1.643670,0.827463,0.272109,0.823832,0.770612,0.447860,0.408906,0.090278,0.083333,0.026667,0.355136,0,0,0
124,5_2_6,sync,static,1,S=0,17,0.000000,0.386667,0.040000,0.141414,0.178853,0.088229,0.149660,0.702440,0.749510,0.676789,0.757084,0.062500,0.048611,0.020000,0.223041,0,0,0
125,5_2_6,sync,static,1,S=0,43,0.000000,0.633333,0.546667,0.047619,0.825233,0.554880,0.272109,0.534635,0.373150,0.323106,0.447022,0.125000,0.111111,0.040000,0.249519,0,0,0
126,5_2_6,sync,static,1,S=0,47,0.000000,0.633333,0.573333,0.666667,3.227268,0.851683,0.496599,0.660009,0.612050,0.503422,0.093153,0.270833,0.263889,0.033333,0.429766,0,0,0
127,5_2_6,sync,static,0,no_conv,,0.222222,0.560000,0.493333,,2.164566,0.749411,0.591837,0.457075,0.302584,0.171197,0.104863,0.270833,0.256944,0.033333,0.230202,3,3,2
128,5_2_6,sync,static,0,no_conv,,0.222222,0.653333,0.480000,,1.524206,0.713987,0.571429,0.623947,0.533874,0.285143,0.166931,0.291667,0.284722,0.033333,0.360741,2,3,3
129,5_2_6,sync,static,1,S=0,32,0.000000,0.646667,0.613333,0.518519,1.261841,0.739617,0.428571,0.743232,0.724608,0.596750,0.273450,0.222222,0.208333,0.020000,0.460757,0,0,0
130,5_2_6,sync,static,0,no_conv,,0.222222,0.580000,0.480000,,1.165554,0.705491,0.346939,0.683118,0.689001,0.571092,0.372879,0.159722,0.138889,0.020000,0.419746,0,0,1
131,5_2_6,sync,static,1,S=0,47,0.000000,0.540000,0.413333,0.333333,1.258825,0.592106,0.272109,0.614904,0.647418,0.368299,0.337873,0.131944,0.125000,0.153333,0.262920,0,0,0
132,5_2_6,sync,static,1,S=0,18,0.000000,0.366667,0.200000,0.250000,0.441955,0.276322,0.156463,0.729947,0.534745,0.440045,0.524879,0.041667,0.034722,0.113333,0.284172,0,0,0
133,5_2_6,sync,static,1,S=0,49,0.000000,0.740000,0.813333,0.666667,4.042112,1.357021,0.346939,0.619564,0.413229,0.142530,0.327257,0.173611,0.166667,0.080000,0.220879,0,0,0
134,5_2_6,sync,static,0,no_conv,,0.222222,0.706667,0.693333,,3.487082,1.082162,0.489796,0.675570,0.620615,0.333173,0.142488,0.256944,0.250000,0.020000,0.321975,1,1,0
135,5_2_6,sync,static,1,S=0,35,0.000000,0.640000,0.466667,0.288889,1.476909,0.641026,0.367347,0.610194,0.556041,0.563378,0.461990,0.180556,0.173611,0.020000,0.269200,0,0,0
136,5_2_6,sync,static,1,S=0,33,0.000000,0.206667,0.093333,0.000000,0.221540,0.129843,0.183673,0.722523,0.572066,0.389669,0.309923,0.083333,0.076389,0.026667,0.217309,0,0,0
137,5_2_6,sync,static,1,S=0,46,0.000000,0.333333,0.293333,0.333333,0.576093,0.376547,0.149660,0.720361,0.491629,0.412113,0.270151,0.055556,0.055556,0.020000,0.136966,0,0,0
138,5_2_6,sync,static,1,S=0,37,0.000000,0.420000,0.400000,0.333333,1.829206,0.682894,0.197279,0.699537,0.716221,0.153558,0.310454,0.069444,0.048611,0.026667,0.210232,0,0,0
139,5_2_6,sync,static,0,no_conv,,0.222222,0.686667,0.653333,,2.350338,1.082899,0.401361,0.711348,0.658538,0.436352,0.349140,0.194444,0.187500,0.033333,0.372646,0,0,1
140,5_2_6,sync,static,1,S=0,43,0.000000,0.620000,0.440000,0.428571,1.008576,0.647959,0.278912,0.800361,0.763884,0.623136,0.392098,0.125000,0.111111,0.020000,0.384546,0,0,0
141,5_2_6,sync,static,0,no_conv,,0.222222,0.660000,0.666667,,2.912367,1.076151,0.455782,0.694688,0.541826,0.441144,0.115305,0.166667,0.166667,0.026667,0.375031,1,0,0
142,5_2_6,sync,static,0,no_conv,,0.222222,0.740000,0.693333,,3.488765,1.139184,0.605442,0.563934,0.362583,0.097949,0.019323,0.270833,0.270833,0.060000,0.256139,2,2,1
143,5_2_6,sync,static,1,S=0,20,0.000000,0.206667,0.000000,0.044444,0.058126,0.016427,0.129252,0.707637,0.423401,0.223203,0.400943,0.027778,0.027778,0.020000,0.201000,0,0,0
144,5_2_6,sync,static,0,no_conv,,0.666667,0.666667,0.626667,,3.114570,0.994571,0.571429,0.578325,0.470170,0.220669,0.129493,0.284722,0.277778,0.040000,0.421620,2,3,1
145,5_2_6,sync,static,0,no_conv,,0.222222,0.693333,0.680000,,2.565787,1.149968,0.455782,0.560042,0.385987,0.128776,0.091654,0.215278,0.208333,0.033333,0.294567,4,5,4
146,5_2_6,sync,static,0,no_conv,,0.222222,0.780000,0.746667,,3.106562,1.262374,0.496599,0.635610,0.506206,0.247902,0.167352,0.215278,0.208333,0.026667,0.223750,1,0,0
147,5_2_6,sync,static,1,S=0,17,0.000000,0.346667,0.186667,0.191919,0.325056,0.208156,0.231293,0.785927,0.728689,0.618653,0.518421,0.111111,0.097222,0.020000,0.344652,0,0,0
148,5_2_6,sync,static,0,no_conv,,0.222222,0.686667,0.600000,,2.739060,0.826714,0.707483,0.523214,0.198454,0.222775,0.061534,0.277778,0.270833,0.066667,0.260975,3,2,3
149,5_2_6,sync,static,1,S=0,25,0.000000,0.546667,0.493333,0.493333,1.252901,0.742843,0.258503,0.642720,0.387333,0.244349,0.404511,0.097222,0.090278,0.020000,0.227308,0,0,0
150,5_2_6,sync,static,0,no_conv,,0.222222,0.746667,0.773333,,3.418772,1.028157,0.639456,0.656811,0.518135,0.227857,0.072188,0.284722,0.270833,0.020000,0.375907,3,3,2
151,5_2_6,sync,static,1,S=0,45,0.000000,0.680000,0.680000,0.666667,3.271676,1.168504,0.258503,0.512439,0.520283,0.280392,0.190931,0.111111,0.097222,0.053333,0.193466,0,0,0
152,5_2_6,sync,static,1,S=0,46,0.000000,0.720000,0.600000,0.666667,1.560886,0.880193,0.360544,0.656621,0.483121,0.403508,0.278070,0.125000,0.125000,0.033333,0.261192,0,0,0
153,5_2_6,sync,static,1,S=0,13,0.000000,0.146667,0.000000,0.018018,0.078814,0.024062,0.102041,0.825367,0.807160,0.202254,0.376974,0.020833,0.013889,0.020000,0.171582,0,0,0
154,5_2_6,sync,static,1,S=0,4,0.000000,0.073333,0.000000,0.014493,0.055279,0.015072,0.061224,0.715137,0.440286,nan,0.419812,0.020833,0.020833,0.020000,0.090913,0,0,0
155,5_2_6,sync,static,0,no_conv,,0.222222,0.700000,0.653333,,2.473925,1.037867,0.544218,0.546332,0.341060,0.055224,0.183639,0.229167,0.215278,0.020000,0.264844,4,5,4
156,5_2_6,sync,static,1,S=0,37,0.000000,0.693333,0.640000,0.564103,2.255832,0.948853,0.346939,0.630776,0.505180,0.255453,0.433814,0.173611,0.166667,0.046667,0.326371,0,0,0
157,5_2_6,sync,static,1,S=0,23,0.000000,0.440000,0.240000,0.246914,0.604502,0.340787,0.238095,0.682660,0.691776,0.443916,0.606606,0.111111,0.104167,0.020000,0.288228,0,0,0
158,5_2_6,sync,static,1,S=0,47,0.000000,0.540000,0.346667,0.333333,0.502435,0.357004,0.183673,0.695899,0.576459,0.326298,0.493482,0.055556,0.055556,0.020000,0.249599,0,0,0
159,5_2_6,sync,static,1,S=0,32,0.000000,0.426667,0.320000,0.333333,0.811727,0.481068,0.176871,0.654531,0.652273,0.452640,0.399833,0.069444,0.062500,0.020000,0.240680,0,0,0
160,5_2_6,sync,static,1,S=0,46,0.000000,0.753333,0.706667,0.666667,2.678891,1.049224,0.360544,0.788924,0.763832,0.652862,0.404495,0.152778,0.145833,0.026667,0.498088,0,0,0
161,5_2_6,sync,static,1,S=0,46,0.000000,0.533333,0.360000,0.333333,0.822996,0.538798,0.170068,0.688593,0.556475,0.268837,0.399355,0.055556,0.055556,0.033333,0.172292,0,0,0
162,5_2_6,sync,static,1,S=0,20,0.000000,0.686667,0.640000,0.655556,1.481285,0.950237,0.190476,0.538979,0.235759,0.203262,0.318446,0.083333,0.076389,0.186667,0.206070,0,0,0
163,5_2_6,sync,static,1,S=0,36,0.000000,0.306667,0.026667,0.000000,0.210093,0.084528,0.183673,0.651552,0.445635,0.048805,0.510736,0.062500,0.055556,0.040000,0.143449,0,0,0
164,5_2_6,sync,static,0,no_conv,,0.222222,0.800000,0.693333,,4.661530,1.191047,0.442177,0.818616,0.705995,0.473878,0.219675,0.173611,0.173611,0.020000,0.549620,0,1,0
165,5_2_6,sync,static,1,S=0,36,0.000000,0.660000,0.613333,0.547619,1.660929,0.942917,0.408163,0.791006,0.774583,0.761532,0.140110,0.187500,0.173611,0.020000,0.463254,0,0,0
166,5_2_6,sync,static,0,no_conv,,0.888889,0.553333,0.480000,,3.721029,0.843703,0.544218,0.702531,0.530458,0.433460,0.163280,0.250000,0.243056,0.020000,0.240395,6,8,8
167,5_2_6,sync,static,1,S=0,27,0.000000,0.253333,0.093333,0.086957,0.228265,0.140622,0.190476,0.834781,0.783630,0.552548,0.400577,0.062500,0.055556,0.026667,0.265208,0,0,0
168,5_2_6,sync,static,1,S=0,34,0.000000,0.493333,0.306667,0.312500,0.444663,0.313490,0.204082,0.664774,0.438914,0.638723,0.406745,0.076389,0.069444,0.080000,0.242601,0,0,0
169,5_2_6,sync,static,1,S=0,6,0.000000,0.133333,0.000000,0.075758,0.003642,0.000115,0.061224,0.614722,0.570151,0.564076,0.406376,0.013889,0.006944,0.020000,0.109055,0,0,0
170,5_2_6,sync,static,1,S=0,14,0.000000,0.200000,0.066667,0.046296,0.262571,0.151460,0.149660,0.656368,0.589519,0.186042,0.451061,0.041667,0.041667,0.020000,0.212824,0,0,0
171,5_2_6,sync,static,0,no_conv,,0.222222,0.773333,0.760000,,3.832066,1.112827,0.557823,0.795673,0.679599,0.532044,0.247863,0.229167,0.215278,0.026667,0.313444,8,7,8
172,5_2_6,sync,static,1,S=0,19,0.000000,0.386667,0.133333,0.225806,0.327536,0.189222,0.238095,0.740247,0.572824,0.418613,0.509482,0.083333,0.076389,0.020000,0.295202,0,0,0
173,5_2_6,sync,static,0,no_conv,,0.888889,0.680000,0.653333,,2.998562,1.036188,0.591837,0.618227,0.454401,0.388379,0.231667,0.270833,0.270833,0.020000,0.410202,2,2,4
174,5_2_6,sync,static,1,S=0,30,0.000000,0.420000,0.226667,0.150000,0.416032,0.260776,0.197279,0.715345,0.607325,0.265727,0.505450,0.069444,0.055556,0.053333,0.210089,0,0,0
175,5_2_6,sync,static,1,S=0,21,0.000000,0.446667,0.173333,0.241379,0.330662,0.219260,0.217687,0.615166,0.687993,0.690163,0.485917,0.111111,0.090278,0.020000,0.260542,0,0,0
176,5_2_6,sync,static,0,no_conv,,0.222222,0.613333,0.586667,,2.628842,0.912649,0.598639,0.468206,0.379105,0.224855,-0.044179,0.298611,0.284722,0.020000,0.239818,3,2,3
177,5_2_6,sync,static,1,S=0,32,0.000000,0.680000,0.626667,0.555556,1.376713,0.872135,0.340136,0.741198,0.714853,0.651683,0.387920,0.145833,0.138889,0.020000,0.420925,0,0,0
178,5_2_6,sync,static,1,other_conv,49,0.000000,0.540000,0.386667,0.000000,1.648900,0.649756,0.578231,0.538614,0.364016,0.188980,0.162245,0.277778,0.270833,0.033333,0.390184,3,3,3
179,5_2_6,sync,static,1,S=0,48,0.000000,0.753333,0.773333,1.000000,3.410543,1.295352,0.517007,0.590875,0.493415,0.191637,-0.105030,0.250000,0.243056,0.033333,0.207756,0,0,0
180,5_2_6,sync,static,1,S=0,25,0.000000,0.473333,0.373333,0.373333,0.584090,0.415042,0.190476,0.560126,0.513105,0.077120,0.298661,0.076389,0.069444,0.046667,0.155794,0,0,0
181,5_2_6,sync,static,1,S=0,33,0.000000,0.366667,0.346667,0.333333,0.884061,0.553692,0.102041,0.641600,0.806648,0.398440,0.364990,0.055556,0.041667,0.033333,0.135849,0,0,0
182,5_2_6,sync,static,1,S=0,31,0.000000,0.726667,0.746667,0.736842,1.402028,0.912306,0.299320,0.656310,0.454572,0.376798,0.183398,0.097222,0.090278,0.106667,0.364067,0,0,0
183,5_2_6,sync,static,1,S=0,39,0.000000,0.613333,0.573333,0.454545,0.921158,0.660802,0.306122,0.615527,0.620523,0.418870,0.293378,0.138889,0.125000,0.020000,0.267759,0,0,0
184,5_2_6,sync,static,0,no_conv,,0.222222,0.666667,0.626667,,2.720031,0.879845,0.591837,0.571472,0.433731,0.221223,0.198178,0.243056,0.229167,0.026667,0.221670,2,2,1
185,5_2_6,sync,static,1,S=0,29,0.000000,0.540000,0.333333,0.333333,0.651566,0.459604,0.319728,0.819138,0.728221,0.247344,0.319361,0.104167,0.097222,0.033333,0.337827,0,0,0
186,5_2_6,sync,static,0,no_conv,,0.222222,0.680000,0.680000,,2.254528,1.101675,0.414966,0.704494,0.632340,0.598421,0.205858,0.159722,0.152778,0.020000,0.410196,1,0,0
187,5_2_6,sync,static,1,S=0,24,0.000000,0.513333,0.333333,0.333333,0.763259,0.522755,0.204082,0.681179,0.621585,0.402280,0.613469,0.069444,0.062500,0.033333,0.238579,0,0,0
188,5_2_6,sync,static,1,S=0,47,0.000000,0.606667,0.413333,0.333333,1.824612,0.737879,0.272109,0.761308,0.704366,0.326950,0.405421,0.097222,0.083333,0.020000,0.310772,0,0,0
189,5_2_6,sync,static,1,S=0,11,0.000000,0.293333,0.173333,0.230769,0.244526,0.181316,0.088435,0.565846,0.344524,0.213587,0.488112,0.027778,0.027778,0.020000,0.112065,0,0,0
190,5_2_6,sync,static,0,no_conv,,0.222222,0.726667,0.653333,,1.891477,1.006877,0.414966,0.575457,0.405858,0.265248,0.301998,0.187500,0.187500,0.073333,0.225526,1,0,0
191,5_2_6,sync,static,1,S=0,35,0.000000,0.360000,0.146667,0.044444,0.381799,0.220874,0.176871,0.531157,0.458081,0.299427,0.502774,0.083333,0.069444,0.020000,0.125611,0,0,0
192,5_2_6,sync,static,1,S=0,28,0.000000,0.713333,0.720000,0.712121,1.897766,0.984464,0.265306,0.776600,0.699643,0.352520,0.392377,0.104167,0.097222,0.033333,0.308559,0,0,0
193,5_2_6,sync,static,1,S=0,34,0.000000,0.406667,0.320000,0.187500,0.533245,0.374741,0.190476,0.568029,0.447717,0.234506,0.335549,0.076389,0.069444,0.086667,0.154344,0,0,0
194,5_2_6,sync,static,1,S=0,41,0.000000,0.813333,0.786667,0.518519,1.485789,0.962400,0.278912,0.687899,0.652120,0.595882,0.266291,0.104167,0.097222,0.040000,0.336799,0,0,0
195,5_2_6,sync,static,1,S=0,31,0.000000,0.466667,0.240000,0.087719,0.803056,0.354793,0.224490,0.711953,0.634156,0.378752,0.489042,0.055556,0.041667,0.053333,0.340924,0,0,0
196,5_2_6,sync,static,1,S=0,29,0.000000,0.620000,0.413333,0.333333,0.661020,0.449005,0.183673,0.833174,0.726846,0.505445,0.575966,0.055556,0.055556,0.020000,0.249980,0,0,0
197,5_2_6,sync,static,1,S=0,42,0.000000,0.700000,0.626667,0.583333,2.494188,1.046293,0.326531,0.687234,0.600150,0.387245,0.325307,0.138889,0.131944,0.026667,0.382185,0,0,0
198,5_2_6,sync,static,1,S=0,42,0.000000,0.666667,0.573333,0.291667,1.175066,0.735775,0.258503,0.666944,0.528405,0.319046,0.234671,0.062500,0.055556,0.020000,0.229239,0,0,0
199,5_2_6,sync,static,1,S=0,26,0.000000,0.473333,0.360000,0.375000,0.612827,0.425685,0.197279,0.771650,0.745888,0.542885,0.607308,0.062500,0.048611,0.020000,0.333680,0,0,0
0,5_2_6,sync,leaky,1,S=0,45,0.000000,0.400000,0.120000,0.000000,0.580803,0.283693,0.258503,0.661404,0.352124,0.219536,0.496618,0.097222,0.097222,0.026667,0.179472,0,0,0
1,5_2_6,sync,leaky,0,no_conv,,0.222222,0.600000,0.506667,,1.227916,0.612971,0.530612,0.920780,0.864309,0.778130,0.098948,0.222222,0.222222,0.020000,0.652948,7,8,8
2,5_2_6,sync,leaky,0,no_conv,,0.222222,0.566667,0.480000,,1.383389,0.623412,0.551020,0.621699,0.454403,0.094247,0.105299,0.187500,0.180556,0.033333,0.236117,0,0,1
3,5_2_6,sync,leaky,1,S=0,48,0.000000,0.420000,0.173333,0.000000,0.566694,0.265432,0.333333,0.772992,0.656048,0.343365,0.480978,0.118056,0.111111,0.020000,0.289920,0,0,0
4,5_2_6,sync,leaky,1,S=0,49,0.000000,0.373333,0.293333,0.000000,0.849406,0.435804,0.272109,0.615658,0.431064,0.346585,0.249280,0.104167,0.104167,0.020000,0.229686,0,0,0
5,5_2_6,sync,leaky,1,S=0,47,0.000000,0.566667,0.533333,0.111111,1.310637,0.620589,0.530612,0.577804,0.395661,0.181905,0.071137,0.201389,0.201389,0.113333,0.235939,0,0,0
6,5_2_6,sync,leaky,1,S=0,49,0.000000,0.566667,0.600000,0.333333,1.413688,0.717881,0.346939,0.480175,0.380564,0.077471,0.388620,0.111111,0.097222,0.033333,0.204113,0,0,0
7,5_2_6,sync,leaky,0,no_conv,,0.222222,0.333333,0.333333,,1.081002,0.492221,0.292517,0.514186,0.368728,0.072601,0.380135,0.104167,0.097222,0.073333,0.205433,1,0,0
8,5_2_6,sync,leaky,1,S=0,46,0.000000,0.540000,0.386667,0.416667,1.105453,0.520738,0.414966,0.716031,0.571905,0.392778,0.352053,0.152778,0.152778,0.020000,0.340768,0,0,0
9,5_2_6,sync,leaky,0,no_conv,,0.222222,0.406667,0.320000,,1.027268,0.499227,0.312925,0.788277,0.650160,0.095236,0.230319,0.083333,0.083333,0.033333,0.255518,0,1,0
10,5_2_6,sync,leaky,1,S=0,47,0.000000,0.420000,0.466667,0.444444,1.215722,0.654447,0.312925,0.580056,0.206420,-0.121725,0.135441,0.076389,0.076389,0.060000,0.136230,0,0,0
11,5_2_6,sync,leaky,1,S=0,45,0.000000,0.440000,0.306667,0.066667,0.826576,0.426604,0.360544,0.572270,0.440148,0.277063,0.125810,0.166667,0.152778,0.100000,0.242941,0,0,0
12,5_2_6,sync,leaky,1,S=0,47,0.000000,0.293333,0.120000,0.000000,0.597267,0.279671,0.346939,0.796284,0.748759,0.575532,0.215573,0.125000,0.118056,0.020000,0.490900,0,0,0
13,5_2_6,sync,leaky,1,S=0,48,0.000000,0.560000,0.360000,0.000000,1.017360,0.501257,0.374150,0.600614,0.372187,0.213522,0.257784,0.138889,0.138889,0.033333,0.261092,0,0,0
14,5_2_6,sync,leaky,1,S=0,46,0.000000,0.313333,0.226667,0.166667,0.711689,0.333331,0.299320,0.580874,0.331044,0.273250,0.253371,0.104167,0.104167,0.020000,0.223075,0,0,0
15,5_2_6,sync,leaky,0,no_conv,,0.222222,0.400000,0.386667,,1.060603,0.535441,0.333333,0.461197,0.447001,-0.040342,0.133413,0.145833,0.138889,0.180000,0.174789,0,0,1
16,5_2_6,sync,leaky,1,S=0,49,0.000000,0.513333,0.320000,0.666667,0.958696,0.461170,0.523810,0.705386,0.523726,0.448169,0.187475,0.243056,0.243056,0.020000,0.376427,0,0,0
17,5_2_6,sync,leaky,0,no_conv,,0.222222,0.640000,0.586667,,1.394708,0.647666,0.537415,0.799860,0.714903,0.321687,0.228370,0.187500,0.173611,0.020000,0.400906,1,0,1
18,5_2_6,sync,leaky,1,S=0,49,0.000000,0.440000,0.266667,0.000000,0.927470,0.454564,0.421769,0.755109,0.622692,0.021224,0.336995,0.138889,0.131944,0.040000,0.274431,0,0,0
19,5_2_6,sync,leaky,1,S=0,48,0.000000,0.633333,0.573333,0.500000,1.207598,0.651496,0.340136,0.803128,0.759942,0.612362,0.300231,0.131944,0.118056,0.020000,0.441273,0,0,0
20,5_2_6,sync,leaky,1,S=0,43,0.000000,0.380000,0.133333,0.000000,0.635765,0.284012,0.380952,0.801706,0.730793,0.578498,0.358851,0.166667,0.152778,0.020000,0.458377,0,0,0
21,5_2_6,sync,leaky,0,no_conv,,0.222222,0.480000,0.426667,,0.948575,0.519775,0.408163,0.614919,0.562524,0.322683,0.263954,0.187500,0.180556,0.020000,0.240890,0,0,1
22,5_2_6,sync,leaky,0,no_conv,,0.888889,0.540000,0.640000,,1.499233,0.722762,0.435374,0.596758,0.304014,0.087798,0.383080,0.145833,0.145833,0.026667,0.290080,2,0,0
23,5_2_6,sync,leaky,0,no_conv,,2.000000,0.620000,0.613333,,1.549548,0.732415,0.394558,0.670917,0.564449,0.261929,0.273266,0.145833,0.131944,0.040000,0.322900,0,0,3
24,5_2_6,sync,leaky,1,S=0,48,0.000000,0.646667,0.706667,0.666667,1.562028,0.775666,0.312925,0.731824,0.597417,0.217240,0.228948,0.118056,0.118056,0.033333,0.220647,0,0,0
25,5_2_6,sync,leaky,0,no_conv,,0.222222,0.340000,0.120000,,0.531195,0.249604,0.217687,0.429714,0.404686,0.038702,0.420929,0.090278,0.090278,0.086667,0.134248,0,1,0
26,5_2_6,sync,leaky,1,S=0,45,0.000000,0.620000,0.573333,0.200000,1.185789,0.624746,0.346939,0.535865,0.376681,0.187599,0.160016,0.131944,0.125000,0.046667,0.225249,0,0,0
27,5_2_6,sync,leaky,1,S=0,48,0.000000,0.246667,0.186667,0.166667,0.682794,0.327769,0.231293,0.523590,0.362499,0.337628,0.391587,0.090278,0.076389,0.053333,0.158161,0,0,0
28,5_2_6,sync,leaky,1,S=0,49,0.000000,0.433333,0.160000,0.000000,0.677348,0.291667,0.380952,0.843660,0.756581,0.582299,0.391667,0.125000,0.118056,0.020000,0.536274,0,0,0
29,5_2_6,sync,leaky,0,no_conv,,0.666667,0.653333,0.640000,,1.463673,0.732013,0.571429,0.636187,0.556557,0.214865,-0.033656,0.270833,0.263889,0.033333,0.308709,2,0,1
30,5_2_6,sync,leaky,0,no_conv,,0.222222,0.493333,0.546667,,1.495819,0.678896,0.455782,0.556596,0.387177,0.191497,0.271696,0.180556,0.180556,0.020000,0.211044,0,1,0
31,5_2_6,sync,leaky,1,S=0,49,0.000000,0.286667,0.280000,0.333333,0.826502,0.425804,0.272109,0.516366,0.543711,0.186415,0.171111,0.125000,0.118056,0.186667,0.157226,0,0,0
32,5_2_6,sync,leaky,1,S=0,48,0.000000,0.500000,0.426667,0.333333,1.008765,0.513586,0.414966,0.705216,0.679663,0.361465,0.282136,0.180556,0.166667,0.033333,0.296885,0,0,0
33,5_2_6,sync,leaky,1,S=0,48,0.000000,0.460000,0.466667,0.000000,1.104390,0.564494,0.292517,0.705699,0.544242,0.389324,0.307813,0.118056,0.111111,0.046667,0.349355,0,0,0
34,5_2_6,sync,leaky,1,S=0,42,0.000000,0.320000,0.200000,0.000000,0.825120,0.393082,0.251701,0.691538,0.434502,0.228595,0.319333,0.111111,0.104167,0.073333,0.199882,0,0,0
35,5_2_6,sync,leaky,0,no_conv,,0.666667,0.526667,0.440000,,1.274181,0.607208,0.387755,0.548511,0.453882,0.201444,0.274453,0.145833,0.138889,0.040000,0.230348,0,2,1
36,5_2_6,sync,leaky,1,S=0,48,0.000000,0.420000,0.240000,0.166667,0.796279,0.385137,0.285714,0.646311,0.423980,0.351545,0.370418,0.069444,0.062500,0.053333,0.297163,0,0,0
37,5_2_6,sync,leaky,0,no_conv,,0.222222,0.573333,0.413333,,1.110932,0.557836,0.414966,0.701883,0.497089,0.269818,0.336915,0.111111,0.111111,0.033333,0.271343,1,0,0
38,5_2_6,sync,leaky,0,no_conv,,0.222222,0.500000,0.573333,,1.447758,0.668723,0.306122,0.631154,0.473243,0.415656,0.268341,0.125000,0.125000,0.026667,0.266220,1,1,0
39,5_2_6,sync,leaky,1,S=0,39,0.000000,0.593333,0.480000,0.242424,1.181395,0.596884,0.408163,0.748968,0.575606,0.324404,0.308318,0.138889,0.131944,0.026667,0.347523,0,0,0
40,5_2_6,sync,leaky,0,no_conv,,0.888889,0.613333,0.493333,,1.230038,0.608527,0.489796,0.740099,0.667887,0.606938,0.222368,0.201389,0.194444,0.020000,0.557503,2,0,0
41,5_2_6,sync,leaky,0,no_conv,,0.222222,0.566667,0.560000,,1.318686,0.676101,0.421769,0.584533,0.412992,0.145572,0.184132,0.145833,0.138889,0.040000,0.216803,1,0,0
42,5_2_6,sync,leaky,1,S=0,46,0.000000,0.486667,0.440000,0.000000,1.164860,0.577411,0.353741,0.549618,0.385715,0.239272,0.158557,0.125000,0.111111,0.033333,0.182870,0,0,0
43,5_2_6,sync,leaky,1,S=0,44,0.000000,0.660000,0.653333,0.444444,1.612332,0.748854,0.346939,0.604425,0.361757,-0.011960,0.121206,0.104167,0.104167,0.060000,0.267993,0,0,0
44,5_2_6,sync,leaky,1,S=0,48,0.000000,0.586667,0.493333,0.000000,1.329825,0.612213,0.442177,0.604574,0.397921,0.070813,0.195811,0.187500,0.180556,0.046667,0.164604,0,0,0
45,5_2_6,sync,leaky,0,no_conv,,0.222222,0.353333,0.213333,,0.755749,0.349740,0.285714,0.543019,0.307895,0.267314,0.324166,0.104167,0.097222,0.026667,0.237584,0,1,0
46,5_2_6,sync,leaky,0,no_conv,,0.222222,0.433333,0.280000,,0.752747,0.344912,0.319728,0.855258,0.799009,0.652775,0.349770,0.125000,0.125000,0.020000,0.481902,1,1,0
47,5_2_6,sync,leaky,0,no_conv,,0.222222,0.466667,0.400000,,0.930931,0.496369,0.292517,0.559244,0.345832,0.335058,0.094856,0.097222,0.097222,0.066667,0.194119,0,1,0
48,5_2_6,sync,leaky,1,S=0,49,0.000000,0.546667,0.573333,0.666667,1.416504,0.687412,0.312925,0.562736,0.421165,0.257874,0.257432,0.125000,0.118056,0.040000,0.286800,0,0,0
49,5_2_6,sync,leaky,0,no_conv,,0.222222,0.446667,0.413333,,1.075159,0.555994,0.204082,0.689106,0.496458,0.215300,0.203546,0.055556,0.055556,0.053333,0.193766,1,0,0
50,5_2_6,sync,leaky,1,S=8,49,0.000000,0.586667,0.640000,0.666667,1.468978,0.723736,0.585034,0.883224,0.817551,0.715084,0.069386,0.236111,0.222222,0.020000,0.569582,8,8,8
51,5_2_6,sync,leaky,1,S=0,48,0.000000,0.626667,0.546667,0.500000,1.199175,0.630559,0.585034,0.760860,0.703077,0.567233,0.094656,0.298611,0.284722,0.020000,0.548786,0,0,0
52,5_2_6,sync,leaky,1,S=0,47,0.000000,0.420000,0.293333,0.000000,0.844123,0.431764,0.387755,0.568215,0.354223,0.097755,0.063123,0.131944,0.131944,0.020000,0.174484,0,0,0
53,5_2_6,sync,leaky,0,no_conv,,0.222222,0.500000,0.386667,,1.122724,0.556417,0.414966,0.573112,0.479634,0.301510,0.328941,0.166667,0.152778,0.026667,0.296500,1,2,1
54,5_2_6,sync,leaky,1,S=0,49,0.000000,0.566667,0.453333,0.000000,1.180886,0.579565,0.557823,0.819053,0.736457,0.573599,0.280483,0.229167,0.215278,0.020000,0.575456,0,0,0
55,5_2_6,sync,leaky,0,no_conv,,0.222222,0.233333,0.266667,,0.840011,0.397791,0.210884,0.653169,0.472972,0.041659,0.330056,0.090278,0.076389,0.020000,0.123276,1,0,0
56,5_2_6,sync,leaky,0,no_conv,,0.222222,0.506667,0.360000,,0.969972,0.497785,0.428571,0.720008,0.638467,0.445232,0.241121,0.173611,0.166667,0.020000,0.400087,1,0,1
57,5_2_6,sync,leaky,0,no_conv,,0.222222,0.580000,0.586667,,1.464604,0.681451,0.408163,0.674418,0.502437,0.161159,0.282245,0.166667,0.166667,0.040000,0.310553,0,0,1
58,5_2_6,sync,leaky,1,S=0,43,0.000000,0.293333,0.160000,0.000000,0.645708,0.317647,0.340136,0.429830,0.339706,0.098188,0.101888,0.152778,0.152778,0.053333,0.156058,0,0,0
59,5_2_6,sync,leaky,0,no_conv,,0.222222,0.433333,0.320000,,0.891716,0.437550,0.312925,0.719745,0.637168,0.561154,0.186264,0.104167,0.097222,0.020000,0.285009,1,0,0
60,5_2_6,sync,leaky,1,S=0,43,0.000000,0.566667,0.386667,0.238095,0.958866,0.535914,0.462585,0.881421,0.806481,0.658895,0.294809,0.180556,0.173611,0.020000,0.649216,0,0,0
61,5_2_6,sync,leaky,1,S=0,46,0.000000,0.600000,0.546667,0.083333,1.209261,0.661436,0.428571,0.676970,0.604325,0.439756,0.224083,0.173611,0.152778,0.020000,0.344073,0,0,0
62,5_2_6,sync,leaky,0,no_conv,,0.666667,0.546667,0.573333,,1.363661,0.691647,0.346939,0.469150,0.336226,0.006771,0.332730,0.159722,0.145833,0.073333,0.179278,2,0,1
63,5_2_6,sync,leaky,1,S=0,49,0.000000,0.446667,0.466667,0.000000,1.231131,0.561277,0.244898,0.548608,0.372277,-0.130355,0.435154,0.090278,0.090278,0.073333,0.136054,0,0,0
64,5_2_6,sync,leaky,1,S=0,46,0.000000,0.440000,0.293333,0.000000,0.729106,0.373260,0.306122,0.535429,0.565935,0.311369,0.353177,0.145833,0.131944,0.026667,0.189612,0,0,0
65,5_2_6,sync,leaky,1,S=0,49,0.000000,0.460000,0.453333,0.333333,1.141947,0.573652,0.360544,0.726890,0.647818,0.412418,0.340938,0.138889,0.125000,0.033333,0.294282,0,0,0
66,5_2_6,sync,leaky,1,S=0,49,0.000000,0.600000,0.560000,0.666667,1.064871,0.598200,0.414966,0.677033,0.554245,0.307354,0.220397,0.138889,0.138889,0.020000,0.327172,0,0,0
67,5_2_6,sync,leaky,0,no_conv,,0.222222,0.466667,0.240000,,0.861627,0.402707,0.360544,0.791836,0.691548,0.367215,0.341363,0.118056,0.118056,0.026667,0.312690,0,1,0
68,5_2_6,sync,leaky,0,no_conv,,0.222222,0.620000,0.506667,,1.296096,0.639634,0.353741,0.723326,0.574313,0.293120,0.316639,0.104167,0.104167,0.020000,0.364124,1,0,1
69,5_2_6,sync,leaky,1,S=0,45,0.000000,0.600000,0.573333,0.533333,1.371603,0.674269,0.448980,0.756281,0.604204,0.169085,0.281468,0.138889,0.131944,0.033333,0.357196,0,0,0
70,5_2_6,sync,leaky,1,S=0,49,0.000000,0.513333,0.426667,0.666667,0.988310,0.514136,0.299320,0.646013,0.522575,0.292462,0.208390,0.131944,0.125000,0.026667,0.201848,0,0,0
71,5_2_6,sync,leaky,1,S=0,47,0.000000,0.306667,0.213333,0.111111,0.665261,0.345062,0.244898,0.571225,0.594732,0.350534,0.353583,0.118056,0.097222,0.033333,0.214834,0,0,0
72,5_2_6,sync,leaky,0,no_conv,,3.555556,0.300000,0.226667,,0.903826,0.403493,0.272109,0.782024,0.704236,0.454482,0.480301,0.090278,0.083333,0.020000,0.386544,4,0,0
73,5_2_6,sync,leaky,1,S=0,46,0.000000,0.413333,0.213333,0.000000,0.672917,0.335486,0.360544,0.870591,0.808922,0.583680,0.222696,0.118056,0.104167,0.020000,0.571371,0,0,0
74,5_2_6,sync,leaky,1,S=0,49,0.000000,0.333333,0.213333,0.000000,0.821235,0.390702,0.258503,0.557169,0.498727,0.233589,0.271455,0.097222,0.090278,0.080000,0.174990,0,0,0
75,5_2_6,sync,leaky,0,no_conv,,0.666667,0.586667,0.493333,,1.244079,0.615193,0.414966,0.592406,0.373138,0.214967,0.179412,0.138889,0.138889,0.020000,0.272148,0,1,2
76,5_2_6,sync,leaky,1,S=0,48,0.000000,0.560000,0.613333,0.500000,1.570471,0.723416,0.455782,0.652417,0.499486,0.139392,0.245597,0.173611,0.166667,0.040000,0.274377,0,0,0
77,5_2_6,sync,leaky,0,no_conv,,0.222222,0.453333,0.480000,,1.136341,0.585402,0.353741,0.713754,0.582664,0.412223,0.312130,0.145833,0.138889,0.033333,0.231776,1,0,0
78,5_2_6,sync,leaky,1,S=0,49,0.000000,0.466667,0.293333,0.000000,0.893614,0.462546,0.380952,0.519245,0.327626,0.147137,0.288165,0.159722,0.152778,0.046667,0.231996,0,0,0
79,5_2_6,sync,leaky,1,S=0,43,0.000000,0.446667,0.266667,0.095238,0.787324,0.413633,0.394558,0.719014,0.688736,0.657744,0.155516,0.166667,0.159722,0.020000,0.446213,0,0,0
80,5_2_6,sync,leaky,1,S=0,45,0.000000,0.620000,0.626667,0.400000,1.380007,0.701687,0.394558,0.685602,0.569583,0.229064,0.324839,0.138889,0.131944,0.033333,0.301087,0,0,0
81,5_2_6,sync,leaky,1,S=0,43,0.000000,0.320000,0.133333,0.047619,0.645286,0.310219,0.251701,0.475009,0.273942,0.099517,0.231169,0.104167,0.097222,0.066667,0.166338,0,0,0
82,5_2_6,sync,leaky,1,S=0,49,0.000000,0.300000,0.173333,0.000000,0.664590,0.335300,0.272109,0.739934,0.648369,0.112726,0.327733,0.111111,0.104167,0.033333,0.226562,0,0,0
83,5_2_6,sync,leaky,1,S=0,48,0.000000,0.500000,0.426667,0.500000,1.069885,0.547447,0.346939,0.700230,0.506938,0.327941,0.225875,0.131944,0.131944,0.053333,0.241856,0,0,0
84,5_2_6,sync,leaky,1,S=0,49,0.000000,0.446667,0.360000,0.000000,1.052669,0.514561,0.299320,0.566357,0.485103,0.081340,0.384748,0.090278,0.076389,0.053333,0.198856,0,0,0
85,5_2_6,sync,leaky,1,S=0,42,0.000000,0.480000,0.373333,0.250000,0.861446,0.457056,0.272109,0.659861,0.591046,0.659832,0.431506,0.083333,0.076389,0.026667,0.265559,0,0,0
86,5_2_6,sync,leaky,1,S=0,48,0.000000,0.680000,0.626667,0.833333,1.427117,0.720468,0.571429,0.868775,0.777972,0.469723,0.142285,0.187500,0.180556,0.020000,0.521027,0,0,0
87,5_2_6,sync,leaky,0,no_conv,,0.222222,0.420000,0.333333,,0.960464,0.524300,0.251701,0.634434,0.415542,0.151186,0.328958,0.083333,0.083333,0.020000,0.177708,1,0,0
88,5_2_6,sync,leaky,1,S=0,48,0.000000,0.526667,0.373333,0.166667,1.037558,0.533843,0.367347,0.674432,0.404775,0.040584,0.318327,0.083333,0.083333,0.046667,0.240405,0,0,0
89,5_2_6,sync,leaky,1,S=0,42,0.000000,0.246667,0.133333,0.083333,0.523987,0.228287,0.197279,0.712487,0.748043,0.439528,0.175093,0.076389,0.069444,0.020000,0.250490,0,0,0
90,5_2_6,sync,leaky,0,no_conv,,0.222222,0.513333,0.413333,,1.063034,0.556590,0.326531,0.611405,0.585580,0.392571,0.224698,0.131944,0.131944,0.026667,0.247011,0,1,0
91,5_2_6,sync,leaky,0,no_conv,,0.222222,0.533333,0.466667,,1.300026,0.635493,0.346939,0.799364,0.705253,0.320762,0.300170,0.118056,0.111111,0.033333,0.358982,1,0,0
92,5_2_6,sync,leaky,0,no_conv,,0.222222,0.460000,0.360000,,0.954187,0.495188,0.523810,0.857095,0.834708,0.736277,0.215409,0.263889,0.256944,0.020000,0.745837,0,0,1
93,5_2_6,sync,leaky,1,S=0,48,0.000000,0.273333,0.266667,0.166667,0.866982,0.406079,0.210884,0.334314,0.121874,0.064635,0.178574,0.076389,0.076389,0.200000,0.120621,0,0,0
94,5_2_6,sync,leaky,0,no_conv,,0.222222,0.540000,0.440000,,0.934868,0.505024,0.340136,0.558907,0.333531,0.244910,0.194093,0.145833,0.145833,0.066667,0.169485,1,0,0
95,5_2_6,sync,leaky,0,no_conv,,0.222222,0.446667,0.360000,,1.111254,0.537564,0.374150,0.617502,0.436092,0.122468,0.418803,0.118056,0.118056,0.020000,0.329400,1,0,0
96,5_2_6,sync,leaky,1,S=0,47,0.000000,0.613333,0.466667,0.000000,1.315273,0.600252,0.680272,0.888143,0.803601,0.642317,0.072548,0.291667,0.277778,0.020000,0.589624,0,0,0
97,5_2_6,sync,leaky,1,S=0,47,0.000000,0.440000,0.226667,0.333333,0.787056,0.372803,0.217687,0.613140,0.514409,0.259394,0.438710,0.090278,0.083333,0.020000,0.232740,0,0,0
98,5_2_6,sync,leaky,1,S=0,47,0.000000,0.440000,0.333333,0.333333,0.809306,0.442926,0.476190,0.799100,0.717552,0.684507,0.169987,0.152778,0.145833,0.020000,0.578254,0,0,0
99,5_2_6,sync,leaky,1,S=0,43,0.000000,0.593333,0.640000,0.380952,1.543431,0.712003,0.394558,0.601750,0.614350,0.272128,0.330736,0.180556,0.166667,0.040000,0.260822,0,0,0
100,5_2_6,sync,leaky,1,S=0,41,0.000000,0.540000,0.293333,0.111111,0.779097,0.413497,0.312925,0.482536,0.296034,0.043533,0.432193,0.131944,0.125000,0.066667,0.170053,0,0,0
101,5_2_6,sync,leaky,0,no_conv,,0.222222,0.520000,0.373333,,0.926889,0.470159,0.435374,0.682773,0.494624,0.230785,0.162400,0.138889,0.131944,0.046667,0.263933,1,0,0
102,5_2_6,sync,leaky,0,no_conv,,0.222222,0.380000,0.360000,,1.022798,0.511347,0.238095,0.570099,0.388810,0.054544,0.229913,0.069444,0.069444,0.106667,0.176464,1,0,0
103,5_2_6,sync,leaky,0,no_conv,,0.222222,0.393333,0.280000,,0.903195,0.435698,0.292517,0.764824,0.577640,0.345319,0.285437,0.104167,0.104167,0.053333,0.304531,0,0,1
104,5_2_6,sync,leaky,1,S=0,47,0.000000,0.486667,0.333333,0.222222,0.901821,0.447618,0.401361,0.785031,0.691302,0.525960,0.343269,0.138889,0.131944,0.026667,0.353320,0,0,0
105,5_2_6,sync,leaky,0,no_conv,,0.222222,0.640000,0.613333,,1.238186,0.656695,0.435374,0.656987,0.542958,0.220528,0.079723,0.145833,0.131944,0.026667,0.249527,0,0,1
106,5_2_6,sync,leaky,1,S=0,47,0.000000,0.513333,0.280000,0.000000,0.673389,0.362496,0.374150,0.823622,0.755519,0.442412,0.367650,0.131944,0.125000,0.020000,0.505876,0,0,0
107,5_2_6,sync,leaky,1,S=0,49,0.000000,0.466667,0.453333,0.000000,1.163702,0.574763,0.380952,0.512925,0.382135,0.186831,0.299742,0.152778,0.145833,0.046667,0.176692,0,0,0
108,5_2_6,sync,leaky,0,no_conv,,0.222222,0.480000,0.466667,,1.306963,0.614700,0.285714,0.546240,0.506473,0.262337,0.329456,0.131944,0.125000,0.046667,0.239552,1,0,0
109,5_2_6,sync,leaky,0,no_conv,,0.222222,0.340000,0.213333,,0.757929,0.386050,0.353741,0.728802,0.650770,0.533784,0.349665,0.166667,0.159722,0.020000,0.303168,0,0,1
110,5_2_6,sync,leaky,1,S=0,44,0.000000,0.453333,0.320000,0.000000,0.887389,0.441908,0.367347,0.751277,0.498540,0.136410,0.298359,0.083333,0.083333,0.033333,0.314772,0,0,0
111,5_2_6,sync,leaky,0,no_conv,,0.222222,0.586667,0.573333,,1.372606,0.676013,0.408163,0.677612,0.625357,0.451202,0.442893,0.180556,0.173611,0.026667,0.358770,0,0,1
112,5_2_6,sync,leaky,1,S=0,49,0.000000,0.673333,0.560000,0.333333,1.350128,0.656447,0.496599,0.753855,0.653520,0.401994,0.242074,0.180556,0.166667,0.026667,0.333733,0,0,0
113,5_2_6,sync,leaky,1,S=0,49,0.000000,0.313333,0.253333,0.333333,0.796429,0.371105,0.210884,0.683529,0.506587,0.081197,0.419221,0.076389,0.076389,0.033333,0.173685,0,0,0
114,5_2_6,sync,leaky,1,S=0,47,0.000000,0.420000,0.280000,0.333333,0.784902,0.384723,0.299320,0.609067,0.658007,0.253131,0.282095,0.145833,0.138889,0.020000,0.223786,0,0,0
115,5_2_6,sync,leaky,1,S=0,45,0.000000,0.466667,0.386667,0.133333,1.147386,0.570185,0.326531,0.658286,0.525491,0.337875,0.308871,0.111111,0.104167,0.046667,0.281139,0,0,0
116,5_2_6,sync,leaky,1,S=0,46,0.000000,0.693333,0.586667,0.666667,1.317603,0.680167,0.571429,0.747336,0.650809,0.355357,0.111350,0.250000,0.250000,0.026667,0.392819,0,0,0
117,5_2_6,sync,leaky,1,S=0,49,0.000000,0.433333,0.320000,0.333333,0.930848,0.465231,0.333333,0.518239,0.321426,0.109919,0.305899,0.118056,0.111111,0.040000,0.171465,0,0,0
118,5_2_6,sync,leaky,0,no_conv,,0.222222,0.673333,0.640000,,1.510707,0.731274,0.659864,0.866425,0.791005,0.559199,-0.008188,0.270833,0.263889,0.020000,0.487211,7,8,8
119,5_2_6,sync,leaky,1,S=0,49,0.000000,0.573333,0.533333,0.333333,1.258007,0.622078,0.387755,0.664805,0.569944,0.242643,0.252074,0.152778,0.145833,0.033333,0.264569,0,0,0
120,5_2_6,sync,leaky,1,S=0,47,0.000000,0.473333,0.320000,0.333333,0.950209,0.486661,0.367347,0.545880,0.411111,0.203547,0.323545,0.152778,0.138889,0.026667,0.240664,0,0,0
121,5_2_6,sync,leaky,0,no_conv,,0.222222,0.506667,0.466667,,1.306896,0.623723,0.346939,0.412069,0.196349,0.142073,0.326666,0.131944,0.131944,0.060000,0.167398,1,2,1
122,5_2_6,sync,leaky,0,no_conv,,0.222222,0.373333,0.306667,,0.999191,0.484534,0.299320,0.703197,0.666424,0.529794,0.249762,0.111111,0.104167,0.020000,0.297037,0,1,0
123,5_2_6,sync,leaky,0,no_conv,,0.222222,0.373333,0.320000,,0.889113,0.448358,0.292517,0.828329,0.770561,0.425249,0.336201,0.083333,0.076389,0.033333,0.290941,1,0,0
124,5_2_6,sync,leaky,0,no_conv,,0.222222,0.346667,0.106667,,0.556874,0.281215,0.278912,0.664335,0.551120,0.206570,0.469652,0.097222,0.083333,0.040000,0.312908,0,0,1
125,5_2_6,sync,leaky,1,S=0,45,0.000000,0.400000,0.320000,0.066667,0.973504,0.465342,0.312925,0.404636,0.084812,-0.019513,0.313468,0.125000,0.118056,0.066667,0.152869,0,0,0
126,5_2_6,sync,leaky,1,S=0,49,0.000000,0.626667,0.533333,0.666667,1.240324,0.644864,0.564626,0.779559,0.738823,0.659139,-0.086167,0.284722,0.277778,0.020000,0.580689,0,0,0
127,5_2_6,sync,leaky,1,S=0,49,0.000000,0.493333,0.346667,0.333333,1.010888,0.483351,0.510204,0.834191,0.769204,0.560883,0.286119,0.229167,0.215278,0.020000,0.491976,0,0,0
128,5_2_6,sync,leaky,0,no_conv,,0.222222,0.646667,0.533333,,1.512419,0.685443,0.578231,0.845239,0.766082,0.385649,0.370854,0.215278,0.208333,0.033333,0.508433,0,1,0
129,5_2_6,sync,leaky,1,S=0,42,0.000000,0.360000,0.186667,0.041667,0.541759,0.267707,0.374150,0.753683,0.721058,0.543610,0.323200,0.180556,0.166667,0.020000,0.356728,0,0,0
130,5_2_6,sync,leaky,0,no_conv,,0.222222,0.460000,0.440000,,1.239435,0.603128,0.387755,0.636883,0.585445,0.391472,0.231864,0.173611,0.152778,0.046667,0.266591,0,1,0
131,5_2_6,sync,leaky,0,no_conv,,0.222222,0.493333,0.586667,,1.240111,0.649436,0.353741,0.529950,0.352417,-0.030263,0.276956,0.131944,0.125000,0.040000,0.196624,1,2,1
132,5_2_6,sync,leaky,1,S=0,47,0.000000,0.333333,0.226667,0.333333,0.703918,0.353346,0.238095,0.650693,0.477898,0.316603,0.484908,0.069444,0.062500,0.100000,0.258535,0,0,0
133,5_2_6,sync,leaky,0,no_conv,,0.222222,0.613333,0.626667,,1.427507,0.689698,0.482993,0.559258,0.353805,0.152562,0.325511,0.222222,0.215278,0.113333,0.290216,1,0,1
134,5_2_6,sync,leaky,0,no_conv,,0.222222,0.580000,0.440000,,1.093063,0.548722,0.482993,0.839311,0.771929,0.629384,0.174747,0.187500,0.180556,0.020000,0.532892,0,0,1
135,5_2_6,sync,leaky,1,S=0,49,0.000000,0.380000,0.280000,0.333333,0.807085,0.417645,0.285714,0.573033,0.520130,0.282385,0.234531,0.118056,0.111111,0.033333,0.207099,0,0,0
136,5_2_6,sync,leaky,0,no_conv,,0.888889,0.493333,0.493333,,1.172687,0.592657,0.401361,0.660948,0.526636,0.519093,0.225885,0.173611,0.166667,0.026667,0.355867,0,2,0
137,5_2_6,sync,leaky,0,no_conv,,0.222222,0.473333,0.506667,,1.199303,0.631890,0.333333,0.490358,0.106255,0.004724,0.299699,0.125000,0.125000,0.040000,0.151352,1,0,0
138,5_2_6,sync,leaky,1,S=0,47,0.000000,0.440000,0.320000,0.111111,0.989877,0.471230,0.333333,0.595243,0.624178,0.235424,0.249355,0.152778,0.131944,0.026667,0.185680,0,0,0
139,5_2_6,sync,leaky,1,S=0,41,0.000000,0.486667,0.320000,0.074074,0.948630,0.480599,0.435374,0.808141,0.703494,0.573406,0.351362,0.138889,0.131944,0.020000,0.377874,0,0,0
140,5_2_6,sync,leaky,0,no_conv,,0.222222,0.553333,0.480000,,0.977217,0.520038,0.326531,0.808031,0.754280,0.509408,0.187823,0.111111,0.097222,0.026667,0.396130,0,1,0
141,5_2_6,sync,leaky,1,S=0,48,0.000000,0.500000,0.373333,0.833333,0.950780,0.480000,0.326531,0.753872,0.652712,0.588557,0.230183,0.131944,0.131944,0.020000,0.383867,0,0,0
142,5_2_6,sync,leaky,0,no_conv,,0.222222,0.480000,0.413333,,1.050432,0.540751,0.401361,0.698424,0.612957,0.428781,0.215895,0.159722,0.159722,0.033333,0.314695,0,1,0
143,5_2_6,sync,leaky,1,S=0,45,0.000000,0.333333,0.226667,0.000000,0.761034,0.377679,0.292517,0.648416,0.418002,0.002016,0.392894,0.076389,0.076389,0.066667,0.217684,0,0,0
144,5_2_6,sync,leaky,0,no_conv,,0.222222,0.726667,0.720000,,1.677442,0.803063,0.755102,0.843229,0.741906,0.553593,-0.048339,0.333333,0.326389,0.033333,0.458467,8,8,7
145,5_2_6,sync,leaky,1,S=0,48,0.000000,0.460000,0.240000,0.166667,0.914371,0.422438,0.462585,0.850400,0.759088,0.643703,0.307941,0.166667,0.159722,0.020000,0.554972,0,0,0
146,5_2_6,sync,leaky,1,S=0,49,0.000000,0.646667,0.573333,0.666667,1.282777,0.683055,0.557823,0.636700,0.536895,0.183250,0.003066,0.270833,0.263889,0.040000,0.255900,0,0,0
147,5_2_6,sync,leaky,1,S=0,44,0.000000,0.366667,0.346667,0.111111,0.960547,0.487176,0.299320,0.640709,0.408995,0.137160,0.457915,0.097222,0.090278,0.080000,0.216504,0,0,0
148,5_2_6,sync,leaky,0,no_conv,,0.888889,0.693333,0.653333,,1.678987,0.794829,0.700680,0.722342,0.486565,0.002016,-0.007730,0.236111,0.229167,0.040000,0.359853,1,3,1
149,5_2_6,sync,leaky,1,S=0,48,0.000000,0.360000,0.306667,0.500000,0.795300,0.407460,0.272109,0.545709,0.125309,-0.021352,0.243694,0.097222,0.097222,0.086667,0.160945,0,0,0
150,5_2_6,sync,leaky,1,S=0,47,0.000000,0.473333,0.240000,0.111111,0.815655,0.402879,0.435374,0.801615,0.715946,0.518004,0.286544,0.152778,0.138889,0.020000,0.374226,0,0,0
151,5_2_6,sync,leaky,0,no_conv,,0.222222,0.560000,0.613333,,1.419185,0.721282,0.278912,0.498320,0.403194,0.104283,0.377380,0.083333,0.069444,0.066667,0.162161,1,0,0
152,5_2_6,sync,leaky,1,S=0,49,0.000000,0.493333,0.360000,0.000000,0.898222,0.469268,0.346939,0.619806,0.508298,0.157657,0.223290,0.131944,0.131944,0.040000,0.173413,0,0,0
153,5_2_6,sync,leaky,1,S=0,49,0.000000,0.373333,0.360000,0.333333,0.925171,0.484406,0.278912,0.623848,0.587050,0.175714,0.030582,0.118056,0.104167,0.020000,0.242706,0,0,0
154,5_2_6,sync,leaky,0,no_conv,,0.222222,0.333333,0.426667,,1.191642,0.538434,0.210884,0.588178,0.380080,-0.001836,0.331543,0.069444,0.069444,0.040000,0.196509,1,0,1
155,5_2_6,sync,leaky,0,no_conv,,0.222222,0.640000,0.626667,,1.343135,0.692796,0.632653,0.734513,0.580660,0.326519,-0.096598,0.243056,0.229167,0.026667,0.412642,1,1,0
156,5_2_6,sync,leaky,0,no_conv,,0.222222,0.446667,0.280000,,0.946209,0.472088,0.380952,0.640796,0.484066,0.128076,0.419713,0.145833,0.138889,0.060000,0.272274,0,1,0
157,5_2_6,sync,leaky,0,no_conv,,0.222222,0.480000,0.320000,,0.931880,0.426163,0.299320,0.678279,0.588272,0.360818,0.383889,0.090278,0.083333,0.053333,0.276131,0,1,0
158,5_2_6,sync,leaky,0,no_conv,,0.222222,0.540000,0.413333,,1.034601,0.534252,0.367347,0.553893,0.416222,-0.005661,0.219811,0.138889,0.138889,0.140000,0.168948,1,0,0
159,5_2_6,sync,leaky,0,no_conv,,0.222222,0.520000,0.533333,,1.332869,0.641889,0.292517,0.559998,0.518685,0.270565,0.208649,0.125000,0.118056,0.040000,0.241548,0,0,1
160,5_2_6,sync,leaky,1,S=0,43,0.000000,0.473333,0.360000,0.190476,1.024459,0.521480,0.360544,0.797362,0.767142,0.588507,0.321269,0.125000,0.118056,0.020000,0.449031,0,0,0
161,5_2_6,sync,leaky,0,no_conv,,0.666667,0.520000,0.573333,,1.444769,0.683325,0.326531,0.546415,0.357045,0.060434,0.182858,0.131944,0.125000,0.073333,0.220437,2,1,0
162,5_2_6,sync,leaky,0,no_conv,,0.222222,0.513333,0.493333,,1.147215,0.576445,0.353741,0.406353,0.151375,0.072157,0.194774,0.159722,0.152778,0.133333,0.221153,1,1,0
163,5_2_6,sync,leaky,0,no_conv,,0.222222,0.393333,0.280000,,0.938993,0.448975,0.299320,0.480793,0.338753,-0.037367,0.183413,0.118056,0.111111,0.053333,0.140013,1,0,0
164,5_2_6,sync,leaky,1,S=0,49,0.000000,0.540000,0.400000,0.333333,0.967440,0.513586,0.380952,0.714989,0.540456,0.237871,0.252583,0.152778,0.152778,0.020000,0.276693,0,0,0
165,5_2_6,sync,leaky,0,no_conv,,0.222222,0.360000,0.226667,,0.774804,0.352925,0.333333,0.762960,0.626553,0.493295,0.209804,0.104167,0.097222,0.020000,0.307871,0,1,0
166,5_2_6,sync,leaky,1,S=8,47,0.000000,0.700000,0.680000,0.666667,1.568476,0.753127,0.653061,0.868860,0.763027,0.630834,0.132302,0.263889,0.256944,0.020000,0.489197,8,8,8
167,5_2_6,sync,leaky,1,S=0,48,0.000000,0.413333,0.346667,0.500000,0.877248,0.472523,0.367347,0.688538,0.582946,0.371911,0.288209,0.152778,0.145833,0.020000,0.212398,0,0,0
168,5_2_6,sync,leaky,1,S=0,49,0.000000,0.440000,0.333333,0.000000,1.015713,0.471557,0.353741,0.605899,0.508028,0.402015,0.290105,0.166667,0.159722,0.020000,0.293666,0,0,0
169,5_2_6,sync,leaky,1,S=0,48,0.000000,0.180000,0.160000,0.000000,0.718441,0.339372,0.156463,0.426463,0.311314,-0.026496,0.197730,0.048611,0.041667,0.086667,0.122954,0,0,0
170,5_2_6,sync,leaky,0,no_conv,,0.222222,0.366667,0.480000,,1.222544,0.593032,0.360544,0.512557,0.433803,0.061526,0.272414,0.145833,0.145833,0.026667,0.231691,0,0,1
171,5_2_6,sync,leaky,1,S=0,48,0.000000,0.706667,0.600000,0.000000,1.639179,0.762122,0.755102,0.812699,0.606076,0.122682,0.300207,0.256944,0.250000,0.040000,0.339988,0,0,0
172,5_2_6,sync,leaky,1,S=0,49,0.000000,0.420000,0.386667,0.000000,0.938490,0.505542,0.401361,0.710792,0.588717,0.467381,0.104542,0.125000,0.118056,0.026667,0.328440,0,0,0
173,5_2_6,sync,leaky,0,no_conv,,0.222222,0.586667,0.413333,,1.013152,0.528717,0.448980,0.815747,0.734082,0.532373,0.438623,0.166667,0.159722,0.033333,0.553712,0,0,1
174,5_2_6,sync,leaky,0,no_conv,,0.222222,0.460000,0.346667,,0.946536,0.479677,0.340136,0.524183,0.425719,0.192798,0.285407,0.138889,0.125000,0.033333,0.174065,1,0,0
175,5_2_6,sync,leaky,1,S=0,47,0.000000,0.440000,0.146667,0.000000,0.654442,0.346244,0.408163,0.591240,0.533532,0.515079,0.402305,0.180556,0.159722,0.020000,0.297847,0,0,0
176,5_2_6,sync,leaky,0,no_conv,,0.222222,0.586667,0.453333,,1.195481,0.570558,0.591837,0.909366,0.828898,0.617139,0.164329,0.180556,0.166667,0.020000,0.509568,8,8,7
177,5_2_6,sync,leaky,0,no_conv,,0.222222,0.386667,0.200000,,0.743605,0.356826,0.285714,0.752497,0.715348,0.651295,0.428477,0.111111,0.104167,0.020000,0.382620,1,1,0
178,5_2_6,sync,leaky,1,S=0,49,0.000000,0.380000,0.106667,0.333333,0.602507,0.244112,0.258503,0.785121,0.669343,0.707764,0.544998,0.083333,0.076389,0.020000,0.463515,0,0,0
179,5_2_6,sync,leaky,0,no_conv,,0.222222,0.480000,0.226667,,0.800160,0.405434,0.374150,0.578446,0.546467,0.263949,0.385768,0.145833,0.138889,0.060000,0.242928,0,0,1
180,5_2_6,sync,leaky,1,S=0,49,0.000000,0.493333,0.386667,0.333333,0.858281,0.471287,0.272109,0.561638,0.496141,0.125447,0.448588,0.111111,0.104167,0.053333,0.205908,0,0,0
181,5_2_6,sync,leaky,0,no_conv,,0.666667,0.520000,0.600000,,1.415169,0.703897,0.326531,0.565903,0.561489,0.094630,0.211534,0.152778,0.138889,0.060000,0.204847,2,0,1
182,5_2_6,sync,leaky,0,no_conv,,0.888889,0.466667,0.306667,,1.052347,0.473023,0.353741,0.580737,0.322771,0.075397,0.484322,0.125000,0.118056,0.046667,0.239434,2,0,0
183,5_2_6,sync,leaky,1,S=0,49,0.000000,0.520000,0.493333,0.666667,1.152610,0.589235,0.387755,0.612698,0.493367,0.104470,0.123313,0.138889,0.125000,0.033333,0.315528,0,0,0
184,5_2_6,sync,leaky,1,S=0,44,0.000000,0.426667,0.226667,0.333333,0.705731,0.341841,0.340136,0.843321,0.795620,0.716413,0.357087,0.104167,0.090278,0.020000,0.536916,0,0,0
185,5_2_6,sync,leaky,1,S=0,40,0.000000,0.413333,0.213333,0.133333,0.749165,0.370425,0.387755,0.786681,0.718016,0.307629,0.279178,0.138889,0.125000,0.046667,0.273091,0,0,0
186,5_2_6,sync,leaky,0,no_conv,,0.888889,0.406667,0.226667,,0.891342,0.412074,0.299320,0.731096,0.664127,0.519445,0.359760,0.104167,0.097222,0.020000,0.344195,2,0,0
187,5_2_6,sync,leaky,1,S=0,44,0.000000,0.520000,0.426667,0.000000,1.304612,0.575669,0.462585,0.629222,0.576733,0.271905,0.221629,0.236111,0.229167,0.053333,0.246378,0,0,0
188,5_2_6,sync,leaky,1,S=0,49,0.000000,0.520000,0.360000,0.000000,0.965837,0.486146,0.353741,0.734568,0.647511,0.152849,0.241527,0.131944,0.118056,0.053333,0.303218,0,0,0
189,5_2_6,sync,leaky,0,no_conv,,0.222222,0.446667,0.346667,,0.893907,0.478292,0.312925,0.350277,0.156664,-0.116168,0.175665,0.125000,0.125000,0.093333,0.125059,1,0,0
190,5_2_6,sync,leaky,0,no_conv,,0.222222,0.640000,0.520000,,1.080909,0.587333,0.537415,0.738608,0.624112,0.511208,0.226769,0.201389,0.194444,0.020000,0.510152,1,0,0
191,5_2_6,sync,leaky,0,no_conv,,0.222222,0.533333,0.440000,,1.041440,0.493571,0.306122,0.426087,0.213463,0.059128,0.290416,0.125000,0.111111,0.113333,0.135205,0,0,1
192,5_2_6,sync,leaky,1,S=0,48,0.000000,0.533333,0.453333,0.333333,1.319530,0.602159,0.401361,0.654278,0.579346,0.169793,0.176487,0.145833,0.138889,0.040000,0.300664,0,0,0
193,5_2_6,sync,leaky,1,S=0,49,0.000000,0.386667,0.266667,0.000000,0.853252,0.407722,0.258503,0.498448,0.389680,0.169993,0.382384,0.118056,0.111111,0.113333,0.155408,0,0,0
194,5_2_6,sync,leaky,0,no_conv,,0.222222,0.506667,0.373333,,0.993138,0.497512,0.285714,0.638571,0.498478,0.362655,0.371890,0.083333,0.083333,0.040000,0.222202,0,0,1
195,5_2_6,sync,leaky,1,S=0,48,0.000000,0.273333,0.066667,0.000000,0.468534,0.194447,0.197279,0.701311,0.706120,0.276932,0.423921,0.083333,0.069444,0.060000,0.279114,0,0,0
196,5_2_6,sync,leaky,0,no_conv,,0.222222,0.493333,0.320000,,0.828167,0.406993,0.299320,0.777126,0.616397,0.288326,0.493625,0.104167,0.104167,0.040000,0.323055,0,1,0
197,5_2_6,sync,leaky,0,no_conv,,0.222222,0.400000,0.213333,,0.738567,0.368789,0.292517,0.660743,0.604710,0.440380,0.326168,0.104167,0.097222,0.020000,0.370549,1,0,0
198,5_2_6,sync,leaky,1,S=0,49,0.000000,0.553333,0.546667,0.333333,1.239301,0.653233,0.326531,0.583324,0.367547,0.110988,0.231443,0.104167,0.097222,0.020000,0.204974,0,0,0
199,5_2_6,sync,leaky,1,S=0,46,0.000000,0.373333,0.373333,0.166667,0.968250,0.512369,0.292517,0.685879,0.534706,0.148146,0.333048,0.090278,0.076389,0.033333,0.220111,0,0,0
0,5_2_6,seq_ABC,hard,1,S=0,13,0.000000,0.000000,0.000000,0.000000,0.000000,0.000000,0.163265,0.613312,0.603421,0.566237,nan,0.097222,0.083333,0.020000,0.252884,0,0,0
1,5_2_6,seq_ABC,hard,1,S=0,7,0.000000,0.000000,0.000000,0.000000,0.000000,0.000000,0.095238,0.696220,0.526096,0.628076,nan,0.027778,0.013889,0.020000,0.168458,0,0,0
2,5_2_6,seq_ABC,hard,1,S=0,18,0.000000,0.000000,0.000000,0.000000,0.000000,0.000000,0.285714,0.494515,0.604125,0.328750,nan,0.208333,0.194444,0.020000,0.301104,0,0,0
3,5_2_6,seq_ABC,hard,1,S=0,8,0.000000,0.000000,0.000000,0.000000,0.000000,0.000000,0.108844,0.672807,0.585103,0.519593,nan,0.055556,0.041667,0.020000,0.164485,0,0,0
4,5_2_6,seq_ABC,hard,1,S=0,6,0.000000,0.000000,0.000000,0.000000,0.000000,0.000000,0.095238,0.688660,0.584401,0.186551,nan,0.048611,0.034722,0.020000,0.136053,0,0,0
5,5_2_6,seq_ABC,hard,1,S=0,16,0.000000,0.000000,0.000000,0.000000,0.000000,0.000000,0.163265,0.614497,0.604443,0.583261,nan,0.097222,0.083333,0.020000,0.277426,0,0,0
6,5_2_6,seq_ABC,hard,1,S=0,10,0.000000,0.000000,0.000000,0.000000,0.000000,0.000000,0.129252,0.649715,0.550254,0.518517,nan,0.055556,0.048611,0.020000,0.208568,0,0,0
7,5_2_6,seq_ABC,hard,1,S=0,10,0.000000,0.000000,0.000000,0.000000,0.000000,0.000000,0.136054,0.632883,0.537267,0.521339,nan,0.062500,0.048611,0.020000,0.199603,0,0,0
8,5_2_6,seq_ABC,hard,1,S=0,7,0.000000,0.000000,0.000000,0.000000,0.000000,0.000000,0.095238,0.691403,0.613021,0.593532,nan,0.048611,0.034722,0.020000,0.147040,0,0,0
9,5_2_6,seq_ABC,hard,1,S=0,6,0.000000,0.000000,0.000000,0.000000,0.000000,0.000000,0.095238,0.688660,0.584401,0.186551,nan,0.048611,0.034722,0.020000,0.136053,0,0,0
10,5_2_6,seq_ABC,hard,1,S=0,11,0.000000,0.000000,0.000000,0.000000,0.000000,0.000000,0.163265,0.611911,0.587885,0.547198,nan,0.097222,0.083333,0.020000,0.232663,0,0,0
11,5_2_6,seq_ABC,hard,1,S=0,5,0.000000,0.000000,0.000000,0.000000,0.000000,0.000000,0.081633,0.681438,0.468247,nan,nan,0.020833,0.006944,0.020000,0.120731,0,0,0
12,5_2_6,seq_ABC,hard,1,S=0,12,0.000000,0.000000,0.000000,0.000000,0.000000,0.000000,0.163265,0.612676,0.602865,0.548362,nan,0.097222,0.083333,0.020000,0.242524,0,0,0
13,5_2_6,seq_ABC,hard,1,S=0,19,0.000000,0.000000,0.000000,0.000000,0.000000,0.000000,0.326531,0.462608,0.603919,0.294266,nan,0.250000,0.236111,0.180000,0.305156,0,0,0
14,5_2_6,seq_ABC,hard,1,S=0,20,0.000000,0.000000,0.000000,0.000000,0.000000,0.000000,0.353741,0.444384,0.653656,0.314396,nan,0.291667,0.277778,0.180000,0.321380,0,0,0
15,5_2_6,seq_ABC,hard,1,S=0,11,0.000000,0.000000,0.000000,0.000000,0.000000,0.000000,0.163265,0.611911,0.587885,0.547198,nan,0.097222,0.083333,0.020000,0.232663,0,0,0
16,5_2_6,seq_ABC,hard,1,S=0,19,0.000000,0.000000,0.000000,0.000000,0.000000,0.000000,0.353741,0.445002,0.643727,0.315276,nan,0.291667,0.277778,0.180000,0.317061,0,0,0
17,5_2_6,seq_ABC,hard,1,S=0,7,0.000000,0.000000,0.000000,0.000000,0.000000,0.000000,0.095238,0.696220,0.526096,0.628076,nan,0.027778,0.013889,0.020000,0.168458,0,0,0
18,5_2_6,seq_ABC,hard,1,S=0,8,0.000000,0.000000,0.000000,0.000000,0.000000,0.000000,0.108844,0.672807,0.585103,0.519593,nan,0.055556,0.041667,0.020000,0.164485,0,0,0
19,5_2_6,seq_ABC,hard,1,S=0,14,0.000000,0.000000,0.000000,0.000000,0.000000,0.000000,0.163265,0.613824,0.603866,0.566675,nan,0.097222,0.083333,0.020000,0.261493,0,0,0
20,5_2_6,seq_ABC,hard,1,S=0,6,0.000000,0.000000,0.000000,0.000000,0.000000,0.000000,0.095238,0.688660,0.584401,0.186551,nan,0.048611,0.034722,0.020000,0.136053,0,0,0
21,5_2_6,seq_ABC,hard,1,S=0,6,0.000000,0.000000,0.000000,0.000000,0.000000,0.000000,0.095238,0.688660,0.584401,0.186551,nan,0.048611,0.034722,0.020000,0.136053,0,0,0
22,5_2_6,seq_ABC,hard,1,S=0,11,0.000000,0.000000,0.000000,0.000000,0.000000,0.000000,0.163265,0.611911,0.587885,0.547198,nan,0.097222,0.083333,0.020000,0.232663,0,0,0
23,5_2_6,seq_ABC,hard,1,S=0,19,0.000000,0.000000,0.000000,0.000000,0.000000,0.000000,0.353741,0.445002,0.643727,0.315276,nan,0.291667,0.277778,0.180000,0.317061,0,0,0
24,5_2_6,seq_ABC,hard,1,S=0,20,0.000000,0.000000,0.000000,0.000000,0.000000,0.000000,0.353741,0.444384,0.653656,0.314396,nan,0.291667,0.277778,0.180000,0.321380,0,0,0
25,5_2_6,seq_ABC,hard,1,S=0,11,0.000000,0.000000,0.000000,0.000000,0.000000,0.000000,0.163265,0.611911,0.587885,0.547198,nan,0.097222,0.083333,0.020000,0.232663,0,0,0
26,5_2_6,seq_ABC,hard,1,S=0,11,0.000000,0.000000,0.000000,0.000000,0.000000,0.000000,0.163265,0.611911,0.587885,0.547198,nan,0.097222,0.083333,0.020000,0.232663,0,0,0
27,5_2_6,seq_ABC,hard,1,S=0,11,0.000000,0.000000,0.000000,0.000000,0.000000,0.000000,0.163265,0.611911,0.587885,0.547198,nan,0.097222,0.083333,0.020000,0.232663,0,0,0
28,5_2_6,seq_ABC,hard,1,S=0,15,0.000000,0.000000,0.000000,0.000000,0.000000,0.000000,0.272109,0.507748,0.626255,0.392622,nan,0.208333,0.194444,0.020000,0.291515,0,0,0
29,5_2_6,seq_ABC,hard,1,S=0,11,0.000000,0.000000,0.000000,0.000000,0.000000,0.000000,0.163265,0.611911,0.587885,0.547198,nan,0.097222,0.083333,0.020000,0.232663,0,0,0
30,5_2_6,seq_ABC,hard,1,S=0,11,0.000000,0.000000,0.000000,0.000000,0.000000,0.000000,0.163265,0.611911,0.587885,0.547198,nan,0.097222,0.083333,0.020000,0.232663,0,0,0
31,5_2_6,seq_ABC,hard,1,S=0,20,0.000000,0.000000,0.000000,0.000000,0.000000,0.000000,0.353741,0.444384,0.653656,0.314396,nan,0.291667,0.277778,0.180000,0.321380,0,0,0
32,5_2_6,seq_ABC,hard,1,S=0,19,0.000000,0.000000,0.000000,0.000000,0.000000,0.000000,0.353741,0.445002,0.643727,0.315276,nan,0.291667,0.277778,0.180000,0.317061,0,0,0
33,5_2_6,seq_ABC,hard,1,S=0,11,0.000000,0.000000,0.000000,0.000000,0.000000,0.000000,0.163265,0.611911,0.587885,0.547198,nan,0.097222,0.083333,0.020000,0.232663,0,0,0
34,5_2_6,seq_ABC,hard,1,S=0,6,0.000000,0.000000,0.000000,0.000000,0.000000,0.000000,0.095238,0.688660,0.584401,0.186551,nan,0.048611,0.034722,0.020000,0.136053,0,0,0
35,5_2_6,seq_ABC,hard,1,S=0,10,0.000000,0.000000,0.000000,0.000000,0.000000,0.000000,0.136054,0.632883,0.537267,0.521339,nan,0.062500,0.048611,0.020000,0.199603,0,0,0
36,5_2_6,seq_ABC,hard,1,S=0,15,0.000000,0.000000,0.000000,0.000000,0.000000,0.000000,0.272109,0.507748,0.626255,0.392622,nan,0.208333,0.194444,0.020000,0.291515,0,0,0
37,5_2_6,seq_ABC,hard,1,S=0,7,0.000000,0.000000,0.000000,0.000000,0.000000,0.000000,0.095238,0.696220,0.526096,0.628076,nan,0.027778,0.013889,0.020000,0.168458,0,0,0
38,5_2_6,seq_ABC,hard,1,S=0,6,0.000000,0.000000,0.000000,0.000000,0.000000,0.000000,0.095238,0.688660,0.584401,0.186551,nan,0.048611,0.034722,0.020000,0.136053,0,0,0
39,5_2_6,seq_ABC,hard,1,S=0,6,0.000000,0.000000,0.000000,0.000000,0.000000,0.000000,0.095238,0.688660,0.584401,0.186551,nan,0.048611,0.034722,0.020000,0.136053,0,0,0
40,5_2_6,seq_ABC,hard,1,S=0,9,0.000000,0.000000,0.000000,0.000000,0.000000,0.000000,0.108844,0.677594,0.561693,0.509689,nan,0.048611,0.034722,0.020000,0.180902,0,0,0
41,5_2_6,seq_ABC,hard,1,S=0,7,0.000000,0.000000,0.000000,0.000000,0.000000,0.000000,0.095238,0.691403,0.613021,0.593532,nan,0.048611,0.034722,0.020000,0.147040,0,0,0
42,5_2_6,seq_ABC,hard,0,no_conv,,0.222222,0.000000,0.000000,,0.000000,0.000000,0.850340,0.838242,0.920692,0.664029,nan,0.708333,0.694444,0.020000,0.531638,6,5,6
43,5_2_6,seq_ABC,hard,1,S=0,11,0.000000,0.000000,0.000000,0.000000,0.000000,0.000000,0.163265,0.611911,0.587885,0.547198,nan,0.097222,0.083333,0.020000,0.232663,0,0,0
44,5_2_6,seq_ABC,hard,1,S=0,7,0.000000,0.000000,0.000000,0.000000,0.000000,0.000000,0.095238,0.696220,0.526096,0.628076,nan,0.027778,0.013889,0.020000,0.168458,0,0,0
45,5_2_6,seq_ABC,hard,1,S=0,13,0.000000,0.000000,0.000000,0.000000,0.000000,0.000000,0.163265,0.613312,0.603421,0.566237,nan,0.097222,0.083333,0.020000,0.252884,0,0,0
46,5_2_6,seq_ABC,hard,1,S=0,11,0.000000,0.000000,0.000000,0.000000,0.000000,0.000000,0.163265,0.611911,0.587885,0.547198,nan,0.097222,0.083333,0.020000,0.232663,0,0,0
47,5_2_6,seq_ABC,hard,1,S=0,6,0.000000,0.000000,0.000000,0.000000,0.000000,0.000000,0.095238,0.688660,0.584401,0.186551,nan,0.048611,0.034722,0.020000,0.136053,0,0,0
48,5_2_6,seq_ABC,hard,1,S=0,11,0.000000,0.000000,0.000000,0.000000,0.000000,0.000000,0.163265,0.611911,0.587885,0.547198,nan,0.097222,0.083333,0.020000,0.232663,0,0,0
49,5_2_6,seq_ABC,hard,1,S=0,19,0.000000,0.000000,0.000000,0.000000,0.000000,0.000000,0.353741,0.445002,0.643727,0.315276,nan,0.291667,0.277778,0.180000,0.317061,0,0,0
50,5_2_6,seq_ABC,hard,1,S=0,11,0.000000,0.000000,0.000000,0.000000,0.000000,0.000000,0.156463,0.626072,0.599444,0.551419,nan,0.090278,0.083333,0.020000,0.241309,0,0,0
51,5_2_6,seq_ABC,hard,1,S=0,7,0.000000,0.000000,0.000000,0.000000,0.000000,0.000000,0.095238,0.691403,0.613021,0.593532,nan,0.048611,0.034722,0.020000,0.147040,0,0,0
52,5_2_6,seq_ABC,hard,1,S=0,12,0.000000,0.000000,0.000000,0.000000,0.000000,0.000000,0.156463,0.619841,0.619520,0.549601,nan,0.097222,0.090278,0.020000,0.252377,0,0,0
53,5_2_6,seq_ABC,hard,1,S=0,7,0.000000,0.000000,0.000000,0.000000,0.000000,0.000000,0.095238,0.696220,0.526096,0.628076,nan,0.027778,0.013889,0.020000,0.168458,0,0,0
54,5_2_6,seq_ABC,hard,1,S=0,10,0.000000,0.000000,0.000000,0.000000,0.000000,0.000000,0.136054,0.632883,0.537267,0.521339,nan,0.062500,0.048611,0.020000,0.199603,0,0,0
55,5_2_6,seq_ABC,hard,1,S=0,14,0.000000,0.000000,0.000000,0.000000,0.000000,0.000000,0.163265,0.613824,0.603866,0.566675,nan,0.097222,0.083333,0.020000,0.261493,0,0,0
56,5_2_6,seq_ABC,hard,1,S=0,12,0.000000,0.000000,0.000000,0.000000,0.000000,0.000000,0.163265,0.612676,0.602865,0.548362,nan,0.097222,0.083333,0.020000,0.242524,0,0,0
57,5_2_6,seq_ABC,hard,1,S=0,8,0.000000,0.000000,0.000000,0.000000,0.000000,0.000000,0.108844,0.672807,0.585103,0.519593,nan,0.055556,0.041667,0.020000,0.164485,0,0,0
58,5_2_6,seq_ABC,hard,1,S=0,11,0.000000,0.000000,0.000000,0.000000,0.000000,0.000000,0.163265,0.611911,0.587885,0.547198,nan,0.097222,0.083333,0.020000,0.232663,0,0,0
59,5_2_6,seq_ABC,hard,1,S=0,12,0.000000,0.000000,0.000000,0.000000,0.000000,0.000000,0.163265,0.612676,0.602865,0.548362,nan,0.097222,0.083333,0.020000,0.242524,0,0,0
60,5_2_6,seq_ABC,hard,1,S=0,12,0.000000,0.000000,0.000000,0.000000,0.000000,0.000000,0.163265,0.612676,0.602865,0.548362,nan,0.097222,0.083333,0.020000,0.242524,0,0,0
61,5_2_6,seq_ABC,hard,1,S=0,11,0.000000,0.000000,0.000000,0.000000,0.000000,0.000000,0.163265,0.611911,0.587885,0.547198,nan,0.097222,0.083333,0.020000,0.232663,0,0,0
62,5_2_6,seq_ABC,hard,1,S=0,11,0.000000,0.000000,0.000000,0.000000,0.000000,0.000000,0.163265,0.611911,0.587885,0.547198,nan,0.097222,0.083333,0.020000,0.232663,0,0,0
63,5_2_6,seq_ABC,hard,1,S=0,10,0.000000,0.000000,0.000000,0.000000,0.000000,0.000000,0.136054,0.632883,0.537267,0.521339,nan,0.062500,0.048611,0.020000,0.199603,0,0,0
64,5_2_6,seq_ABC,hard,1,S=0,15,0.000000,0.000000,0.000000,0.000000,0.000000,0.000000,0.163265,0.614218,0.604206,0.583324,nan,0.097222,0.083333,0.020000,0.270494,0,0,0
65,5_2_6,seq_ABC,hard,1,S=0,7,0.000000,0.000000,0.000000,0.000000,0.000000,0.000000,0.095238,0.691403,0.613021,0.593532,nan,0.048611,0.034722,0.020000,0.147040,0,0,0
66,5_2_6,seq_ABC,hard,1,S=0,7,0.000000,0.000000,0.000000,0.000000,0.000000,0.000000,0.095238,0.691403,0.613021,0.593532,nan,0.048611,0.034722,0.020000,0.147040,0,0,0
67,5_2_6,seq_ABC,hard,1,S=0,7,0.000000,0.000000,0.000000,0.000000,0.000000,0.000000,0.095238,0.691403,0.613021,0.593532,nan,0.048611,0.034722,0.020000,0.147040,0,0,0
68,5_2_6,seq_ABC,hard,1,S=0,7,0.000000,0.000000,0.000000,0.000000,0.000000,0.000000,0.095238,0.691403,0.613021,0.593532,nan,0.048611,0.034722,0.020000,0.147040,0,0,0
69,5_2_6,seq_ABC,hard,1,S=0,11,0.000000,0.000000,0.000000,0.000000,0.000000,0.000000,0.163265,0.611911,0.587885,0.547198,nan,0.097222,0.083333,0.020000,0.232663,0,0,0
70,5_2_6,seq_ABC,hard,1,S=0,12,0.000000,0.000000,0.000000,0.000000,0.000000,0.000000,0.108844,0.689029,0.564140,0.486206,nan,0.048611,0.034722,0.020000,0.229080,0,0,0
71,5_2_6,seq_ABC,hard,1,S=0,15,0.000000,0.000000,0.000000,0.000000,0.000000,0.000000,0.272109,0.507748,0.626255,0.392622,nan,0.208333,0.194444,0.020000,0.291515,0,0,0
72,5_2_6,seq_ABC,hard,1,S=0,6,0.000000,0.000000,0.000000,0.000000,0.000000,0.000000,0.095238,0.688660,0.584401,0.186551,nan,0.048611,0.034722,0.020000,0.136053,0,0,0
73,5_2_6,seq_ABC,hard,0,no_conv,,0.222222,0.000000,0.000000,,0.000000,0.000000,0.850340,0.838242,0.920692,0.664029,nan,0.708333,0.694444,0.020000,0.531638,6,5,6
74,5_2_6,seq_ABC,hard,1,S=0,18,0.000000,0.000000,0.000000,0.000000,0.000000,0.000000,0.285714,0.494515,0.604125,0.328750,nan,0.208333,0.194444,0.020000,0.301104,0,0,0
75,5_2_6,seq_ABC,hard,1,S=0,6,0.000000,0.000000,0.000000,0.000000,0.000000,0.000000,0.095238,0.688660,0.584401,0.186551,nan,0.048611,0.034722,0.020000,0.136053,0,0,0
76,5_2_6,seq_ABC,hard,1,S=0,12,0.000000,0.000000,0.000000,0.000000,0.000000,0.000000,0.163265,0.612676,0.602865,0.548362,nan,0.097222,0.083333,0.020000,0.242524,0,0,0
77,5_2_6,seq_ABC,hard,1,S=0,12,0.000000,0.000000,0.000000,0.000000,0.000000,0.000000,0.163265,0.612676,0.602865,0.548362,nan,0.097222,0.083333,0.020000,0.242524,0,0,0
78,5_2_6,seq_ABC,hard,1,S=0,6,0.000000,0.000000,0.000000,0.000000,0.000000,0.000000,0.095238,0.688660,0.584401,0.186551,nan,0.048611,0.034722,0.020000,0.136053,0,0,0
79,5_2_6,seq_ABC,hard,1,S=0,11,0.000000,0.000000,0.000000,0.000000,0.000000,0.000000,0.163265,0.611911,0.587885,0.547198,nan,0.097222,0.083333,0.020000,0.232663,0,0,0
80,5_2_6,seq_ABC,hard,1,S=0,6,0.000000,0.000000,0.000000,0.000000,0.000000,0.000000,0.095238,0.688660,0.584401,0.186551,nan,0.048611,0.034722,0.020000,0.136053,0,0,0
81,5_2_6,seq_ABC,hard,1,S=0,11,0.000000,0.000000,0.000000,0.000000,0.000000,0.000000,0.163265,0.611911,0.587885,0.547198,nan,0.097222,0.083333,0.020000,0.232663,0,0,0
82,5_2_6,seq_ABC,hard,1,S=0,9,0.000000,0.000000,0.000000,0.000000,0.000000,0.000000,0.108844,0.677594,0.561693,0.509689,nan,0.048611,0.034722,0.020000,0.180902,0,0,0
83,5_2_6,seq_ABC,hard,1,S=0,13,0.000000,0.000000,0.000000,0.000000,0.000000,0.000000,0.163265,0.613312,0.603421,0.566237,nan,0.097222,0.083333,0.020000,0.252884,0,0,0
84,5_2_6,seq_ABC,hard,1,S=0,13,0.000000,0.000000,0.000000,0.000000,0.000000,0.000000,0.163265,0.613312,0.603421,0.566237,nan,0.097222,0.083333,0.020000,0.252884,0,0,0
85,5_2_6,seq_ABC,hard,1,S=0,7,0.000000,0.000000,0.000000,0.000000,0.000000,0.000000,0.095238,0.691403,0.613021,0.593532,nan,0.048611,0.034722,0.020000,0.147040,0,0,0
86,5_2_6,seq_ABC,hard,1,S=0,11,0.000000,0.000000,0.000000,0.000000,0.000000,0.000000,0.163265,0.611911,0.587885,0.547198,nan,0.097222,0.083333,0.020000,0.232663,0,0,0
87,5_2_6,seq_ABC,hard,1,S=0,6,0.000000,0.000000,0.000000,0.000000,0.000000,0.000000,0.095238,0.688660,0.584401,0.186551,nan,0.048611,0.034722,0.020000,0.136053,0,0,0
88,5_2_6,seq_ABC,hard,1,S=0,15,0.000000,0.000000,0.000000,0.000000,0.000000,0.000000,0.244898,0.528047,0.578295,0.366777,nan,0.166667,0.152778,0.020000,0.280404,0,0,0
89,5_2_6,seq_ABC,hard,1,S=0,13,0.000000,0.000000,0.000000,0.000000,0.000000,0.000000,0.163265,0.613312,0.603421,0.566237,nan,0.097222,0.083333,0.020000,0.252884,0,0,0
90,5_2_6,seq_ABC,hard,1,S=0,11,0.000000,0.000000,0.000000,0.000000,0.000000,0.000000,0.163265,0.611911,0.587885,0.547198,nan,0.097222,0.083333,0.020000,0.232663,0,0,0
91,5_2_6,seq_ABC,hard,0,no_conv,,0.222222,0.000000,0.000000,,0.000000,0.000000,0.850340,0.838242,0.920692,0.664029,nan,0.708333,0.694444,0.020000,0.531638,6,5,6
92,5_2_6,seq_ABC,hard,1,S=0,12,0.000000,0.000000,0.000000,0.000000,0.000000,0.000000,0.163265,0.612676,0.602865,0.548362,nan,0.097222,0.083333,0.020000,0.242524,0,0,0
93,5_2_6,seq_ABC,hard,1,S=0,11,0.000000,0.000000,0.000000,0.000000,0.000000,0.000000,0.163265,0.611911,0.587885,0.547198,nan,0.097222,0.083333,0.020000,0.232663,0,0,0
94,5_2_6,seq_ABC,hard,1,S=0,11,0.000000,0.000000,0.000000,0.000000,0.000000,0.000000,0.163265,0.611911,0.587885,0.547198,nan,0.097222,0.083333,0.020000,0.232663,0,0,0
95,5_2_6,seq_ABC,hard,1,S=0,17,0.000000,0.000000,0.000000,0.000000,0.000000,0.000000,0.312925,0.475997,0.635997,0.352177,nan,0.250000,0.236111,0.020000,0.306545,0,0,0
96,5_2_6,seq_ABC,hard,1,S=0,11,0.000000,0.000000,0.000000,0.000000,0.000000,0.000000,0.163265,0.611911,0.587885,0.547198,nan,0.097222,0.083333,0.020000,0.232663,0,0,0
97,5_2_6,seq_ABC,hard,1,S=0,12,0.000000,0.000000,0.000000,0.000000,0.000000,0.000000,0.156463,0.626929,0.615760,0.553124,nan,0.090278,0.083333,0.020000,0.252511,0,0,0
98,5_2_6,seq_ABC,hard,1,S=0,14,0.000000,0.000000,0.000000,0.000000,0.000000,0.000000,0.163265,0.613824,0.603866,0.566675,nan,0.097222,0.083333,0.020000,0.261493,0,0,0
99,5_2_6,seq_ABC,hard,1,S=0,19,0.000000,0.000000,0.000000,0.000000,0.000000,0.000000,0.353741,0.445002,0.643727,0.315276,nan,0.291667,0.277778,0.180000,0.317061,0,0,0
100,5_2_6,seq_ABC,hard,1,S=0,11,0.000000,0.000000,0.000000,0.000000,0.000000,0.000000,0.163265,0.611911,0.587885,0.547198,nan,0.097222,0.083333,0.020000,0.232663,0,0,0
101,5_2_6,seq_ABC,hard,1,S=0,7,0.000000,0.000000,0.000000,0.000000,0.000000,0.000000,0.095238,0.696220,0.526096,0.628076,nan,0.027778,0.013889,0.020000,0.168458,0,0,0
102,5_2_6,seq_ABC,hard,1,S=0,6,0.000000,0.000000,0.000000,0.000000,0.000000,0.000000,0.095238,0.688660,0.584401,0.186551,nan,0.048611,0.034722,0.020000,0.136053,0,0,0
103,5_2_6,seq_ABC,hard,1,S=0,10,0.000000,0.000000,0.000000,0.000000,0.000000,0.000000,0.108844,0.681875,0.562383,0.565857,nan,0.048611,0.034722,0.020000,0.197912,0,0,0
104,5_2_6,seq_ABC,hard,1,S=0,11,0.000000,0.000000,0.000000,0.000000,0.000000,0.000000,0.163265,0.611911,0.587885,0.547198,nan,0.097222,0.083333,0.020000,0.232663,0,0,0
105,5_2_6,seq_ABC,hard,1,S=0,11,0.000000,0.000000,0.000000,0.000000,0.000000,0.000000,0.163265,0.611911,0.587885,0.547198,nan,0.097222,0.083333,0.020000,0.232663,0,0,0
106,5_2_6,seq_ABC,hard,1,S=0,7,0.000000,0.000000,0.000000,0.000000,0.000000,0.000000,0.095238,0.691403,0.613021,0.593532,nan,0.048611,0.034722,0.020000,0.147040,0,0,0
107,5_2_6,seq_ABC,hard,1,S=0,11,0.000000,0.000000,0.000000,0.000000,0.000000,0.000000,0.163265,0.611911,0.587885,0.547198,nan,0.097222,0.083333,0.020000,0.232663,0,0,0
108,5_2_6,seq_ABC,hard,1,S=0,11,0.000000,0.000000,0.000000,0.000000,0.000000,0.000000,0.163265,0.611911,0.587885,0.547198,nan,0.097222,0.083333,0.020000,0.232663,0,0,0
109,5_2_6,seq_ABC,hard,1,S=0,6,0.000000,0.000000,0.000000,0.000000,0.000000,0.000000,0.095238,0.688660,0.584401,0.186551,nan,0.048611,0.034722,0.020000,0.136053,0,0,0
110,5_2_6,seq_ABC,hard,1,S=0,12,0.000000,0.000000,0.000000,0.000000,0.000000,0.000000,0.163265,0.612676,0.602865,0.548362,nan,0.097222,0.083333,0.020000,0.242524,0,0,0
111,5_2_6,seq_ABC,hard,1,S=0,7,0.000000,0.000000,0.000000,0.000000,0.000000,0.000000,0.095238,0.696220,0.526096,0.628076,nan,0.027778,0.013889,0.020000,0.168458,0,0,0
112,5_2_6,seq_ABC,hard,0,no_conv,,0.222222,0.000000,0.000000,,0.000000,0.000000,0.850340,0.838242,0.920692,0.664029,nan,0.708333,0.694444,0.020000,0.531638,6,5,6
113,5_2_6,seq_ABC,hard,1,S=0,12,0.000000,0.000000,0.000000,0.000000,0.000000,0.000000,0.156463,0.626929,0.615760,0.553124,nan,0.090278,0.083333,0.020000,0.252511,0,0,0
114,5_2_6,seq_ABC,hard,1,S=0,19,0.000000,0.000000,0.000000,0.000000,0.000000,0.000000,0.353741,0.445002,0.643727,0.315276,nan,0.291667,0.277778,0.180000,0.317061,0,0,0
115,5_2_6,seq_ABC,hard,1,S=0,7,0.000000,0.000000,0.000000,0.000000,0.000000,0.000000,0.095238,0.696220,0.526096,0.628076,nan,0.027778,0.013889,0.020000,0.168458,0,0,0
116,5_2_6,seq_ABC,hard,0,no_conv,,0.222222,0.000000,0.000000,,0.000000,0.000000,0.850340,0.838242,0.920692,0.664029,nan,0.708333,0.694444,0.020000,0.531638,6,5,6
117,5_2_6,seq_ABC,hard,1,S=0,11,0.000000,0.000000,0.000000,0.000000,0.000000,0.000000,0.163265,0.611911,0.587885,0.547198,nan,0.097222,0.083333,0.020000,0.232663,0,0,0
118,5_2_6,seq_ABC,hard,1,S=0,11,0.000000,0.000000,0.000000,0.000000,0.000000,0.000000,0.163265,0.611911,0.587885,0.547198,nan,0.097222,0.083333,0.020000,0.232663,0,0,0
119,5_2_6,seq_ABC,hard,1,S=0,18,0.000000,0.000000,0.000000,0.000000,0.000000,0.000000,0.285714,0.432813,0.486398,0.397103,nan,0.201389,0.194444,0.020000,0.272632,0,0,0
120,5_2_6,seq_ABC,hard,1,S=0,10,0.000000,0.000000,0.000000,0.000000,0.000000,0.000000,0.136054,0.632883,0.537267,0.521339,nan,0.062500,0.048611,0.020000,0.199603,0,0,0
121,5_2_6,seq_ABC,hard,1,S=0,11,0.000000,0.000000,0.000000,0.000000,0.000000,0.000000,0.163265,0.611911,0.587885,0.547198,nan,0.097222,0.083333,0.020000,0.232663,0,0,0
122,5_2_6,seq_ABC,hard,1,S=0,7,0.000000,0.000000,0.000000,0.000000,0.000000,0.000000,0.095238,0.696220,0.526096,0.628076,nan,0.027778,0.013889,0.020000,0.168458,0,0,0
123,5_2_6,seq_ABC,hard,1,S=0,7,0.000000,0.000000,0.000000,0.000000,0.000000,0.000000,0.095238,0.691403,0.613021,0.593532,nan,0.048611,0.034722,0.020000,0.147040,0,0,0
124,5_2_6,seq_ABC,hard,1,S=0,11,0.000000,0.000000,0.000000,0.000000,0.000000,0.000000,0.163265,0.611911,0.587885,0.547198,nan,0.097222,0.083333,0.020000,0.232663,0,0,0
125,5_2_6,seq_ABC,hard,1,S=0,19,0.000000,0.000000,0.000000,0.000000,0.000000,0.000000,0.353741,0.445002,0.643727,0.315276,nan,0.291667,0.277778,0.180000,0.317061,0,0,0
126,5_2_6,seq_ABC,hard,1,S=0,11,0.000000,0.000000,0.000000,0.000000,0.000000,0.000000,0.163265,0.611911,0.587885,0.547198,nan,0.097222,0.083333,0.020000,0.232663,0,0,0
127,5_2_6,seq_ABC,hard,1,S=0,6,0.000000,0.000000,0.000000,0.000000,0.000000,0.000000,0.095238,0.688660,0.584401,0.186551,nan,0.048611,0.034722,0.020000,0.136053,0,0,0
128,5_2_6,seq_ABC,hard,1,S=0,7,0.000000,0.000000,0.000000,0.000000,0.000000,0.000000,0.095238,0.696220,0.526096,0.628076,nan,0.027778,0.013889,0.020000,0.168458,0,0,0
129,5_2_6,seq_ABC,hard,1,S=0,6,0.000000,0.000000,0.000000,0.000000,0.000000,0.000000,0.095238,0.688660,0.584401,0.186551,nan,0.048611,0.034722,0.020000,0.136053,0,0,0
130,5_2_6,seq_ABC,hard,1,S=0,12,0.000000,0.000000,0.000000,0.000000,0.000000,0.000000,0.163265,0.612676,0.602865,0.548362,nan,0.097222,0.083333,0.020000,0.242524,0,0,0
131,5_2_6,seq_ABC,hard,1,S=0,13,0.000000,0.000000,0.000000,0.000000,0.000000,0.000000,0.163265,0.613312,0.603421,0.566237,nan,0.097222,0.083333,0.020000,0.252884,0,0,0
132,5_2_6,seq_ABC,hard,1,S=0,13,0.000000,0.000000,0.000000,0.000000,0.000000,0.000000,0.163265,0.613312,0.603421,0.566237,nan,0.097222,0.083333,0.020000,0.252884,0,0,0
133,5_2_6,seq_ABC,hard,1,S=0,7,0.000000,0.000000,0.000000,0.000000,0.000000,0.000000,0.095238,0.691403,0.613021,0.593532,nan,0.048611,0.034722,0.020000,0.147040,0,0,0
134,5_2_6,seq_ABC,hard,1,S=0,6,0.000000,0.000000,0.000000,0.000000,0.000000,0.000000,0.095238,0.688660,0.584401,0.186551,nan,0.048611,0.034722,0.020000,0.136053,0,0,0
135,5_2_6,seq_ABC,hard,1,S=0,11,0.000000,0.000000,0.000000,0.000000,0.000000,0.000000,0.163265,0.611911,0.587885,0.547198,nan,0.097222,0.083333,0.020000,0.232663,0,0,0
136,5_2_6,seq_ABC,hard,1,S=0,6,0.000000,0.000000,0.000000,0.000000,0.000000,0.000000,0.095238,0.688660,0.584401,0.186551,nan,0.048611,0.034722,0.020000,0.136053,0,0,0
137,5_2_6,seq_ABC,hard,1,S=0,6,0.000000,0.000000,0.000000,0.000000,0.000000,0.000000,0.095238,0.688660,0.584401,0.186551,nan,0.048611,0.034722,0.020000,0.136053,0,0,0
138,5_2_6,seq_ABC,hard,1,S=0,7,0.000000,0.000000,0.000000,0.000000,0.000000,0.000000,0.095238,0.696220,0.526096,0.628076,nan,0.027778,0.013889,0.020000,0.168458,0,0,0
139,5_2_6,seq_ABC,hard,1,S=0,12,0.000000,0.000000,0.000000,0.000000,0.000000,0.000000,0.163265,0.612676,0.602865,0.548362,nan,0.097222,0.083333,0.020000,0.242524,0,0,0
140,5_2_6,seq_ABC,hard,1,S=0,12,0.000000,0.000000,0.000000,0.000000,0.000000,0.000000,0.163265,0.612676,0.602865,0.548362,nan,0.097222,0.083333,0.020000,0.242524,0,0,0
141,5_2_6,seq_ABC,hard,1,S=0,12,0.000000,0.000000,0.000000,0.000000,0.000000,0.000000,0.163265,0.612676,0.602865,0.548362,nan,0.097222,0.083333,0.020000,0.242524,0,0,0
142,5_2_6,seq_ABC,hard,1,S=0,12,0.000000,0.000000,0.000000,0.000000,0.000000,0.000000,0.163265,0.612676,0.602865,0.548362,nan,0.097222,0.083333,0.020000,0.242524,0,0,0
143,5_2_6,seq_ABC,hard,1,S=0,7,0.000000,0.000000,0.000000,0.000000,0.000000,0.000000,0.095238,0.691403,0.613021,0.593532,nan,0.048611,0.034722,0.020000,0.147040,0,0,0
144,5_2_6,seq_ABC,hard,1,S=0,11,0.000000,0.000000,0.000000,0.000000,0.000000,0.000000,0.163265,0.611911,0.587885,0.547198,nan,0.097222,0.083333,0.020000,0.232663,0,0,0
145,5_2_6,seq_ABC,hard,1,S=0,11,0.000000,0.000000,0.000000,0.000000,0.000000,0.000000,0.163265,0.611911,0.587885,0.547198,nan,0.097222,0.083333,0.020000,0.232663,0,0,0
146,5_2_6,seq_ABC,hard,1,S=0,19,0.000000,0.000000,0.000000,0.000000,0.000000,0.000000,0.353741,0.445002,0.643727,0.315276,nan,0.291667,0.277778,0.180000,0.317061,0,0,0
147,5_2_6,seq_ABC,hard,1,S=0,6,0.000000,0.000000,0.000000,0.000000,0.000000,0.000000,0.095238,0.688660,0.584401,0.186551,nan,0.048611,0.034722,0.020000,0.136053,0,0,0
148,5_2_6,seq_ABC,hard,1,S=0,19,0.000000,0.000000,0.000000,0.000000,0.000000,0.000000,0.353741,0.445002,0.643727,0.315276,nan,0.291667,0.277778,0.180000,0.317061,0,0,0
149,5_2_6,seq_ABC,hard,1,S=0,11,0.000000,0.000000,0.000000,0.000000,0.000000,0.000000,0.163265,0.611911,0.587885,0.547198,nan,0.097222,0.083333,0.020000,0.232663,0,0,0
150,5_2_6,seq_ABC,hard,1,S=0,12,0.000000,0.000000,0.000000,0.000000,0.000000,0.000000,0.163265,0.612676,0.602865,0.548362,nan,0.097222,0.083333,0.020000,0.242524,0,0,0
151,5_2_6,seq_ABC,hard,1,S=0,7,0.000000,0.000000,0.000000,0.000000,0.000000,0.000000,0.095238,0.696220,0.526096,0.628076,nan,0.027778,0.013889,0.020000,0.168458,0,0,0
152,5_2_6,seq_ABC,hard,1,S=0,7,0.000000,0.000000,0.000000,0.000000,0.000000,0.000000,0.095238,0.696220,0.526096,0.628076,nan,0.027778,0.013889,0.020000,0.168458,0,0,0
153,5_2_6,seq_ABC,hard,1,S=0,7,0.000000,0.000000,0.000000,0.000000,0.000000,0.000000,0.095238,0.696220,0.526096,0.628076,nan,0.027778,0.013889,0.020000,0.168458,0,0,0
154,5_2_6,seq_ABC,hard,1,S=0,11,0.000000,0.000000,0.000000,0.000000,0.000000,0.000000,0.163265,0.611911,0.587885,0.547198,nan,0.097222,0.083333,0.020000,0.232663,0,0,0
155,5_2_6,seq_ABC,hard,1,S=0,7,0.000000,0.000000,0.000000,0.000000,0.000000,0.000000,0.095238,0.691403,0.613021,0.593532,nan,0.048611,0.034722,0.020000,0.147040,0,0,0
156,5_2_6,seq_ABC,hard,1,S=0,6,0.000000,0.000000,0.000000,0.000000,0.000000,0.000000,0.095238,0.688660,0.584401,0.186551,nan,0.048611,0.034722,0.020000,0.136053,0,0,0
157,5_2_6,seq_ABC,hard,1,S=0,13,0.000000,0.000000,0.000000,0.000000,0.000000,0.000000,0.163265,0.613312,0.603421,0.566237,nan,0.097222,0.083333,0.020000,0.252884,0,0,0
158,5_2_6,seq_ABC,hard,1,S=0,11,0.000000,0.000000,0.000000,0.000000,0.000000,0.000000,0.163265,0.611911,0.587885,0.547198,nan,0.097222,0.083333,0.020000,0.232663,0,0,0
159,5_2_6,seq_ABC,hard,1,S=0,19,0.000000,0.000000,0.000000,0.000000,0.000000,0.000000,0.326531,0.462608,0.603919,0.294266,nan,0.250000,0.236111,0.180000,0.305156,0,0,0
160,5_2_6,seq_ABC,hard,1,S=0,7,0.000000,0.000000,0.000000,0.000000,0.000000,0.000000,0.095238,0.696220,0.526096,0.628076,nan,0.027778,0.013889,0.020000,0.168458,0,0,0
161,5_2_6,seq_ABC,hard,1,S=0,13,0.000000,0.000000,0.000000,0.000000,0.000000,0.000000,0.163265,0.613312,0.603421,0.566237,nan,0.097222,0.083333,0.020000,0.252884,0,0,0
162,5_2_6,seq_ABC,hard,1,S=0,11,0.000000,0.000000,0.000000,0.000000,0.000000,0.000000,0.163265,0.611911,0.587885,0.547198,nan,0.097222,0.083333,0.020000,0.232663,0,0,0
163,5_2_6,seq_ABC,hard,1,S=0,12,0.000000,0.000000,0.000000,0.000000,0.000000,0.000000,0.163265,0.612676,0.602865,0.548362,nan,0.097222,0.083333,0.020000,0.242524,0,0,0
164,5_2_6,seq_ABC,hard,1,S=0,10,0.000000,0.000000,0.000000,0.000000,0.000000,0.000000,0.136054,0.632883,0.537267,0.521339,nan,0.062500,0.048611,0.020000,0.199603,0,0,0
165,5_2_6,seq_ABC,hard,1,S=0,19,0.000000,0.000000,0.000000,0.000000,0.000000,0.000000,0.353741,0.445002,0.643727,0.315276,nan,0.291667,0.277778,0.180000,0.317061,0,0,0
166,5_2_6,seq_ABC,hard,1,S=0,11,0.000000,0.000000,0.000000,0.000000,0.000000,0.000000,0.163265,0.611911,0.587885,0.547198,nan,0.097222,0.083333,0.020000,0.232663,0,0,0
167,5_2_6,seq_ABC,hard,1,S=0,16,0.000000,0.000000,0.000000,0.000000,0.000000,0.000000,0.163265,0.614497,0.604443,0.583261,nan,0.097222,0.083333,0.020000,0.277426,0,0,0
168,5_2_6,seq_ABC,hard,1,S=0,11,0.000000,0.000000,0.000000,0.000000,0.000000,0.000000,0.163265,0.611911,0.587885,0.547198,nan,0.097222,0.083333,0.020000,0.232663,0,0,0
169,5_2_6,seq_ABC,hard,1,S=0,11,0.000000,0.000000,0.000000,0.000000,0.000000,0.000000,0.163265,0.611911,0.587885,0.547198,nan,0.097222,0.083333,0.020000,0.232663,0,0,0
170,5_2_6,seq_ABC,hard,1,S=0,13,0.000000,0.000000,0.000000,0.000000,0.000000,0.000000,0.163265,0.613312,0.603421,0.566237,nan,0.097222,0.083333,0.020000,0.252884,0,0,0
171,5_2_6,seq_ABC,hard,0,no_conv,,0.222222,0.000000,0.000000,,0.000000,0.000000,0.952381,-0.282577,0.663256,-0.532259,nan,0.909722,0.895833,0.500000,0.436478,1,0,1
172,5_2_6,seq_ABC,hard,1,S=0,12,0.000000,0.000000,0.000000,0.000000,0.000000,0.000000,0.163265,0.612676,0.602865,0.548362,nan,0.097222,0.083333,0.020000,0.242524,0,0,0
173,5_2_6,seq_ABC,hard,1,S=0,6,0.000000,0.000000,0.000000,0.000000,0.000000,0.000000,0.095238,0.688660,0.584401,0.186551,nan,0.048611,0.034722,0.020000,0.136053,0,0,0
174,5_2_6,seq_ABC,hard,1,S=0,11,0.000000,0.000000,0.000000,0.000000,0.000000,0.000000,0.163265,0.611911,0.587885,0.547198,nan,0.097222,0.083333,0.020000,0.232663,0,0,0
175,5_2_6,seq_ABC,hard,1,S=0,17,0.000000,0.000000,0.000000,0.000000,0.000000,0.000000,0.312925,0.475997,0.635997,0.352177,nan,0.250000,0.236111,0.020000,0.306545,0,0,0
176,5_2_6,seq_ABC,hard,1,S=0,12,0.000000,0.000000,0.000000,0.000000,0.000000,0.000000,0.095238,0.700732,0.622211,0.776756,nan,0.048611,0.034722,0.020000,0.200417,0,0,0
177,5_2_6,seq_ABC,hard,1,S=0,19,0.000000,0.000000,0.000000,0.000000,0.000000,0.000000,0.346939,0.454189,0.654729,0.320959,nan,0.284722,0.277778,0.180000,0.330676,0,0,0
178,5_2_6,seq_ABC,hard,1,S=0,11,0.000000,0.000000,0.000000,0.000000,0.000000,0.000000,0.163265,0.611911,0.587885,0.547198,nan,0.097222,0.083333,0.020000,0.232663,0,0,0
179,5_2_6,seq_ABC,hard,1,S=0,12,0.000000,0.000000,0.000000,0.000000,0.000000,0.000000,0.163265,0.612676,0.602865,0.548362,nan,0.097222,0.083333,0.020000,0.242524,0,0,0
180,5_2_6,seq_ABC,hard,1,S=0,14,0.000000,0.000000,0.000000,0.000000,0.000000,0.000000,0.163265,0.613824,0.603866,0.566675,nan,0.097222,0.083333,0.020000,0.261493,0,0,0
181,5_2_6,seq_ABC,hard,0,no_conv,,0.222222,0.000000,0.000000,,0.000000,0.000000,0.857143,0.692309,0.866466,0.478705,nan,0.743056,0.729167,0.020000,0.418407,5,4,5
182,5_2_6,seq_ABC,hard,1,S=0,7,0.000000,0.000000,0.000000,0.000000,0.000000,0.000000,0.095238,0.696220,0.526096,0.628076,nan,0.027778,0.013889,0.020000,0.168458,0,0,0
183,5_2_6,seq_ABC,hard,1,S=0,7,0.000000,0.000000,0.000000,0.000000,0.000000,0.000000,0.095238,0.691403,0.613021,0.593532,nan,0.048611,0.034722,0.020000,0.147040,0,0,0
184,5_2_6,seq_ABC,hard,1,S=0,6,0.000000,0.000000,0.000000,0.000000,0.000000,0.000000,0.095238,0.688660,0.584401,0.186551,nan,0.048611,0.034722,0.020000,0.136053,0,0,0
185,5_2_6,seq_ABC,hard,1,S=0,11,0.000000,0.000000,0.000000,0.000000,0.000000,0.000000,0.163265,0.611911,0.587885,0.547198,nan,0.097222,0.083333,0.020000,0.232663,0,0,0
186,5_2_6,seq_ABC,hard,1,S=0,6,0.000000,0.000000,0.000000,0.000000,0.000000,0.000000,0.095238,0.688660,0.584401,0.186551,nan,0.048611,0.034722,0.020000,0.136053,0,0,0
187,5_2_6,seq_ABC,hard,1,S=0,8,0.000000,0.000000,0.000000,0.000000,0.000000,0.000000,0.108844,0.672807,0.585103,0.519593,nan,0.055556,0.041667,0.020000,0.164485,0,0,0
188,5_2_6,seq_ABC,hard,1,S=0,11,0.000000,0.000000,0.000000,0.000000,0.000000,0.000000,0.163265,0.611911,0.587885,0.547198,nan,0.097222,0.083333,0.020000,0.232663,0,0,0
189,5_2_6,seq_ABC,hard,1,S=0,11,0.000000,0.000000,0.000000,0.000000,0.000000,0.000000,0.163265,0.611911,0.587885,0.547198,nan,0.097222,0.083333,0.020000,0.232663,0,0,0
190,5_2_6,seq_ABC,hard,1,S=0,11,0.000000,0.000000,0.000000,0.000000,0.000000,0.000000,0.163265,0.611911,0.587885,0.547198,nan,0.097222,0.083333,0.020000,0.232663,0,0,0
191,5_2_6,seq_ABC,hard,1,S=0,11,0.000000,0.000000,0.000000,0.000000,0.000000,0.000000,0.163265,0.611911,0.587885,0.547198,nan,0.097222,0.083333,0.020000,0.232663,0,0,0
192,5_2_6,seq_ABC,hard,1,S=0,11,0.000000,0.000000,0.000000,0.000000,0.000000,0.000000,0.163265,0.611911,0.587885,0.547198,nan,0.097222,0.083333,0.020000,0.232663,0,0,0
193,5_2_6,seq_ABC,hard,1,S=0,13,0.000000,0.000000,0.000000,0.000000,0.000000,0.000000,0.163265,0.613312,0.603421,0.566237,nan,0.097222,0.083333,0.020000,0.252884,0,0,0
194,5_2_6,seq_ABC,hard,1,S=0,11,0.000000,0.000000,0.000000,0.000000,0.000000,0.000000,0.163265,0.611911,0.587885,0.547198,nan,0.097222,0.083333,0.020000,0.232663,0,0,0
195,5_2_6,seq_ABC,hard,1,S=0,9,0.000000,0.000000,0.000000,0.000000,0.000000,0.000000,0.108844,0.677594,0.561693,0.509689,nan,0.048611,0.034722,0.020000,0.180902,0,0,0
196,5_2_6,seq_ABC,hard,1,S=0,19,0.000000,0.000000,0.000000,0.000000,0.000000,0.000000,0.326531,0.462608,0.603919,0.294266,nan,0.250000,0.236111,0.180000,0.305156,0,0,0
197,5_2_6,seq_ABC,hard,1,S=0,11,0.000000,0.000000,0.000000,0.000000,0.000000,0.000000,0.163265,0.611911,0.587885,0.547198,nan,0.097222,0.083333,0.020000,0.232663,0,0,0
198,5_2_6,seq_ABC,hard,1,S=0,19,0.000000,0.000000,0.000000,0.000000,0.000000,0.000000,0.353741,0.445002,0.643727,0.315276,nan,0.291667,0.277778,0.180000,0.317061,0,0,0
199,5_2_6,seq_ABC,hard,1,S=0,10,0.000000,0.000000,0.000000,0.000000,0.000000,0.000000,0.136054,0.632883,0.537267,0.521339,nan,0.062500,0.048611,0.020000,0.199603,0,0,0
0,5_2_6,seq_ABC,smooth,1,S=0,42,0.000000,0.000000,0.000000,0.000000,0.806324,0.344662,0.340136,0.685640,0.530460,-0.044095,nan,0.104167,0.097222,0.053333,0.198823,0,0,0
1,5_2_6,seq_ABC,smooth,1,S=0,48,0.000000,0.000000,0.000000,0.000000,0.806324,0.344662,0.625850,0.881981,0.803717,0.491083,nan,0.201389,0.194444,0.033333,0.679096,0,0,0
2,5_2_6,seq_ABC,smooth,0,no_conv,,4.666667,0.000000,0.000000,,0.806324,0.344662,0.734694,0.715445,0.468084,-0.004509,nan,0.250000,0.243056,0.046667,0.321703,2,6,1
3,5_2_6,seq_ABC,smooth,0,no_conv,,0.222222,0.000000,0.000000,,0.806324,0.344662,0.435374,0.713749,0.584587,0.245359,nan,0.131944,0.125000,0.026667,0.290777,1,0,0
4,5_2_6,seq_ABC,smooth,1,S=0,49,0.000000,0.000000,0.000000,0.000000,0.806324,0.344662,0.292517,0.520173,0.269224,-0.077070,nan,0.083333,0.083333,0.073333,0.165888,0,0,0
5,5_2_6,seq_ABC,smooth,0,no_conv,,0.666667,0.000000,0.000000,,0.806324,0.344662,0.632653,0.788344,0.662218,0.359279,nan,0.236111,0.236111,0.026667,0.554864,2,3,1
6,5_2_6,seq_ABC,smooth,0,no_conv,,0.222222,0.000000,0.000000,,0.806324,0.344662,0.299320,0.618306,0.499165,0.572666,nan,0.125000,0.118056,0.020000,0.339865,1,0,0
7,5_2_6,seq_ABC,smooth,0,no_conv,,0.222222,0.000000,0.000000,,0.806324,0.344662,0.578231,0.697330,0.562488,0.280340,nan,0.229167,0.222222,0.033333,0.440064,1,0,0
8,5_2_6,seq_ABC,smooth,0,no_conv,,1.555556,0.000000,0.000000,,0.806324,0.344662,0.585034,0.694632,0.541197,0.258441,nan,0.187500,0.180556,0.026667,0.329580,3,4,6
9,5_2_6,seq_ABC,smooth,0,no_conv,,0.222222,0.000000,0.000000,,0.806324,0.344662,0.292517,0.708466,0.573021,0.348469,nan,0.083333,0.083333,0.033333,0.279282,0,1,0
10,5_2_6,seq_ABC,smooth,0,no_conv,,1.555556,0.000000,0.000000,,0.806324,0.344662,0.523810,0.734702,0.587402,0.182824,nan,0.159722,0.152778,0.046667,0.405049,4,2,1
11,5_2_6,seq_ABC,smooth,0,no_conv,,3.555556,0.000000,0.000000,,0.806324,0.344662,0.639456,0.786750,0.670692,0.328299,nan,0.236111,0.222222,0.026667,0.390335,4,4,0
12,5_2_6,seq_ABC,smooth,1,S=0,47,0.000000,0.000000,0.000000,0.000000,0.806324,0.344662,0.278912,0.401009,0.158659,0.045775,nan,0.111111,0.111111,0.060000,0.125060,0,0,0
13,5_2_6,seq_ABC,smooth,0,no_conv,,0.222222,0.000000,0.000000,,0.806324,0.344662,0.585034,0.870476,0.809254,0.549126,nan,0.215278,0.201389,0.020000,0.638106,0,1,0
14,5_2_6,seq_ABC,smooth,0,no_conv,,0.222222,0.000000,0.000000,,0.806324,0.344662,0.306122,0.544671,0.208302,0.051601,nan,0.083333,0.083333,0.060000,0.190185,1,0,0
15,5_2_6,seq_ABC,smooth,0,no_conv,,2.000000,0.000000,0.000000,,0.806324,0.344662,0.401361,0.701786,0.624987,0.402191,nan,0.180556,0.173611,0.020000,0.428210,0,0,3
16,5_2_6,seq_ABC,smooth,1,S=0,49,0.000000,0.000000,0.000000,0.000000,0.806324,0.344662,0.387755,0.435513,0.047637,-0.018330,nan,0.138889,0.138889,0.126667,0.177714,0,0,0
17,5_2_6,seq_ABC,smooth,0,no_conv,,0.222222,0.000000,0.000000,,0.806324,0.344662,0.292517,0.832701,0.819616,0.687368,nan,0.104167,0.090278,0.020000,0.427957,1,0,0
18,5_2_6,seq_ABC,smooth,0,no_conv,,0.222222,0.000000,0.000000,,0.806324,0.344662,0.537415,0.660229,0.586689,0.251379,nan,0.208333,0.194444,0.033333,0.327571,1,0,1
19,5_2_6,seq_ABC,smooth,1,S=8,49,0.000000,0.000000,0.000000,0.000000,0.806324,0.344662,0.625850,0.861294,0.783242,0.563477,nan,0.250000,0.236111,0.026667,0.513980,8,8,8
20,5_2_6,seq_ABC,smooth,1,S=0,39,0.000000,0.000000,0.000000,0.000000,0.806324,0.344662,0.244898,0.658103,0.611066,0.389603,nan,0.104167,0.097222,0.033333,0.250813,0,0,0
21,5_2_6,seq_ABC,smooth,0,no_conv,,0.222222,0.000000,0.000000,,0.806324,0.344662,0.653061,0.766319,0.568972,0.172643,nan,0.201389,0.201389,0.020000,0.313985,3,2,2
22,5_2_6,seq_ABC,smooth,0,no_conv,,0.888889,0.000000,0.000000,,0.806324,0.344662,0.401361,0.730253,0.599896,0.186005,nan,0.125000,0.118056,0.020000,0.422413,2,0,2
23,5_2_6,seq_ABC,smooth,1,other_conv,49,0.000000,0.000000,0.000000,0.000000,0.806324,0.344662,0.625850,0.831525,0.732394,0.459837,nan,0.236111,0.229167,0.020000,0.505262,4,4,4
24,5_2_6,seq_ABC,smooth,0,no_conv,,0.666667,0.000000,0.000000,,0.806324,0.344662,0.333333,0.688128,0.496822,0.230282,nan,0.097222,0.083333,0.026667,0.286419,0,1,2
25,5_2_6,seq_ABC,smooth,0,no_conv,,0.222222,0.000000,0.000000,,0.806324,0.344662,0.258503,0.473440,0.232112,-0.058143,nan,0.090278,0.090278,0.066667,0.166339,0,1,0
26,5_2_6,seq_ABC,smooth,1,S=0,45,0.000000,0.000000,0.000000,0.000000,0.806324,0.344662,0.333333,0.543205,0.375590,0.152577,nan,0.111111,0.104167,0.046667,0.215161,0,0,0
27,5_2_6,seq_ABC,smooth,1,S=0,49,0.000000,0.000000,0.000000,0.000000,0.806324,0.344662,0.367347,0.425978,0.363156,0.052402,nan,0.180556,0.166667,0.020000,0.172978,0,0,0
28,5_2_6,seq_ABC,smooth,0,no_conv,,0.666667,0.000000,0.000000,,0.806324,0.344662,0.503401,0.798667,0.687784,0.522750,nan,0.201389,0.194444,0.020000,0.498856,2,0,1
29,5_2_6,seq_ABC,smooth,1,S=0,49,0.000000,0.000000,0.000000,0.000000,0.806324,0.344662,0.496599,0.673202,0.564933,0.401929,nan,0.222222,0.208333,0.026667,0.299373,0,0,0
30,5_2_6,seq_ABC,smooth,1,S=0,49,0.000000,0.000000,0.000000,0.000000,0.806324,0.344662,0.693878,0.719426,0.609264,0.228591,nan,0.333333,0.326389,0.020000,0.378657,0,0,0
31,5_2_6,seq_ABC,smooth,0,no_conv,,0.666667,0.000000,0.000000,,0.806324,0.344662,0.333333,0.634790,0.522899,0.336649,nan,0.118056,0.111111,0.020000,0.281032,0,2,1
32,5_2_6,seq_ABC,smooth,0,no_conv,,0.222222,0.000000,0.000000,,0.806324,0.344662,0.530612,0.663230,0.565470,0.253367,nan,0.222222,0.208333,0.020000,0.354059,1,0,0
33,5_2_6,seq_ABC,smooth,0,no_conv,,0.666667,0.000000,0.000000,,0.806324,0.344662,0.367347,0.681579,0.579954,0.298225,nan,0.125000,0.111111,0.020000,0.474345,2,1,0
34,5_2_6,seq_ABC,smooth,0,no_conv,,0.222222,0.000000,0.000000,,0.806324,0.344662,0.285714,0.604251,0.503417,0.112744,nan,0.111111,0.104167,0.053333,0.199537,0,1,1
35,5_2_6,seq_ABC,smooth,1,other_conv,49,0.000000,0.000000,0.000000,0.000000,0.806324,0.344662,0.333333,0.545470,0.459574,0.310492,nan,0.125000,0.111111,0.073333,0.272025,1,1,1
36,5_2_6,seq_ABC,smooth,1,S=0,47,0.000000,0.000000,0.000000,0.000000,0.806324,0.344662,0.353741,0.551061,0.301355,0.002756,nan,0.138889,0.131944,0.060000,0.194228,0,0,0
37,5_2_6,seq_ABC,smooth,1,S=0,49,0.000000,0.000000,0.000000,0.000000,0.806324,0.344662,0.380952,0.574755,0.487497,0.355432,nan,0.159722,0.152778,0.020000,0.376031,0,0,0
38,5_2_6,seq_ABC,smooth,0,no_conv,,0.222222,0.000000,0.000000,,0.806324,0.344662,0.278912,0.737610,0.654307,0.474350,nan,0.097222,0.090278,0.020000,0.355550,0,0,1
39,5_2_6,seq_ABC,smooth,1,S=0,45,0.000000,0.000000,0.000000,0.000000,0.806324,0.344662,0.258503,0.561474,0.436623,-0.139481,nan,0.076389,0.062500,0.060000,0.156457,0,0,0
40,5_2_6,seq_ABC,smooth,0,no_conv,,0.222222,0.000000,0.000000,,0.806324,0.344662,0.544218,0.731293,0.568374,0.321651,nan,0.194444,0.194444,0.026667,0.440833,1,0,0
41,5_2_6,seq_ABC,smooth,0,no_conv,,0.888889,0.000000,0.000000,,0.806324,0.344662,0.605442,0.761343,0.604452,0.283496,nan,0.222222,0.215278,0.026667,0.366992,1,3,1
42,5_2_6,seq_ABC,smooth,1,S=0,46,0.000000,0.000000,0.000000,0.000000,0.806324,0.344662,0.585034,0.748888,0.570358,0.405445,nan,0.180556,0.166667,0.033333,0.389837,0,0,0
43,5_2_6,seq_ABC,smooth,0,no_conv,,0.888889,0.000000,0.000000,,0.806324,0.344662,0.578231,0.598140,0.382525,0.033832,nan,0.222222,0.215278,0.080000,0.249338,0,0,2
44,5_2_6,seq_ABC,smooth,1,S=0,48,0.000000,0.000000,0.000000,0.000000,0.806324,0.344662,0.462585,0.515183,0.342014,0.136579,nan,0.208333,0.208333,0.060000,0.229123,0,0,0
45,5_2_6,seq_ABC,smooth,1,S=0,47,0.000000,0.000000,0.000000,0.000000,0.806324,0.344662,0.414966,0.612506,0.484036,0.137475,nan,0.131944,0.125000,0.053333,0.217002,0,0,0
46,5_2_6,seq_ABC,smooth,0,no_conv,,1.555556,0.000000,0.000000,,0.806324,0.344662,0.693878,0.895729,0.811642,0.598138,nan,0.243056,0.243056,0.020000,0.747584,3,0,2
47,5_2_6,seq_ABC,smooth,0,no_conv,,0.222222,0.000000,0.000000,,0.806324,0.344662,0.414966,0.725834,0.653285,0.472712,nan,0.152778,0.138889,0.033333,0.382053,0,1,1
48,5_2_6,seq_ABC,smooth,0,no_conv,,0.222222,0.000000,0.000000,,0.806324,0.344662,0.673469,0.762287,0.618696,0.244297,nan,0.243056,0.222222,0.033333,0.378736,1,0,1
49,5_2_6,seq_ABC,smooth,1,S=0,49,0.000000,0.000000,0.000000,0.000000,0.806324,0.344662,0.299320,0.638201,0.557388,0.456301,nan,0.104167,0.097222,0.020000,0.323984,0,0,0
50,5_2_6,seq_ABC,smooth,0,no_conv,,0.222222,0.000000,0.000000,,0.806324,0.344662,0.238095,0.745492,0.775977,0.597121,nan,0.104167,0.090278,0.020000,0.347298,0,0,1
51,5_2_6,seq_ABC,smooth,0,no_conv,,0.222222,0.000000,0.000000,,0.806324,0.344662,0.333333,0.630887,0.564775,0.377895,nan,0.138889,0.125000,0.033333,0.357763,1,0,0
52,5_2_6,seq_ABC,smooth,0,no_conv,,0.222222,0.000000,0.000000,,0.806324,0.344662,0.714286,0.712417,0.566592,0.196017,nan,0.305556,0.305556,0.053333,0.392255,1,0,0
53,5_2_6,seq_ABC,smooth,0,no_conv,,0.222222,0.000000,0.000000,,0.806324,0.344662,0.231293,0.502953,0.476210,-0.138394,nan,0.090278,0.083333,0.040000,0.133998,0,0,1
54,5_2_6,seq_ABC,smooth,0,no_conv,,2.000000,0.000000,0.000000,,0.806324,0.344662,0.680272,0.798663,0.620099,0.236131,nan,0.215278,0.208333,0.020000,0.389601,8,5,5
55,5_2_6,seq_ABC,smooth,0,no_conv,,1.555556,0.000000,0.000000,,0.806324,0.344662,0.319728,0.635192,0.471654,0.063570,nan,0.111111,0.104167,0.020000,0.273929,2,3,0
56,5_2_6,seq_ABC,smooth,0,no_conv,,0.222222,0.000000,0.000000,,0.806324,0.344662,0.530612,0.742889,0.686439,0.505115,nan,0.194444,0.180556,0.026667,0.470720,1,0,1
57,5_2_6,seq_ABC,smooth,0,no_conv,,6.888889,0.000000,0.000000,,0.806324,0.344662,0.340136,0.755134,0.616719,0.332889,nan,0.118056,0.111111,0.026667,0.401845,0,5,6
58,5_2_6,seq_ABC,smooth,1,S=0,43,0.000000,0.000000,0.000000,0.000000,0.806324,0.344662,0.394558,0.539377,0.401114,-0.114575,nan,0.166667,0.166667,0.060000,0.194362,0,0,0
59,5_2_6,seq_ABC,smooth,0,no_conv,,0.222222,0.000000,0.000000,,0.806324,0.344662,0.428571,0.617144,0.467140,0.123580,nan,0.166667,0.152778,0.060000,0.241717,1,0,0
60,5_2_6,seq_ABC,smooth,1,S=0,49,0.000000,0.000000,0.000000,0.000000,0.806324,0.344662,0.557823,0.647752,0.467866,0.000421,nan,0.187500,0.180556,0.046667,0.298752,0,0,0
61,5_2_6,seq_ABC,smooth,1,S=0,48,0.000000,0.000000,0.000000,0.000000,0.806324,0.344662,0.326531,0.479040,0.176819,0.056428,nan,0.118056,0.111111,0.133333,0.204692,0,0,0
62,5_2_6,seq_ABC,smooth,0,no_conv,,0.222222,0.000000,0.000000,,0.806324,0.344662,0.714286,0.698448,0.536735,0.189230,nan,0.291667,0.270833,0.033333,0.447334,3,3,4
63,5_2_6,seq_ABC,smooth,1,S=0,49,0.000000,0.000000,0.000000,0.000000,0.806324,0.344662,0.340136,0.323560,0.262546,0.089514,nan,0.166667,0.166667,0.160000,0.179130,0,0,0
64,5_2_6,seq_ABC,smooth,0,no_conv,,0.888889,0.000000,0.000000,,0.806324,0.344662,0.714286,0.762111,0.638127,0.381597,nan,0.319444,0.312500,0.026667,0.489114,4,4,6
65,5_2_6,seq_ABC,smooth,0,no_conv,,1.555556,0.000000,0.000000,,0.806324,0.344662,0.578231,0.747479,0.618920,0.299969,nan,0.229167,0.222222,0.020000,0.416807,2,4,1
66,5_2_6,seq_ABC,smooth,0,no_conv,,0.222222,0.000000,0.000000,,0.806324,0.344662,0.462585,0.505421,0.212315,-0.148882,nan,0.145833,0.145833,0.126667,0.205160,0,0,1
67,5_2_6,seq_ABC,smooth,1,S=8,47,0.000000,0.000000,0.000000,0.000000,0.806324,0.344662,0.605442,0.869580,0.758905,0.556354,nan,0.180556,0.180556,0.026667,0.442456,8,8,8
68,5_2_6,seq_ABC,smooth,0,no_conv,,0.888889,0.000000,0.000000,,0.806324,0.344662,0.707483,0.746405,0.542026,0.167308,nan,0.250000,0.250000,0.033333,0.351705,2,0,0
69,5_2_6,seq_ABC,smooth,0,no_conv,,2.000000,0.000000,0.000000,,0.806324,0.344662,0.646259,0.756142,0.587358,0.343030,nan,0.236111,0.236111,0.040000,0.463760,2,5,5
70,5_2_6,seq_ABC,smooth,1,S=0,43,0.000000,0.000000,0.000000,0.000000,0.806324,0.344662,0.258503,0.476308,0.259412,0.037287,nan,0.097222,0.090278,0.100000,0.139230,0,0,0
71,5_2_6,seq_ABC,smooth,0,no_conv,,0.888889,0.000000,0.000000,,0.806324,0.344662,0.326531,0.708339,0.610007,0.016850,nan,0.097222,0.076389,0.020000,0.394078,2,2,0
72,5_2_6,seq_ABC,smooth,0,no_conv,,0.888889,0.000000,0.000000,,0.806324,0.344662,0.523810,0.695678,0.500926,0.198574,nan,0.187500,0.187500,0.033333,0.257872,2,0,0
73,5_2_6,seq_ABC,smooth,0,no_conv,,2.666667,0.000000,0.000000,,0.806324,0.344662,0.482993,0.754040,0.638346,0.286839,nan,0.166667,0.152778,0.020000,0.492411,0,4,2
74,5_2_6,seq_ABC,smooth,0,no_conv,,0.222222,0.000000,0.000000,,0.806324,0.344662,0.544218,0.687476,0.599261,0.402770,nan,0.229167,0.215278,0.020000,0.422979,1,0,1
75,5_2_6,seq_ABC,smooth,1,S=0,47,0.000000,0.000000,0.000000,0.000000,0.806324,0.344662,0.374150,0.328563,0.327976,0.074464,nan,0.201389,0.201389,0.146667,0.111304,0,0,0
76,5_2_6,seq_ABC,smooth,1,S=0,41,0.000000,0.000000,0.000000,0.000000,0.806324,0.344662,0.401361,0.666728,0.620552,0.273716,nan,0.180556,0.166667,0.040000,0.281223,0,0,0
77,5_2_6,seq_ABC,smooth,0,no_conv,,0.222222,0.000000,0.000000,,0.806324,0.344662,0.374150,0.434933,0.208429,-0.002233,nan,0.166667,0.166667,0.046667,0.156272,0,1,1
78,5_2_6,seq_ABC,smooth,0,no_conv,,0.666667,0.000000,0.000000,,0.806324,0.344662,0.612245,0.846899,0.755722,0.478999,nan,0.208333,0.201389,0.033333,0.596933,4,6,5
79,5_2_6,seq_ABC,smooth,0,no_conv,,0.222222,0.000000,0.000000,,0.806324,0.344662,0.687075,0.716087,0.505349,0.004181,nan,0.270833,0.263889,0.040000,0.340019,4,4,5
80,5_2_6,seq_ABC,smooth,0,no_conv,,2.000000,0.000000,0.000000,,0.806324,0.344662,0.530612,0.885834,0.803401,0.586528,nan,0.194444,0.194444,0.020000,0.550291,4,7,7
81,5_2_6,seq_ABC,smooth,0,no_conv,,0.222222,0.000000,0.000000,,0.806324,0.344662,0.435374,0.683376,0.615299,0.337531,nan,0.201389,0.187500,0.020000,0.274943,0,1,0
82,5_2_6,seq_ABC,smooth,0,no_conv,,0.222222,0.000000,0.000000,,0.806324,0.344662,0.340136,0.441892,0.385225,-0.086474,nan,0.138889,0.138889,0.073333,0.162717,0,1,0
83,5_2_6,seq_ABC,smooth,1,S=0,48,0.000000,0.000000,0.000000,0.000000,0.806324,0.344662,0.299320,0.666034,0.404207,0.004134,nan,0.090278,0.090278,0.053333,0.219935,0,0,0
84,5_2_6,seq_ABC,smooth,1,S=0,48,0.000000,0.000000,0.000000,0.000000,0.806324,0.344662,0.510204,0.631555,0.379254,0.079478,nan,0.145833,0.138889,0.046667,0.251996,0,0,0
85,5_2_6,seq_ABC,smooth,0,no_conv,,0.222222,0.000000,0.000000,,0.806324,0.344662,0.551020,0.665360,0.593384,0.309542,nan,0.201389,0.194444,0.026667,0.348000,0,0,1
86,5_2_6,seq_ABC,smooth,1,S=0,49,0.000000,0.000000,0.000000,0.000000,0.806324,0.344662,0.666667,0.709308,0.602500,0.144193,nan,0.298611,0.284722,0.033333,0.362423,0,0,0
87,5_2_6,seq_ABC,smooth,1,S=0,49,0.000000,0.000000,0.000000,0.000000,0.806324,0.344662,0.367347,0.587069,0.349236,0.001887,nan,0.097222,0.097222,0.053333,0.241866,0,0,0
88,5_2_6,seq_ABC,smooth,1,S=0,49,0.000000,0.000000,0.000000,0.000000,0.806324,0.344662,0.285714,0.585722,0.343635,0.189922,nan,0.097222,0.090278,0.020000,0.239769,0,0,0
89,5_2_6,seq_ABC,smooth,1,S=0,41,0.000000,0.000000,0.000000,0.000000,0.806324,0.344662,0.183673,0.692504,0.492469,0.243477,nan,0.055556,0.048611,0.020000,0.187926,0,0,0
90,5_2_6,seq_ABC,smooth,1,S=0,39,0.000000,0.000000,0.000000,0.000000,0.806324,0.344662,0.360544,0.758318,0.701492,0.448086,nan,0.152778,0.152778,0.020000,0.340141,0,0,0
91,5_2_6,seq_ABC,smooth,1,S=8,49,0.000000,0.000000,0.000000,0.000000,0.806324,0.344662,0.578231,0.939400,0.894279,0.786479,nan,0.166667,0.159722,0.020000,0.682814,8,8,8
92,5_2_6,seq_ABC,smooth,0,no_conv,,0.222222,0.000000,0.000000,,0.806324,0.344662,0.707483,0.799115,0.588709,0.290579,nan,0.208333,0.201389,0.020000,0.424565,6,5,5
93,5_2_6,seq_ABC,smooth,1,S=0,49,0.000000,0.000000,0.000000,0.000000,0.806324,0.344662,0.414966,0.610897,0.375104,-0.045166,nan,0.138889,0.138889,0.020000,0.201725,0,0,0
94,5_2_6,seq_ABC,smooth,0,no_conv,,5.555556,0.000000,0.000000,,0.806324,0.344662,0.666667,0.715339,0.630478,0.492076,nan,0.270833,0.263889,0.026667,0.484447,6,1,6
95,5_2_6,seq_ABC,smooth,0,no_conv,,0.666667,0.000000,0.000000,,0.806324,0.344662,0.340136,0.494227,0.313216,-0.062685,nan,0.125000,0.125000,0.046667,0.196647,0,1,2
96,5_2_6,seq_ABC,smooth,1,S=0,47,0.000000,0.000000,0.000000,0.000000,0.806324,0.344662,0.142857,0.565523,0.314565,-0.040526,nan,0.055556,0.048611,0.046667,0.129175,0,0,0
97,5_2_6,seq_ABC,smooth,1,S=0,44,0.000000,0.000000,0.000000,0.000000,0.806324,0.344662,0.231293,0.667172,0.527640,0.343145,nan,0.090278,0.090278,0.020000,0.267830,0,0,0
98,5_2_6,seq_ABC,smooth,0,no_conv,,2.888889,0.000000,0.000000,,0.806324,0.344662,0.333333,0.660122,0.552627,0.179458,nan,0.125000,0.118056,0.026667,0.361924,1,4,5
99,5_2_6,seq_ABC,smooth,1,S=0,30,0.000000,0.000000,0.000000,0.000000,0.806324,0.344662,0.197279,0.561024,0.380082,0.170464,nan,0.062500,0.055556,0.026667,0.170991,0,0,0
100,5_2_6,seq_ABC,smooth,1,S=0,45,0.000000,0.000000,0.000000,0.000000,0.806324,0.344662,0.197279,0.338986,0.107528,0.058274,nan,0.069444,0.069444,0.073333,0.130497,0,0,0
101,5_2_6,seq_ABC,smooth,0,no_conv,,0.222222,0.000000,0.000000,,0.806324,0.344662,0.360544,0.674925,0.557923,0.194075,nan,0.111111,0.104167,0.033333,0.273883,1,0,0
102,5_2_6,seq_ABC,smooth,1,S=0,47,0.000000,0.000000,0.000000,0.000000,0.806324,0.344662,0.231293,0.542087,0.234243,-0.017963,nan,0.076389,0.076389,0.086667,0.140840,0,0,0
103,5_2_6,seq_ABC,smooth,1,S=0,49,0.000000,0.000000,0.000000,0.000000,0.806324,0.344662,0.476190,0.716258,0.671644,0.547260,nan,0.201389,0.187500,0.020000,0.479776,0,0,0
104,5_2_6,seq_ABC,smooth,1,S=0,49,0.000000,0.000000,0.000000,0.000000,0.806324,0.344662,0.408163,0.589642,0.355804,-0.015802,nan,0.118056,0.111111,0.053333,0.252490,0,0,0
105,5_2_6,seq_ABC,smooth,0,no_conv,,0.666667,0.000000,0.000000,,0.806324,0.344662,0.442177,0.790345,0.712263,0.459718,nan,0.152778,0.145833,0.020000,0.547759,3,1,2
106,5_2_6,seq_ABC,smooth,1,S=0,48,0.000000,0.000000,0.000000,0.000000,0.806324,0.344662,0.333333,0.756108,0.677439,0.539480,nan,0.104167,0.097222,0.020000,0.392867,0,0,0
107,5_2_6,seq_ABC,smooth,0,no_conv,,0.888889,0.000000,0.000000,,0.806324,0.344662,0.680272,0.842828,0.692083,0.399998,nan,0.208333,0.201389,0.033333,0.395080,5,3,3
108,5_2_6,seq_ABC,smooth,0,no_conv,,0.222222,0.000000,0.000000,,0.806324,0.344662,0.374150,0.832733,0.684186,0.213516,nan,0.090278,0.083333,0.020000,0.355692,1,0,0
109,5_2_6,seq_ABC,smooth,0,no_conv,,3.555556,0.000000,0.000000,,0.806324,0.344662,0.557823,0.695145,0.522837,0.075145,nan,0.201389,0.187500,0.026667,0.309333,1,1,5
110,5_2_6,seq_ABC,smooth,0,no_conv,,0.888889,0.000000,0.000000,,0.806324,0.344662,0.659864,0.722565,0.560075,0.213022,nan,0.250000,0.236111,0.033333,0.335538,5,5,7
111,5_2_6,seq_ABC,smooth,1,S=0,49,0.000000,0.000000,0.000000,0.000000,0.806324,0.344662,0.455782,0.615512,0.498842,0.295256,nan,0.180556,0.173611,0.033333,0.257102,0,0,0
112,5_2_6,seq_ABC,smooth,1,S=0,47,0.000000,0.000000,0.000000,0.000000,0.806324,0.344662,0.319728,0.649052,0.556462,0.280913,nan,0.131944,0.118056,0.026667,0.282745,0,0,0
113,5_2_6,seq_ABC,smooth,0,no_conv,,0.222222,0.000000,0.000000,,0.806324,0.344662,0.231293,0.755651,0.617390,0.194369,nan,0.076389,0.076389,0.040000,0.228474,1,0,0
114,5_2_6,seq_ABC,smooth,0,no_conv,,0.666667,0.000000,0.000000,,0.806324,0.344662,0.455782,0.714839,0.601167,0.102260,nan,0.173611,0.166667,0.040000,0.390712,0,1,2
115,5_2_6,seq_ABC,smooth,1,S=0,47,0.000000,0.000000,0.000000,0.000000,0.806324,0.344662,0.408163,0.544627,0.452263,0.526777,nan,0.166667,0.159722,0.020000,0.305749,0,0,0
116,5_2_6,seq_ABC,smooth,0,no_conv,,0.888889,0.000000,0.000000,,0.806324,0.344662,0.367347,0.505363,0.405746,0.202803,nan,0.152778,0.145833,0.020000,0.235207,0,2,0
117,5_2_6,seq_ABC,smooth,0,no_conv,,0.222222,0.000000,0.000000,,0.806324,0.344662,0.585034,0.915760,0.854361,0.665480,nan,0.180556,0.166667,0.020000,0.557221,8,8,7
118,5_2_6,seq_ABC,smooth,0,no_conv,,2.000000,0.000000,0.000000,,0.806324,0.344662,0.551020,0.815048,0.731230,0.433385,nan,0.201389,0.201389,0.033333,0.553684,0,0,3
119,5_2_6,seq_ABC,smooth,0,no_conv,,0.222222,0.000000,0.000000,,0.806324,0.344662,0.557823,0.625434,0.491715,0.223579,nan,0.250000,0.250000,0.046667,0.264299,1,0,0
120,5_2_6,seq_ABC,smooth,0,no_conv,,2.666667,0.000000,0.000000,,0.806324,0.344662,0.734694,0.691509,0.597888,0.387052,nan,0.354167,0.333333,0.033333,0.477622,2,4,6
121,5_2_6,seq_ABC,smooth,0,no_conv,,0.222222,0.000000,0.000000,,0.806324,0.344662,0.292517,0.721194,0.682322,0.505873,nan,0.097222,0.090278,0.020000,0.370312,1,0,0
122,5_2_6,seq_ABC,smooth,0,no_conv,,0.222222,0.000000,0.000000,,0.806324,0.344662,0.659864,0.579841,0.497118,0.223955,nan,0.270833,0.256944,0.020000,0.388596,3,3,4
123,5_2_6,seq_ABC,smooth,0,no_conv,,12.666667,0.000000,0.000000,,0.806324,0.344662,0.401361,0.817526,0.726216,0.604051,nan,0.090278,0.090278,0.020000,0.467486,8,0,1
124,5_2_6,seq_ABC,smooth,0,no_conv,,0.222222,0.000000,0.000000,,0.806324,0.344662,0.197279,0.533314,0.458005,0.316384,nan,0.076389,0.069444,0.100000,0.167925,0,0,1
125,5_2_6,seq_ABC,smooth,0,no_conv,,2.666667,0.000000,0.000000,,0.806324,0.344662,0.564626,0.867340,0.791618,0.634969,nan,0.194444,0.194444,0.020000,0.631269,8,6,4
126,5_2_6,seq_ABC,smooth,0,no_conv,,0.888889,0.000000,0.000000,,0.806324,0.344662,0.666667,0.899352,0.822633,0.519868,nan,0.236111,0.229167,0.033333,0.579156,6,8,6
127,5_2_6,seq_ABC,smooth,0,no_conv,,0.222222,0.000000,0.000000,,0.806324,0.344662,0.625850,0.848673,0.751553,0.603705,nan,0.222222,0.208333,0.026667,0.470873,8,8,7
128,5_2_6,seq_ABC,smooth,0,no_conv,,0.222222,0.000000,0.000000,,0.806324,0.344662,0.482993,0.630463,0.491181,0.035950,nan,0.180556,0.173611,0.046667,0.292616,1,1,2
129,5_2_6,seq_ABC,smooth,1,S=0,48,0.000000,0.000000,0.000000,0.000000,0.806324,0.344662,0.333333,0.697999,0.654919,0.428562,nan,0.138889,0.125000,0.020000,0.320272,0,0,0
130,5_2_6,seq_ABC,smooth,0,no_conv,,0.222222,0.000000,0.000000,,0.806324,0.344662,0.646259,0.840081,0.764062,0.434254,nan,0.250000,0.236111,0.026667,0.652347,0,1,0
131,5_2_6,seq_ABC,smooth,0,no_conv,,1.555556,0.000000,0.000000,,0.806324,0.344662,0.503401,0.742052,0.549682,0.353152,nan,0.131944,0.131944,0.020000,0.444262,3,4,6
132,5_2_6,seq_ABC,smooth,0,no_conv,,0.888889,0.000000,0.000000,,0.806324,0.344662,0.292517,0.631300,0.417834,-0.058934,nan,0.111111,0.111111,0.040000,0.224054,0,0,2
133,5_2_6,seq_ABC,smooth,0,no_conv,,0.222222,0.000000,0.000000,,0.806324,0.344662,0.360544,0.702104,0.488065,0.302164,nan,0.104167,0.090278,0.020000,0.333482,0,1,1
134,5_2_6,seq_ABC,smooth,0,no_conv,,1.555556,0.000000,0.000000,,0.806324,0.344662,0.482993,0.827151,0.773972,0.675429,nan,0.208333,0.201389,0.020000,0.678353,1,3,0
135,5_2_6,seq_ABC,smooth,0,no_conv,,0.222222,0.000000,0.000000,,0.806324,0.344662,0.319728,0.435063,0.190782,-0.027173,nan,0.118056,0.111111,0.106667,0.157562,0,1,0
136,5_2_6,seq_ABC,smooth,1,S=0,49,0.000000,0.000000,0.000000,0.000000,0.806324,0.344662,0.367347,0.805224,0.746422,0.450670,nan,0.152778,0.145833,0.026667,0.313172,0,0,0
137,5_2_6,seq_ABC,smooth,1,S=0,46,0.000000,0.000000,0.000000,0.000000,0.806324,0.344662,0.421769,0.586905,0.359980,0.077395,nan,0.138889,0.138889,0.046667,0.324527,0,0,0
138,5_2_6,seq_ABC,smooth,1,S=0,47,0.000000,0.000000,0.000000,0.000000,0.806324,0.344662,0.448980,0.817513,0.742051,0.625592,nan,0.159722,0.145833,0.026667,0.509570,0,0,0
139,5_2_6,seq_ABC,smooth,0,no_conv,,3.555556,0.000000,0.000000,,0.806324,0.344662,0.673469,0.816568,0.712415,0.445290,nan,0.222222,0.208333,0.020000,0.504017,4,4,8
140,5_2_6,seq_ABC,smooth,0,no_conv,,1.555556,0.000000,0.000000,,0.806324,0.344662,0.605442,0.827434,0.734722,0.412501,nan,0.194444,0.180556,0.033333,0.545017,0,2,3
141,5_2_6,seq_ABC,smooth,0,no_conv,,0.666667,0.000000,0.000000,,0.806324,0.344662,0.503401,0.836089,0.746834,0.495670,nan,0.187500,0.187500,0.020000,0.658885,1,2,3
142,5_2_6,seq_ABC,smooth,0,no_conv,,2.000000,0.000000,0.000000,,0.806324,0.344662,0.700680,0.824857,0.706139,0.499266,nan,0.263889,0.263889,0.026667,0.544738,3,6,6
143,5_2_6,seq_ABC,smooth,0,no_conv,,0.222222,0.000000,0.000000,,0.806324,0.344662,0.503401,0.686087,0.574891,0.521675,nan,0.201389,0.194444,0.020000,0.438218,0,1,0
144,5_2_6,seq_ABC,smooth,0,no_conv,,0.666667,0.000000,0.000000,,0.806324,0.344662,0.700680,0.817941,0.664744,0.355174,nan,0.250000,0.243056,0.026667,0.506905,2,3,4
145,5_2_6,seq_ABC,smooth,1,S=0,49,0.000000,0.000000,0.000000,0.000000,0.806324,0.344662,0.564626,0.735225,0.591649,0.334152,nan,0.229167,0.229167,0.033333,0.392956,0,0,0
146,5_2_6,seq_ABC,smooth,0,no_conv,,1.555556,0.000000,0.000000,,0.806324,0.344662,0.768707,0.811682,0.716495,0.492375,nan,0.388889,0.381944,0.026667,0.502107,5,7,4
147,5_2_6,seq_ABC,smooth,1,S=0,44,0.000000,0.000000,0.000000,0.000000,0.806324,0.344662,0.510204,0.687062,0.588156,0.319019,nan,0.194444,0.180556,0.040000,0.399280,0,0,0
148,5_2_6,seq_ABC,smooth,0,no_conv,,0.666667,0.000000,0.000000,,0.806324,0.344662,0.646259,0.694477,0.540828,0.315662,nan,0.243056,0.229167,0.020000,0.484712,3,1,2
149,5_2_6,seq_ABC,smooth,0,no_conv,,2.666667,0.000000,0.000000,,0.806324,0.344662,0.625850,0.820096,0.709506,0.453742,nan,0.250000,0.236111,0.026667,0.564223,4,6,2
150,5_2_6,seq_ABC,smooth,0,no_conv,,0.222222,0.000000,0.000000,,0.806324,0.344662,0.646259,0.722085,0.520834,0.138043,nan,0.222222,0.215278,0.053333,0.299993,1,0,0
151,5_2_6,seq_ABC,smooth,0,no_conv,,0.888889,0.000000,0.000000,,0.806324,0.344662,0.387755,0.702568,0.623931,0.237851,nan,0.131944,0.118056,0.033333,0.336812,0,0,2
152,5_2_6,seq_ABC,smooth,1,S=0,49,0.000000,0.000000,0.000000,0.000000,0.806324,0.344662,0.408163,0.511044,0.244257,-0.204548,nan,0.131944,0.131944,0.093333,0.219319,0,0,0
153,5_2_6,seq_ABC,smooth,0,no_conv,,0.222222,0.000000,0.000000,,0.806324,0.344662,0.278912,0.473579,0.334293,-0.085057,nan,0.097222,0.090278,0.053333,0.211180,0,1,0
154,5_2_6,seq_ABC,smooth,1,S=0,47,0.000000,0.000000,0.000000,0.000000,0.806324,0.344662,0.346939,0.621663,0.455109,0.291120,nan,0.118056,0.111111,0.033333,0.293748,0,0,0
155,5_2_6,seq_ABC,smooth,1,S=0,47,0.000000,0.000000,0.000000,0.000000,0.806324,0.344662,0.326531,0.422400,0.151679,-0.019034,nan,0.111111,0.104167,0.046667,0.144271,0,0,0
156,5_2_6,seq_ABC,smooth,0,no_conv,,1.555556,0.000000,0.000000,,0.806324,0.344662,0.408163,0.650970,0.397603,-0.059952,nan,0.131944,0.125000,0.053333,0.388221,0,3,1
157,5_2_6,seq_ABC,smooth,0,no_conv,,0.888889,0.000000,0.000000,,0.806324,0.344662,0.612245,0.665933,0.535435,0.408059,nan,0.263889,0.256944,0.020000,0.462462,0,2,0
158,5_2_6,seq_ABC,smooth,1,other_conv,49,0.000000,0.000000,0.000000,0.000000,0.806324,0.344662,0.666667,0.734585,0.573871,0.031116,nan,0.250000,0.243056,0.046667,0.349523,2,2,2
159,5_2_6,seq_ABC,smooth,0,no_conv,,0.222222,0.000000,0.000000,,0.806324,0.344662,0.292517,0.646502,0.581703,0.513996,nan,0.118056,0.111111,0.020000,0.344730,0,0,1
160,5_2_6,seq_ABC,smooth,0,no_conv,,0.222222,0.000000,0.000000,,0.806324,0.344662,0.557823,0.850237,0.750477,0.604812,nan,0.173611,0.166667,0.020000,0.407650,8,7,8
161,5_2_6,seq_ABC,smooth,0,no_conv,,0.666667,0.000000,0.000000,,0.806324,0.344662,0.442177,0.757579,0.571703,0.144848,nan,0.152778,0.145833,0.026667,0.340179,4,5,3
162,5_2_6,seq_ABC,smooth,0,no_conv,,0.222222,0.000000,0.000000,,0.806324,0.344662,0.367347,0.538803,0.490533,0.150329,nan,0.145833,0.131944,0.026667,0.311499,0,1,1
163,5_2_6,seq_ABC,smooth,1,S=8,46,0.000000,0.000000,0.000000,0.000000,0.806324,0.344662,0.605442,0.934926,0.901626,0.780606,nan,0.236111,0.222222,0.020000,0.663081,8,8,8
164,5_2_6,seq_ABC,smooth,0,no_conv,,4.222222,0.000000,0.000000,,0.806324,0.344662,0.578231,0.769401,0.574970,0.223598,nan,0.180556,0.180556,0.046667,0.299367,6,1,3
165,5_2_6,seq_ABC,smooth,0,no_conv,,0.222222,0.000000,0.000000,,0.806324,0.344662,0.537415,0.765457,0.632709,0.194549,nan,0.201389,0.187500,0.026667,0.444823,1,2,2
166,5_2_6,seq_ABC,smooth,0,no_conv,,2.000000,0.000000,0.000000,,0.806324,0.344662,0.482993,0.779459,0.601318,0.195217,nan,0.187500,0.187500,0.033333,0.461778,3,3,0
167,5_2_6,seq_ABC,smooth,0,no_conv,,0.666667,0.000000,0.000000,,0.806324,0.344662,0.476190,0.795236,0.665515,0.450835,nan,0.187500,0.187500,0.020000,0.570342,2,3,1
168,5_2_6,seq_ABC,smooth,0,no_conv,,0.222222,0.000000,0.000000,,0.806324,0.344662,0.353741,0.608684,0.443338,0.338853,nan,0.131944,0.125000,0.020000,0.298583,0,1,0
169,5_2_6,seq_ABC,smooth,0,no_conv,,0.222222,0.000000,0.000000,,0.806324,0.344662,0.353741,0.702691,0.507618,0.120187,nan,0.104167,0.097222,0.046667,0.328094,3,3,2
170,5_2_6,seq_ABC,smooth,0,no_conv,,0.888889,0.000000,0.000000,,0.806324,0.344662,0.408163,0.818886,0.763221,0.587794,nan,0.152778,0.145833,0.020000,0.675303,2,2,4
171,5_2_6,seq_ABC,smooth,1,S=0,45,0.000000,0.000000,0.000000,0.000000,0.806324,0.344662,0.523810,0.825168,0.769330,0.673923,nan,0.243056,0.229167,0.020000,0.507096,0,0,0
172,5_2_6,seq_ABC,smooth,0,no_conv,,0.222222,0.000000,0.000000,,0.806324,0.344662,0.448980,0.725361,0.552358,0.219997,nan,0.118056,0.118056,0.046667,0.384090,1,0,1
173,5_2_6,seq_ABC,smooth,0,no_conv,,0.222222,0.000000,0.000000,,0.806324,0.344662,0.326531,0.674716,0.549151,0.235025,nan,0.111111,0.104167,0.040000,0.202052,0,0,1
174,5_2_6,seq_ABC,smooth,0,no_conv,,0.222222,0.000000,0.000000,,0.806324,0.344662,0.462585,0.660844,0.550245,0.295271,nan,0.187500,0.166667,0.040000,0.354865,1,1,0
175,5_2_6,seq_ABC,smooth,0,no_conv,,0.222222,0.000000,0.000000,,0.806324,0.344662,0.734694,0.657452,0.435288,-0.048597,nan,0.312500,0.305556,0.040000,0.347873,0,0,1
176,5_2_6,seq_ABC,smooth,0,no_conv,,0.222222,0.000000,0.000000,,0.806324,0.344662,0.517007,0.933314,0.891934,0.729154,nan,0.194444,0.187500,0.020000,0.647697,8,8,7
177,5_2_6,seq_ABC,smooth,0,no_conv,,0.222222,0.000000,0.000000,,0.806324,0.344662,0.605442,0.661548,0.525183,0.235879,nan,0.222222,0.215278,0.033333,0.375578,1,2,2
178,5_2_6,seq_ABC,smooth,1,S=0,39,0.000000,0.000000,0.000000,0.000000,0.806324,0.344662,0.258503,0.802329,0.674930,0.519604,nan,0.062500,0.062500,0.026667,0.271898,0,0,0
179,5_2_6,seq_ABC,smooth,0,no_conv,,2.888889,0.000000,0.000000,,0.806324,0.344662,0.639456,0.770279,0.631068,0.155877,nan,0.222222,0.215278,0.033333,0.407488,7,4,8
180,5_2_6,seq_ABC,smooth,1,S=0,49,0.000000,0.000000,0.000000,0.000000,0.806324,0.344662,0.387755,0.494306,0.348769,0.019937,nan,0.194444,0.194444,0.206667,0.192893,0,0,0
181,5_2_6,seq_ABC,smooth,0,no_conv,,0.222222,0.000000,0.000000,,0.806324,0.344662,0.551020,0.516220,0.374734,0.035256,nan,0.215278,0.201389,0.026667,0.214848,0,1,1
182,5_2_6,seq_ABC,smooth,0,no_conv,,0.222222,0.000000,0.000000,,0.806324,0.344662,0.414966,0.623102,0.453213,-0.033398,nan,0.159722,0.152778,0.033333,0.371573,2,3,2
183,5_2_6,seq_ABC,smooth,0,no_conv,,0.222222,0.000000,0.000000,,0.806324,0.344662,0.693878,0.728935,0.590346,0.243297,nan,0.256944,0.243056,0.020000,0.441176,3,4,4
184,5_2_6,seq_ABC,smooth,1,S=0,44,0.000000,0.000000,0.000000,0.000000,0.806324,0.344662,0.319728,0.668333,0.428384,0.298436,nan,0.076389,0.069444,0.020000,0.298793,0,0,0
185,5_2_6,seq_ABC,smooth,0,no_conv,,0.666667,0.000000,0.000000,,0.806324,0.344662,0.632653,0.798254,0.692579,0.277869,nan,0.250000,0.243056,0.026667,0.471632,4,5,3
186,5_2_6,seq_ABC,smooth,0,no_conv,,0.888889,0.000000,0.000000,,0.806324,0.344662,0.387755,0.682466,0.567424,0.283978,nan,0.138889,0.138889,0.020000,0.322808,0,2,0
187,5_2_6,seq_ABC,smooth,0,no_conv,,2.888889,0.000000,0.000000,,0.806324,0.344662,0.598639,0.924946,0.875909,0.736622,nan,0.236111,0.229167,0.020000,0.795409,6,5,2
188,5_2_6,seq_ABC,smooth,1,other_conv,49,0.000000,0.000000,0.000000,0.000000,0.806324,0.344662,0.639456,0.714697,0.564303,0.164084,nan,0.277778,0.270833,0.026667,0.400008,1,1,1
189,5_2_6,seq_ABC,smooth,0,no_conv,,6.888889,0.000000,0.000000,,0.806324,0.344662,0.578231,0.809496,0.676790,0.440642,nan,0.208333,0.201389,0.020000,0.437344,2,3,8
190,5_2_6,seq_ABC,smooth,0,no_conv,,0.222222,0.000000,0.000000,,0.806324,0.344662,0.360544,0.550299,0.364192,0.104995,nan,0.138889,0.138889,0.040000,0.338780,1,0,1
191,5_2_6,seq_ABC,smooth,0,no_conv,,0.666667,0.000000,0.000000,,0.806324,0.344662,0.707483,0.667737,0.532052,0.307557,nan,0.340278,0.333333,0.033333,0.346225,5,3,4
192,5_2_6,seq_ABC,smooth,1,S=0,48,0.000000,0.000000,0.000000,0.000000,0.806324,0.344662,0.374150,0.746588,0.632658,0.228245,nan,0.125000,0.118056,0.033333,0.315882,0,0,0
193,5_2_6,seq_ABC,smooth,0,no_conv,,0.888889,0.000000,0.000000,,0.806324,0.344662,0.367347,0.694238,0.677628,0.381564,nan,0.180556,0.159722,0.033333,0.361677,2,0,0
194,5_2_6,seq_ABC,smooth,0,no_conv,,0.222222,0.000000,0.000000,,0.806324,0.344662,0.462585,0.864071,0.803491,0.625025,nan,0.166667,0.159722,0.020000,0.734576,2,3,2
195,5_2_6,seq_ABC,smooth,1,S=0,48,0.000000,0.000000,0.000000,0.000000,0.806324,0.344662,0.442177,0.574130,0.455831,0.074849,nan,0.173611,0.173611,0.046667,0.325282,0,0,0
196,5_2_6,seq_ABC,smooth,0,no_conv,,0.222222,0.000000,0.000000,,0.806324,0.344662,0.408163,0.571535,0.404933,0.297230,nan,0.159722,0.159722,0.020000,0.346279,0,1,0
197,5_2_6,seq_ABC,smooth,1,S=0,49,0.000000,0.000000,0.000000,0.000000,0.806324,0.344662,0.231293,0.527375,0.512745,0.262640,nan,0.104167,0.097222,0.020000,0.221898,0,0,0
198,5_2_6,seq_ABC,smooth,0,no_conv,,0.222222,0.000000,0.000000,,0.806324,0.344662,0.333333,0.732756,0.571757,0.325046,nan,0.090278,0.083333,0.033333,0.296761,0,0,1
199,5_2_6,seq_ABC,smooth,1,S=0,45,0.000000,0.000000,0.000000,0.000000,0.806324,0.344662,0.401361,0.694967,0.603047,0.435943,nan,0.159722,0.145833,0.033333,0.308374,0,0,0
0,5_2_6,seq_ABC,memoryless,1,S=0,48,0.000000,0.580000,0.520000,0.500000,1.509219,0.667461,0.476190,0.786021,0.673790,0.252912,-0.015653,0.166667,0.145833,0.033333,0.281988,0,0,0
1,5_2_6,seq_ABC,memoryless,1,other_conv,49,0.000000,0.640000,0.613333,0.666667,1.611014,0.711533,0.612245,0.762825,0.602061,0.411752,-0.026247,0.229167,0.222222,0.033333,0.423710,1,1,1
2,5_2_6,seq_ABC,memoryless,0,no_conv,,0.222222,0.640000,0.586667,,1.774248,0.732114,0.666667,0.596530,0.472743,0.100029,0.092723,0.319444,0.305556,0.046667,0.321822,1,0,1
3,5_2_6,seq_ABC,memoryless,1,S=0,49,0.000000,0.613333,0.520000,0.333333,1.439039,0.650862,0.448980,0.840008,0.733553,0.569362,-0.060085,0.125000,0.118056,0.020000,0.469069,0,0,0
4,5_2_6,seq_ABC,memoryless,0,no_conv,,0.222222,0.646667,0.640000,,1.702233,0.745332,0.537415,0.503411,0.315054,0.014257,-0.070932,0.208333,0.208333,0.100000,0.234539,1,0,0
5,5_2_6,seq_ABC,memoryless,0,no_conv,,0.222222,0.653333,0.666667,,1.762700,0.745027,0.517007,0.504016,0.227721,-0.161710,-0.042749,0.194444,0.194444,0.046667,0.270043,0,1,0
6,5_2_6,seq_ABC,memoryless,1,S=0,49,0.000000,0.713333,0.760000,0.333333,1.755096,0.772707,0.523810,0.527260,0.255287,0.157968,-0.109717,0.201389,0.201389,0.053333,0.236322,0,0,0
7,5_2_6,seq_ABC,memoryless,0,no_conv,,0.222222,0.640000,0.600000,,1.734527,0.716964,0.619048,0.788213,0.691268,0.461642,-0.041877,0.263889,0.256944,0.026667,0.520744,1,0,0
8,5_2_6,seq_ABC,memoryless,0,no_conv,,0.222222,0.666667,0.626667,,1.830746,0.773375,0.564626,0.735344,0.622101,0.366007,-0.096628,0.215278,0.208333,0.026667,0.385135,1,1,2
9,5_2_6,seq_ABC,memoryless,0,no_conv,,0.666667,0.586667,0.573333,,1.507955,0.671768,0.428571,0.541828,0.326241,0.122480,0.031382,0.159722,0.159722,0.046667,0.196679,2,1,0
10,5_2_6,seq_ABC,memoryless,0,no_conv,,0.222222,0.606667,0.680000,,1.705612,0.756768,0.537415,0.616160,0.357658,-0.131890,-0.099751,0.208333,0.208333,0.066667,0.264487,0,0,1
11,5_2_6,seq_ABC,memoryless,0,no_conv,,0.222222,0.653333,0.666667,,1.629802,0.729244,0.530612,0.544108,0.445072,0.065271,-0.098412,0.229167,0.208333,0.046667,0.265223,0,1,0
12,5_2_6,seq_ABC,memoryless,0,no_conv,,0.222222,0.600000,0.533333,,1.529098,0.670844,0.598639,0.667757,0.527759,0.411927,-0.088907,0.270833,0.263889,0.020000,0.311508,0,1,0
13,5_2_6,seq_ABC,memoryless,0,no_conv,,0.222222,0.666667,0.600000,,1.688524,0.712846,0.544218,0.764284,0.645252,0.368354,-0.135133,0.243056,0.236111,0.026667,0.446657,0,1,0
14,5_2_6,seq_ABC,memoryless,0,no_conv,,0.888889,0.613333,0.653333,,1.759718,0.780059,0.571429,0.583212,0.513105,0.211445,0.006816,0.243056,0.229167,0.020000,0.332798,2,0,2
15,5_2_6,seq_ABC,memoryless,0,no_conv,,0.222222,0.646667,0.613333,,1.715656,0.733763,0.557823,0.743564,0.645269,0.456646,-0.029368,0.208333,0.201389,0.026667,0.400252,0,0,1
16,5_2_6,seq_ABC,memoryless,0,no_conv,,0.222222,0.660000,0.653333,,1.753003,0.750261,0.625850,0.666274,0.487843,0.091409,0.000330,0.263889,0.256944,0.046667,0.348109,1,0,1
17,5_2_6,seq_ABC,memoryless,0,no_conv,,0.222222,0.666667,0.666667,,1.877482,0.772176,0.544218,0.721323,0.517599,0.104220,-0.070123,0.159722,0.152778,0.046667,0.347252,1,0,0
18,5_2_6,seq_ABC,memoryless,0,no_conv,,0.888889,0.580000,0.560000,,1.653949,0.711876,0.551020,0.734669,0.555350,0.207046,0.034407,0.215278,0.208333,0.020000,0.273502,2,2,0
19,5_2_6,seq_ABC,memoryless,0,no_conv,,0.888889,0.680000,0.693333,,1.732916,0.744545,0.598639,0.741350,0.631512,0.453076,-0.076259,0.277778,0.270833,0.020000,0.491487,2,0,0
20,5_2_6,seq_ABC,memoryless,0,no_conv,,0.666667,0.640000,0.560000,,1.575553,0.700834,0.489796,0.634946,0.494420,-0.017730,-0.065291,0.187500,0.173611,0.053333,0.304719,0,1,2
21,5_2_6,seq_ABC,memoryless,0,no_conv,,0.222222,0.620000,0.640000,,1.574745,0.704767,0.551020,0.523558,0.294856,0.095671,0.033131,0.229167,0.229167,0.033333,0.202848,1,1,0
22,5_2_6,seq_ABC,memoryless,0,no_conv,,0.666667,0.693333,0.760000,,1.922737,0.816354,0.646259,0.753698,0.627095,0.325390,0.025679,0.263889,0.256944,0.020000,0.497782,1,2,3
23,5_2_6,seq_ABC,memoryless,0,no_conv,,0.888889,0.706667,0.706667,,1.965361,0.842365,0.761905,0.719394,0.571393,0.269425,0.017310,0.340278,0.326389,0.020000,0.402619,1,1,3
24,5_2_6,seq_ABC,memoryless,0,no_conv,,0.222222,0.660000,0.706667,,1.790043,0.786403,0.564626,0.755607,0.629075,0.376779,0.017342,0.201389,0.194444,0.020000,0.394308,0,0,1
25,5_2_6,seq_ABC,memoryless,0,no_conv,,0.222222,0.586667,0.520000,,1.478415,0.666625,0.517007,0.487012,0.268943,-0.018966,0.091364,0.222222,0.222222,0.066667,0.205494,0,1,0
26,5_2_6,seq_ABC,memoryless,0,no_conv,,0.222222,0.660000,0.586667,,1.839987,0.797976,0.775510,0.662560,0.519725,0.087092,0.077103,0.361111,0.354167,0.040000,0.359631,0,1,0
27,5_2_6,seq_ABC,memoryless,0,no_conv,,0.222222,0.606667,0.560000,,1.543330,0.709598,0.632653,0.614123,0.453306,0.307510,0.042419,0.256944,0.236111,0.026667,0.439910,2,2,1
28,5_2_6,seq_ABC,memoryless,0,no_conv,,0.666667,0.646667,0.573333,,1.448620,0.667808,0.442177,0.565655,0.340061,0.063977,0.109378,0.166667,0.159722,0.046667,0.259486,2,1,0
29,5_2_6,seq_ABC,memoryless,0,no_conv,,0.666667,0.686667,0.733333,,1.784881,0.772944,0.625850,0.601903,0.502647,0.214508,-0.070239,0.305556,0.291667,0.040000,0.289218,2,1,0
30,5_2_6,seq_ABC,memoryless,0,no_conv,,0.222222,0.680000,0.693333,,1.880878,0.768525,0.612245,0.789217,0.631919,0.493117,-0.012409,0.236111,0.236111,0.020000,0.453814,1,0,0
31,5_2_6,seq_ABC,memoryless,0,no_conv,,0.888889,0.680000,0.640000,,1.557695,0.702965,0.530612,0.672628,0.484935,0.172041,-0.034533,0.159722,0.152778,0.026667,0.342568,0,0,2
32,5_2_6,seq_ABC,memoryless,1,S=0,49,0.000000,0.646667,0.600000,0.666667,1.727039,0.750577,0.585034,0.647758,0.468503,0.287618,0.015776,0.243056,0.236111,0.040000,0.306723,0,0,0
33,5_2_6,seq_ABC,memoryless,1,S=0,49,0.000000,0.660000,0.680000,0.666667,1.784836,0.756586,0.482993,0.583942,0.454341,0.053797,0.029416,0.187500,0.173611,0.053333,0.284519,0,0,0
34,5_2_6,seq_ABC,memoryless,0,no_conv,,0.666667,0.633333,0.600000,,1.615418,0.719749,0.517007,0.642762,0.482530,0.022616,0.012433,0.222222,0.215278,0.033333,0.282598,0,2,1
35,5_2_6,seq_ABC,memoryless,0,no_conv,,0.222222,0.726667,0.720000,,1.976597,0.809781,0.564626,0.716118,0.591419,0.417601,-0.039207,0.229167,0.222222,0.026667,0.316835,1,0,0
36,5_2_6,seq_ABC,memoryless,1,S=0,48,0.000000,0.600000,0.560000,0.500000,1.593756,0.689906,0.523810,0.603765,0.325369,0.048868,0.061831,0.180556,0.173611,0.066667,0.246259,0,0,0
37,5_2_6,seq_ABC,memoryless,0,no_conv,,0.888889,0.633333,0.626667,,1.892522,0.801741,0.625850,0.723696,0.486520,0.054026,0.036701,0.222222,0.222222,0.033333,0.292902,0,2,0
38,5_2_6,seq_ABC,memoryless,0,no_conv,,0.222222,0.680000,0.653333,,1.866340,0.756315,0.455782,0.537921,0.377054,0.066177,-0.002628,0.173611,0.173611,0.040000,0.270930,0,1,1
39,5_2_6,seq_ABC,memoryless,0,no_conv,,0.888889,0.673333,0.720000,,1.802756,0.787404,0.639456,0.572159,0.420933,0.154721,0.049504,0.319444,0.305556,0.080000,0.256090,0,2,0
40,5_2_6,seq_ABC,memoryless,0,no_conv,,0.888889,0.713333,0.693333,,1.710606,0.753084,0.544218,0.616665,0.428053,0.187698,-0.013232,0.201389,0.187500,0.040000,0.294112,2,0,2
41,5_2_6,seq_ABC,memoryless,0,no_conv,,0.222222,0.626667,0.626667,,1.761177,0.744788,0.591837,0.586651,0.400296,0.229183,-0.147538,0.236111,0.222222,0.020000,0.303113,2,1,1
42,5_2_6,seq_ABC,memoryless,0,no_conv,,0.222222,0.613333,0.613333,,1.693164,0.724423,0.537415,0.602092,0.306323,-0.044880,0.011777,0.187500,0.187500,0.060000,0.297653,1,1,0
43,5_2_6,seq_ABC,memoryless,0,no_conv,,0.888889,0.660000,0.693333,,1.861833,0.794005,0.537415,0.608863,0.436732,-0.006253,-0.073389,0.208333,0.201389,0.053333,0.256775,2,0,2
44,5_2_6,seq_ABC,memoryless,1,other_conv,49,0.000000,0.640000,0.640000,0.666667,1.904290,0.838339,0.714286,0.711097,0.577851,0.225852,-0.072547,0.319444,0.305556,0.020000,0.401721,2,2,2
45,5_2_6,seq_ABC,memoryless,1,other_conv,49,0.000000,0.646667,0.653333,0.666667,1.670850,0.722965,0.544218,0.302741,0.080898,-0.007713,-0.177916,0.277778,0.270833,0.100000,0.147667,1,1,1
46,5_2_6,seq_ABC,memoryless,0,no_conv,,0.222222,0.620000,0.586667,,1.550586,0.678444,0.585034,0.751128,0.579911,0.301728,-0.030298,0.236111,0.236111,0.033333,0.449613,0,1,0
47,5_2_6,seq_ABC,memoryless,0,no_conv,,0.222222,0.686667,0.653333,,1.677643,0.729451,0.544218,0.641843,0.356523,0.415379,-0.140230,0.187500,0.180556,0.093333,0.347450,0,1,0
48,5_2_6,seq_ABC,memoryless,1,S=0,48,0.000000,0.686667,0.720000,0.500000,1.804885,0.777516,0.625850,0.611262,0.506651,0.138001,0.091882,0.270833,0.256944,0.046667,0.348871,0,0,0
49,5_2_6,seq_ABC,memoryless,0,no_conv,,0.222222,0.653333,0.666667,,1.697415,0.727224,0.476190,0.567410,0.434278,0.340016,0.026641,0.187500,0.180556,0.026667,0.362431,1,1,0
50,5_2_6,seq_ABC,memoryless,0,no_conv,,0.222222,0.586667,0.586667,,1.628157,0.711538,0.557823,0.678440,0.494990,0.208931,0.038798,0.256944,0.250000,0.026667,0.378802,1,0,1
51,5_2_6,seq_ABC,memoryless,0,no_conv,,0.222222,0.613333,0.600000,,1.652347,0.706045,0.537415,0.559900,0.514797,0.343792,0.013217,0.263889,0.250000,0.026667,0.333393,0,0,1
52,5_2_6,seq_ABC,memoryless,0,no_conv,,2.666667,0.586667,0.613333,,1.646605,0.718542,0.578231,0.599226,0.426626,0.342809,-0.083037,0.222222,0.222222,0.020000,0.434781,4,2,0
53,5_2_6,seq_ABC,memoryless,0,no_conv,,0.222222,0.680000,0.680000,,1.831515,0.762561,0.523810,0.303906,0.087764,-0.114784,-0.041863,0.236111,0.229167,0.093333,0.164953,0,1,1
54,5_2_6,seq_ABC,memoryless,0,no_conv,,0.666667,0.640000,0.560000,,1.673598,0.713510,0.591837,0.673454,0.535551,0.345892,0.223278,0.270833,0.263889,0.020000,0.419888,2,1,0
55,5_2_6,seq_ABC,memoryless,1,S=8,48,0.000000,0.660000,0.640000,0.666667,1.780763,0.759234,0.619048,0.876878,0.793366,0.603837,-0.100176,0.222222,0.208333,0.020000,0.477668,8,8,8
56,5_2_6,seq_ABC,memoryless,1,other_conv,49,0.000000,0.680000,0.693333,0.666667,1.663546,0.737854,0.489796,0.777188,0.620046,0.456304,-0.105909,0.145833,0.145833,0.020000,0.421735,1,1,1
57,5_2_6,seq_ABC,memoryless,0,no_conv,,0.888889,0.693333,0.760000,,1.948783,0.812726,0.510204,0.475217,0.324051,-0.130801,0.033807,0.229167,0.222222,0.046667,0.275702,0,0,2
58,5_2_6,seq_ABC,memoryless,0,no_conv,,0.222222,0.560000,0.573333,,1.565211,0.704416,0.632653,0.490394,0.323689,0.156434,0.057526,0.291667,0.291667,0.026667,0.208280,1,0,1
59,5_2_6,seq_ABC,memoryless,0,no_conv,,0.888889,0.633333,0.640000,,1.724127,0.742695,0.557823,0.429421,0.242382,-0.098564,0.005994,0.250000,0.236111,0.046667,0.215067,2,0,0
60,5_2_6,seq_ABC,memoryless,0,no_conv,,0.222222,0.600000,0.506667,,1.656215,0.716222,0.673469,0.756364,0.641053,0.216733,-0.243056,0.270833,0.256944,0.033333,0.405209,0,0,1
61,5_2_6,seq_ABC,memoryless,1,S=0,49,0.000000,0.673333,0.666667,0.333333,1.553456,0.700153,0.496599,0.698636,0.469481,0.315985,-0.077593,0.187500,0.180556,0.026667,0.354145,0,0,0
62,5_2_6,seq_ABC,memoryless,0,no_conv,,0.222222,0.706667,0.666667,,1.725903,0.738943,0.625850,0.706442,0.597126,0.260416,0.003863,0.298611,0.284722,0.033333,0.355312,2,2,1
63,5_2_6,seq_ABC,memoryless,0,no_conv,,0.222222,0.666667,0.693333,,1.866780,0.777612,0.605442,0.849434,0.806172,0.614154,-0.019468,0.277778,0.263889,0.020000,0.642672,1,0,1
64,5_2_6,seq_ABC,memoryless,0,no_conv,,1.555556,0.700000,0.706667,,1.817198,0.793716,0.680272,0.873855,0.796548,0.632454,-0.098486,0.263889,0.250000,0.020000,0.537328,8,5,6
65,5_2_6,seq_ABC,memoryless,0,no_conv,,0.888889,0.653333,0.680000,,1.692905,0.742313,0.530612,0.607217,0.479887,0.284680,-0.012118,0.236111,0.229167,0.033333,0.258950,0,2,0
66,5_2_6,seq_ABC,memoryless,0,no_conv,,0.666667,0.620000,0.600000,,1.703143,0.735835,0.666667,0.814654,0.734243,0.484045,-0.085208,0.305556,0.298611,0.020000,0.501488,2,0,1
67,5_2_6,seq_ABC,memoryless,0,no_conv,,1.555556,0.626667,0.613333,,1.742354,0.749739,0.625850,0.740415,0.541822,0.131051,-0.075777,0.201389,0.201389,0.046667,0.371555,3,4,1
68,5_2_6,seq_ABC,memoryless,1,S=0,47,0.000000,0.646667,0.613333,0.888889,1.630819,0.707371,0.503401,0.668898,0.558480,0.525724,0.002955,0.222222,0.222222,0.020000,0.376456,0,0,0
69,5_2_6,seq_ABC,memoryless,0,no_conv,,0.222222,0.653333,0.613333,,1.678088,0.720228,0.591837,0.539524,0.501395,0.311429,-0.112004,0.305556,0.291667,0.033333,0.300034,0,1,0
70,5_2_6,seq_ABC,memoryless,0,no_conv,,0.222222,0.713333,0.733333,,1.736078,0.748437,0.462585,0.749713,0.627237,0.397662,0.034057,0.208333,0.208333,0.040000,0.356448,0,0,1
71,5_2_6,seq_ABC,memoryless,1,other_conv,49,0.000000,0.613333,0.666667,0.666667,1.556959,0.716596,0.408163,0.574729,0.541646,0.107308,0.162246,0.180556,0.159722,0.026667,0.314512,2,2,2
72,5_2_6,seq_ABC,memoryless,0,no_conv,,0.666667,0.566667,0.586667,,1.691070,0.733408,0.564626,0.571026,0.342686,0.029544,0.016271,0.236111,0.236111,0.033333,0.241861,2,1,0
73,5_2_6,seq_ABC,memoryless,1,S=0,49,0.000000,0.606667,0.546667,0.666667,1.554745,0.680592,0.564626,0.508108,0.420294,0.313810,-0.032553,0.263889,0.256944,0.106667,0.264106,0,0,0
74,5_2_6,seq_ABC,memoryless,0,no_conv,,0.222222,0.640000,0.666667,,1.727453,0.745637,0.482993,0.519416,0.382332,0.310679,-0.101329,0.194444,0.180556,0.020000,0.202520,1,0,0
75,5_2_6,seq_ABC,memoryless,1,S=0,48,0.000000,0.726667,0.720000,0.666667,1.732376,0.755744,0.653061,0.614670,0.432306,0.232291,-0.053561,0.284722,0.284722,0.046667,0.306888,0,0,0
76,5_2_6,seq_ABC,memoryless,1,S=0,47,0.000000,0.673333,0.666667,0.444444,1.860209,0.767241,0.564626,0.676639,0.531635,0.161525,0.048244,0.208333,0.201389,0.046667,0.328546,0,0,0
77,5_2_6,seq_ABC,memoryless,1,other_conv,49,0.000000,0.706667,0.666667,0.666667,1.950183,0.853540,0.748299,0.742806,0.546620,0.245538,0.005691,0.319444,0.319444,0.026667,0.362303,3,3,3
78,5_2_6,seq_ABC,memoryless,1,other_conv,49,0.000000,0.600000,0.586667,0.333333,1.617625,0.705629,0.557823,0.535181,0.507005,0.241683,-0.080036,0.284722,0.277778,0.053333,0.244811,1,1,1
79,5_2_6,seq_ABC,memoryless,0,no_conv,,0.222222,0.626667,0.600000,,1.589634,0.713294,0.523810,0.653714,0.430339,0.008504,0.034572,0.194444,0.194444,0.040000,0.242983,0,1,0
80,5_2_6,seq_ABC,memoryless,0,no_conv,,0.888889,0.680000,0.626667,,1.742243,0.742569,0.632653,0.647686,0.477703,-0.068767,-0.009053,0.270833,0.256944,0.060000,0.262388,2,0,0
81,5_2_6,seq_ABC,memoryless,0,no_conv,,0.222222,0.653333,0.560000,,1.592043,0.703254,0.585034,0.508989,0.252206,0.201935,0.037148,0.229167,0.222222,0.040000,0.245754,0,1,0
82,5_2_6,seq_ABC,memoryless,0,no_conv,,0.666667,0.606667,0.586667,,1.567883,0.700321,0.605442,0.600238,0.415396,0.141791,0.027706,0.250000,0.243056,0.020000,0.288073,1,2,0
83,5_2_6,seq_ABC,memoryless,0,no_conv,,0.888889,0.640000,0.573333,,1.654145,0.727688,0.619048,0.916868,0.859356,0.737411,-0.097317,0.229167,0.229167,0.020000,0.682473,8,6,6
84,5_2_6,seq_ABC,memoryless,0,no_conv,,0.222222,0.626667,0.666667,,1.743985,0.738198,0.414966,0.366826,0.249494,-0.060910,0.024815,0.138889,0.125000,0.113333,0.225616,1,0,1
85,5_2_6,seq_ABC,memoryless,0,no_conv,,0.222222,0.706667,0.626667,,1.655597,0.717497,0.564626,0.584302,0.486482,0.255580,-0.065796,0.229167,0.222222,0.026667,0.284966,1,0,0
86,5_2_6,seq_ABC,memoryless,1,S=0,48,0.000000,0.693333,0.693333,0.833333,1.750060,0.769949,0.680272,0.707275,0.569424,0.298883,-0.131312,0.312500,0.298611,0.020000,0.381307,0,0,0
87,5_2_6,seq_ABC,memoryless,0,no_conv,,0.222222,0.733333,0.733333,,1.673646,0.754009,0.496599,0.560324,0.257790,0.029754,0.024253,0.152778,0.152778,0.060000,0.266438,2,1,2
88,5_2_6,seq_ABC,memoryless,1,S=0,49,0.000000,0.613333,0.600000,1.000000,1.629564,0.704424,0.462585,0.498460,0.321486,0.179433,0.023964,0.215278,0.208333,0.053333,0.224714,0,0,0
89,5_2_6,seq_ABC,memoryless,0,no_conv,,0.666667,0.546667,0.533333,,1.569344,0.676142,0.503401,0.621039,0.475299,0.275238,0.008924,0.201389,0.187500,0.020000,0.380424,2,0,1
90,5_2_6,seq_ABC,memoryless,0,no_conv,,0.666667,0.613333,0.640000,,1.706686,0.749456,0.476190,0.594542,0.502545,0.405757,0.012167,0.215278,0.201389,0.020000,0.260333,2,1,0
91,5_2_6,seq_ABC,memoryless,0,no_conv,,1.555556,0.680000,0.653333,,1.747439,0.760264,0.659864,0.903215,0.827564,0.755189,-0.067317,0.215278,0.201389,0.020000,0.771051,5,8,6
92,5_2_6,seq_ABC,memoryless,1,other_conv,49,0.000000,0.606667,0.586667,0.666667,1.537312,0.695088,0.578231,0.652677,0.495500,0.244351,-0.097727,0.201389,0.194444,0.026667,0.295547,1,1,1
93,5_2_6,seq_ABC,memoryless,1,S=0,46,0.000000,0.580000,0.560000,0.583333,1.670201,0.697975,0.517007,0.469756,0.223825,-0.055427,-0.174296,0.208333,0.208333,0.073333,0.236168,0,0,0
94,5_2_6,seq_ABC,memoryless,1,S=0,48,0.000000,0.660000,0.666667,0.666667,1.659933,0.716979,0.598639,0.749231,0.623865,0.398706,0.068587,0.250000,0.243056,0.020000,0.338501,0,0,0
95,5_2_6,seq_ABC,memoryless,0,no_conv,,3.555556,0.620000,0.680000,,1.761322,0.756599,0.517007,0.569137,0.354396,0.109264,0.161485,0.180556,0.180556,0.026667,0.309583,0,0,4
96,5_2_6,seq_ABC,memoryless,0,no_conv,,0.222222,0.573333,0.560000,,1.567204,0.687665,0.578231,0.547180,0.430710,0.284690,-0.113163,0.250000,0.236111,0.046667,0.215179,0,1,0
97,5_2_6,seq_ABC,memoryless,1,S=0,47,0.000000,0.613333,0.586667,0.444444,1.660333,0.696181,0.414966,0.481891,0.216070,0.242326,0.102078,0.152778,0.152778,0.060000,0.213130,0,0,0
98,5_2_6,seq_ABC,memoryless,0,no_conv,,0.222222,0.600000,0.613333,,1.539684,0.703840,0.523810,0.711109,0.581922,0.450516,-0.042561,0.152778,0.145833,0.026667,0.447388,1,2,1
99,5_2_6,seq_ABC,memoryless,0,no_conv,,0.222222,0.693333,0.706667,,1.809435,0.759490,0.551020,0.472156,0.363500,0.335500,0.091792,0.284722,0.277778,0.073333,0.301886,0,0,1
100,5_2_6,seq_ABC,memoryless,0,no_conv,,0.666667,0.713333,0.600000,,1.632809,0.706303,0.496599,0.779730,0.652005,0.422455,-0.098312,0.194444,0.187500,0.026667,0.374950,2,0,1
101,5_2_6,seq_ABC,memoryless,0,no_conv,,0.222222,0.633333,0.573333,,1.481670,0.663437,0.428571,0.466010,0.321919,0.043844,0.039816,0.152778,0.138889,0.046667,0.182517,1,0,0
102,5_2_6,seq_ABC,memoryless,0,no_conv,,0.666667,0.713333,0.720000,,1.816494,0.777539,0.496599,0.482976,0.209336,-0.111580,-0.125674,0.173611,0.166667,0.066667,0.186039,1,0,2
103,5_2_6,seq_ABC,memoryless,1,S=0,49,0.000000,0.633333,0.613333,0.333333,1.700849,0.726271,0.523810,0.567808,0.543501,0.255088,-0.182087,0.263889,0.250000,0.026667,0.219986,0,0,0
104,5_2_6,seq_ABC,memoryless,1,other_conv,49,0.000000,0.733333,0.720000,0.666667,2.013051,0.872550,0.666667,0.711121,0.464278,0.136592,0.038835,0.236111,0.236111,0.026667,0.382225,2,2,2
105,5_2_6,seq_ABC,memoryless,0,no_conv,,0.222222,0.653333,0.666667,,1.741361,0.755699,0.496599,0.486543,0.260594,0.044786,-0.026926,0.236111,0.229167,0.026667,0.226223,0,1,1
106,5_2_6,seq_ABC,memoryless,0,no_conv,,0.222222,0.646667,0.600000,,1.528238,0.698635,0.653061,0.858668,0.738839,0.598641,-0.048629,0.250000,0.250000,0.020000,0.654442,1,0,0
107,5_2_6,seq_ABC,memoryless,0,no_conv,,0.222222,0.633333,0.600000,,1.646211,0.709226,0.673469,0.899692,0.868083,0.739789,0.002378,0.326389,0.312500,0.020000,0.558419,8,7,8
108,5_2_6,seq_ABC,memoryless,0,no_conv,,0.666667,0.680000,0.640000,,1.831460,0.741573,0.544218,0.681337,0.494315,0.066863,0.143463,0.229167,0.222222,0.046667,0.247723,2,1,0
109,5_2_6,seq_ABC,memoryless,0,no_conv,,0.666667,0.600000,0.640000,,1.733911,0.765639,0.544218,0.667612,0.494324,0.025310,0.005309,0.208333,0.201389,0.046667,0.285639,2,1,0
110,5_2_6,seq_ABC,memoryless,0,no_conv,,0.222222,0.673333,0.626667,,1.708907,0.744886,0.612245,0.726382,0.595162,0.417140,-0.110871,0.208333,0.194444,0.020000,0.497020,0,1,1
111,5_2_6,seq_ABC,memoryless,0,no_conv,,0.222222,0.646667,0.706667,,1.690419,0.747652,0.551020,0.698283,0.522365,0.181859,0.075928,0.187500,0.180556,0.020000,0.257737,1,1,0
112,5_2_6,seq_ABC,memoryless,1,S=0,46,0.000000,0.640000,0.613333,0.500000,1.666514,0.702296,0.523810,0.683797,0.560773,0.103362,0.012699,0.236111,0.222222,0.033333,0.280266,0,0,0
113,5_2_6,seq_ABC,memoryless,0,no_conv,,0.666667,0.580000,0.533333,,1.616366,0.679530,0.387755,0.504988,0.350467,0.186526,0.070197,0.166667,0.166667,0.046667,0.244172,2,0,1
114,5_2_6,seq_ABC,memoryless,0,no_conv,,1.555556,0.686667,0.626667,,1.590160,0.721380,0.571429,0.477711,0.348490,0.173201,-0.047736,0.256944,0.250000,0.046667,0.248742,1,3,0
115,5_2_6,seq_ABC,memoryless,1,S=0,48,0.000000,0.600000,0.653333,0.666667,1.715431,0.735181,0.517007,0.478574,0.196586,0.120171,0.091447,0.208333,0.208333,0.093333,0.178840,0,0,0
116,5_2_6,seq_ABC,memoryless,1,S=0,48,0.000000,0.693333,0.653333,1.000000,1.673961,0.734620,0.530612,0.522335,0.442744,0.267794,-0.076879,0.215278,0.208333,0.033333,0.221053,0,0,0
117,5_2_6,seq_ABC,memoryless,0,no_conv,,0.666667,0.626667,0.600000,,1.599886,0.686223,0.503401,0.642870,0.463659,0.061131,-0.131037,0.187500,0.180556,0.053333,0.286036,2,1,0
118,5_2_6,seq_ABC,memoryless,1,other_conv,49,0.000000,0.640000,0.586667,0.666667,1.719514,0.736317,0.605442,0.802386,0.665273,0.440717,0.023684,0.236111,0.229167,0.026667,0.505645,1,1,1
119,5_2_6,seq_ABC,memoryless,1,S=0,49,0.000000,0.673333,0.653333,0.333333,1.690687,0.730662,0.537415,0.641451,0.608298,0.302870,-0.090612,0.270833,0.263889,0.020000,0.345635,0,0,0
120,5_2_6,seq_ABC,memoryless,0,no_conv,,0.222222,0.633333,0.653333,,1.700572,0.745607,0.571429,0.528522,0.437375,0.010887,-0.026037,0.250000,0.229167,0.040000,0.305931,2,1,1
121,5_2_6,seq_ABC,memoryless,0,no_conv,,0.666667,0.733333,0.746667,,1.886908,0.785761,0.489796,0.682567,0.569397,0.418124,0.170768,0.180556,0.180556,0.026667,0.446677,2,1,0
122,5_2_6,seq_ABC,memoryless,0,no_conv,,0.666667,0.673333,0.693333,,1.744665,0.749281,0.551020,0.759926,0.672919,0.425015,-0.042921,0.215278,0.201389,0.026667,0.426347,2,0,1
123,5_2_6,seq_ABC,memoryless,0,no_conv,,0.222222,0.653333,0.626667,,1.648076,0.729378,0.503401,0.660200,0.553960,0.375902,-0.033637,0.194444,0.180556,0.033333,0.321206,2,1,1
124,5_2_6,seq_ABC,memoryless,0,no_conv,,0.222222,0.560000,0.506667,,1.495449,0.665555,0.530612,0.738162,0.618780,0.293144,-0.053080,0.215278,0.201389,0.033333,0.300874,0,0,1
125,5_2_6,seq_ABC,memoryless,0,no_conv,,0.666667,0.733333,0.693333,,1.853088,0.790135,0.673469,0.754451,0.653014,0.354128,-0.020936,0.298611,0.284722,0.020000,0.453525,1,0,2
126,5_2_6,seq_ABC,memoryless,0,no_conv,,0.888889,0.680000,0.693333,,1.769498,0.760797,0.571429,0.626416,0.496748,0.272426,-0.145663,0.263889,0.256944,0.040000,0.336389,2,0,0
127,5_2_6,seq_ABC,memoryless,1,S=0,49,0.000000,0.700000,0.706667,0.666667,1.665444,0.737201,0.551020,0.804744,0.716532,0.598788,-0.038204,0.263889,0.256944,0.026667,0.485593,0,0,0
128,5_2_6,seq_ABC,memoryless,1,other_conv,49,0.000000,0.653333,0.586667,0.666667,1.826389,0.733164,0.537415,0.547778,0.475720,0.217618,-0.032805,0.256944,0.243056,0.033333,0.313349,1,1,1
129,5_2_6,seq_ABC,memoryless,0,no_conv,,0.666667,0.666667,0.586667,,1.608508,0.735926,0.700680,0.633253,0.532197,0.130465,0.197947,0.347222,0.333333,0.040000,0.385802,0,1,2
130,5_2_6,seq_ABC,memoryless,0,no_conv,,1.555556,0.620000,0.653333,,1.848452,0.782310,0.544218,0.761279,0.602375,0.136625,-0.054769,0.201389,0.187500,0.026667,0.457919,2,5,3
131,5_2_6,seq_ABC,memoryless,0,no_conv,,1.555556,0.660000,0.720000,,1.814444,0.765991,0.510204,0.406778,0.159420,0.110547,-0.167907,0.208333,0.201389,0.113333,0.215007,2,0,3
132,5_2_6,seq_ABC,memoryless,1,S=0,49,0.000000,0.626667,0.586667,0.666667,1.503292,0.677117,0.367347,0.678400,0.507475,0.168348,-0.082588,0.118056,0.111111,0.046667,0.226030,0,0,0
133,5_2_6,seq_ABC,memoryless,0,no_conv,,0.222222,0.666667,0.626667,,1.705739,0.711646,0.557823,0.661083,0.565626,0.444105,0.065919,0.243056,0.222222,0.020000,0.397917,1,0,0
134,5_2_6,seq_ABC,memoryless,0,no_conv,,0.888889,0.626667,0.586667,,1.800331,0.795075,0.768707,0.783039,0.588825,0.248852,-0.068322,0.270833,0.263889,0.033333,0.345711,1,3,1
135,5_2_6,seq_ABC,memoryless,0,no_conv,,0.222222,0.586667,0.600000,,1.604250,0.716011,0.523810,0.458665,0.265639,-0.066420,0.047914,0.229167,0.222222,0.093333,0.207884,0,0,1
136,5_2_6,seq_ABC,memoryless,0,no_conv,,0.222222,0.640000,0.613333,,1.720705,0.733882,0.564626,0.623697,0.500710,0.394956,-0.114977,0.222222,0.208333,0.040000,0.309375,0,1,1
137,5_2_6,seq_ABC,memoryless,0,no_conv,,0.888889,0.640000,0.706667,,1.723527,0.747732,0.544218,0.551027,0.393595,0.026965,-0.065638,0.243056,0.236111,0.033333,0.209548,2,0,0
138,5_2_6,seq_ABC,memoryless,0,no_conv,,0.666667,0.733333,0.733333,,1.997982,0.855527,0.775510,0.639064,0.454781,0.069719,-0.061843,0.347222,0.326389,0.033333,0.343109,1,0,2
139,5_2_6,seq_ABC,memoryless,0,no_conv,,0.222222,0.613333,0.600000,,1.676753,0.732047,0.578231,0.602236,0.347341,0.104670,0.060271,0.180556,0.166667,0.033333,0.229179,0,0,1
140,5_2_6,seq_ABC,memoryless,0,no_conv,,0.222222,0.700000,0.640000,,1.613144,0.722816,0.523810,0.555976,0.389247,0.218999,0.072577,0.208333,0.201389,0.033333,0.321325,0,1,0
141,5_2_6,seq_ABC,memoryless,0,no_conv,,0.222222,0.740000,0.733333,,1.735290,0.779817,0.619048,0.738086,0.675473,0.593166,0.014210,0.270833,0.270833,0.026667,0.450803,1,0,0
142,5_2_6,seq_ABC,memoryless,1,S=0,48,0.000000,0.686667,0.573333,0.333333,1.576746,0.703261,0.612245,0.793685,0.667109,0.586049,0.047337,0.243056,0.243056,0.020000,0.518033,0,0,0
143,5_2_6,seq_ABC,memoryless,0,no_conv,,0.222222,0.580000,0.533333,,1.598672,0.708451,0.585034,0.471084,0.250856,0.144266,-0.088885,0.222222,0.215278,0.060000,0.203861,0,1,0
144,5_2_6,seq_ABC,memoryless,1,S=0,48,0.000000,0.713333,0.746667,0.666667,1.845456,0.789195,0.530612,0.717642,0.573665,0.327014,0.140467,0.208333,0.201389,0.033333,0.278645,0,0,0
145,5_2_6,seq_ABC,memoryless,0,no_conv,,0.666667,0.680000,0.706667,,1.821957,0.782919,0.653061,0.655431,0.423885,-0.069841,-0.090985,0.256944,0.256944,0.066667,0.267885,0,1,2
146,5_2_6,seq_ABC,memoryless,0,no_conv,,0.222222,0.700000,0.680000,,1.671195,0.734246,0.646259,0.627755,0.540937,0.407692,-0.200654,0.326389,0.312500,0.020000,0.379009,1,0,0
147,5_2_6,seq_ABC,memoryless,0,no_conv,,0.666667,0.640000,0.573333,,1.695815,0.726068,0.551020,0.750708,0.647310,0.498323,0.119263,0.229167,0.222222,0.020000,0.603903,1,3,2
148,5_2_6,seq_ABC,memoryless,0,no_conv,,0.222222,0.593333,0.586667,,1.557212,0.682557,0.442177,0.481681,0.286619,-0.034141,0.059359,0.187500,0.173611,0.046667,0.192165,1,0,0
149,5_2_6,seq_ABC,memoryless,1,S=0,48,0.000000,0.633333,0.626667,1.000000,1.593399,0.716607,0.585034,0.565954,0.409491,0.208709,-0.141125,0.256944,0.243056,0.066667,0.263382,0,0,0
150,5_2_6,seq_ABC,memoryless,0,no_conv,,0.222222,0.613333,0.573333,,1.533230,0.682698,0.482993,0.536678,0.459932,0.165781,-0.128288,0.208333,0.201389,0.046667,0.253817,1,1,0
151,5_2_6,seq_ABC,memoryless,0,no_conv,,0.222222,0.713333,0.693333,,1.762481,0.746693,0.537415,0.684930,0.562653,0.412434,-0.102404,0.194444,0.180556,0.020000,0.316208,1,0,1
152,5_2_6,seq_ABC,memoryless,1,S=0,49,0.000000,0.613333,0.560000,0.333333,1.553622,0.669909,0.564626,0.528816,0.425446,0.152621,-0.062905,0.270833,0.263889,0.046667,0.246297,0,0,0
153,5_2_6,seq_ABC,memoryless,0,no_conv,,3.555556,0.700000,0.746667,,1.846228,0.798573,0.523810,0.631777,0.469383,0.059013,-0.022538,0.215278,0.208333,0.040000,0.379641,0,4,0
154,5_2_6,seq_ABC,memoryless,0,no_conv,,0.222222,0.640000,0.680000,,1.750185,0.746585,0.476190,0.622596,0.496249,0.252319,0.049557,0.187500,0.180556,0.026667,0.241429,0,1,0
155,5_2_6,seq_ABC,memoryless,0,no_conv,,0.222222,0.713333,0.666667,,1.711332,0.750801,0.619048,0.800067,0.698405,0.548388,-0.091644,0.236111,0.229167,0.020000,0.579991,1,0,0
156,5_2_6,seq_ABC,memoryless,0,no_conv,,0.222222,0.620000,0.573333,,1.704476,0.728003,0.564626,0.661001,0.580155,0.125948,-0.059461,0.256944,0.243056,0.040000,0.358274,1,0,1
157,5_2_6,seq_ABC,memoryless,0,no_conv,,0.666667,0.680000,0.613333,,1.634721,0.713841,0.612245,0.773464,0.697518,0.501851,-0.074681,0.236111,0.222222,0.020000,0.560157,2,1,0
158,5_2_6,seq_ABC,memoryless,0,no_conv,,0.222222,0.666667,0.680000,,1.764950,0.771753,0.544218,0.652336,0.486696,0.253006,-0.022291,0.201389,0.194444,0.020000,0.335117,1,1,0
159,5_2_6,seq_ABC,memoryless,0,no_conv,,0.666667,0.686667,0.680000,,1.810342,0.761136,0.537415,0.532455,0.291694,-0.089721,-0.066061,0.201389,0.201389,0.046667,0.333913,2,1,3
160,5_2_6,seq_ABC,memoryless,0,no_conv,,0.222222,0.673333,0.653333,,1.774332,0.780905,0.591837,0.630875,0.424349,0.163886,-0.018005,0.215278,0.215278,0.040000,0.322684,1,1,0
161,5_2_6,seq_ABC,memoryless,0,no_conv,,0.222222,0.713333,0.666667,,1.804542,0.750701,0.557823,0.778305,0.704453,0.459599,0.101304,0.236111,0.229167,0.020000,0.476514,1,0,1
162,5_2_6,seq_ABC,memoryless,0,no_conv,,0.888889,0.686667,0.693333,,1.836623,0.795788,0.734694,0.874772,0.771293,0.496279,0.077847,0.277778,0.270833,0.020000,0.492463,8,6,8
163,5_2_6,seq_ABC,memoryless,0,no_conv,,0.666667,0.646667,0.693333,,1.902758,0.815344,0.612245,0.638338,0.414255,0.102464,-0.118096,0.208333,0.201389,0.020000,0.326975,2,0,1
164,5_2_6,seq_ABC,memoryless,0,no_conv,,0.888889,0.660000,0.653333,,1.735912,0.750086,0.612245,0.839472,0.750020,0.536007,0.016229,0.229167,0.215278,0.020000,0.534892,0,0,2
165,5_2_6,seq_ABC,memoryless,0,no_conv,,0.666667,0.586667,0.626667,,1.640769,0.705843,0.442177,0.623312,0.479384,0.057003,0.074085,0.166667,0.152778,0.033333,0.243117,2,1,0
166,5_2_6,seq_ABC,memoryless,0,no_conv,,0.666667,0.706667,0.720000,,1.849042,0.816838,0.700680,0.719703,0.518149,0.177133,-0.060307,0.256944,0.250000,0.033333,0.330189,4,3,2
167,5_2_6,seq_ABC,memoryless,0,no_conv,,0.222222,0.693333,0.693333,,1.650298,0.752595,0.571429,0.635634,0.392283,0.139717,0.020904,0.201389,0.201389,0.040000,0.247653,2,1,1
168,5_2_6,seq_ABC,memoryless,1,S=0,49,0.000000,0.680000,0.666667,0.666667,1.796478,0.765950,0.605442,0.857560,0.808618,0.559109,-0.039732,0.277778,0.263889,0.026667,0.571945,0,0,0
169,5_2_6,seq_ABC,memoryless,0,no_conv,,0.888889,0.560000,0.573333,,1.672577,0.719872,0.605442,0.658842,0.455121,0.117617,0.051434,0.215278,0.201389,0.040000,0.262123,0,2,0
170,5_2_6,seq_ABC,memoryless,0,no_conv,,0.666667,0.660000,0.746667,,1.918760,0.826342,0.591837,0.502042,0.389058,0.010196,-0.027162,0.284722,0.277778,0.046667,0.186882,1,2,0
171,5_2_6,seq_ABC,memoryless,1,S=0,47,0.000000,0.626667,0.560000,0.333333,1.466446,0.655822,0.496599,0.596120,0.508834,0.199397,0.069114,0.256944,0.250000,0.020000,0.258791,0,0,0
172,5_2_6,seq_ABC,memoryless,0,no_conv,,0.888889,0.586667,0.586667,,1.592156,0.700607,0.496599,0.625549,0.380424,0.195198,0.089762,0.166667,0.166667,0.086667,0.207221,2,0,0
173,5_2_6,seq_ABC,memoryless,1,other_conv,49,0.000000,0.706667,0.666667,0.666667,1.680001,0.741256,0.551020,0.759051,0.649473,0.421839,0.026507,0.201389,0.194444,0.020000,0.473740,1,1,1
174,5_2_6,seq_ABC,memoryless,0,no_conv,,0.222222,0.573333,0.506667,,1.534380,0.678865,0.578231,0.719732,0.576003,0.289266,0.196823,0.229167,0.208333,0.040000,0.327943,1,0,0
175,5_2_6,seq_ABC,memoryless,1,S=0,48,0.000000,0.646667,0.626667,0.666667,1.626475,0.740424,0.639456,0.671203,0.487126,0.431984,-0.083964,0.263889,0.256944,0.026667,0.381881,0,0,0
176,5_2_6,seq_ABC,memoryless,0,no_conv,,0.222222,0.626667,0.546667,,1.646285,0.703782,0.612245,0.895577,0.827437,0.718284,-0.041611,0.236111,0.229167,0.020000,0.634350,7,6,7
177,5_2_6,seq_ABC,memoryless,0,no_conv,,0.222222,0.620000,0.600000,,1.637013,0.712840,0.462585,0.577982,0.490755,0.275786,0.248304,0.166667,0.159722,0.026667,0.314855,0,1,1
178,5_2_6,seq_ABC,memoryless,1,S=0,49,0.000000,0.633333,0.533333,0.666667,1.586466,0.682555,0.503401,0.819430,0.753683,0.664725,0.108188,0.180556,0.173611,0.020000,0.573358,0,0,0
179,5_2_6,seq_ABC,memoryless,0,no_conv,,0.666667,0.680000,0.640000,,1.706000,0.765677,0.687075,0.544407,0.335822,0.043652,0.107658,0.284722,0.270833,0.046667,0.322520,2,0,1
180,5_2_6,seq_ABC,memoryless,1,other_conv,49,0.000000,0.660000,0.640000,1.000000,1.745598,0.773529,0.639456,0.666574,0.504127,0.134121,0.009191,0.256944,0.250000,0.033333,0.401838,2,2,2
181,5_2_6,seq_ABC,memoryless,0,no_conv,,0.222222,0.560000,0.573333,,1.741933,0.738207,0.598639,0.323285,-0.035453,0.013712,-0.001450,0.270833,0.270833,0.126667,0.148405,0,1,1
182,5_2_6,seq_ABC,memoryless,0,no_conv,,0.222222,0.646667,0.693333,,1.804588,0.766601,0.557823,0.542591,0.393806,0.203192,0.028794,0.243056,0.236111,0.040000,0.175056,1,0,0
183,5_2_6,seq_ABC,memoryless,0,no_conv,,0.888889,0.626667,0.666667,,1.718887,0.787879,0.673469,0.697574,0.529868,0.255970,0.014511,0.277778,0.270833,0.020000,0.385013,2,0,0
184,5_2_6,seq_ABC,memoryless,0,no_conv,,0.222222,0.613333,0.560000,,1.648183,0.707226,0.530612,0.724886,0.545231,0.403320,0.022227,0.180556,0.173611,0.020000,0.375429,1,1,0
185,5_2_6,seq_ABC,memoryless,1,other_conv,49,0.000000,0.660000,0.586667,0.666667,1.546644,0.685762,0.489796,0.764233,0.615845,0.394073,0.098489,0.187500,0.180556,0.026667,0.341510,1,1,1
186,5_2_6,seq_ABC,memoryless,0,no_conv,,0.222222,0.580000,0.573333,,1.774935,0.736047,0.523810,0.563174,0.377921,0.060793,-0.059781,0.180556,0.173611,0.040000,0.267270,0,0,1
187,5_2_6,seq_ABC,memoryless,0,no_conv,,0.222222,0.646667,0.640000,,1.794554,0.738495,0.537415,0.715751,0.611351,0.489442,0.053851,0.229167,0.222222,0.020000,0.378375,0,0,1
188,5_2_6,seq_ABC,memoryless,0,no_conv,,1.555556,0.646667,0.653333,,1.639233,0.731942,0.564626,0.644204,0.499275,-0.062683,-0.083090,0.208333,0.201389,0.066667,0.348395,4,2,1
189,5_2_6,seq_ABC,memoryless,0,no_conv,,0.222222,0.580000,0.573333,,1.471880,0.677899,0.578231,0.609518,0.385561,0.164275,0.023187,0.229167,0.222222,0.033333,0.237069,1,0,0
190,5_2_6,seq_ABC,memoryless,0,no_conv,,0.666667,0.640000,0.600000,,1.646294,0.726813,0.659864,0.876782,0.803325,0.674878,0.002908,0.284722,0.277778,0.020000,0.648003,6,8,7
191,5_2_6,seq_ABC,memoryless,1,S=0,47,0.000000,0.660000,0.626667,0.555556,1.715658,0.725567,0.482993,0.524468,0.419087,0.056692,0.124104,0.194444,0.173611,0.066667,0.156408,0,0,0
192,5_2_6,seq_ABC,memoryless,0,no_conv,,0.222222,0.680000,0.666667,,1.774106,0.741697,0.578231,0.677599,0.506560,0.199607,0.038341,0.201389,0.187500,0.033333,0.319934,1,0,0
193,5_2_6,seq_ABC,memoryless,0,no_conv,,1.555556,0.693333,0.693333,,1.733142,0.774727,0.605442,0.531620,0.273003,-0.030277,-0.070096,0.236111,0.222222,0.046667,0.260358,3,1,0
194,5_2_6,seq_ABC,memoryless,0,no_conv,,0.666667,0.680000,0.653333,,1.599266,0.702893,0.503401,0.584400,0.470082,0.474469,0.020798,0.229167,0.229167,0.020000,0.384013,0,2,1
195,5_2_6,seq_ABC,memoryless,0,no_conv,,0.222222,0.720000,0.773333,,1.958290,0.874242,0.687075,0.718939,0.480484,0.174615,0.051555,0.236111,0.236111,0.020000,0.323659,2,1,1
196,5_2_6,seq_ABC,memoryless,0,no_conv,,0.666667,0.620000,0.533333,,1.584894,0.668713,0.442177,0.726505,0.517161,0.370550,-0.025259,0.138889,0.138889,0.033333,0.368448,2,0,1
197,5_2_6,seq_ABC,memoryless,0,no_conv,,0.666667,0.620000,0.600000,,1.570776,0.705180,0.482993,0.694516,0.540404,0.443952,-0.122478,0.166667,0.166667,0.020000,0.250537,2,1,0
198,5_2_6,seq_ABC,memoryless,0,no_conv,,0.222222,0.620000,0.613333,,1.670892,0.709617,0.421769,0.618704,0.438208,0.188172,0.067542,0.180556,0.173611,0.033333,0.329726,1,2,1
199,5_2_6,seq_ABC,memoryless,1,S=0,46,0.000000,0.626667,0.613333,0.500000,1.626493,0.712757,0.578231,0.560158,0.416468,0.060171,0.051864,0.263889,0.250000,0.033333,0.188363,0,0,0
0,5_2_6,seq_ABC,static,0,no_conv,,0.222222,0.673333,0.720000,,2.386775,1.118676,0.469388,0.822611,0.766486,0.586470,0.182190,0.208333,0.194444,0.020000,0.387225,7,8,8
1,5_2_6,seq_ABC,static,0,no_conv,,0.666667,0.580000,0.533333,,3.855965,1.008204,0.537415,0.619112,0.516980,0.194391,0.055797,0.291667,0.284722,0.033333,0.387182,5,3,4
2,5_2_6,seq_ABC,static,0,no_conv,,0.666667,0.713333,0.653333,,3.621824,1.053377,0.578231,0.589351,0.493380,0.345987,0.198435,0.256944,0.243056,0.020000,0.395723,2,0,1
3,5_2_6,seq_ABC,static,0,no_conv,,0.666667,0.573333,0.506667,,1.512979,0.767282,0.462585,0.514833,0.320488,0.080644,0.273891,0.194444,0.187500,0.033333,0.310291,3,2,1
4,5_2_6,seq_ABC,static,1,S=0,34,0.000000,0.226667,0.026667,0.000000,0.159333,0.063847,0.149660,0.633383,0.537283,0.192536,0.418429,0.048611,0.048611,0.033333,0.189914,0,0,0
5,5_2_6,seq_ABC,static,1,S=0,29,0.000000,0.100000,0.013333,0.000000,0.068170,0.026419,0.102041,0.560678,0.363063,0.113074,0.278400,0.041667,0.041667,0.040000,0.119880,0,0,0
6,5_2_6,seq_ABC,static,1,S=0,16,0.000000,0.233333,0.080000,0.107843,0.143242,0.087611,0.142857,0.602743,0.477474,0.678884,0.277610,0.076389,0.076389,0.080000,0.171954,0,0,0
7,5_2_6,seq_ABC,static,1,S=0,39,0.000000,0.660000,0.600000,0.454545,2.536452,0.835976,0.421769,0.765539,0.664216,0.578658,0.228734,0.145833,0.138889,0.020000,0.456106,0,0,0
8,5_2_6,seq_ABC,static,1,S=0,49,0.000000,0.660000,0.546667,0.666667,4.046064,0.904909,0.428571,0.729220,0.662123,0.442575,0.401585,0.145833,0.138889,0.020000,0.447288,0,0,0
9,5_2_6,seq_ABC,static,1,S=0,38,0.000000,0.400000,0.253333,0.138889,0.483553,0.321622,0.176871,0.693557,0.470751,0.519424,0.475123,0.048611,0.048611,0.020000,0.213112,0,0,0
10,5_2_6,seq_ABC,static,1,S=0,25,0.000000,0.186667,0.040000,0.040000,0.143196,0.075099,0.149660,0.730557,0.534240,0.140890,0.227617,0.062500,0.062500,0.046667,0.165126,0,0,0
11,5_2_6,seq_ABC,static,1,S=0,41,0.000000,0.786667,0.853333,0.888889,3.133091,1.277117,0.442177,0.767003,0.688589,0.587906,0.069781,0.180556,0.166667,0.020000,0.338807,0,0,0
12,5_2_6,seq_ABC,static,1,S=0,30,0.000000,0.553333,0.426667,0.416667,0.799320,0.542008,0.360544,0.819806,0.753182,0.601132,0.324771,0.152778,0.145833,0.026667,0.405073,0,0,0
13,5_2_6,seq_ABC,static,1,S=0,44,0.000000,0.660000,0.560000,0.333333,1.277167,0.759667,0.319728,0.850337,0.777095,0.458181,0.197106,0.104167,0.097222,0.026667,0.342836,0,0,0
14,5_2_6,seq_ABC,static,0,no_conv,,0.222222,0.726667,0.733333,,2.282129,1.066207,0.360544,0.506500,0.583222,0.315826,0.079197,0.166667,0.159722,0.026667,0.258383,1,0,0
15,5_2_6,seq_ABC,static,0,no_conv,,0.888889,0.606667,0.600000,,3.874350,1.031146,0.605442,0.447530,0.372381,0.357107,0.165643,0.298611,0.291667,0.053333,0.322669,2,0,0
16,5_2_6,seq_ABC,static,0,no_conv,,0.222222,0.726667,0.720000,,5.505114,1.135383,0.632653,0.790347,0.694412,0.492269,0.208154,0.270833,0.256944,0.020000,0.438992,0,0,1
17,5_2_6,seq_ABC,static,1,S=0,27,0.000000,0.486667,0.333333,0.318841,0.606573,0.372270,0.251701,0.713537,0.781541,0.680540,0.483863,0.118056,0.104167,0.020000,0.378315,0,0,0
18,5_2_6,seq_ABC,static,1,S=0,39,0.000000,0.666667,0.560000,0.393939,1.644160,0.805168,0.346939,0.829778,0.737637,0.613130,0.309676,0.111111,0.097222,0.033333,0.403647,0,0,0
19,5_2_6,seq_ABC,static,1,other_conv,49,0.000000,0.506667,0.413333,0.333333,2.861086,0.667102,0.564626,0.533623,0.406919,0.080062,0.130159,0.256944,0.243056,0.040000,0.231180,3,3,3
20,5_2_6,seq_ABC,static,1,S=0,28,0.000000,0.433333,0.226667,0.257576,0.484680,0.329874,0.210884,0.717581,0.719250,0.433114,0.372349,0.097222,0.083333,0.020000,0.234757,0,0,0
21,5_2_6,seq_ABC,static,0,no_conv,,2.888889,0.733333,0.706667,,3.321341,1.073341,0.666667,0.747278,0.636751,0.388904,0.097640,0.319444,0.312500,0.033333,0.446297,1,0,4
22,5_2_6,seq_ABC,static,0,no_conv,,2.000000,0.780000,0.826667,,5.968173,1.293596,0.571429,0.800803,0.755666,0.598257,0.064224,0.277778,0.263889,0.020000,0.511568,8,8,5
23,5_2_6,seq_ABC,static,0,no_conv,,0.888889,0.720000,0.733333,,3.424763,1.042716,0.585034,0.701868,0.530312,0.380824,0.061319,0.222222,0.208333,0.020000,0.367581,5,5,7
24,5_2_6,seq_ABC,static,1,other_conv,49,0.000000,0.566667,0.520000,0.333333,1.944500,0.772461,0.557823,0.545010,0.325317,0.150380,0.142906,0.236111,0.229167,0.060000,0.318967,4,4,4
25,5_2_6,seq_ABC,static,1,S=0,34,0.000000,0.100000,0.026667,0.000000,0.169785,0.060876,0.115646,0.694131,0.734128,-0.064441,0.241528,0.041667,0.034722,0.053333,0.112132,0,0,0
26,5_2_6,seq_ABC,static,0,no_conv,,0.222222,0.773333,0.786667,,3.958156,1.264126,0.489796,0.627272,0.547773,0.282769,0.180447,0.222222,0.215278,0.040000,0.302184,0,0,1
27,5_2_6,seq_ABC,static,1,S=0,18,0.000000,0.220000,0.000000,0.010417,0.065615,0.024552,0.204082,0.664602,0.607798,0.285114,0.561657,0.076389,0.055556,0.020000,0.259596,0,0,0
28,5_2_6,seq_ABC,static,1,S=0,46,0.000000,0.713333,0.786667,0.666667,3.078538,1.173876,0.367347,0.735310,0.706579,0.541118,0.225494,0.159722,0.152778,0.020000,0.374620,0,0,0
29,5_2_6,seq_ABC,static,0,no_conv,,0.222222,0.620000,0.626667,,4.739919,1.008504,0.612245,0.532276,0.410315,0.270698,0.113485,0.291667,0.277778,0.040000,0.341449,2,2,1
30,5_2_6,seq_ABC,static,0,no_conv,,0.222222,0.546667,0.506667,,2.484846,0.726096,0.639456,0.349294,0.293393,0.009124,0.103306,0.326389,0.319444,0.053333,0.192122,2,2,1
31,5_2_6,seq_ABC,static,1,S=0,35,0.000000,0.493333,0.333333,0.311111,0.676794,0.462081,0.163265,0.647536,0.523423,0.364569,0.445652,0.027778,0.020833,0.020000,0.180314,0,0,0
32,5_2_6,seq_ABC,static,1,other_conv,49,0.000000,0.666667,0.733333,0.333333,3.021114,1.064846,0.591837,0.501130,0.442567,0.336167,0.096660,0.326389,0.312500,0.020000,0.313569,5,5,5
33,5_2_6,seq_ABC,static,1,S=0,49,0.000000,0.466667,0.426667,0.333333,1.946408,0.698663,0.278912,0.686618,0.638481,0.424852,0.396310,0.097222,0.083333,0.046667,0.332831,0,0,0
34,5_2_6,seq_ABC,static,0,no_conv,,0.666667,0.640000,0.706667,,3.517249,1.206156,0.517007,0.644525,0.555459,0.333800,0.221893,0.256944,0.243056,0.026667,0.343453,0,1,2
35,5_2_6,seq_ABC,static,1,S=0,35,0.000000,0.480000,0.293333,0.222222,0.598449,0.411677,0.231293,0.797804,0.657398,0.288246,0.320086,0.062500,0.062500,0.033333,0.248309,0,0,0
36,5_2_6,seq_ABC,static,1,S=0,27,0.000000,0.453333,0.186667,0.159420,0.439102,0.238337,0.306122,0.804031,0.695319,0.515517,0.478388,0.118056,0.111111,0.020000,0.378204,0,0,0
37,5_2_6,seq_ABC,static,0,no_conv,,0.222222,0.780000,0.773333,,3.292599,1.211304,0.455782,0.758667,0.677652,0.591165,0.045101,0.201389,0.201389,0.020000,0.409075,0,0,1
38,5_2_6,seq_ABC,static,1,S=0,28,0.000000,0.460000,0.373333,0.333333,1.870417,0.685459,0.170068,0.649091,0.572613,0.296598,0.118098,0.048611,0.041667,0.026667,0.181184,0,0,0
39,5_2_6,seq_ABC,static,0,no_conv,,0.222222,0.566667,0.480000,,2.782290,0.835791,0.530612,0.625094,0.503253,0.370523,0.060641,0.263889,0.256944,0.020000,0.310108,1,1,0
40,5_2_6,seq_ABC,static,1,S=0,37,0.000000,0.393333,0.093333,0.025641,0.286746,0.140085,0.244898,0.685330,0.680584,0.512724,0.637834,0.118056,0.104167,0.020000,0.329448,0,0,0
41,5_2_6,seq_ABC,static,0,no_conv,,0.888889,0.673333,0.626667,,3.645749,0.956472,0.646259,0.554893,0.465418,0.287826,0.066254,0.347222,0.333333,0.020000,0.266570,2,2,0
42,5_2_6,seq_ABC,static,1,S=0,33,0.000000,0.400000,0.173333,0.039216,0.362715,0.220421,0.251701,0.739774,0.666591,0.586187,0.361407,0.097222,0.090278,0.020000,0.289380,0,0,0
43,5_2_6,seq_ABC,static,1,other_conv,49,0.000000,0.586667,0.413333,0.000000,1.686853,0.703530,0.639456,0.444767,0.263871,0.069746,0.046509,0.312500,0.305556,0.093333,0.231229,3,3,3
44,5_2_6,seq_ABC,static,1,S=0,32,0.000000,0.146667,0.053333,0.000000,0.160012,0.081758,0.156463,0.625313,0.469354,0.523169,0.255610,0.076389,0.062500,0.026667,0.146946,0,0,0
45,5_2_6,seq_ABC,static,1,S=0,20,0.000000,0.393333,0.360000,0.366667,0.954678,0.566391,0.102041,0.621271,0.486849,0.776285,0.638465,0.041667,0.034722,0.020000,0.117901,0,0,0
46,5_2_6,seq_ABC,static,1,S=0,44,0.000000,0.693333,0.613333,0.666667,2.626422,0.903137,0.401361,0.673461,0.510262,0.506083,0.051668,0.173611,0.173611,0.106667,0.394025,0,0,0
47,5_2_6,seq_ABC,static,0,no_conv,,0.222222,0.746667,0.773333,,3.045677,1.186164,0.435374,0.762036,0.681445,0.582561,0.053569,0.180556,0.173611,0.020000,0.441657,1,0,0
48,5_2_6,seq_ABC,static,1,S=0,49,0.000000,0.580000,0.533333,0.666667,2.705138,0.834526,0.326531,0.613586,0.568922,0.412538,0.233675,0.131944,0.118056,0.026667,0.270426,0,0,0
49,5_2_6,seq_ABC,static,1,S=0,20,0.000000,0.286667,0.120000,0.144444,0.254132,0.148106,0.136054,0.710440,0.667433,0.388088,0.457457,0.048611,0.041667,0.020000,0.225370,0,0,0
50,5_2_6,seq_ABC,static,0,no_conv,,0.222222,0.633333,0.586667,,3.501647,0.928460,0.605442,0.784527,0.645499,0.430965,0.202548,0.291667,0.284722,0.040000,0.470922,6,6,5
51,5_2_6,seq_ABC,static,1,S=0,25,0.000000,0.613333,0.573333,0.573333,1.267028,0.821528,0.299320,0.734383,0.623535,0.739313,0.318637,0.104167,0.097222,0.020000,0.418054,0,0,0
52,5_2_6,seq_ABC,static,1,S=0,22,0.000000,0.473333,0.333333,0.345238,0.721054,0.494619,0.224490,0.555924,0.456448,0.070458,0.533163,0.104167,0.104167,0.020000,0.167573,0,0,0
53,5_2_6,seq_ABC,static,1,S=0,34,0.000000,0.280000,0.186667,0.083333,0.405439,0.241744,0.115646,0.538594,0.472596,0.043355,0.363548,0.055556,0.048611,0.053333,0.081561,0,0,0
54,5_2_6,seq_ABC,static,0,no_conv,,0.222222,0.613333,0.600000,,3.338907,1.065560,0.557823,0.539902,0.286247,0.210444,-0.067386,0.236111,0.229167,0.020000,0.305320,3,4,3
55,5_2_6,seq_ABC,static,1,other_conv,49,0.000000,0.613333,0.600000,0.333333,2.228074,0.974620,0.455782,0.571264,0.413596,0.321696,0.078204,0.194444,0.180556,0.020000,0.329674,4,4,4
56,5_2_6,seq_ABC,static,1,S=0,41,0.000000,0.613333,0.560000,0.370370,1.896856,0.844948,0.346939,0.796252,0.741426,0.341634,0.228530,0.111111,0.104167,0.040000,0.392917,0,0,0
57,5_2_6,seq_ABC,static,1,S=0,40,0.000000,0.666667,0.560000,0.400000,0.991685,0.684782,0.224490,0.584614,0.570640,0.049834,0.298629,0.090278,0.083333,0.026667,0.163724,0,0,0
58,5_2_6,seq_ABC,static,1,S=0,43,0.000000,0.440000,0.320000,0.238095,0.698828,0.397126,0.292517,0.673195,0.536969,0.489920,0.244859,0.118056,0.118056,0.020000,0.251694,0,0,0
59,5_2_6,seq_ABC,static,1,S=0,27,0.000000,0.340000,0.186667,0.188406,0.317494,0.201967,0.149660,0.653865,0.723395,0.274495,0.445930,0.055556,0.034722,0.033333,0.213184,0,0,0
60,5_2_6,seq_ABC,static,1,S=0,17,0.000000,0.353333,0.133333,0.171717,0.285202,0.174793,0.149660,0.709887,0.743783,0.309671,0.310077,0.062500,0.048611,0.020000,0.206022,0,0,0
61,5_2_6,seq_ABC,static,0,no_conv,,0.888889,0.613333,0.600000,,2.897815,0.896899,0.639456,0.633590,0.434112,0.445000,0.159610,0.312500,0.298611,0.080000,0.368032,5,7,7
62,5_2_6,seq_ABC,static,0,no_conv,,0.222222,0.720000,0.773333,,3.946990,1.318460,0.489796,0.704781,0.674227,0.420415,0.262101,0.236111,0.222222,0.033333,0.378830,0,0,1
63,5_2_6,seq_ABC,static,0,no_conv,,0.222222,0.620000,0.693333,,5.253844,1.061748,0.605442,0.668975,0.573813,0.434504,0.236625,0.277778,0.263889,0.020000,0.457459,2,1,1
64,5_2_6,seq_ABC,static,0,no_conv,,0.222222,0.406667,0.320000,,1.303688,0.568512,0.564626,0.293482,0.232284,0.152826,-0.001361,0.319444,0.305556,0.060000,0.254919,3,3,4
65,5_2_6,seq_ABC,static,1,S=0,30,0.000000,0.660000,0.666667,0.650000,1.500954,0.871789,0.326531,0.844741,0.791238,0.705886,0.126450,0.138889,0.125000,0.020000,0.501106,0,0,0
66,5_2_6,seq_ABC,static,1,S=0,49,0.000000,0.720000,0.746667,1.000000,3.953876,1.212027,0.632653,0.581190,0.411188,0.289543,0.158190,0.263889,0.256944,0.040000,0.247193,0,0,0
67,5_2_6,seq_ABC,static,0,no_conv,,1.555556,0.793333,0.826667,,5.801909,1.144355,0.632653,0.703881,0.584608,0.427749,0.101552,0.250000,0.243056,0.026667,0.474745,0,2,3
68,5_2_6,seq_ABC,static,1,S=0,30,0.000000,0.280000,0.026667,0.000000,0.127865,0.060437,0.204082,0.638302,0.433058,0.609687,0.549664,0.062500,0.062500,0.020000,0.275974,0,0,0
69,5_2_6,seq_ABC,static,1,S=0,21,0.000000,0.606667,0.466667,0.528736,0.786795,0.561937,0.244898,0.616100,0.686172,0.666396,0.180759,0.145833,0.131944,0.020000,0.358833,0,0,0
70,5_2_6,seq_ABC,static,1,S=0,27,0.000000,0.446667,0.253333,0.231884,0.401054,0.279001,0.224490,0.794373,0.672948,0.530382,0.468740,0.083333,0.083333,0.026667,0.262949,0,0,0
71,5_2_6,seq_ABC,static,1,S=0,11,0.000000,0.293333,0.080000,0.196581,0.201481,0.114801,0.136054,0.692836,0.820885,0.467886,0.704371,0.062500,0.041667,0.020000,0.215769,0,0,0
72,5_2_6,seq_ABC,static,1,S=0,35,0.000000,0.713333,0.680000,0.688889,1.556199,0.933624,0.380952,0.645711,0.445429,0.378159,0.246095,0.118056,0.118056,0.033333,0.322867,0,0,0
73,5_2_6,seq_ABC,static,1,S=0,44,0.000000,0.706667,0.653333,0.500000,1.935001,0.965765,0.292517,0.561528,0.499797,0.362802,0.193965,0.111111,0.104167,0.040000,0.316065,0,0,0
74,5_2_6,seq_ABC,static,0,no_conv,,0.222222,0.586667,0.586667,,2.231826,0.904843,0.387755,0.686409,0.688418,0.633664,0.329142,0.187500,0.173611,0.020000,0.490057,1,0,0
75,5_2_6,seq_ABC,static,1,S=0,49,0.000000,0.606667,0.453333,0.333333,1.306628,0.678141,0.367347,0.691182,0.602708,0.584068,0.233572,0.138889,0.138889,0.020000,0.429318,0,0,0
76,5_2_6,seq_ABC,static,0,no_conv,,0.888889,0.693333,0.640000,,3.131776,0.972466,0.523810,0.741156,0.601599,0.390204,0.078760,0.194444,0.187500,0.020000,0.431791,4,4,2
77,5_2_6,seq_ABC,static,0,no_conv,,0.222222,0.773333,0.706667,,4.311811,1.084727,0.428571,0.594567,0.304328,0.275350,0.350192,0.166667,0.166667,0.100000,0.359348,0,1,1
78,5_2_6,seq_ABC,static,1,S=0,30,0.000000,0.526667,0.453333,0.466667,0.743966,0.480678,0.224490,0.653683,0.654368,0.446455,0.174820,0.104167,0.097222,0.026667,0.230471,0,0,0
79,5_2_6,seq_ABC,static,1,S=0,39,0.000000,0.513333,0.200000,0.000000,0.388725,0.259270,0.149660,0.807897,0.803472,0.221086,0.667123,0.048611,0.048611,0.020000,0.189820,0,0,0
80,5_2_6,seq_ABC,static,1,S=0,36,0.000000,0.366667,0.066667,0.000000,0.215584,0.123094,0.238095,0.862990,0.769683,0.468781,0.636698,0.083333,0.069444,0.020000,0.342786,0,0,0
81,5_2_6,seq_ABC,static,1,S=0,33,0.000000,0.673333,0.640000,0.666667,1.556955,0.989538,0.333333,0.620499,0.587602,0.328951,0.042073,0.152778,0.138889,0.020000,0.206770,0,0,0
82,5_2_6,seq_ABC,static,1,S=0,43,0.000000,0.706667,0.706667,0.619048,1.746559,1.052860,0.340136,0.775722,0.700417,0.485543,0.119806,0.118056,0.118056,0.020000,0.464162,0,0,0
83,5_2_6,seq_ABC,static,0,no_conv,,0.222222,0.713333,0.586667,,1.852845,0.767646,0.557823,0.689786,0.466533,0.232149,0.205141,0.187500,0.187500,0.046667,0.348864,4,4,5
84,5_2_6,seq_ABC,static,1,S=0,47,0.000000,0.606667,0.680000,0.444444,1.909022,0.943109,0.156463,0.574583,0.632405,0.290730,0.351999,0.048611,0.034722,0.040000,0.135780,0,0,0
85,5_2_6,seq_ABC,static,1,S=0,29,0.000000,0.480000,0.306667,0.301587,0.632334,0.427114,0.176871,0.607560,0.618570,0.487893,0.374794,0.076389,0.069444,0.020000,0.194872,0,0,0
86,5_2_6,seq_ABC,static,1,S=0,42,0.000000,0.253333,0.080000,0.000000,0.216906,0.120750,0.176871,0.540940,0.506579,0.056835,0.515692,0.076389,0.062500,0.046667,0.148154,0,0,0
87,5_2_6,seq_ABC,static,1,S=0,38,0.000000,0.560000,0.493333,0.583333,0.863777,0.598152,0.217687,0.635111,0.581201,0.366547,0.308262,0.090278,0.083333,0.026667,0.203503,0,0,0
88,5_2_6,seq_ABC,static,1,S=0,14,0.000000,0.453333,0.333333,0.361111,0.635788,0.441842,0.176871,0.762215,0.520752,0.346892,0.620163,0.048611,0.048611,0.040000,0.301503,0,0,0
89,5_2_6,seq_ABC,static,0,no_conv,,0.888889,0.566667,0.546667,,1.367041,0.723154,0.571429,0.330633,0.153343,0.157710,0.060447,0.277778,0.263889,0.093333,0.222723,3,3,1
90,5_2_6,seq_ABC,static,1,S=0,47,0.000000,0.560000,0.506667,0.333333,1.222780,0.687276,0.224490,0.674656,0.554831,0.281851,0.442123,0.062500,0.055556,0.020000,0.218696,0,0,0
91,5_2_6,seq_ABC,static,0,no_conv,,0.222222,0.606667,0.573333,,2.140204,0.895057,0.619048,0.431155,0.259587,0.161591,0.147203,0.312500,0.305556,0.033333,0.248388,2,1,2
92,5_2_6,seq_ABC,static,0,no_conv,,0.222222,0.600000,0.680000,,3.132846,0.974652,0.632653,0.408276,0.356020,0.088204,0.125129,0.354167,0.347222,0.033333,0.251447,2,2,1
93,5_2_6,seq_ABC,static,1,S=0,17,0.000000,0.266667,0.026667,0.080808,0.142124,0.063461,0.163265,0.682554,0.553533,0.455776,0.631017,0.062500,0.062500,0.020000,0.220384,0,0,0
94,5_2_6,seq_ABC,static,0,no_conv,,0.666667,0.686667,0.746667,,5.836140,1.219602,0.680272,0.634948,0.498600,0.391057,0.207937,0.354167,0.347222,0.026667,0.343595,5,6,7
95,5_2_6,seq_ABC,static,1,S=0,39,0.000000,0.220000,0.053333,0.000000,0.121958,0.061712,0.095238,0.804112,0.679257,0.119537,0.460782,0.020833,0.020833,0.053333,0.120338,0,0,0
96,5_2_6,seq_ABC,static,0,no_conv,,0.222222,0.713333,0.840000,,4.170677,1.326533,0.591837,0.563204,0.503839,0.393077,-0.014680,0.277778,0.263889,0.033333,0.328190,0,1,0
97,5_2_6,seq_ABC,static,1,S=0,42,0.000000,0.426667,0.226667,0.000000,0.518804,0.307892,0.197279,0.712169,0.474299,0.286718,0.522648,0.083333,0.083333,0.033333,0.187778,0,0,0
98,5_2_6,seq_ABC,static,0,no_conv,,0.888889,0.673333,0.533333,,2.306312,0.816061,0.557823,0.700850,0.542486,0.310163,0.241460,0.222222,0.215278,0.026667,0.302384,3,3,1
99,5_2_6,seq_ABC,static,1,S=0,30,0.000000,0.480000,0.226667,0.166667,0.506552,0.306700,0.258503,0.667465,0.472408,0.488657,0.435674,0.125000,0.118056,0.073333,0.268961,0,0,0
100,5_2_6,seq_ABC,static,0,no_conv,,0.222222,0.640000,0.626667,,3.415269,1.045095,0.605442,0.736730,0.489457,0.429157,0.031176,0.201389,0.194444,0.020000,0.427321,7,6,6
101,5_2_6,seq_ABC,static,1,S=0,25,0.000000,0.246667,0.000000,0.000000,0.044928,0.010339,0.163265,0.599966,0.411466,0.204339,0.596317,0.062500,0.062500,0.026667,0.193596,0,0,0
102,5_2_6,seq_ABC,static,1,S=0,38,0.000000,0.206667,0.146667,0.083333,0.324074,0.194615,0.095238,0.802248,0.570662,0.037235,0.297420,0.020833,0.020833,0.020000,0.125602,0,0,0
103,5_2_6,seq_ABC,static,1,S=0,34,0.000000,0.600000,0.400000,0.354167,0.990249,0.614946,0.292517,0.801013,0.751781,0.616223,0.362460,0.111111,0.097222,0.020000,0.408126,0,0,0
104,5_2_6,seq_ABC,static,0,no_conv,,0.222222,0.760000,0.746667,,3.888505,1.117198,0.503401,0.863765,0.716925,0.371611,0.135448,0.152778,0.145833,0.046667,0.478208,7,8,7
105,5_2_6,seq_ABC,static,1,S=0,34,0.000000,0.326667,0.040000,0.000000,0.214142,0.107587,0.210884,0.719097,0.718203,0.405075,0.505211,0.090278,0.076389,0.026667,0.301760,0,0,0
106,5_2_6,seq_ABC,static,1,S=0,32,0.000000,0.353333,0.093333,0.000000,0.236421,0.131052,0.183673,0.852696,0.740660,0.586672,0.565489,0.062500,0.062500,0.020000,0.244417,0,0,0
107,5_2_6,seq_ABC,static,1,S=0,41,0.000000,0.613333,0.480000,0.222222,0.970962,0.573053,0.394558,0.617750,0.552920,0.389625,0.306373,0.166667,0.152778,0.026667,0.288292,0,0,0
108,5_2_6,seq_ABC,static,0,no_conv,,0.222222,0.733333,0.560000,,2.118724,0.775932,0.619048,0.782170,0.703184,0.264674,0.283988,0.263889,0.256944,0.020000,0.421885,3,4,3
109,5_2_6,seq_ABC,static,1,S=0,37,0.000000,0.513333,0.333333,0.333333,0.876043,0.550348,0.251701,0.694648,0.724366,0.480722,0.285779,0.131944,0.125000,0.020000,0.286610,0,0,0
110,5_2_6,seq_ABC,static,0,no_conv,,0.222222,0.720000,0.720000,,3.790425,1.106456,0.591837,0.656673,0.503755,0.127340,0.227522,0.236111,0.222222,0.053333,0.385503,1,0,0
111,5_2_6,seq_ABC,static,1,S=0,36,0.000000,0.413333,0.306667,0.190476,0.538897,0.369750,0.210884,0.756177,0.707966,0.466697,0.505701,0.076389,0.069444,0.020000,0.271467,0,0,0
112,5_2_6,seq_ABC,static,1,other_conv,49,0.000000,0.693333,0.640000,1.000000,4.003711,1.037378,0.557823,0.681806,0.565919,0.364178,0.275725,0.243056,0.229167,0.040000,0.346873,1,1,1
113,5_2_6,seq_ABC,static,1,S=0,35,0.000000,0.246667,0.146667,0.088889,0.302512,0.191190,0.122449,0.712334,0.646881,0.151121,0.512823,0.041667,0.041667,0.020000,0.115025,0,0,0
114,5_2_6,seq_ABC,static,1,S=0,42,0.000000,0.253333,0.026667,0.000000,0.144138,0.057474,0.136054,0.675850,0.748110,0.429599,0.307710,0.055556,0.048611,0.020000,0.151685,0,0,0
115,5_2_6,seq_ABC,static,0,no_conv,,0.222222,0.620000,0.573333,,2.393227,0.828090,0.455782,0.579999,0.473067,0.578656,0.029605,0.201389,0.194444,0.020000,0.289954,1,0,0
116,5_2_6,seq_ABC,static,1,S=0,44,0.000000,0.746667,0.666667,0.444444,1.196386,0.734432,0.394558,0.636564,0.579456,0.556455,0.184607,0.173611,0.166667,0.020000,0.287221,0,0,0
117,5_2_6,seq_ABC,static,0,no_conv,,0.222222,0.653333,0.546667,,2.229258,0.852573,0.619048,0.259361,0.105931,0.137942,0.063117,0.319444,0.305556,0.080000,0.203306,2,3,3
118,5_2_6,seq_ABC,static,0,no_conv,,0.666667,0.520000,0.520000,,4.410787,0.886200,0.503401,0.509397,0.457461,0.324931,0.140270,0.236111,0.236111,0.053333,0.301949,3,2,1
119,5_2_6,seq_ABC,static,1,S=0,38,0.000000,0.546667,0.293333,0.166667,0.477535,0.331883,0.251701,0.627392,0.626743,0.368796,0.446915,0.097222,0.090278,0.040000,0.340940,0,0,0
120,5_2_6,seq_ABC,static,1,S=0,25,0.000000,0.686667,0.640000,0.640000,1.892271,1.011202,0.176871,0.657038,0.720647,0.159006,0.208494,0.076389,0.055556,0.026667,0.183816,0,0,0
121,5_2_6,seq_ABC,static,1,S=0,49,0.000000,0.673333,0.546667,0.333333,1.199877,0.702647,0.469388,0.737944,0.605930,0.216821,0.259321,0.180556,0.173611,0.020000,0.339318,0,0,0
122,5_2_6,seq_ABC,static,0,no_conv,,0.222222,0.600000,0.466667,,3.037518,0.756316,0.530612,0.527096,0.391030,0.115656,0.202978,0.201389,0.194444,0.020000,0.279290,3,3,2
123,5_2_6,seq_ABC,static,1,S=0,45,0.000000,0.633333,0.506667,0.333333,1.338595,0.715717,0.340136,0.793920,0.726780,0.517082,0.494880,0.118056,0.104167,0.046667,0.424273,0,0,0
124,5_2_6,seq_ABC,static,0,no_conv,,0.222222,0.693333,0.653333,,3.885211,0.926897,0.639456,0.603515,0.389407,0.266085,0.169171,0.250000,0.243056,0.040000,0.342445,3,2,2
125,5_2_6,seq_ABC,static,0,no_conv,,0.222222,0.713333,0.773333,,4.997443,1.186512,0.639456,0.709182,0.609544,0.448767,0.138844,0.284722,0.270833,0.020000,0.448499,1,0,1
126,5_2_6,seq_ABC,static,1,S=0,14,0.000000,0.300000,0.013333,0.157407,0.203563,0.089170,0.190476,0.719797,0.698586,0.509600,0.597499,0.076389,0.069444,0.020000,0.334564,0,0,0
127,5_2_6,seq_ABC,static,0,no_conv,,2.000000,0.713333,0.653333,,4.896640,1.062648,0.598639,0.779696,0.626866,0.461437,0.183491,0.263889,0.250000,0.026667,0.426213,8,8,5
128,5_2_6,seq_ABC,static,1,S=0,47,0.000000,0.773333,0.813333,0.666667,2.690987,1.218590,0.448980,0.511190,0.336457,0.250565,0.043868,0.187500,0.180556,0.040000,0.232954,0,0,0
129,5_2_6,seq_ABC,static,0,no_conv,,0.666667,0.773333,0.866667,,4.430648,1.540511,0.482993,0.636909,0.567827,0.278718,0.148718,0.222222,0.208333,0.040000,0.378106,1,0,2
130,5_2_6,seq_ABC,static,0,no_conv,,0.888889,0.706667,0.893333,,6.638628,1.376262,0.435374,0.789764,0.753429,0.665661,0.335780,0.215278,0.201389,0.020000,0.659811,0,0,2
131,5_2_6,seq_ABC,static,1,S=0,33,0.000000,0.573333,0.506667,0.450980,1.744590,0.846394,0.176871,0.595080,0.406267,0.190205,0.485005,0.062500,0.055556,0.033333,0.216525,0,0,0
132,5_2_6,seq_ABC,static,1,S=0,33,0.000000,0.146667,0.013333,0.000000,0.087086,0.028100,0.136054,0.836536,0.752864,0.463576,0.614033,0.048611,0.041667,0.020000,0.218184,0,0,0
133,5_2_6,seq_ABC,static,0,no_conv,,0.666667,0.680000,0.666667,,3.447132,1.002147,0.666667,0.655267,0.492660,0.255169,0.108772,0.291667,0.277778,0.033333,0.475507,1,0,2
134,5_2_6,seq_ABC,static,1,S=0,9,0.000000,0.500000,0.386667,0.487805,0.793878,0.522836,0.149660,0.826828,0.818662,0.682667,0.400529,0.076389,0.069444,0.020000,0.249255,0,0,0
135,5_2_6,seq_ABC,static,1,S=0,21,0.000000,0.340000,0.306667,0.287356,0.538998,0.398189,0.095238,0.701398,0.367765,0.777872,0.669700,0.020833,0.020833,0.020000,0.123889,0,0,0
136,5_2_6,seq_ABC,static,0,no_conv,,0.222222,0.740000,0.653333,,2.109083,1.007904,0.503401,0.678652,0.528117,0.447329,0.155476,0.208333,0.201389,0.020000,0.317878,1,0,0
137,5_2_6,seq_ABC,static,1,S=0,46,0.000000,0.613333,0.506667,0.666667,1.194846,0.715991,0.312925,0.668257,0.562577,0.318084,0.396545,0.125000,0.118056,0.026667,0.278277,0,0,0
138,5_2_6,seq_ABC,static,1,S=0,28,0.000000,0.553333,0.346667,0.303030,0.858587,0.480925,0.238095,0.655720,0.572744,0.298472,0.456291,0.111111,0.097222,0.026667,0.213699,0,0,0
139,5_2_6,seq_ABC,static,1,S=0,27,0.000000,0.346667,0.093333,0.057971,0.192821,0.130815,0.190476,0.796592,0.629660,0.405126,0.518322,0.034722,0.020833,0.020000,0.259414,0,0,0
140,5_2_6,seq_ABC,static,1,S=0,37,0.000000,0.573333,0.466667,0.538462,0.923467,0.622681,0.217687,0.684860,0.569346,0.410041,0.192848,0.083333,0.076389,0.020000,0.334171,0,0,0
141,5_2_6,seq_ABC,static,1,S=0,46,0.000000,0.726667,0.760000,0.833333,3.130911,1.117586,0.530612,0.752463,0.653570,0.564633,0.005685,0.222222,0.222222,0.033333,0.441936,0,0,0
142,5_2_6,seq_ABC,static,1,S=8,35,0.000000,0.513333,0.360000,0.377778,1.223001,0.581952,0.272109,0.891277,0.818818,0.581815,0.544002,0.083333,0.076389,0.020000,0.323142,8,8,8
143,5_2_6,seq_ABC,static,1,S=0,47,0.000000,0.766667,0.760000,0.888889,3.054651,1.130310,0.482993,0.586260,0.569159,0.488223,0.161741,0.236111,0.222222,0.093333,0.362916,0,0,0
144,5_2_6,seq_ABC,static,1,S=0,49,0.000000,0.706667,0.613333,0.333333,3.182993,0.834434,0.435374,0.803531,0.721717,0.480759,0.282062,0.180556,0.173611,0.033333,0.527601,0,0,0
145,5_2_6,seq_ABC,static,1,S=0,48,0.000000,0.553333,0.480000,0.333333,1.112359,0.594266,0.292517,0.733021,0.611407,0.488397,0.320856,0.104167,0.104167,0.020000,0.263332,0,0,0
146,5_2_6,seq_ABC,static,1,S=0,20,0.000000,0.326667,0.026667,0.066667,0.148283,0.069161,0.204082,0.789998,0.734050,0.257933,0.531720,0.062500,0.055556,0.020000,0.214365,0,0,0
147,5_2_6,seq_ABC,static,1,S=0,15,0.000000,0.226667,0.000000,0.009524,0.041707,0.013916,0.156463,0.765310,0.539068,0.764561,0.702174,0.041667,0.034722,0.020000,0.275833,0,0,0
148,5_2_6,seq_ABC,static,1,S=0,33,0.000000,0.520000,0.400000,0.352941,0.968053,0.530558,0.258503,0.644879,0.759620,0.453792,0.384325,0.138889,0.118056,0.020000,0.278095,0,0,0
149,5_2_6,seq_ABC,static,1,S=0,28,0.000000,0.713333,0.626667,0.621212,1.165574,0.727716,0.272109,0.565743,0.504309,0.255229,0.331817,0.118056,0.111111,0.033333,0.196918,0,0,0
150,5_2_6,seq_ABC,static,1,S=0,45,0.000000,0.653333,0.586667,0.666667,1.903700,0.874925,0.387755,0.797451,0.695340,0.589390,0.269422,0.118056,0.104167,0.020000,0.440164,0,0,0
151,5_2_6,seq_ABC,static,0,no_conv,,0.666667,0.686667,0.640000,,2.942143,1.060739,0.503401,0.632894,0.517602,0.194794,0.185382,0.208333,0.194444,0.026667,0.318931,2,0,1
152,5_2_6,seq_ABC,static,1,S=0,26,0.000000,0.520000,0.413333,0.416667,0.843248,0.513377,0.292517,0.689623,0.701982,0.541169,0.304055,0.152778,0.145833,0.020000,0.378684,0,0,0
153,5_2_6,seq_ABC,static,1,S=0,11,0.000000,0.413333,0.280000,0.333333,0.462809,0.334193,0.088435,0.901297,0.825946,0.726054,0.549918,0.034722,0.027778,0.020000,0.191753,0,0,0
154,5_2_6,seq_ABC,static,1,S=0,39,0.000000,0.706667,0.626667,0.515152,2.520010,0.910713,0.414966,0.771603,0.687763,0.479060,0.283093,0.152778,0.145833,0.026667,0.505081,0,0,0
155,5_2_6,seq_ABC,static,1,S=0,28,0.000000,0.340000,0.013333,0.000000,0.084717,0.034252,0.217687,0.651250,0.487885,0.398995,0.671621,0.062500,0.055556,0.060000,0.266348,0,0,0
156,5_2_6,seq_ABC,static,0,no_conv,,0.222222,0.653333,0.640000,,4.064902,1.029170,0.673469,0.791858,0.715617,0.696770,0.213171,0.354167,0.340278,0.020000,0.517690,7,8,7
157,5_2_6,seq_ABC,static,1,S=0,45,0.000000,0.673333,0.666667,0.533333,1.831203,1.001273,0.292517,0.774274,0.817040,0.688599,0.065293,0.159722,0.145833,0.020000,0.463923,0,0,0
158,5_2_6,seq_ABC,static,0,no_conv,,0.222222,0.646667,0.600000,,2.737090,1.092885,0.564626,0.354876,0.274827,0.005443,0.047376,0.284722,0.270833,0.046667,0.187802,2,2,3
159,5_2_6,seq_ABC,static,1,S=0,49,0.000000,0.813333,0.760000,1.000000,3.126127,1.002946,0.537415,0.682916,0.630834,0.310328,0.106696,0.250000,0.243056,0.033333,0.384923,0,0,0
160,5_2_6,seq_ABC,static,0,no_conv,,0.222222,0.686667,0.640000,,3.562833,1.017541,0.503401,0.592976,0.493269,0.346962,0.147604,0.236111,0.229167,0.033333,0.407779,2,1,2
161,5_2_6,seq_ABC,static,0,no_conv,,0.222222,0.740000,0.773333,,3.910141,1.277087,0.619048,0.631378,0.421015,0.373195,0.209063,0.250000,0.243056,0.080000,0.336581,0,1,0
162,5_2_6,seq_ABC,static,1,S=8,39,0.000000,0.766667,0.866667,1.000000,2.393279,1.253578,0.448980,0.838022,0.764488,0.498817,0.201095,0.208333,0.194444,0.046667,0.376947,8,8,8
163,5_2_6,seq_ABC,static,1,S=0,36,0.000000,0.500000,0.320000,0.333333,0.650476,0.426358,0.210884,0.687875,0.722047,0.401417,0.357735,0.083333,0.069444,0.020000,0.259795,0,0,0
164,5_2_6,seq_ABC,static,1,S=8,39,0.000000,0.653333,0.533333,0.484848,1.613053,0.758634,0.394558,0.882728,0.856666,0.799083,0.442840,0.173611,0.159722,0.020000,0.453990,8,8,8
165,5_2_6,seq_ABC,static,1,S=0,20,0.000000,0.286667,0.026667,0.066667,0.107357,0.054298,0.176871,0.772439,0.816428,0.574972,0.572289,0.055556,0.048611,0.020000,0.261513,0,0,0
166,5_2_6,seq_ABC,static,1,S=0,46,0.000000,0.746667,0.773333,1.000000,3.801455,1.288582,0.448980,0.643945,0.456318,0.297238,0.091700,0.173611,0.173611,0.053333,0.241434,0,0,0
167,5_2_6,seq_ABC,static,1,S=0,19,0.000000,0.460000,0.333333,0.387097,0.615972,0.429888,0.163265,0.802184,0.630646,0.324503,0.355817,0.062500,0.062500,0.020000,0.154791,0,0,0
168,5_2_6,seq_ABC,static,1,other_conv,49,0.000000,0.700000,0.546667,0.333333,2.034350,0.763045,0.666667,0.624193,0.529133,0.367542,0.108578,0.326389,0.312500,0.020000,0.521211,3,3,3
169,5_2_6,seq_ABC,static,1,S=0,40,0.000000,0.573333,0.493333,0.233333,1.156285,0.603860,0.319728,0.650126,0.590578,0.386964,0.290181,0.118056,0.104167,0.020000,0.245006,0,0,0
170,5_2_6,seq_ABC,static,1,S=0,41,0.000000,0.273333,0.146667,0.074074,0.317684,0.210818,0.108844,0.695631,0.691386,0.160850,0.517774,0.034722,0.027778,0.020000,0.163115,0,0,0
171,5_2_6,seq_ABC,static,1,S=0,18,0.000000,0.326667,0.106667,0.156250,0.229669,0.154062,0.210884,0.790424,0.667735,0.387132,0.571057,0.076389,0.069444,0.020000,0.269301,0,0,0
172,5_2_6,seq_ABC,static,1,S=0,29,0.000000,0.413333,0.160000,0.095238,0.347194,0.198870,0.278912,0.877787,0.861088,0.735931,0.412103,0.104167,0.097222,0.020000,0.575705,0,0,0
173,5_2_6,seq_ABC,static,0,no_conv,,0.222222,0.533333,0.466667,,2.418354,0.796862,0.523810,0.403993,0.250583,-0.009933,0.183947,0.256944,0.250000,0.046667,0.246146,3,4,4
174,5_2_6,seq_ABC,static,0,no_conv,,0.222222,0.686667,0.653333,,2.712178,0.863291,0.523810,0.793563,0.747837,0.595515,0.359426,0.236111,0.215278,0.020000,0.528109,0,0,1
175,5_2_6,seq_ABC,static,1,other_conv,46,0.000000,0.620000,0.600000,0.333333,3.361165,1.062292,0.564626,0.563325,0.384279,0.351555,0.249776,0.256944,0.243056,0.026667,0.324661,5,5,5
176,5_2_6,seq_ABC,static,0,no_conv,,0.888889,0.466667,0.413333,,4.571604,0.764228,0.551020,0.512267,0.480245,0.326247,-0.084726,0.319444,0.305556,0.046667,0.236994,5,5,7
177,5_2_6,seq_ABC,static,1,S=0,40,0.000000,0.733333,0.786667,1.000000,2.780871,1.333726,0.394558,0.796266,0.762458,0.618744,0.209930,0.173611,0.159722,0.033333,0.489101,0,0,0
178,5_2_6,seq_ABC,static,1,S=0,26,0.000000,0.580000,0.400000,0.388889,0.812657,0.509841,0.190476,0.759227,0.632090,0.594018,0.514964,0.062500,0.062500,0.020000,0.242038,0,0,0
179,5_2_6,seq_ABC,static,1,S=0,33,0.000000,0.493333,0.386667,0.392157,0.685534,0.474388,0.176871,0.671900,0.674185,0.400514,0.395575,0.062500,0.055556,0.053333,0.214609,0,0,0
180,5_2_6,seq_ABC,static,1,S=0,49,0.000000,0.413333,0.173333,0.333333,0.488325,0.301125,0.149660,0.598560,0.605761,0.122515,0.435997,0.062500,0.055556,0.033333,0.170248,0,0,0
181,5_2_6,seq_ABC,static,1,S=0,33,0.000000,0.546667,0.466667,0.411765,0.704530,0.500203,0.190476,0.633746,0.409486,0.279000,0.418890,0.083333,0.083333,0.026667,0.183792,0,0,0
182,5_2_6,seq_ABC,static,1,S=0,17,0.000000,0.186667,0.000000,0.020202,0.009633,0.000485,0.129252,0.732515,0.724388,0.311211,0.574455,0.048611,0.041667,0.020000,0.185955,0,0,0
183,5_2_6,seq_ABC,static,1,S=0,32,0.000000,0.660000,0.626667,0.555556,1.360243,0.887615,0.251701,0.544246,0.421598,0.117912,0.334699,0.104167,0.097222,0.020000,0.214248,0,0,0
184,5_2_6,seq_ABC,static,1,S=0,41,0.000000,0.300000,0.040000,0.037037,0.177831,0.091896,0.231293,0.721800,0.569404,0.461194,0.548666,0.076389,0.069444,0.020000,0.313499,0,0,0
185,5_2_6,seq_ABC,static,0,no_conv,,0.222222,0.620000,0.626667,,3.148612,0.987543,0.632653,0.697036,0.638476,0.451082,0.102243,0.326389,0.312500,0.020000,0.491070,2,1,1
186,5_2_6,seq_ABC,static,1,S=0,40,0.000000,0.613333,0.586667,0.666667,3.361327,1.011845,0.312925,0.577055,0.422911,0.293081,0.319627,0.118056,0.118056,0.046667,0.307320,0,0,0
187,5_2_6,seq_ABC,static,0,no_conv,,0.222222,0.580000,0.600000,,2.874551,0.956290,0.578231,0.728595,0.631593,0.279931,0.219613,0.256944,0.250000,0.033333,0.381471,1,0,0
188,5_2_6,seq_ABC,static,0,no_conv,,0.222222,0.553333,0.413333,,1.283399,0.610952,0.646259,0.463062,0.217128,0.117631,0.134464,0.284722,0.270833,0.073333,0.205695,4,4,5
189,5_2_6,seq_ABC,static,1,S=0,36,0.000000,0.333333,0.026667,0.000000,0.205148,0.099527,0.176871,0.768165,0.701458,0.429430,0.565249,0.048611,0.041667,0.020000,0.272961,0,0,0
190,5_2_6,seq_ABC,static,1,S=0,46,0.000000,0.733333,0.786667,0.583333,1.990818,1.130077,0.326531,0.749098,0.741391,0.671151,0.271252,0.166667,0.159722,0.026667,0.338397,0,0,0
191,5_2_6,seq_ABC,static,1,S=0,44,0.000000,0.446667,0.293333,0.111111,0.553536,0.360126,0.210884,0.698682,0.737024,0.452829,0.372596,0.076389,0.055556,0.020000,0.238185,0,0,0
192,5_2_6,seq_ABC,static,0,no_conv,,0.222222,0.586667,0.613333,,2.401642,0.852192,0.666667,0.566564,0.426920,0.486390,-0.040386,0.326389,0.312500,0.020000,0.389146,5,6,5
193,5_2_6,seq_ABC,static,1,S=0,34,0.000000,0.513333,0.400000,0.333333,0.667167,0.463517,0.197279,0.690985,0.616349,0.454758,0.224921,0.083333,0.076389,0.053333,0.238079,0,0,0
194,5_2_6,seq_ABC,static,1,S=0,45,0.000000,0.566667,0.426667,0.333333,2.239967,0.797421,0.278912,0.708845,0.639658,0.536116,0.534804,0.111111,0.111111,0.066667,0.335127,0,0,0
195,5_2_6,seq_ABC,static,0,no_conv,,0.222222,0.686667,0.693333,,3.753268,1.035093,0.571429,0.657752,0.490956,0.374493,0.221759,0.250000,0.250000,0.026667,0.419569,2,2,1
196,5_2_6,seq_ABC,static,0,no_conv,,0.222222,0.540000,0.546667,,2.390441,0.809140,0.544218,0.374506,0.252264,0.093494,0.146609,0.243056,0.222222,0.046667,0.222613,3,3,2
197,5_2_6,seq_ABC,static,1,S=0,44,0.000000,0.586667,0.466667,0.333333,0.742027,0.543061,0.176871,0.869752,0.808536,0.423326,0.279691,0.041667,0.041667,0.026667,0.334062,0,0,0
198,5_2_6,seq_ABC,static,1,S=0,44,0.000000,0.666667,0.693333,0.666667,2.222049,1.109207,0.340136,0.775556,0.721435,0.660714,0.222616,0.131944,0.118056,0.020000,0.473681,0,0,0
199,5_2_6,seq_ABC,static,1,S=0,44,0.000000,0.606667,0.506667,0.333333,1.968939,0.744092,0.292517,0.688905,0.619606,0.418359,0.520285,0.104167,0.090278,0.026667,0.275219,0,0,0
0,5_2_6,seq_ABC,leaky,0,no_conv,,1.555556,0.346667,0.226667,,0.807760,0.387666,0.367347,0.874930,0.808070,0.709686,0.085384,0.125000,0.111111,0.020000,0.508270,7,5,8
1,5_2_6,seq_ABC,leaky,1,S=8,47,0.000000,0.606667,0.506667,0.333333,1.474279,0.691490,0.659864,0.880019,0.765268,0.459752,-0.030877,0.222222,0.215278,0.020000,0.457006,8,8,8
2,5_2_6,seq_ABC,leaky,0,no_conv,,0.222222,0.573333,0.586667,,1.310425,0.675031,0.591837,0.614472,0.520644,0.253221,0.029789,0.291667,0.277778,0.026667,0.235557,0,0,1
3,5_2_6,seq_ABC,leaky,1,S=0,42,0.000000,0.386667,0.200000,0.208333,0.725070,0.346941,0.353741,0.901139,0.847131,0.675436,0.334256,0.097222,0.090278,0.020000,0.564838,0,0,0
4,5_2_6,seq_ABC,leaky,0,no_conv,,0.888889,0.526667,0.546667,,1.357767,0.644832,0.353741,0.614738,0.478349,0.139040,0.123116,0.131944,0.131944,0.033333,0.301051,2,0,0
5,5_2_6,seq_ABC,leaky,0,no_conv,,0.222222,0.386667,0.413333,,1.039691,0.541037,0.258503,0.354316,0.137529,-0.055117,0.080182,0.111111,0.111111,0.040000,0.158465,1,0,0
6,5_2_6,seq_ABC,leaky,1,S=0,39,0.000000,0.353333,0.280000,0.090909,0.856662,0.415302,0.210884,0.562380,0.444769,0.195638,0.171838,0.076389,0.076389,0.040000,0.189603,0,0,0
7,5_2_6,seq_ABC,leaky,0,no_conv,,0.222222,0.460000,0.253333,,0.732720,0.346118,0.455782,0.815119,0.712341,0.597201,0.219030,0.173611,0.166667,0.020000,0.607955,1,0,0
8,5_2_6,seq_ABC,leaky,0,no_conv,,0.222222,0.446667,0.266667,,0.893699,0.386003,0.299320,0.779494,0.758104,0.582192,0.369531,0.104167,0.097222,0.020000,0.421338,1,0,0
9,5_2_6,seq_ABC,leaky,1,S=0,46,0.000000,0.260000,0.213333,0.083333,0.752896,0.379609,0.272109,0.478209,0.352443,0.053702,0.098897,0.131944,0.131944,0.113333,0.166255,0,0,0
10,5_2_6,seq_ABC,leaky,1,S=0,45,0.000000,0.306667,0.346667,0.066667,0.855149,0.431428,0.258503,0.523892,0.221865,-0.061868,0.080477,0.111111,0.111111,0.060000,0.125456,0,0,0
11,5_2_6,seq_ABC,leaky,1,S=0,49,0.000000,0.540000,0.520000,0.666667,1.192872,0.618041,0.428571,0.628551,0.637035,0.416245,-0.120848,0.208333,0.187500,0.026667,0.282083,0,0,0
12,5_2_6,seq_ABC,leaky,1,S=0,39,0.000000,0.446667,0.200000,0.121212,0.691750,0.337548,0.346939,0.850005,0.763966,0.592192,0.408771,0.125000,0.118056,0.020000,0.521088,0,0,0
13,5_2_6,seq_ABC,leaky,1,S=0,48,0.000000,0.566667,0.320000,0.000000,0.994214,0.493847,0.482993,0.899058,0.819515,0.477810,0.403768,0.152778,0.145833,0.026667,0.514364,0,0,0
14,5_2_6,seq_ABC,leaky,0,no_conv,,0.666667,0.573333,0.613333,,1.325629,0.671272,0.333333,0.559318,0.433147,0.069008,0.198552,0.118056,0.111111,0.040000,0.219694,1,0,2
15,5_2_6,seq_ABC,leaky,1,S=0,48,0.000000,0.306667,0.213333,0.333333,0.789697,0.371896,0.319728,0.782797,0.724004,0.617170,0.317537,0.118056,0.111111,0.020000,0.412046,0,0,0
16,5_2_6,seq_ABC,leaky,1,S=0,49,0.000000,0.493333,0.373333,0.666667,0.960464,0.474838,0.380952,0.826604,0.781816,0.626885,0.213007,0.166667,0.152778,0.020000,0.519287,0,0,0
17,5_2_6,seq_ABC,leaky,1,S=0,42,0.000000,0.440000,0.293333,0.291667,0.826673,0.401200,0.333333,0.765328,0.791195,0.469853,0.249663,0.145833,0.131944,0.020000,0.382665,0,0,0
18,5_2_6,seq_ABC,leaky,0,no_conv,,0.666667,0.460000,0.386667,,1.044782,0.491165,0.408163,0.837716,0.777604,0.675232,0.203908,0.159722,0.145833,0.020000,0.436324,1,2,0
19,5_2_6,seq_ABC,leaky,1,S=0,47,0.000000,0.500000,0.320000,0.000000,0.944955,0.465925,0.326531,0.851897,0.819167,0.659289,0.249121,0.125000,0.111111,0.020000,0.372688,0,0,0
20,5_2_6,seq_ABC,leaky,0,no_conv,,0.222222,0.400000,0.266667,,0.775687,0.391220,0.258503,0.604028,0.621458,0.219446,0.249655,0.125000,0.111111,0.033333,0.208026,0,0,1
21,5_2_6,seq_ABC,leaky,1,S=0,47,0.000000,0.400000,0.253333,0.111111,0.727954,0.373107,0.333333,0.747809,0.598745,0.457518,0.179245,0.111111,0.104167,0.020000,0.352792,0,0,0
22,5_2_6,seq_ABC,leaky,0,no_conv,,0.222222,0.646667,0.600000,,1.485595,0.710588,0.680272,0.859173,0.716523,0.457633,0.061236,0.208333,0.194444,0.046667,0.463431,8,7,8
23,5_2_6,seq_ABC,leaky,0,no_conv,,0.888889,0.760000,0.786667,,1.790723,0.812163,0.727891,0.699417,0.475558,-0.156034,0.134673,0.256944,0.243056,0.053333,0.284244,2,2,4
24,5_2_6,seq_ABC,leaky,0,no_conv,,0.888889,0.600000,0.466667,,1.235039,0.597954,0.489796,0.893879,0.794590,0.610716,0.151053,0.104167,0.097222,0.020000,0.670238,0,0,2
25,5_2_6,seq_ABC,leaky,0,no_conv,,0.222222,0.313333,0.333333,,0.791670,0.436816,0.244898,0.414167,0.382795,-0.136046,0.054762,0.097222,0.090278,0.066667,0.164650,0,1,0
26,5_2_6,seq_ABC,leaky,1,S=0,45,0.000000,0.646667,0.586667,0.333333,1.366298,0.641789,0.482993,0.734754,0.677339,0.362484,0.070527,0.236111,0.229167,0.033333,0.333820,0,0,0
27,5_2_6,seq_ABC,leaky,0,no_conv,,0.222222,0.353333,0.320000,,0.911814,0.453275,0.333333,0.633621,0.571307,0.226156,0.285654,0.138889,0.118056,0.026667,0.323048,1,0,0
28,5_2_6,seq_ABC,leaky,1,S=8,49,0.000000,0.713333,0.693333,0.000000,1.577281,0.746925,0.666667,0.871121,0.773722,0.598759,-0.153945,0.222222,0.215278,0.020000,0.458514,8,8,8
29,5_2_6,seq_ABC,leaky,1,S=0,49,0.000000,0.533333,0.360000,0.000000,0.981201,0.504972,0.482993,0.750857,0.676691,0.511819,0.219510,0.187500,0.173611,0.020000,0.375620,0,0,0
30,5_2_6,seq_ABC,leaky,1,S=0,44,0.000000,0.593333,0.426667,0.222222,1.223063,0.569257,0.591837,0.829142,0.707265,0.281809,0.200706,0.243056,0.243056,0.026667,0.339280,0,0,0
31,5_2_6,seq_ABC,leaky,0,no_conv,,0.222222,0.460000,0.306667,,0.875901,0.479864,0.278912,0.559830,0.419839,0.090034,0.260627,0.076389,0.069444,0.026667,0.229590,0,0,1
32,5_2_6,seq_ABC,leaky,1,S=0,48,0.000000,0.493333,0.413333,0.333333,1.036375,0.532491,0.353741,0.675376,0.522806,0.318605,0.224017,0.131944,0.125000,0.020000,0.273364,0,0,0
33,5_2_6,seq_ABC,leaky,1,S=0,46,0.000000,0.446667,0.466667,0.083333,1.126226,0.533226,0.346939,0.654574,0.641742,0.322104,0.257420,0.145833,0.131944,0.033333,0.244227,0,0,0
34,5_2_6,seq_ABC,leaky,0,no_conv,,0.222222,0.466667,0.400000,,1.102588,0.563394,0.312925,0.642130,0.434868,0.073814,0.253494,0.125000,0.118056,0.040000,0.186326,0,0,1
35,5_2_6,seq_ABC,leaky,1,S=0,48,0.000000,0.446667,0.400000,0.000000,1.133268,0.540202,0.326531,0.758922,0.618452,0.229803,0.187362,0.118056,0.118056,0.026667,0.239494,0,0,0
36,5_2_6,seq_ABC,leaky,1,S=0,47,0.000000,0.433333,0.253333,0.000000,0.796364,0.390023,0.387755,0.734616,0.576815,0.531608,0.165672,0.145833,0.138889,0.020000,0.383165,0,0,0
37,5_2_6,seq_ABC,leaky,0,no_conv,,0.222222,0.600000,0.640000,,1.435403,0.714518,0.401361,0.710470,0.610704,0.420009,0.163163,0.125000,0.125000,0.026667,0.311619,0,0,1
38,5_2_6,seq_ABC,leaky,1,S=0,36,0.000000,0.560000,0.480000,0.357143,1.083681,0.539118,0.265306,0.612751,0.523127,0.215267,0.324944,0.097222,0.090278,0.026667,0.228385,0,0,0
39,5_2_6,seq_ABC,leaky,1,S=0,40,0.000000,0.600000,0.586667,0.500000,1.445549,0.700134,0.448980,0.782749,0.601300,0.347855,0.254227,0.125000,0.118056,0.033333,0.346014,0,0,0
40,5_2_6,seq_ABC,leaky,0,no_conv,,0.222222,0.360000,0.120000,,0.608090,0.285794,0.306122,0.625161,0.619413,0.440501,0.495127,0.159722,0.145833,0.020000,0.303539,1,0,0
41,5_2_6,seq_ABC,leaky,1,S=8,45,0.000000,0.773333,0.746667,0.466667,1.737338,0.785276,0.673469,0.885779,0.809771,0.546160,0.013092,0.256944,0.236111,0.020000,0.433855,8,8,8
42,5_2_6,seq_ABC,leaky,1,S=0,46,0.000000,0.420000,0.306667,0.083333,0.954650,0.470717,0.360544,0.696540,0.562284,0.304206,0.175309,0.125000,0.118056,0.026667,0.252832,0,0,0
43,5_2_6,seq_ABC,leaky,1,S=0,48,0.000000,0.633333,0.533333,0.166667,1.282755,0.637650,0.523810,0.712751,0.626956,0.476641,-0.011446,0.243056,0.236111,0.040000,0.396461,0,0,0
44,5_2_6,seq_ABC,leaky,1,S=0,48,0.000000,0.366667,0.373333,0.000000,0.958572,0.508961,0.306122,0.520782,0.353429,-0.070140,0.066818,0.131944,0.118056,0.080000,0.148940,0,0,0
45,5_2_6,seq_ABC,leaky,0,no_conv,,0.222222,0.486667,0.493333,,1.230085,0.598661,0.306122,0.482544,0.275275,0.020213,0.146303,0.111111,0.104167,0.033333,0.234359,1,2,1
46,5_2_6,seq_ABC,leaky,0,no_conv,,0.222222,0.446667,0.346667,,0.942233,0.466332,0.380952,0.644280,0.472148,0.468243,-0.053325,0.145833,0.145833,0.053333,0.355895,0,1,0
47,5_2_6,seq_ABC,leaky,0,no_conv,,0.222222,0.480000,0.320000,,0.930578,0.485140,0.312925,0.796428,0.746256,0.631795,0.200000,0.125000,0.118056,0.020000,0.310416,1,0,0
48,5_2_6,seq_ABC,leaky,1,S=0,47,0.000000,0.493333,0.440000,0.111111,1.212378,0.578060,0.380952,0.598109,0.517067,0.050247,0.139441,0.138889,0.118056,0.060000,0.219824,0,0,0
49,5_2_6,seq_ABC,leaky,1,S=0,46,0.000000,0.333333,0.360000,0.083333,1.036811,0.492631,0.231293,0.590210,0.514290,0.200709,0.341569,0.076389,0.069444,0.040000,0.180376,0,0,0
50,5_2_6,seq_ABC,leaky,1,S=0,48,0.000000,0.400000,0.346667,0.166667,1.017160,0.504018,0.367347,0.763885,0.612298,0.455270,0.080510,0.152778,0.145833,0.020000,0.336997,0,0,0
51,5_2_6,seq_ABC,leaky,1,S=0,49,0.000000,0.400000,0.320000,1.000000,0.935497,0.479626,0.367347,0.581587,0.471924,0.535517,0.058861,0.152778,0.138889,0.020000,0.304741,0,0,0
52,5_2_6,seq_ABC,leaky,0,no_conv,,0.222222,0.446667,0.346667,,0.991113,0.491408,0.340136,0.529950,0.386865,-0.102017,0.186479,0.138889,0.138889,0.046667,0.171000,1,0,0
53,5_2_6,seq_ABC,leaky,1,S=0,49,0.000000,0.333333,0.253333,0.333333,0.819724,0.394850,0.238095,0.256125,0.218416,-0.047793,0.168622,0.125000,0.118056,0.133333,0.106629,0,0,0
54,5_2_6,seq_ABC,leaky,1,S=0,49,0.000000,0.600000,0.466667,0.000000,1.257906,0.598120,0.571429,0.856459,0.737230,0.515763,0.218528,0.194444,0.194444,0.020000,0.600197,0,0,0
55,5_2_6,seq_ABC,leaky,1,S=0,48,0.000000,0.600000,0.560000,0.166667,1.364525,0.672381,0.523810,0.816298,0.727275,0.609192,0.070410,0.173611,0.159722,0.020000,0.569537,0,0,0
56,5_2_6,seq_ABC,leaky,0,no_conv,,0.222222,0.486667,0.453333,,1.021614,0.512777,0.326531,0.770153,0.560273,0.254904,0.165514,0.062500,0.062500,0.046667,0.336123,1,0,0
57,5_2_6,seq_ABC,leaky,1,S=0,48,0.000000,0.606667,0.520000,0.333333,1.142086,0.588676,0.292517,0.481735,0.296672,-0.060291,0.208417,0.097222,0.090278,0.046667,0.186765,0,0,0
58,5_2_6,seq_ABC,leaky,1,S=0,49,0.000000,0.460000,0.413333,0.333333,1.071422,0.552794,0.442177,0.576443,0.436309,0.403522,-0.005114,0.187500,0.187500,0.020000,0.223912,0,0,0
59,5_2_6,seq_ABC,leaky,1,S=0,49,0.000000,0.426667,0.426667,0.333333,1.075494,0.550027,0.272109,0.482611,0.266007,-0.058525,0.142840,0.083333,0.069444,0.113333,0.211851,0,0,0
60,5_2_6,seq_ABC,leaky,1,S=0,49,0.000000,0.386667,0.240000,0.333333,0.817449,0.392398,0.340136,0.636319,0.564226,0.221580,0.218023,0.131944,0.118056,0.033333,0.345628,0,0,0
61,5_2_6,seq_ABC,leaky,1,S=0,48,0.000000,0.486667,0.360000,0.000000,0.986674,0.477401,0.537415,0.902262,0.851198,0.762619,0.156168,0.215278,0.201389,0.020000,0.715359,0,0,0
62,5_2_6,seq_ABC,leaky,0,no_conv,,0.222222,0.533333,0.413333,,1.034456,0.532352,0.408163,0.763534,0.762533,0.579514,0.145612,0.201389,0.187500,0.026667,0.358741,0,0,1
63,5_2_6,seq_ABC,leaky,1,S=0,49,0.000000,0.373333,0.253333,0.333333,0.926424,0.434896,0.306122,0.797991,0.745703,0.500152,0.233965,0.125000,0.111111,0.020000,0.382723,0,0,0
64,5_2_6,seq_ABC,leaky,0,no_conv,,0.222222,0.533333,0.493333,,1.225656,0.605374,0.544218,0.606461,0.481923,0.307970,0.101684,0.243056,0.229167,0.020000,0.310705,1,0,0
65,5_2_6,seq_ABC,leaky,0,no_conv,,0.222222,0.373333,0.266667,,0.972942,0.482150,0.360544,0.837788,0.763934,0.640836,0.296081,0.125000,0.111111,0.020000,0.427378,0,1,0
66,5_2_6,seq_ABC,leaky,1,S=0,47,0.000000,0.506667,0.320000,0.444444,0.846791,0.423800,0.401361,0.776834,0.688854,0.618589,0.218522,0.152778,0.145833,0.020000,0.423780,0,0,0
67,5_2_6,seq_ABC,leaky,1,S=0,49,0.000000,0.706667,0.653333,0.666667,1.608516,0.755900,0.625850,0.870544,0.790299,0.521627,-0.066273,0.187500,0.173611,0.020000,0.534169,0,0,0
68,5_2_6,seq_ABC,leaky,1,S=0,47,0.000000,0.380000,0.306667,0.333333,0.854279,0.423391,0.367347,0.786219,0.694493,0.611098,0.255311,0.131944,0.131944,0.020000,0.493310,0,0,0
69,5_2_6,seq_ABC,leaky,0,no_conv,,0.222222,0.440000,0.373333,,0.948118,0.499335,0.346939,0.499774,0.440318,0.172204,-0.080355,0.145833,0.131944,0.060000,0.248093,0,1,0
70,5_2_6,seq_ABC,leaky,1,S=0,43,0.000000,0.313333,0.133333,0.047619,0.657911,0.309035,0.224490,0.840333,0.745057,0.488784,0.231033,0.069444,0.069444,0.020000,0.279236,0,0,0
71,5_2_6,seq_ABC,leaky,0,no_conv,,0.222222,0.293333,0.266667,,0.790315,0.410707,0.251701,0.510216,0.576862,0.123262,0.209241,0.111111,0.090278,0.026667,0.181032,0,0,1
72,5_2_6,seq_ABC,leaky,0,no_conv,,0.222222,0.360000,0.293333,,0.826838,0.402747,0.265306,0.636081,0.401149,0.192622,0.229383,0.062500,0.062500,0.106667,0.228762,1,0,0
73,5_2_6,seq_ABC,leaky,1,S=0,46,0.000000,0.513333,0.426667,0.250000,1.022984,0.544738,0.306122,0.590531,0.456746,0.403924,0.183679,0.131944,0.125000,0.033333,0.272643,0,0,0
74,5_2_6,seq_ABC,leaky,0,no_conv,,0.222222,0.326667,0.146667,,0.604260,0.282673,0.278912,0.717505,0.715053,0.631415,0.221917,0.104167,0.083333,0.020000,0.387411,1,0,0
75,5_2_6,seq_ABC,leaky,0,no_conv,,0.222222,0.386667,0.320000,,0.874451,0.424762,0.278912,0.722488,0.668902,0.556861,0.205507,0.104167,0.104167,0.020000,0.346036,0,0,1
76,5_2_6,seq_ABC,leaky,1,S=0,45,0.000000,0.440000,0.213333,0.000000,0.825215,0.371300,0.319728,0.810563,0.740150,0.457070,0.447836,0.097222,0.090278,0.020000,0.391314,0,0,0
77,5_2_6,seq_ABC,leaky,1,S=0,44,0.000000,0.573333,0.493333,0.388889,1.240864,0.602039,0.428571,0.604121,0.354294,0.167319,0.023247,0.138889,0.138889,0.053333,0.255969,0,0,0
78,5_2_6,seq_ABC,leaky,1,S=0,47,0.000000,0.446667,0.333333,0.111111,1.006962,0.492870,0.346939,0.638063,0.548726,0.556558,0.255417,0.152778,0.145833,0.020000,0.241765,0,0,0
79,5_2_6,seq_ABC,leaky,1,S=0,49,0.000000,0.506667,0.360000,0.000000,0.975654,0.497906,0.367347,0.690278,0.560640,0.095694,0.143178,0.131944,0.131944,0.046667,0.253075,0,0,0
80,5_2_6,seq_ABC,leaky,1,S=0,44,0.000000,0.440000,0.306667,0.111111,0.915019,0.417697,0.346939,0.799709,0.661969,0.361629,0.330318,0.118056,0.111111,0.040000,0.263852,0,0,0
81,5_2_6,seq_ABC,leaky,1,S=0,48,0.000000,0.493333,0.426667,0.333333,0.995898,0.514854,0.278912,0.623484,0.426465,0.222475,0.321759,0.097222,0.090278,0.053333,0.210196,0,0,0
82,5_2_6,seq_ABC,leaky,1,S=0,49,0.000000,0.280000,0.146667,0.333333,0.646802,0.301173,0.244898,0.660728,0.560017,0.303339,0.295142,0.076389,0.076389,0.020000,0.241120,0,0,0
83,5_2_6,seq_ABC,leaky,1,S=0,48,0.000000,0.553333,0.426667,0.333333,1.154429,0.555988,0.469388,0.809165,0.673770,0.328447,0.102212,0.180556,0.180556,0.040000,0.406592,0,0,0
84,5_2_6,seq_ABC,leaky,0,no_conv,,0.222222,0.540000,0.653333,,1.533332,0.742179,0.285714,0.493660,0.492448,0.243014,0.273545,0.104167,0.090278,0.033333,0.192658,1,0,0
85,5_2_6,seq_ABC,leaky,0,no_conv,,0.222222,0.446667,0.293333,,0.960162,0.478730,0.272109,0.535960,0.541164,0.338675,0.292745,0.111111,0.104167,0.026667,0.224369,1,0,1
86,5_2_6,seq_ABC,leaky,1,S=0,48,0.000000,0.453333,0.306667,0.333333,0.903551,0.433217,0.394558,0.480194,0.360566,0.236462,0.234237,0.159722,0.145833,0.086667,0.209067,0,0,0
87,5_2_6,seq_ABC,leaky,1,S=0,49,0.000000,0.520000,0.466667,0.666667,1.105251,0.568344,0.340136,0.470148,0.404740,-0.049144,0.073412,0.159722,0.152778,0.046667,0.195368,0,0,0
88,5_2_6,seq_ABC,leaky,1,S=0,49,0.000000,0.326667,0.240000,0.000000,0.875238,0.417815,0.285714,0.671719,0.454832,0.255650,0.282420,0.097222,0.097222,0.046667,0.273166,0,0,0
89,5_2_6,seq_ABC,leaky,0,no_conv,,0.666667,0.713333,0.786667,,1.691219,0.798739,0.639456,0.813872,0.690624,0.472015,0.033083,0.222222,0.208333,0.020000,0.587241,2,0,1
90,5_2_6,seq_ABC,leaky,0,no_conv,,0.222222,0.466667,0.440000,,1.186392,0.597578,0.367347,0.586723,0.410946,0.135266,0.077684,0.131944,0.125000,0.040000,0.251499,0,1,0
91,5_2_6,seq_ABC,leaky,0,no_conv,,0.222222,0.486667,0.266667,,0.774391,0.373177,0.442177,0.753868,0.583865,0.302606,0.370926,0.131944,0.118056,0.026667,0.359077,0,1,0
92,5_2_6,seq_ABC,leaky,1,S=0,48,0.000000,0.613333,0.573333,0.166667,1.258342,0.650925,0.489796,0.737673,0.607753,0.342600,-0.002367,0.180556,0.173611,0.033333,0.312573,0,0,0
93,5_2_6,seq_ABC,leaky,1,S=0,45,0.000000,0.360000,0.280000,0.066667,0.846075,0.421331,0.258503,0.630844,0.445103,0.170825,0.288901,0.090278,0.090278,0.046667,0.231858,0,0,0
94,5_2_6,seq_ABC,leaky,0,no_conv,,0.222222,0.513333,0.386667,,0.960885,0.489108,0.428571,0.902906,0.846082,0.755384,0.300611,0.145833,0.138889,0.020000,0.600726,8,7,8
95,5_2_6,seq_ABC,leaky,0,no_conv,,0.888889,0.393333,0.453333,,1.213737,0.575920,0.285714,0.472908,0.199903,0.006227,0.242273,0.090278,0.090278,0.100000,0.161662,0,0,2
96,5_2_6,seq_ABC,leaky,1,S=0,47,0.000000,0.526667,0.453333,0.333333,1.012688,0.548506,0.503401,0.596018,0.604980,0.189735,0.064691,0.236111,0.222222,0.033333,0.275162,0,0,0
97,5_2_6,seq_ABC,leaky,1,S=0,42,0.000000,0.333333,0.146667,0.041667,0.607125,0.286268,0.238095,0.565473,0.292968,0.103631,0.315262,0.090278,0.090278,0.073333,0.201242,0,0,0
98,5_2_6,seq_ABC,leaky,1,S=0,49,0.000000,0.520000,0.346667,0.000000,0.951637,0.481447,0.469388,0.826942,0.732964,0.562884,0.337981,0.145833,0.138889,0.020000,0.522911,0,0,0
99,5_2_6,seq_ABC,leaky,1,S=0,49,0.000000,0.400000,0.240000,0.666667,0.912672,0.415603,0.258503,0.616747,0.408577,0.495004,0.272098,0.090278,0.083333,0.086667,0.231022,0,0,0
100,5_2_6,seq_ABC,leaky,1,S=8,47,0.000000,0.646667,0.653333,0.333333,1.629794,0.742089,0.612245,0.850916,0.687669,0.466433,0.103255,0.173611,0.166667,0.033333,0.392728,8,8,8
101,5_2_6,seq_ABC,leaky,0,no_conv,,0.222222,0.426667,0.333333,,0.967323,0.455553,0.251701,0.597974,0.358531,0.003091,0.345843,0.062500,0.055556,0.033333,0.203384,1,0,0
102,5_2_6,seq_ABC,leaky,0,no_conv,,0.222222,0.373333,0.413333,,1.166111,0.549125,0.231293,0.598913,0.329674,-0.022288,0.122741,0.055556,0.055556,0.060000,0.160088,1,0,1
103,5_2_6,seq_ABC,leaky,1,S=0,48,0.000000,0.460000,0.426667,0.166667,1.142954,0.576029,0.292517,0.734495,0.651914,0.436809,0.286697,0.090278,0.076389,0.026667,0.297710,0,0,0
104,5_2_6,seq_ABC,leaky,1,S=0,49,0.000000,0.573333,0.493333,0.000000,1.171337,0.591406,0.585034,0.881186,0.808187,0.656315,0.021215,0.236111,0.236111,0.020000,0.681930,0,0,0
105,5_2_6,seq_ABC,leaky,0,no_conv,,1.555556,0.486667,0.560000,,1.343594,0.629503,0.401361,0.741975,0.626669,0.314124,0.374509,0.138889,0.125000,0.020000,0.510093,3,0,1
106,5_2_6,seq_ABC,leaky,1,S=0,48,0.000000,0.400000,0.293333,0.500000,0.771385,0.379953,0.387755,0.712239,0.464364,0.157415,0.246237,0.138889,0.138889,0.026667,0.247995,0,0,0
107,5_2_6,seq_ABC,leaky,1,S=0,48,0.000000,0.440000,0.346667,0.000000,0.959133,0.471924,0.435374,0.624157,0.519658,0.184242,0.265708,0.152778,0.138889,0.026667,0.279472,0,0,0
108,5_2_6,seq_ABC,leaky,0,no_conv,,0.222222,0.506667,0.333333,,1.006660,0.474200,0.408163,0.824973,0.719085,0.580976,0.090692,0.152778,0.145833,0.020000,0.429779,1,0,0
109,5_2_6,seq_ABC,leaky,1,S=0,49,0.000000,0.540000,0.506667,0.000000,1.243073,0.631637,0.387755,0.639338,0.566720,0.079976,0.187396,0.166667,0.159722,0.073333,0.259539,0,0,0
110,5_2_6,seq_ABC,leaky,1,S=0,48,0.000000,0.466667,0.320000,0.000000,0.927961,0.443614,0.421769,0.735943,0.625784,0.497972,0.261866,0.152778,0.138889,0.020000,0.404622,0,0,0
111,5_2_6,seq_ABC,leaky,0,no_conv,,0.222222,0.453333,0.360000,,1.033163,0.504628,0.326531,0.717032,0.579622,0.338244,0.379187,0.097222,0.090278,0.033333,0.254409,1,0,0
112,5_2_6,seq_ABC,leaky,1,S=0,47,0.000000,0.700000,0.640000,0.222222,1.579328,0.746176,0.673469,0.760403,0.536925,0.051361,0.019086,0.222222,0.208333,0.080000,0.376575,0,0,0
113,5_2_6,seq_ABC,leaky,0,no_conv,,0.888889,0.420000,0.440000,,1.138861,0.573312,0.190476,0.771233,0.640359,-0.110242,0.317483,0.048611,0.048611,0.033333,0.168598,2,0,0
114,5_2_6,seq_ABC,leaky,1,S=0,47,0.000000,0.366667,0.253333,0.111111,0.785006,0.390013,0.272109,0.506160,0.556561,0.224983,0.095482,0.125000,0.118056,0.020000,0.136446,0,0,0
115,5_2_6,seq_ABC,leaky,1,S=0,48,0.000000,0.520000,0.506667,0.500000,1.273592,0.638549,0.421769,0.647715,0.547877,0.414101,0.192874,0.166667,0.159722,0.020000,0.340023,0,0,0
116,5_2_6,seq_ABC,leaky,1,S=0,48,0.000000,0.526667,0.453333,0.166667,1.140175,0.574985,0.421769,0.661516,0.553977,0.463794,0.105888,0.159722,0.152778,0.020000,0.296282,0,0,0
117,5_2_6,seq_ABC,leaky,0,no_conv,,0.222222,0.560000,0.413333,,0.924942,0.481941,0.448980,0.786799,0.706561,0.533279,0.206178,0.201389,0.194444,0.020000,0.559432,1,0,0
118,5_2_6,seq_ABC,leaky,1,S=8,49,0.000000,0.606667,0.533333,0.333333,1.370005,0.654072,0.544218,0.895776,0.802743,0.616424,0.097076,0.173611,0.173611,0.026667,0.517402,8,8,8
119,5_2_6,seq_ABC,leaky,1,S=0,42,0.000000,0.366667,0.226667,0.208333,0.708605,0.351634,0.278912,0.537844,0.477691,0.233071,0.328356,0.111111,0.104167,0.100000,0.181229,0,0,0
120,5_2_6,seq_ABC,leaky,1,S=0,47,0.000000,0.533333,0.453333,0.333333,1.136550,0.602675,0.312925,0.554448,0.561358,0.099350,0.030613,0.145833,0.125000,0.046667,0.170702,0,0,0
121,5_2_6,seq_ABC,leaky,0,no_conv,,0.222222,0.440000,0.306667,,0.919727,0.456122,0.265306,0.761404,0.651935,0.615367,0.327920,0.097222,0.097222,0.020000,0.410787,1,1,0
122,5_2_6,seq_ABC,leaky,0,no_conv,,4.666667,0.580000,0.480000,,1.391941,0.649721,0.462585,0.729191,0.621462,0.432240,0.224239,0.145833,0.131944,0.020000,0.412360,1,0,5
123,5_2_6,seq_ABC,leaky,0,no_conv,,0.222222,0.426667,0.386667,,1.015050,0.515554,0.251701,0.741594,0.674525,0.261083,0.384745,0.083333,0.069444,0.040000,0.221514,1,0,0
124,5_2_6,seq_ABC,leaky,1,S=0,36,0.000000,0.606667,0.440000,0.190476,1.179490,0.550860,0.523810,0.890451,0.777013,0.542243,0.261722,0.138889,0.131944,0.026667,0.567416,0,0,0
125,5_2_6,seq_ABC,leaky,0,no_conv,,0.666667,0.586667,0.506667,,1.267683,0.639592,0.496599,0.657096,0.561864,0.477769,0.243509,0.215278,0.201389,0.033333,0.456822,2,0,1
126,5_2_6,seq_ABC,leaky,1,S=0,48,0.000000,0.460000,0.426667,0.500000,1.197023,0.556140,0.408163,0.723457,0.628521,0.328257,0.311039,0.180556,0.173611,0.026667,0.341086,0,0,0
127,5_2_6,seq_ABC,leaky,0,no_conv,,0.222222,0.553333,0.426667,,1.057470,0.516077,0.421769,0.858690,0.753862,0.547148,0.207998,0.138889,0.125000,0.020000,0.460280,8,7,8
128,5_2_6,seq_ABC,leaky,1,S=0,44,0.000000,0.460000,0.200000,0.111111,0.790369,0.387683,0.326531,0.550157,0.395422,0.297066,0.323632,0.131944,0.125000,0.106667,0.225363,0,0,0
129,5_2_6,seq_ABC,leaky,1,S=0,46,0.000000,0.500000,0.440000,0.333333,1.041943,0.537186,0.394558,0.522218,0.549563,0.089742,0.169322,0.201389,0.187500,0.060000,0.163995,0,0,0
130,5_2_6,seq_ABC,leaky,0,no_conv,,0.888889,0.386667,0.306667,,0.898633,0.419210,0.299320,0.841710,0.796606,0.578169,0.307393,0.131944,0.118056,0.020000,0.380853,0,0,2
131,5_2_6,seq_ABC,leaky,1,S=0,49,0.000000,0.566667,0.520000,0.333333,1.167768,0.593963,0.367347,0.560440,0.319414,0.054338,0.043724,0.111111,0.104167,0.046667,0.228750,0,0,0
132,5_2_6,seq_ABC,leaky,1,S=0,49,0.000000,0.260000,0.133333,0.000000,0.589357,0.273695,0.190476,0.792732,0.733271,0.445697,0.336978,0.076389,0.069444,0.020000,0.235553,0,0,0
133,5_2_6,seq_ABC,leaky,1,S=0,47,0.000000,0.446667,0.200000,0.000000,0.758132,0.363065,0.387755,0.710195,0.673211,0.360652,0.420654,0.187500,0.166667,0.026667,0.327689,0,0,0
134,5_2_6,seq_ABC,leaky,0,no_conv,,0.222222,0.546667,0.480000,,1.119495,0.589572,0.414966,0.682265,0.629692,0.460859,0.011777,0.229167,0.222222,0.033333,0.283346,0,0,1
135,5_2_6,seq_ABC,leaky,1,S=0,45,0.000000,0.406667,0.453333,0.533333,1.078252,0.559698,0.244898,0.507143,0.246224,0.160783,0.194988,0.090278,0.090278,0.040000,0.147296,0,0,0
136,5_2_6,seq_ABC,leaky,1,S=0,49,0.000000,0.613333,0.520000,0.333333,1.158250,0.591349,0.455782,0.745128,0.616492,0.395941,0.036187,0.173611,0.166667,0.026667,0.302070,0,0,0
137,5_2_6,seq_ABC,leaky,0,no_conv,,0.666667,0.520000,0.493333,,1.275012,0.593926,0.387755,0.557304,0.381705,0.158620,0.205967,0.131944,0.125000,0.053333,0.310773,2,1,0
138,5_2_6,seq_ABC,leaky,1,S=0,46,0.000000,0.546667,0.346667,0.083333,1.104951,0.509320,0.551020,0.816886,0.689669,0.386969,0.325968,0.187500,0.166667,0.020000,0.519862,0,0,0
139,5_2_6,seq_ABC,leaky,1,S=0,43,0.000000,0.293333,0.200000,0.000000,0.730399,0.353874,0.258503,0.723292,0.512271,0.152915,0.278756,0.055556,0.041667,0.073333,0.191558,0,0,0
140,5_2_6,seq_ABC,leaky,0,no_conv,,0.222222,0.500000,0.453333,,1.018600,0.552528,0.387755,0.582957,0.352255,0.171403,-0.016694,0.125000,0.118056,0.060000,0.204502,0,1,0
141,5_2_6,seq_ABC,leaky,1,S=0,39,0.000000,0.400000,0.266667,0.121212,0.879930,0.417831,0.380952,0.784453,0.678353,0.481607,0.180540,0.118056,0.118056,0.020000,0.299679,0,0,0
142,5_2_6,seq_ABC,leaky,0,no_conv,,0.666667,0.573333,0.466667,,1.158802,0.572848,0.482993,0.845256,0.740251,0.443042,0.324719,0.187500,0.180556,0.020000,0.359939,7,8,6
143,5_2_6,seq_ABC,leaky,1,S=0,47,0.000000,0.526667,0.386667,0.333333,0.972776,0.502690,0.387755,0.541652,0.463199,0.278490,0.117731,0.187500,0.180556,0.040000,0.240857,0,0,0
144,5_2_6,seq_ABC,leaky,1,S=0,43,0.000000,0.480000,0.346667,0.000000,1.016460,0.487162,0.340136,0.773021,0.632584,0.391195,0.357282,0.111111,0.104167,0.033333,0.325201,0,0,0
145,5_2_6,seq_ABC,leaky,1,S=0,48,0.000000,0.520000,0.386667,0.166667,1.121386,0.539096,0.428571,0.767341,0.583163,0.160295,0.214030,0.145833,0.145833,0.060000,0.340316,0,0,0
146,5_2_6,seq_ABC,leaky,1,S=0,48,0.000000,0.346667,0.306667,0.166667,0.934172,0.449361,0.258503,0.665363,0.586298,0.022472,0.203210,0.118056,0.104167,0.080000,0.168575,0,0,0
147,5_2_6,seq_ABC,leaky,1,S=0,49,0.000000,0.340000,0.266667,0.666667,0.935203,0.418729,0.292517,0.652422,0.484404,0.535687,0.213361,0.104167,0.097222,0.020000,0.263224,0,0,0
148,5_2_6,seq_ABC,leaky,1,S=0,44,0.000000,0.373333,0.160000,0.055556,0.606968,0.291113,0.285714,0.555573,0.517950,0.235544,0.271671,0.111111,0.090278,0.020000,0.165687,0,0,0
149,5_2_6,seq_ABC,leaky,1,S=0,48,0.000000,0.580000,0.493333,0.500000,0.973210,0.521749,0.353741,0.524621,0.421195,0.162159,0.129572,0.138889,0.131944,0.080000,0.184830,0,0,0
150,5_2_6,seq_ABC,leaky,1,S=0,47,0.000000,0.533333,0.386667,0.444444,0.963527,0.518555,0.292517,0.745190,0.664438,0.487349,0.270564,0.118056,0.104167,0.040000,0.343384,0,0,0
151,5_2_6,seq_ABC,leaky,1,S=0,43,0.000000,0.513333,0.320000,0.142857,0.907928,0.451732,0.346939,0.765555,0.689647,0.566067,0.208326,0.111111,0.097222,0.020000,0.367201,0,0,0
152,5_2_6,seq_ABC,leaky,1,S=0,47,0.000000,0.373333,0.226667,0.222222,0.771662,0.371900,0.346939,0.679716,0.609754,0.237279,0.292689,0.138889,0.131944,0.033333,0.308881,0,0,0
153,5_2_6,seq_ABC,leaky,1,S=0,49,0.000000,0.420000,0.426667,0.333333,1.061030,0.533159,0.265306,0.631204,0.535292,0.086568,0.107767,0.118056,0.111111,0.020000,0.204989,0,0,0
154,5_2_6,seq_ABC,leaky,1,S=0,39,0.000000,0.386667,0.173333,0.060606,0.626560,0.294851,0.306122,0.743273,0.719289,0.460637,0.252017,0.138889,0.131944,0.020000,0.390870,0,0,0
155,5_2_6,seq_ABC,leaky,0,no_conv,,0.222222,0.480000,0.293333,,0.813639,0.396731,0.333333,0.704768,0.582032,0.193206,0.249192,0.083333,0.076389,0.020000,0.291816,1,0,0
156,5_2_6,seq_ABC,leaky,0,no_conv,,0.222222,0.393333,0.293333,,0.804979,0.409291,0.326531,0.718586,0.626080,0.300464,0.271092,0.111111,0.097222,0.026667,0.280418,0,1,0
157,5_2_6,seq_ABC,leaky,0,no_conv,,0.222222,0.433333,0.253333,,0.848839,0.423429,0.360544,0.810063,0.783381,0.631833,0.118865,0.138889,0.125000,0.020000,0.560909,1,1,0
158,5_2_6,seq_ABC,leaky,1,S=0,48,0.000000,0.413333,0.293333,0.166667,0.937299,0.456304,0.312925,0.752802,0.752652,0.577886,0.014151,0.131944,0.125000,0.020000,0.332195,0,0,0
159,5_2_6,seq_ABC,leaky,1,S=0,49,0.000000,0.553333,0.373333,0.666667,1.089983,0.509362,0.442177,0.651718,0.512860,0.095175,0.261292,0.159722,0.152778,0.046667,0.304572,0,0,0
160,5_2_6,seq_ABC,leaky,1,S=0,47,0.000000,0.586667,0.586667,0.333333,1.275763,0.632013,0.374150,0.732751,0.612706,0.266199,0.263676,0.125000,0.118056,0.040000,0.243976,0,0,0
161,5_2_6,seq_ABC,leaky,1,S=0,48,0.000000,0.486667,0.226667,0.166667,0.830918,0.405396,0.353741,0.798341,0.628859,0.429134,0.355665,0.090278,0.083333,0.020000,0.376113,0,0,0
162,5_2_6,seq_ABC,leaky,1,S=8,49,0.000000,0.506667,0.360000,0.333333,0.894998,0.472142,0.394558,0.878084,0.827413,0.736593,0.262343,0.152778,0.138889,0.020000,0.468235,8,8,8
163,5_2_6,seq_ABC,leaky,1,S=0,44,0.000000,0.526667,0.520000,0.222222,1.126198,0.582215,0.333333,0.523001,0.525629,0.071654,0.085070,0.145833,0.131944,0.046667,0.187145,0,0,0
164,5_2_6,seq_ABC,leaky,1,S=8,46,0.000000,0.540000,0.440000,0.250000,1.160959,0.561445,0.476190,0.885973,0.791846,0.537680,0.163628,0.138889,0.131944,0.020000,0.395560,8,8,8
165,5_2_6,seq_ABC,leaky,1,S=0,44,0.000000,0.293333,0.186667,0.333333,0.653293,0.286449,0.231293,0.766570,0.661324,0.286264,0.421488,0.055556,0.048611,0.046667,0.213210,0,0,0
166,5_2_6,seq_ABC,leaky,0,no_conv,,1.555556,0.600000,0.573333,,1.489833,0.696529,0.557823,0.736778,0.516285,0.071917,0.028827,0.201389,0.201389,0.026667,0.348739,3,4,1
167,5_2_6,seq_ABC,leaky,1,S=0,44,0.000000,0.493333,0.373333,0.000000,0.949751,0.507234,0.421769,0.552694,0.332298,0.023992,0.204070,0.187500,0.187500,0.080000,0.160931,0,0,0
168,5_2_6,seq_ABC,leaky,0,no_conv,,0.666667,0.760000,0.800000,,1.933866,0.851470,0.714286,0.762752,0.568957,0.260073,-0.117394,0.236111,0.222222,0.026667,0.355228,5,4,3
169,5_2_6,seq_ABC,leaky,1,S=0,49,0.000000,0.426667,0.266667,0.333333,0.819550,0.419286,0.360544,0.648820,0.548516,0.184612,0.285058,0.131944,0.118056,0.020000,0.231233,0,0,0
170,5_2_6,seq_ABC,leaky,0,no_conv,,0.222222,0.440000,0.413333,,1.176489,0.571226,0.306122,0.444298,0.326633,-0.028744,0.292519,0.111111,0.104167,0.066667,0.188233,0,1,0
171,5_2_6,seq_ABC,leaky,1,S=0,45,0.000000,0.253333,0.066667,0.000000,0.481454,0.207541,0.224490,0.710698,0.533282,0.259421,0.171231,0.076389,0.069444,0.020000,0.195310,0,0,0
172,5_2_6,seq_ABC,leaky,0,no_conv,,0.888889,0.293333,0.093333,,0.520179,0.224697,0.292517,0.849689,0.786807,0.723016,0.386578,0.090278,0.083333,0.020000,0.480447,2,0,0
173,5_2_6,seq_ABC,leaky,1,S=0,40,0.000000,0.553333,0.400000,0.566667,0.982384,0.504316,0.326531,0.835473,0.780365,0.580193,0.327215,0.118056,0.111111,0.020000,0.421369,0,0,0
174,5_2_6,seq_ABC,leaky,0,no_conv,,0.222222,0.420000,0.400000,,1.094433,0.555670,0.448980,0.774623,0.721412,0.481743,0.132630,0.187500,0.166667,0.020000,0.357889,1,1,0
175,5_2_6,seq_ABC,leaky,1,S=8,49,0.000000,0.460000,0.226667,0.333333,0.830659,0.406701,0.462585,0.890163,0.820744,0.726622,0.299114,0.159722,0.145833,0.020000,0.481371,8,8,8
176,5_2_6,seq_ABC,leaky,1,S=8,40,0.000000,0.473333,0.280000,0.166667,0.920314,0.445178,0.408163,0.908973,0.848955,0.773812,0.091897,0.138889,0.125000,0.020000,0.620448,8,8,8
177,5_2_6,seq_ABC,leaky,0,no_conv,,0.222222,0.406667,0.333333,,0.907269,0.460530,0.278912,0.776167,0.732070,0.522878,0.170890,0.083333,0.069444,0.026667,0.301922,0,1,0
178,5_2_6,seq_ABC,leaky,1,S=0,49,0.000000,0.386667,0.306667,0.333333,0.981681,0.476703,0.231293,0.686866,0.516432,0.425595,0.347800,0.069444,0.069444,0.086667,0.201183,0,0,0
179,5_2_6,seq_ABC,leaky,0,no_conv,,0.222222,0.360000,0.386667,,1.043955,0.522533,0.306122,0.556555,0.441458,0.294164,0.325445,0.166667,0.159722,0.033333,0.235949,0,0,1
180,5_2_6,seq_ABC,leaky,1,S=0,49,0.000000,0.526667,0.413333,0.333333,1.198354,0.596649,0.435374,0.470329,0.379087,0.007025,0.145171,0.208333,0.201389,0.053333,0.185608,0,0,0
181,5_2_6,seq_ABC,leaky,1,S=0,48,0.000000,0.466667,0.520000,0.333333,1.125881,0.592937,0.340136,0.420065,0.086023,-0.068366,0.091085,0.138889,0.138889,0.173333,0.142751,0,0,0
182,5_2_6,seq_ABC,leaky,1,S=0,49,0.000000,0.326667,0.293333,0.333333,0.909289,0.429468,0.238095,0.604237,0.518629,-0.035522,0.266068,0.083333,0.076389,0.066667,0.154722,0,0,0
183,5_2_6,seq_ABC,leaky,0,no_conv,,0.222222,0.540000,0.413333,,0.963114,0.506654,0.435374,0.489820,0.367151,0.135489,0.275970,0.159722,0.152778,0.060000,0.287959,0,0,1
184,5_2_6,seq_ABC,leaky,0,no_conv,,0.222222,0.553333,0.280000,,0.836559,0.411489,0.428571,0.777082,0.616327,0.531203,0.344023,0.104167,0.097222,0.020000,0.482280,1,0,0
185,5_2_6,seq_ABC,leaky,0,no_conv,,0.222222,0.386667,0.213333,,0.783869,0.345593,0.414966,0.819010,0.693905,0.600274,0.379608,0.152778,0.145833,0.020000,0.428154,1,0,1
186,5_2_6,seq_ABC,leaky,0,no_conv,,0.222222,0.566667,0.506667,,1.354111,0.644997,0.428571,0.676102,0.561203,0.518611,0.096830,0.145833,0.138889,0.020000,0.412567,0,1,0
187,5_2_6,seq_ABC,leaky,1,S=0,44,0.000000,0.300000,0.133333,0.000000,0.690323,0.309551,0.299320,0.639882,0.599172,0.475121,0.235449,0.111111,0.104167,0.026667,0.230140,0,0,0
188,5_2_6,seq_ABC,leaky,0,no_conv,,0.222222,0.400000,0.373333,,1.075978,0.529043,0.414966,0.734321,0.631711,0.365854,0.215412,0.138889,0.131944,0.020000,0.332924,1,0,0
189,5_2_6,seq_ABC,leaky,0,no_conv,,0.222222,0.326667,0.333333,,0.967723,0.503254,0.306122,0.659423,0.440201,0.137434,0.167841,0.097222,0.090278,0.033333,0.236269,1,0,0
190,5_2_6,seq_ABC,leaky,1,S=0,49,0.000000,0.586667,0.520000,0.000000,1.215387,0.611184,0.530612,0.719958,0.643860,0.479029,0.168777,0.250000,0.243056,0.040000,0.376059,0,0,0
191,5_2_6,seq_ABC,leaky,1,S=0,46,0.000000,0.346667,0.213333,0.250000,0.756501,0.364484,0.292517,0.597557,0.616626,0.231978,0.441087,0.125000,0.104167,0.040000,0.211316,0,0,0
192,5_2_6,seq_ABC,leaky,0,no_conv,,0.222222,0.553333,0.400000,,1.079780,0.538602,0.455782,0.854394,0.828596,0.701781,0.170100,0.222222,0.208333,0.020000,0.673464,1,0,0
193,5_2_6,seq_ABC,leaky,0,no_conv,,0.222222,0.426667,0.373333,,1.023741,0.504764,0.367347,0.601431,0.438639,0.214672,0.106249,0.145833,0.131944,0.066667,0.249138,1,0,0
194,5_2_6,seq_ABC,leaky,0,no_conv,,0.222222,0.393333,0.200000,,0.726555,0.363437,0.299320,0.725288,0.647475,0.405061,0.469845,0.131944,0.131944,0.040000,0.336922,0,0,1
195,5_2_6,seq_ABC,leaky,1,S=0,48,0.000000,0.493333,0.320000,0.166667,0.788883,0.419267,0.401361,0.812989,0.750834,0.683168,0.124882,0.173611,0.173611,0.020000,0.525681,0,0,0
196,5_2_6,seq_ABC,leaky,0,no_conv,,0.222222,0.593333,0.586667,,1.367713,0.648106,0.578231,0.846457,0.773439,0.548620,0.071717,0.250000,0.236111,0.020000,0.500662,1,0,0
197,5_2_6,seq_ABC,leaky,1,S=0,49,0.000000,0.413333,0.306667,0.666667,0.876519,0.461765,0.244898,0.812366,0.703105,0.345459,0.390005,0.062500,0.062500,0.026667,0.283657,0,0,0
198,5_2_6,seq_ABC,leaky,1,other_conv,49,0.000000,0.360000,0.266667,0.333333,0.886971,0.424274,0.238095,0.668735,0.507211,0.324172,0.196746,0.097222,0.090278,0.033333,0.300346,1,1,1
199,5_2_6,seq_ABC,leaky,1,S=0,36,0.000000,0.480000,0.306667,0.214286,0.871479,0.435316,0.319728,0.670006,0.548062,0.329318,0.244022,0.111111,0.097222,0.033333,0.236861,0,0,0
0,8_8_8,sync,hard,1,S=8,2,0.000000,0.000000,0.000000,0.000000,0.000000,0.000000,0.034014,0.920309,nan,nan,nan,0.000000,0.000000,0.020000,0.059833,8,8,8
1,8_8_8,sync,hard,1,S=8,2,0.000000,0.000000,0.000000,0.000000,0.000000,0.000000,0.034014,0.920309,nan,nan,nan,0.000000,0.000000,0.020000,0.059833,8,8,8
2,8_8_8,sync,hard,1,S=8,2,0.000000,0.000000,0.000000,0.000000,0.000000,0.000000,0.034014,0.920309,nan,nan,nan,0.000000,0.000000,0.020000,0.059833,8,8,8
3,8_8_8,sync,hard,1,S=8,2,0.000000,0.000000,0.000000,0.000000,0.000000,0.000000,0.034014,0.920309,nan,nan,nan,0.000000,0.000000,0.020000,0.059833,8,8,8
4,8_8_8,sync,hard,1,S=8,2,0.000000,0.000000,0.000000,0.000000,0.000000,0.000000,0.034014,0.920309,nan,nan,nan,0.000000,0.000000,0.020000,0.059833,8,8,8
5,8_8_8,sync,hard,1,S=8,2,0.000000,0.000000,0.000000,0.000000,0.000000,0.000000,0.034014,0.920309,nan,nan,nan,0.000000,0.000000,0.020000,0.059833,8,8,8
6,8_8_8,sync,hard,1,S=8,3,0.000000,0.000000,0.000000,0.000000,0.000000,0.000000,0.047619,0.605660,0.989894,nan,nan,0.013889,0.006944,0.180000,0.063566,8,8,8
7,8_8_8,sync,hard,1,S=8,2,0.000000,0.000000,0.000000,0.000000,0.000000,0.000000,0.034014,0.920309,nan,nan,nan,0.000000,0.000000,0.020000,0.059833,8,8,8
8,8_8_8,sync,hard,1,S=8,2,0.000000,0.000000,0.000000,0.000000,0.000000,0.000000,0.034014,0.920309,nan,nan,nan,0.000000,0.000000,0.020000,0.059833,8,8,8
9,8_8_8,sync,hard,1,S=8,2,0.000000,0.000000,0.000000,0.000000,0.000000,0.000000,0.034014,0.920309,nan,nan,nan,0.000000,0.000000,0.020000,0.059833,8,8,8
10,8_8_8,sync,hard,1,S=8,4,0.000000,0.000000,0.000000,0.000000,0.000000,0.000000,0.047619,0.635214,0.681450,nan,nan,0.006944,0.000000,0.020000,0.067564,8,8,8
11,8_8_8,sync,hard,1,S=8,2,0.000000,0.000000,0.000000,0.000000,0.000000,0.000000,0.034014,0.920309,nan,nan,nan,0.000000,0.000000,0.020000,0.059833,8,8,8
12,8_8_8,sync,hard,1,S=8,2,0.000000,0.000000,0.000000,0.000000,0.000000,0.000000,0.034014,0.920309,nan,nan,nan,0.000000,0.000000,0.020000,0.059833,8,8,8
13,8_8_8,sync,hard,1,S=8,2,0.000000,0.000000,0.000000,0.000000,0.000000,0.000000,0.034014,0.920309,nan,nan,nan,0.000000,0.000000,0.020000,0.059833,8,8,8
14,8_8_8,sync,hard,1,S=8,2,0.000000,0.000000,0.000000,0.000000,0.000000,0.000000,0.034014,0.920309,nan,nan,nan,0.000000,0.000000,0.020000,0.059833,8,8,8
15,8_8_8,sync,hard,1,S=8,2,0.000000,0.000000,0.000000,0.000000,0.000000,0.000000,0.034014,0.920309,nan,nan,nan,0.000000,0.000000,0.020000,0.059833,8,8,8
16,8_8_8,sync,hard,1,S=8,2,0.000000,0.000000,0.000000,0.000000,0.000000,0.000000,0.034014,0.920309,nan,nan,nan,0.000000,0.000000,0.020000,0.059833,8,8,8
17,8_8_8,sync,hard,1,S=8,2,0.000000,0.000000,0.000000,0.000000,0.000000,0.000000,0.034014,0.920309,nan,nan,nan,0.000000,0.000000,0.020000,0.059833,8,8,8
18,8_8_8,sync,hard,1,S=8,2,0.000000,0.000000,0.000000,0.000000,0.000000,0.000000,0.034014,0.920309,nan,nan,nan,0.000000,0.000000,0.020000,0.059833,8,8,8
19,8_8_8,sync,hard,1,S=8,2,0.000000,0.000000,0.000000,0.000000,0.000000,0.000000,0.034014,0.920309,nan,nan,nan,0.000000,0.000000,0.020000,0.059833,8,8,8
20,8_8_8,sync,hard,1,S=8,2,0.000000,0.000000,0.000000,0.000000,0.000000,0.000000,0.034014,0.920309,nan,nan,nan,0.000000,0.000000,0.020000,0.059833,8,8,8
21,8_8_8,sync,hard,1,S=8,2,0.000000,0.000000,0.000000,0.000000,0.000000,0.000000,0.034014,0.920309,nan,nan,nan,0.000000,0.000000,0.020000,0.059833,8,8,8
22,8_8_8,sync,hard,1,S=8,2,0.000000,0.000000,0.000000,0.000000,0.000000,0.000000,0.034014,0.920309,nan,nan,nan,0.000000,0.000000,0.020000,0.059833,8,8,8
23,8_8_8,sync,hard,1,S=8,2,0.000000,0.000000,0.000000,0.000000,0.000000,0.000000,0.034014,0.920309,nan,nan,nan,0.000000,0.000000,0.020000,0.059833,8,8,8
24,8_8_8,sync,hard,1,S=8,2,0.000000,0.000000,0.000000,0.000000,0.000000,0.000000,0.034014,0.920309,nan,nan,nan,0.000000,0.000000,0.020000,0.059833,8,8,8
25,8_8_8,sync,hard,1,S=8,2,0.000000,0.000000,0.000000,0.000000,0.000000,0.000000,0.034014,0.920309,nan,nan,nan,0.000000,0.000000,0.020000,0.059833,8,8,8
26,8_8_8,sync,hard,1,S=8,2,0.000000,0.000000,0.000000,0.000000,0.000000,0.000000,0.034014,0.920309,nan,nan,nan,0.000000,0.000000,0.020000,0.059833,8,8,8
27,8_8_8,sync,hard,1,S=8,2,0.000000,0.000000,0.000000,0.000000,0.000000,0.000000,0.034014,0.920309,nan,nan,nan,0.000000,0.000000,0.020000,0.059833,8,8,8
28,8_8_8,sync,hard,1,S=8,2,0.000000,0.000000,0.000000,0.000000,0.000000,0.000000,0.034014,0.920309,nan,nan,nan,0.000000,0.000000,0.020000,0.059833,8,8,8
29,8_8_8,sync,hard,1,S=8,2,0.000000,0.000000,0.000000,0.000000,0.000000,0.000000,0.034014,0.920309,nan,nan,nan,0.000000,0.000000,0.020000,0.059833,8,8,8
30,8_8_8,sync,hard,1,S=8,2,0.000000,0.000000,0.000000,0.000000,0.000000,0.000000,0.034014,0.920309,nan,nan,nan,0.000000,0.000000,0.020000,0.059833,8,8,8
31,8_8_8,sync,hard,1,S=8,2,0.000000,0.000000,0.000000,0.000000,0.000000,0.000000,0.034014,0.920309,nan,nan,nan,0.000000,0.000000,0.020000,0.059833,8,8,8
32,8_8_8,sync,hard,1,S=8,2,0.000000,0.000000,0.000000,0.000000,0.000000,0.000000,0.034014,0.920309,nan,nan,nan,0.000000,0.000000,0.020000,0.059833,8,8,8
33,8_8_8,sync,hard,1,S=8,2,0.000000,0.000000,0.000000,0.000000,0.000000,0.000000,0.034014,0.920309,nan,nan,nan,0.000000,0.000000,0.020000,0.059833,8,8,8
34,8_8_8,sync,hard,1,S=8,2,0.000000,0.000000,0.000000,0.000000,0.000000,0.000000,0.034014,0.920309,nan,nan,nan,0.000000,0.000000,0.020000,0.059833,8,8,8
35,8_8_8,sync,hard,1,S=8,2,0.000000,0.000000,0.000000,0.000000,0.000000,0.000000,0.034014,0.920309,nan,nan,nan,0.000000,0.000000,0.020000,0.059833,8,8,8
36,8_8_8,sync,hard,1,S=8,2,0.000000,0.000000,0.000000,0.000000,0.000000,0.000000,0.034014,0.920309,nan,nan,nan,0.000000,0.000000,0.020000,0.059833,8,8,8
37,8_8_8,sync,hard,1,S=8,2,0.000000,0.000000,0.000000,0.000000,0.000000,0.000000,0.034014,0.920309,nan,nan,nan,0.000000,0.000000,0.020000,0.059833,8,8,8
38,8_8_8,sync,hard,1,S=8,2,0.000000,0.000000,0.000000,0.000000,0.000000,0.000000,0.034014,0.920309,nan,nan,nan,0.000000,0.000000,0.020000,0.059833,8,8,8
39,8_8_8,sync,hard,1,S=8,2,0.000000,0.000000,0.000000,0.000000,0.000000,0.000000,0.034014,0.920309,nan,nan,nan,0.000000,0.000000,0.020000,0.059833,8,8,8
40,8_8_8,sync,hard,1,S=8,2,0.000000,0.000000,0.000000,0.000000,0.000000,0.000000,0.034014,0.920309,nan,nan,nan,0.000000,0.000000,0.020000,0.059833,8,8,8
41,8_8_8,sync,hard,1,S=8,2,0.000000,0.000000,0.000000,0.000000,0.000000,0.000000,0.034014,0.920309,nan,nan,nan,0.000000,0.000000,0.020000,0.059833,8,8,8
42,8_8_8,sync,hard,1,S=8,2,0.000000,0.000000,0.000000,0.000000,0.000000,0.000000,0.034014,0.920309,nan,nan,nan,0.000000,0.000000,0.020000,0.059833,8,8,8
43,8_8_8,sync,hard,1,S=8,2,0.000000,0.000000,0.000000,0.000000,0.000000,0.000000,0.034014,0.920309,nan,nan,nan,0.000000,0.000000,0.020000,0.059833,8,8,8
44,8_8_8,sync,hard,1,S=8,2,0.000000,0.000000,0.000000,0.000000,0.000000,0.000000,0.034014,0.920309,nan,nan,nan,0.000000,0.000000,0.020000,0.059833,8,8,8
45,8_8_8,sync,hard,1,S=8,2,0.000000,0.000000,0.000000,0.000000,0.000000,0.000000,0.034014,0.920309,nan,nan,nan,0.000000,0.000000,0.020000,0.059833,8,8,8
46,8_8_8,sync,hard,1,S=8,2,0.000000,0.000000,0.000000,0.000000,0.000000,0.000000,0.034014,0.920309,nan,nan,nan,0.000000,0.000000,0.020000,0.059833,8,8,8
47,8_8_8,sync,hard,1,S=8,2,0.000000,0.000000,0.000000,0.000000,0.000000,0.000000,0.034014,0.920309,nan,nan,nan,0.000000,0.000000,0.020000,0.059833,8,8,8
48,8_8_8,sync,hard,1,S=8,2,0.000000,0.000000,0.000000,0.000000,0.000000,0.000000,0.034014,0.920309,nan,nan,nan,0.000000,0.000000,0.020000,0.059833,8,8,8
49,8_8_8,sync,hard,1,S=8,2,0.000000,0.000000,0.000000,0.000000,0.000000,0.000000,0.034014,0.920309,nan,nan,nan,0.000000,0.000000,0.020000,0.059833,8,8,8
50,8_8_8,sync,hard,1,S=8,2,0.000000,0.000000,0.000000,0.000000,0.000000,0.000000,0.034014,0.920309,nan,nan,nan,0.000000,0.000000,0.020000,0.059833,8,8,8
51,8_8_8,sync,hard,1,S=8,2,0.000000,0.000000,0.000000,0.000000,0.000000,0.000000,0.034014,0.920309,nan,nan,nan,0.000000,0.000000,0.020000,0.059833,8,8,8
52,8_8_8,sync,hard,1,S=8,6,0.000000,0.000000,0.000000,0.000000,0.000000,0.000000,0.081633,0.627790,0.318130,0.866260,nan,0.027778,0.027778,0.020000,0.097757,8,8,8
53,8_8_8,sync,hard,1,S=8,2,0.000000,0.000000,0.000000,0.000000,0.000000,0.000000,0.034014,0.920309,nan,nan,nan,0.000000,0.000000,0.020000,0.059833,8,8,8
54,8_8_8,sync,hard,1,S=8,2,0.000000,0.000000,0.000000,0.000000,0.000000,0.000000,0.034014,0.920309,nan,nan,nan,0.000000,0.000000,0.020000,0.059833,8,8,8
55,8_8_8,sync,hard,1,S=8,2,0.000000,0.000000,0.000000,0.000000,0.000000,0.000000,0.034014,0.920309,nan,nan,nan,0.000000,0.000000,0.020000,0.059833,8,8,8
56,8_8_8,sync,hard,1,S=8,2,0.000000,0.000000,0.000000,0.000000,0.000000,0.000000,0.034014,0.920309,nan,nan,nan,0.000000,0.000000,0.020000,0.059833,8,8,8
57,8_8_8,sync,hard,1,S=8,2,0.000000,0.000000,0.000000,0.000000,0.000000,0.000000,0.034014,0.920309,nan,nan,nan,0.000000,0.000000,0.020000,0.059833,8,8,8
58,8_8_8,sync,hard,1,S=8,2,0.000000,0.000000,0.000000,0.000000,0.000000,0.000000,0.034014,0.920309,nan,nan,nan,0.000000,0.000000,0.020000,0.059833,8,8,8
59,8_8_8,sync,hard,1,S=8,2,0.000000,0.000000,0.000000,0.000000,0.000000,0.000000,0.034014,0.920309,nan,nan,nan,0.000000,0.000000,0.020000,0.059833,8,8,8
60,8_8_8,sync,hard,1,S=8,2,0.000000,0.000000,0.000000,0.000000,0.000000,0.000000,0.034014,0.920309,nan,nan,nan,0.000000,0.000000,0.020000,0.059833,8,8,8
61,8_8_8,sync,hard,1,S=8,2,0.000000,0.000000,0.000000,0.000000,0.000000,0.000000,0.034014,0.920309,nan,nan,nan,0.000000,0.000000,0.020000,0.059833,8,8,8
62,8_8_8,sync,hard,1,S=8,2,0.000000,0.000000,0.000000,0.000000,0.000000,0.000000,0.034014,0.920309,nan,nan,nan,0.000000,0.000000,0.020000,0.059833,8,8,8
63,8_8_8,sync,hard,1,S=8,2,0.000000,0.000000,0.000000,0.000000,0.000000,0.000000,0.034014,0.920309,nan,nan,nan,0.000000,0.000000,0.020000,0.059833,8,8,8
64,8_8_8,sync,hard,1,S=8,2,0.000000,0.000000,0.000000,0.000000,0.000000,0.000000,0.034014,0.920309,nan,nan,nan,0.000000,0.000000,0.020000,0.059833,8,8,8
65,8_8_8,sync,hard,1,S=8,2,0.000000,0.000000,0.000000,0.000000,0.000000,0.000000,0.034014,0.920309,nan,nan,nan,0.000000,0.000000,0.020000,0.059833,8,8,8
66,8_8_8,sync,hard,1,S=8,2,0.000000,0.000000,0.000000,0.000000,0.000000,0.000000,0.034014,0.920309,nan,nan,nan,0.000000,0.000000,0.020000,0.059833,8,8,8
67,8_8_8,sync,hard,1,S=8,2,0.000000,0.000000,0.000000,0.000000,0.000000,0.000000,0.034014,0.920309,nan,nan,nan,0.000000,0.000000,0.020000,0.059833,8,8,8
68,8_8_8,sync,hard,1,S=8,2,0.000000,0.000000,0.000000,0.000000,0.000000,0.000000,0.034014,0.920309,nan,nan,nan,0.000000,0.000000,0.020000,0.059833,8,8,8
69,8_8_8,sync,hard,1,S=8,2,0.000000,0.000000,0.000000,0.000000,0.000000,0.000000,0.034014,0.920309,nan,nan,nan,0.000000,0.000000,0.020000,0.059833,8,8,8
70,8_8_8,sync,hard,1,S=8,2,0.000000,0.000000,0.000000,0.000000,0.000000,0.000000,0.034014,0.920309,nan,nan,nan,0.000000,0.000000,0.020000,0.059833,8,8,8
71,8_8_8,sync,hard,1,S=8,2,0.000000,0.000000,0.000000,0.000000,0.000000,0.000000,0.034014,0.920309,nan,nan,nan,0.000000,0.000000,0.020000,0.059833,8,8,8
72,8_8_8,sync,hard,1,S=8,2,0.000000,0.000000,0.000000,0.000000,0.000000,0.000000,0.034014,0.920309,nan,nan,nan,0.000000,0.000000,0.020000,0.059833,8,8,8
73,8_8_8,sync,hard,1,S=8,2,0.000000,0.000000,0.000000,0.000000,0.000000,0.000000,0.034014,0.920309,nan,nan,nan,0.000000,0.000000,0.020000,0.059833,8,8,8
74,8_8_8,sync,hard,1,S=8,2,0.000000,0.000000,0.000000,0.000000,0.000000,0.000000,0.034014,0.920309,nan,nan,nan,0.000000,0.000000,0.020000,0.059833,8,8,8
75,8_8_8,sync,hard,1,S=8,2,0.000000,0.000000,0.000000,0.000000,0.000000,0.000000,0.034014,0.920309,nan,nan,nan,0.000000,0.000000,0.020000,0.059833,8,8,8
76,8_8_8,sync,hard,1,S=8,2,0.000000,0.000000,0.000000,0.000000,0.000000,0.000000,0.034014,0.920309,nan,nan,nan,0.000000,0.000000,0.020000,0.059833,8,8,8
77,8_8_8,sync,hard,1,S=8,2,0.000000,0.000000,0.000000,0.000000,0.000000,0.000000,0.034014,0.920309,nan,nan,nan,0.000000,0.000000,0.020000,0.059833,8,8,8
78,8_8_8,sync,hard,1,S=8,2,0.000000,0.000000,0.000000,0.000000,0.000000,0.000000,0.034014,0.920309,nan,nan,nan,0.000000,0.000000,0.020000,0.059833,8,8,8
79,8_8_8,sync,hard,1,S=8,2,0.000000,0.000000,0.000000,0.000000,0.000000,0.000000,0.034014,0.920309,nan,nan,nan,0.000000,0.000000,0.020000,0.059833,8,8,8
80,8_8_8,sync,hard,1,S=8,2,0.000000,0.000000,0.000000,0.000000,0.000000,0.000000,0.034014,0.920309,nan,nan,nan,0.000000,0.000000,0.020000,0.059833,8,8,8
81,8_8_8,sync,hard,1,S=8,2,0.000000,0.000000,0.000000,0.000000,0.000000,0.000000,0.034014,0.920309,nan,nan,nan,0.000000,0.000000,0.020000,0.059833,8,8,8
82,8_8_8,sync,hard,1,S=8,2,0.000000,0.000000,0.000000,0.000000,0.000000,0.000000,0.034014,0.920309,nan,nan,nan,0.000000,0.000000,0.020000,0.059833,8,8,8
83,8_8_8,sync,hard,1,S=8,2,0.000000,0.000000,0.000000,0.000000,0.000000,0.000000,0.034014,0.920309,nan,nan,nan,0.000000,0.000000,0.020000,0.059833,8,8,8
84,8_8_8,sync,hard,1,S=8,2,0.000000,0.000000,0.000000,0.000000,0.000000,0.000000,0.034014,0.920309,nan,nan,nan,0.000000,0.000000,0.020000,0.059833,8,8,8
85,8_8_8,sync,hard,1,S=8,2,0.000000,0.000000,0.000000,0.000000,0.000000,0.000000,0.034014,0.920309,nan,nan,nan,0.000000,0.000000,0.020000,0.059833,8,8,8
86,8_8_8,sync,hard,1,S=8,2,0.000000,0.000000,0.000000,0.000000,0.000000,0.000000,0.034014,0.920309,nan,nan,nan,0.000000,0.000000,0.020000,0.059833,8,8,8
87,8_8_8,sync,hard,1,S=8,2,0.000000,0.000000,0.000000,0.000000,0.000000,0.000000,0.034014,0.920309,nan,nan,nan,0.000000,0.000000,0.020000,0.059833,8,8,8
88,8_8_8,sync,hard,1,S=8,2,0.000000,0.000000,0.000000,0.000000,0.000000,0.000000,0.034014,0.920309,nan,nan,nan,0.000000,0.000000,0.020000,0.059833,8,8,8
89,8_8_8,sync,hard,1,S=8,2,0.000000,0.000000,0.000000,0.000000,0.000000,0.000000,0.034014,0.920309,nan,nan,nan,0.000000,0.000000,0.020000,0.059833,8,8,8
90,8_8_8,sync,hard,1,S=8,2,0.000000,0.000000,0.000000,0.000000,0.000000,0.000000,0.034014,0.920309,nan,nan,nan,0.000000,0.000000,0.020000,0.059833,8,8,8
91,8_8_8,sync,hard,1,S=8,2,0.000000,0.000000,0.000000,0.000000,0.000000,0.000000,0.034014,0.920309,nan,nan,nan,0.000000,0.000000,0.020000,0.059833,8,8,8
92,8_8_8,sync,hard,1,S=8,2,0.000000,0.000000,0.000000,0.000000,0.000000,0.000000,0.034014,0.920309,nan,nan,nan,0.000000,0.000000,0.020000,0.059833,8,8,8
93,8_8_8,sync,hard,1,S=8,2,0.000000,0.000000,0.000000,0.000000,0.000000,0.000000,0.034014,0.920309,nan,nan,nan,0.000000,0.000000,0.020000,0.059833,8,8,8
94,8_8_8,sync,hard,1,S=8,2,0.000000,0.000000,0.000000,0.000000,0.000000,0.000000,0.034014,0.920309,nan,nan,nan,0.000000,0.000000,0.020000,0.059833,8,8,8
95,8_8_8,sync,hard,1,S=8,2,0.000000,0.000000,0.000000,0.000000,0.000000,0.000000,0.034014,0.920309,nan,nan,nan,0.000000,0.000000,0.020000,0.059833,8,8,8
96,8_8_8,sync,hard,1,S=8,2,0.000000,0.000000,0.000000,0.000000,0.000000,0.000000,0.034014,0.920309,nan,nan,nan,0.000000,0.000000,0.020000,0.059833,8,8,8
97,8_8_8,sync,hard,1,S=8,2,0.000000,0.000000,0.000000,0.000000,0.000000,0.000000,0.034014,0.920309,nan,nan,nan,0.000000,0.000000,0.020000,0.059833,8,8,8
98,8_8_8,sync,hard,1,S=8,2,0.000000,0.000000,0.000000,0.000000,0.000000,0.000000,0.034014,0.920309,nan,nan,nan,0.000000,0.000000,0.020000,0.059833,8,8,8
99,8_8_8,sync,hard,1,S=8,2,0.000000,0.000000,0.000000,0.000000,0.000000,0.000000,0.034014,0.920309,nan,nan,nan,0.000000,0.000000,0.020000,0.059833,8,8,8
100,8_8_8,sync,hard,1,S=8,2,0.000000,0.000000,0.000000,0.000000,0.000000,0.000000,0.034014,0.920309,nan,nan,nan,0.000000,0.000000,0.020000,0.059833,8,8,8
101,8_8_8,sync,hard,1,S=8,2,0.000000,0.000000,0.000000,0.000000,0.000000,0.000000,0.034014,0.920309,nan,nan,nan,0.000000,0.000000,0.020000,0.059833,8,8,8
102,8_8_8,sync,hard,1,S=8,2,0.000000,0.000000,0.000000,0.000000,0.000000,0.000000,0.034014,0.920309,nan,nan,nan,0.000000,0.000000,0.020000,0.059833,8,8,8
103,8_8_8,sync,hard,1,S=8,2,0.000000,0.000000,0.000000,0.000000,0.000000,0.000000,0.034014,0.920309,nan,nan,nan,0.000000,0.000000,0.020000,0.059833,8,8,8
104,8_8_8,sync,hard,1,S=8,2,0.000000,0.000000,0.000000,0.000000,0.000000,0.000000,0.034014,0.920309,nan,nan,nan,0.000000,0.000000,0.020000,0.059833,8,8,8
105,8_8_8,sync,hard,1,S=8,2,0.000000,0.000000,0.000000,0.000000,0.000000,0.000000,0.034014,0.920309,nan,nan,nan,0.000000,0.000000,0.020000,0.059833,8,8,8
106,8_8_8,sync,hard,1,S=8,2,0.000000,0.000000,0.000000,0.000000,0.000000,0.000000,0.034014,0.920309,nan,nan,nan,0.000000,0.000000,0.020000,0.059833,8,8,8
107,8_8_8,sync,hard,1,S=8,2,0.000000,0.000000,0.000000,0.000000,0.000000,0.000000,0.034014,0.920309,nan,nan,nan,0.000000,0.000000,0.020000,0.059833,8,8,8
108,8_8_8,sync,hard,1,S=8,2,0.000000,0.000000,0.000000,0.000000,0.000000,0.000000,0.034014,0.920309,nan,nan,nan,0.000000,0.000000,0.020000,0.059833,8,8,8
109,8_8_8,sync,hard,1,S=8,2,0.000000,0.000000,0.000000,0.000000,0.000000,0.000000,0.034014,0.920309,nan,nan,nan,0.000000,0.000000,0.020000,0.059833,8,8,8
110,8_8_8,sync,hard,1,S=8,2,0.000000,0.000000,0.000000,0.000000,0.000000,0.000000,0.034014,0.920309,nan,nan,nan,0.000000,0.000000,0.020000,0.059833,8,8,8
111,8_8_8,sync,hard,1,S=8,2,0.000000,0.000000,0.000000,0.000000,0.000000,0.000000,0.034014,0.920309,nan,nan,nan,0.000000,0.000000,0.020000,0.059833,8,8,8
112,8_8_8,sync,hard,1,S=8,2,0.000000,0.000000,0.000000,0.000000,0.000000,0.000000,0.034014,0.920309,nan,nan,nan,0.000000,0.000000,0.020000,0.059833,8,8,8
113,8_8_8,sync,hard,1,S=8,2,0.000000,0.000000,0.000000,0.000000,0.000000,0.000000,0.034014,0.920309,nan,nan,nan,0.000000,0.000000,0.020000,0.059833,8,8,8
114,8_8_8,sync,hard,1,S=8,2,0.000000,0.000000,0.000000,0.000000,0.000000,0.000000,0.034014,0.920309,nan,nan,nan,0.000000,0.000000,0.020000,0.059833,8,8,8
115,8_8_8,sync,hard,1,S=8,2,0.000000,0.000000,0.000000,0.000000,0.000000,0.000000,0.034014,0.920309,nan,nan,nan,0.000000,0.000000,0.020000,0.059833,8,8,8
116,8_8_8,sync,hard,1,S=8,2,0.000000,0.000000,0.000000,0.000000,0.000000,0.000000,0.034014,0.920309,nan,nan,nan,0.000000,0.000000,0.020000,0.059833,8,8,8
117,8_8_8,sync,hard,1,S=8,2,0.000000,0.000000,0.000000,0.000000,0.000000,0.000000,0.034014,0.920309,nan,nan,nan,0.000000,0.000000,0.020000,0.059833,8,8,8
118,8_8_8,sync,hard,1,S=8,2,0.000000,0.000000,0.000000,0.000000,0.000000,0.000000,0.034014,0.920309,nan,nan,nan,0.000000,0.000000,0.020000,0.059833,8,8,8
119,8_8_8,sync,hard,1,S=8,2,0.000000,0.000000,0.000000,0.000000,0.000000,0.000000,0.034014,0.920309,nan,nan,nan,0.000000,0.000000,0.020000,0.059833,8,8,8
120,8_8_8,sync,hard,1,S=8,2,0.000000,0.000000,0.000000,0.000000,0.000000,0.000000,0.034014,0.920309,nan,nan,nan,0.000000,0.000000,0.020000,0.059833,8,8,8
121,8_8_8,sync,hard,1,S=8,2,0.000000,0.000000,0.000000,0.000000,0.000000,0.000000,0.034014,0.920309,nan,nan,nan,0.000000,0.000000,0.020000,0.059833,8,8,8
122,8_8_8,sync,hard,1,S=8,2,0.000000,0.000000,0.000000,0.000000,0.000000,0.000000,0.034014,0.920309,nan,nan,nan,0.000000,0.000000,0.020000,0.059833,8,8,8
123,8_8_8,sync,hard,1,S=8,2,0.000000,0.000000,0.000000,0.000000,0.000000,0.000000,0.034014,0.920309,nan,nan,nan,0.000000,0.000000,0.020000,0.059833,8,8,8
124,8_8_8,sync,hard,1,S=8,2,0.000000,0.000000,0.000000,0.000000,0.000000,0.000000,0.034014,0.920309,nan,nan,nan,0.000000,0.000000,0.020000,0.059833,8,8,8
125,8_8_8,sync,hard,1,S=8,2,0.000000,0.000000,0.000000,0.000000,0.000000,0.000000,0.034014,0.920309,nan,nan,nan,0.000000,0.000000,0.020000,0.059833,8,8,8
126,8_8_8,sync,hard,1,S=8,2,0.000000,0.000000,0.000000,0.000000,0.000000,0.000000,0.034014,0.920309,nan,nan,nan,0.000000,0.000000,0.020000,0.059833,8,8,8
127,8_8_8,sync,hard,1,S=8,2,0.000000,0.000000,0.000000,0.000000,0.000000,0.000000,0.034014,0.920309,nan,nan,nan,0.000000,0.000000,0.020000,0.059833,8,8,8
128,8_8_8,sync,hard,1,S=8,2,0.000000,0.000000,0.000000,0.000000,0.000000,0.000000,0.034014,0.920309,nan,nan,nan,0.000000,0.000000,0.020000,0.059833,8,8,8
129,8_8_8,sync,hard,1,S=8,2,0.000000,0.000000,0.000000,0.000000,0.000000,0.000000,0.034014,0.920309,nan,nan,nan,0.000000,0.000000,0.020000,0.059833,8,8,8
130,8_8_8,sync,hard,1,S=8,2,0.000000,0.000000,0.000000,0.000000,0.000000,0.000000,0.034014,0.920309,nan,nan,nan,0.000000,0.000000,0.020000,0.059833,8,8,8
131,8_8_8,sync,hard,1,S=8,2,0.000000,0.000000,0.000000,0.000000,0.000000,0.000000,0.034014,0.920309,nan,nan,nan,0.000000,0.000000,0.020000,0.059833,8,8,8
132,8_8_8,sync,hard,1,S=8,2,0.000000,0.000000,0.000000,0.000000,0.000000,0.000000,0.034014,0.920309,nan,nan,nan,0.000000,0.000000,0.020000,0.059833,8,8,8
133,8_8_8,sync,hard,1,S=8,2,0.000000,0.000000,0.000000,0.000000,0.000000,0.000000,0.034014,0.920309,nan,nan,nan,0.000000,0.000000,0.020000,0.059833,8,8,8
134,8_8_8,sync,hard,1,S=8,2,0.000000,0.000000,0.000000,0.000000,0.000000,0.000000,0.034014,0.920309,nan,nan,nan,0.000000,0.000000,0.020000,0.059833,8,8,8
135,8_8_8,sync,hard,1,S=8,2,0.000000,0.000000,0.000000,0.000000,0.000000,0.000000,0.034014,0.920309,nan,nan,nan,0.000000,0.000000,0.020000,0.059833,8,8,8
136,8_8_8,sync,hard,1,S=8,2,0.000000,0.000000,0.000000,0.000000,0.000000,0.000000,0.034014,0.920309,nan,nan,nan,0.000000,0.000000,0.020000,0.059833,8,8,8
137,8_8_8,sync,hard,1,S=8,2,0.000000,0.000000,0.000000,0.000000,0.000000,0.000000,0.034014,0.920309,nan,nan,nan,0.000000,0.000000,0.020000,0.059833,8,8,8
138,8_8_8,sync,hard,1,S=8,2,0.000000,0.000000,0.000000,0.000000,0.000000,0.000000,0.034014,0.920309,nan,nan,nan,0.000000,0.000000,0.020000,0.059833,8,8,8
139,8_8_8,sync,hard,1,S=8,2,0.000000,0.000000,0.000000,0.000000,0.000000,0.000000,0.034014,0.920309,nan,nan,nan,0.000000,0.000000,0.020000,0.059833,8,8,8
140,8_8_8,sync,hard,1,S=8,2,0.000000,0.000000,0.000000,0.000000,0.000000,0.000000,0.034014,0.920309,nan,nan,nan,0.000000,0.000000,0.020000,0.059833,8,8,8
141,8_8_8,sync,hard,1,S=8,2,0.000000,0.000000,0.000000,0.000000,0.000000,0.000000,0.034014,0.920309,nan,nan,nan,0.000000,0.000000,0.020000,0.059833,8,8,8
142,8_8_8,sync,hard,1,S=8,2,0.000000,0.000000,0.000000,0.000000,0.000000,0.000000,0.034014,0.920309,nan,nan,nan,0.000000,0.000000,0.020000,0.059833,8,8,8
143,8_8_8,sync,hard,1,S=8,2,0.000000,0.000000,0.000000,0.000000,0.000000,0.000000,0.034014,0.920309,nan,nan,nan,0.000000,0.000000,0.020000,0.059833,8,8,8
144,8_8_8,sync,hard,1,S=8,2,0.000000,0.000000,0.000000,0.000000,0.000000,0.000000,0.034014,0.920309,nan,nan,nan,0.000000,0.000000,0.020000,0.059833,8,8,8
145,8_8_8,sync,hard,1,S=8,2,0.000000,0.000000,0.000000,0.000000,0.000000,0.000000,0.034014,0.920309,nan,nan,nan,0.000000,0.000000,0.020000,0.059833,8,8,8
146,8_8_8,sync,hard,1,S=8,2,0.000000,0.000000,0.000000,0.000000,0.000000,0.000000,0.034014,0.920309,nan,nan,nan,0.000000,0.000000,0.020000,0.059833,8,8,8
147,8_8_8,sync,hard,1,S=8,2,0.000000,0.000000,0.000000,0.000000,0.000000,0.000000,0.034014,0.920309,nan,nan,nan,0.000000,0.000000,0.020000,0.059833,8,8,8
148,8_8_8,sync,hard,1,S=8,2,0.000000,0.000000,0.000000,0.000000,0.000000,0.000000,0.034014,0.920309,nan,nan,nan,0.000000,0.000000,0.020000,0.059833,8,8,8
149,8_8_8,sync,hard,1,S=8,2,0.000000,0.000000,0.000000,0.000000,0.000000,0.000000,0.034014,0.920309,nan,nan,nan,0.000000,0.000000,0.020000,0.059833,8,8,8
150,8_8_8,sync,hard,1,S=8,2,0.000000,0.000000,0.000000,0.000000,0.000000,0.000000,0.034014,0.920309,nan,nan,nan,0.000000,0.000000,0.020000,0.059833,8,8,8
151,8_8_8,sync,hard,1,S=8,2,0.000000,0.000000,0.000000,0.000000,0.000000,0.000000,0.034014,0.920309,nan,nan,nan,0.000000,0.000000,0.020000,0.059833,8,8,8
152,8_8_8,sync,hard,1,S=8,2,0.000000,0.000000,0.000000,0.000000,0.000000,0.000000,0.034014,0.920309,nan,nan,nan,0.000000,0.000000,0.020000,0.059833,8,8,8
153,8_8_8,sync,hard,1,S=8,2,0.000000,0.000000,0.000000,0.000000,0.000000,0.000000,0.034014,0.920309,nan,nan,nan,0.000000,0.000000,0.020000,0.059833,8,8,8
154,8_8_8,sync,hard,1,S=8,2,0.000000,0.000000,0.000000,0.000000,0.000000,0.000000,0.034014,0.920309,nan,nan,nan,0.000000,0.000000,0.020000,0.059833,8,8,8
155,8_8_8,sync,hard,1,S=8,2,0.000000,0.000000,0.000000,0.000000,0.000000,0.000000,0.034014,0.920309,nan,nan,nan,0.000000,0.000000,0.020000,0.059833,8,8,8
156,8_8_8,sync,hard,1,S=8,2,0.000000,0.000000,0.000000,0.000000,0.000000,0.000000,0.034014,0.920309,nan,nan,nan,0.000000,0.000000,0.020000,0.059833,8,8,8
157,8_8_8,sync,hard,1,S=8,2,0.000000,0.000000,0.000000,0.000000,0.000000,0.000000,0.034014,0.920309,nan,nan,nan,0.000000,0.000000,0.020000,0.059833,8,8,8
158,8_8_8,sync,hard,1,S=8,2,0.000000,0.000000,0.000000,0.000000,0.000000,0.000000,0.034014,0.920309,nan,nan,nan,0.000000,0.000000,0.020000,0.059833,8,8,8
159,8_8_8,sync,hard,1,S=8,2,0.000000,0.000000,0.000000,0.000000,0.000000,0.000000,0.034014,0.920309,nan,nan,nan,0.000000,0.000000,0.020000,0.059833,8,8,8
160,8_8_8,sync,hard,1,S=8,2,0.000000,0.000000,0.000000,0.000000,0.000000,0.000000,0.034014,0.920309,nan,nan,nan,0.000000,0.000000,0.020000,0.059833,8,8,8
161,8_8_8,sync,hard,1,S=8,2,0.000000,0.000000,0.000000,0.000000,0.000000,0.000000,0.034014,0.920309,nan,nan,nan,0.000000,0.000000,0.020000,0.059833,8,8,8
162,8_8_8,sync,hard,1,S=8,2,0.000000,0.000000,0.000000,0.000000,0.000000,0.000000,0.034014,0.920309,nan,nan,nan,0.000000,0.000000,0.020000,0.059833,8,8,8
163,8_8_8,sync,hard,1,S=8,2,0.000000,0.000000,0.000000,0.000000,0.000000,0.000000,0.034014,0.920309,nan,nan,nan,0.000000,0.000000,0.020000,0.059833,8,8,8
164,8_8_8,sync,hard,1,S=8,2,0.000000,0.000000,0.000000,0.000000,0.000000,0.000000,0.034014,0.920309,nan,nan,nan,0.000000,0.000000,0.020000,0.059833,8,8,8
165,8_8_8,sync,hard,1,S=8,2,0.000000,0.000000,0.000000,0.000000,0.000000,0.000000,0.034014,0.920309,nan,nan,nan,0.000000,0.000000,0.020000,0.059833,8,8,8
166,8_8_8,sync,hard,1,S=8,2,0.000000,0.000000,0.000000,0.000000,0.000000,0.000000,0.034014,0.920309,nan,nan,nan,0.000000,0.000000,0.020000,0.059833,8,8,8
167,8_8_8,sync,hard,1,S=8,2,0.000000,0.000000,0.000000,0.000000,0.000000,0.000000,0.034014,0.920309,nan,nan,nan,0.000000,0.000000,0.020000,0.059833,8,8,8
168,8_8_8,sync,hard,1,S=8,2,0.000000,0.000000,0.000000,0.000000,0.000000,0.000000,0.034014,0.920309,nan,nan,nan,0.000000,0.000000,0.020000,0.059833,8,8,8
169,8_8_8,sync,hard,1,S=8,2,0.000000,0.000000,0.000000,0.000000,0.000000,0.000000,0.034014,0.920309,nan,nan,nan,0.000000,0.000000,0.020000,0.059833,8,8,8
170,8_8_8,sync,hard,1,S=8,2,0.000000,0.000000,0.000000,0.000000,0.000000,0.000000,0.034014,0.920309,nan,nan,nan,0.000000,0.000000,0.020000,0.059833,8,8,8
171,8_8_8,sync,hard,1,S=8,2,0.000000,0.000000,0.000000,0.000000,0.000000,0.000000,0.034014,0.920309,nan,nan,nan,0.000000,0.000000,0.020000,0.059833,8,8,8
172,8_8_8,sync,hard,1,S=8,2,0.000000,0.000000,0.000000,0.000000,0.000000,0.000000,0.034014,0.920309,nan,nan,nan,0.000000,0.000000,0.020000,0.059833,8,8,8
173,8_8_8,sync,hard,1,S=8,2,0.000000,0.000000,0.000000,0.000000,0.000000,0.000000,0.034014,0.920309,nan,nan,nan,0.000000,0.000000,0.020000,0.059833,8,8,8
174,8_8_8,sync,hard,1,S=8,2,0.000000,0.000000,0.000000,0.000000,0.000000,0.000000,0.034014,0.920309,nan,nan,nan,0.000000,0.000000,0.020000,0.059833,8,8,8
175,8_8_8,sync,hard,1,S=8,2,0.000000,0.000000,0.000000,0.000000,0.000000,0.000000,0.034014,0.920309,nan,nan,nan,0.000000,0.000000,0.020000,0.059833,8,8,8
176,8_8_8,sync,hard,1,S=8,2,0.000000,0.000000,0.000000,0.000000,0.000000,0.000000,0.034014,0.920309,nan,nan,nan,0.000000,0.000000,0.020000,0.059833,8,8,8
177,8_8_8,sync,hard,1,S=8,2,0.000000,0.000000,0.000000,0.000000,0.000000,0.000000,0.034014,0.920309,nan,nan,nan,0.000000,0.000000,0.020000,0.059833,8,8,8
178,8_8_8,sync,hard,1,S=8,2,0.000000,0.000000,0.000000,0.000000,0.000000,0.000000,0.034014,0.920309,nan,nan,nan,0.000000,0.000000,0.020000,0.059833,8,8,8
179,8_8_8,sync,hard,1,S=8,2,0.000000,0.000000,0.000000,0.000000,0.000000,0.000000,0.034014,0.920309,nan,nan,nan,0.000000,0.000000,0.020000,0.059833,8,8,8
180,8_8_8,sync,hard,1,S=8,2,0.000000,0.000000,0.000000,0.000000,0.000000,0.000000,0.034014,0.920309,nan,nan,nan,0.000000,0.000000,0.020000,0.059833,8,8,8
181,8_8_8,sync,hard,1,S=8,2,0.000000,0.000000,0.000000,0.000000,0.000000,0.000000,0.034014,0.920309,nan,nan,nan,0.000000,0.000000,0.020000,0.059833,8,8,8
182,8_8_8,sync,hard,1,S=8,2,0.000000,0.000000,0.000000,0.000000,0.000000,0.000000,0.034014,0.920309,nan,nan,nan,0.000000,0.000000,0.020000,0.059833,8,8,8
183,8_8_8,sync,hard,1,S=8,2,0.000000,0.000000,0.000000,0.000000,0.000000,0.000000,0.034014,0.920309,nan,nan,nan,0.000000,0.000000,0.020000,0.059833,8,8,8
184,8_8_8,sync,hard,1,S=8,2,0.000000,0.000000,0.000000,0.000000,0.000000,0.000000,0.034014,0.920309,nan,nan,nan,0.000000,0.000000,0.020000,0.059833,8,8,8
185,8_8_8,sync,hard,1,S=8,2,0.000000,0.000000,0.000000,0.000000,0.000000,0.000000,0.034014,0.920309,nan,nan,nan,0.000000,0.000000,0.020000,0.059833,8,8,8
186,8_8_8,sync,hard,1,S=8,2,0.000000,0.000000,0.000000,0.000000,0.000000,0.000000,0.034014,0.920309,nan,nan,nan,0.000000,0.000000,0.020000,0.059833,8,8,8
187,8_8_8,sync,hard,1,S=8,2,0.000000,0.000000,0.000000,0.000000,0.000000,0.000000,0.034014,0.920309,nan,nan,nan,0.000000,0.000000,0.020000,0.059833,8,8,8
188,8_8_8,sync,hard,1,S=8,2,0.000000,0.000000,0.000000,0.000000,0.000000,0.000000,0.034014,0.920309,nan,nan,nan,0.000000,0.000000,0.020000,0.059833,8,8,8
189,8_8_8,sync,hard,1,S=8,2,0.000000,0.000000,0.000000,0.000000,0.000000,0.000000,0.034014,0.920309,nan,nan,nan,0.000000,0.000000,0.020000,0.059833,8,8,8
190,8_8_8,sync,hard,1,S=8,2,0.000000,0.000000,0.000000,0.000000,0.000000,0.000000,0.034014,0.920309,nan,nan,nan,0.000000,0.000000,0.020000,0.059833,8,8,8
191,8_8_8,sync,hard,1,S=8,2,0.000000,0.000000,0.000000,0.000000,0.000000,0.000000,0.034014,0.920309,nan,nan,nan,0.000000,0.000000,0.020000,0.059833,8,8,8
192,8_8_8,sync,hard,1,S=8,2,0.000000,0.000000,0.000000,0.000000,0.000000,0.000000,0.034014,0.920309,nan,nan,nan,0.000000,0.000000,0.020000,0.059833,8,8,8
193,8_8_8,sync,hard,1,S=8,2,0.000000,0.000000,0.000000,0.000000,0.000000,0.000000,0.034014,0.920309,nan,nan,nan,0.000000,0.000000,0.020000,0.059833,8,8,8
194,8_8_8,sync,hard,1,S=8,2,0.000000,0.000000,0.000000,0.000000,0.000000,0.000000,0.034014,0.920309,nan,nan,nan,0.000000,0.000000,0.020000,0.059833,8,8,8
195,8_8_8,sync,hard,1,S=8,2,0.000000,0.000000,0.000000,0.000000,0.000000,0.000000,0.034014,0.920309,nan,nan,nan,0.000000,0.000000,0.020000,0.059833,8,8,8
196,8_8_8,sync,hard,1,S=8,2,0.000000,0.000000,0.000000,0.000000,0.000000,0.000000,0.034014,0.920309,nan,nan,nan,0.000000,0.000000,0.020000,0.059833,8,8,8
197,8_8_8,sync,hard,1,S=8,2,0.000000,0.000000,0.000000,0.000000,0.000000,0.000000,0.034014,0.920309,nan,nan,nan,0.000000,0.000000,0.020000,0.059833,8,8,8
198,8_8_8,sync,hard,1,S=8,2,0.000000,0.000000,0.000000,0.000000,0.000000,0.000000,0.034014,0.920309,nan,nan,nan,0.000000,0.000000,0.020000,0.059833,8,8,8
199,8_8_8,sync,hard,1,S=8,2,0.000000,0.000000,0.000000,0.000000,0.000000,0.000000,0.034014,0.920309,nan,nan,nan,0.000000,0.000000,0.020000,0.059833,8,8,8
0,8_8_8,sync,smooth,0,no_conv,,2.000000,0.000000,0.000000,,0.806324,0.344662,0.496599,0.700701,0.611732,0.295986,nan,0.159722,0.145833,0.040000,0.352984,5,5,2
1,8_8_8,sync,smooth,0,no_conv,,0.666667,0.000000,0.000000,,0.806324,0.344662,0.421769,0.728825,0.576094,0.426337,nan,0.159722,0.159722,0.020000,0.407560,5,4,3
2,8_8_8,sync,smooth,1,S=8,37,0.000000,0.000000,0.000000,0.000000,0.806324,0.344662,0.251701,0.396159,0.130946,0.060297,nan,0.104167,0.104167,0.300000,0.161587,8,8,8
3,8_8_8,sync,smooth,1,S=8,46,0.000000,0.000000,0.000000,0.000000,0.806324,0.344662,0.312925,0.522538,0.236214,0.075762,nan,0.097222,0.097222,0.040000,0.211233,8,8,8
4,8_8_8,sync,smooth,1,S=8,45,0.000000,0.000000,0.000000,0.000000,0.806324,0.344662,0.292517,0.478723,0.332513,-0.061985,nan,0.104167,0.104167,0.060000,0.200147,8,8,8
5,8_8_8,sync,smooth,1,S=8,48,0.000000,0.000000,0.000000,0.000000,0.806324,0.344662,0.115646,0.460747,0.257938,-0.086106,nan,0.013889,0.013889,0.113333,0.146081,8,8,8
6,8_8_8,sync,smooth,0,no_conv,,1.555556,0.000000,0.000000,,0.806324,0.344662,0.360544,0.569776,0.355174,0.218714,nan,0.138889,0.131944,0.020000,0.317153,4,7,5
7,8_8_8,sync,smooth,0,no_conv,,4.666667,0.000000,0.000000,,0.806324,0.344662,0.571429,0.552464,0.339397,0.240921,nan,0.222222,0.222222,0.086667,0.317873,3,8,7
8,8_8_8,sync,smooth,0,no_conv,,0.222222,0.000000,0.000000,,0.806324,0.344662,0.204082,0.359134,0.138832,-0.091550,nan,0.055556,0.055556,0.166667,0.128858,8,7,8
9,8_8_8,sync,smooth,0,no_conv,,0.222222,0.000000,0.000000,,0.806324,0.344662,0.469388,0.623588,0.514255,0.270012,nan,0.159722,0.152778,0.033333,0.310348,7,8,8
10,8_8_8,sync,smooth,1,S=8,48,0.000000,0.000000,0.000000,0.000000,0.806324,0.344662,0.149660,0.145841,0.042210,-0.030716,nan,0.062500,0.055556,0.093333,0.122280,8,8,8
11,8_8_8,sync,smooth,0,no_conv,,0.222222,0.000000,0.000000,,0.806324,0.344662,0.394558,0.542221,0.435723,0.102238,nan,0.159722,0.152778,0.040000,0.282228,8,7,8
12,8_8_8,sync,smooth,0,no_conv,,1.555556,0.000000,0.000000,,0.806324,0.344662,0.265306,0.537174,0.465056,0.095299,nan,0.090278,0.083333,0.026667,0.272350,8,7,5
13,8_8_8,sync,smooth,0,no_conv,,0.222222,0.000000,0.000000,,0.806324,0.344662,0.238095,0.327835,0.116922,0.060593,nan,0.083333,0.083333,0.166667,0.184487,7,8,7
14,8_8_8,sync,smooth,1,S=8,47,0.000000,0.000000,0.000000,0.000000,0.806324,0.344662,0.414966,0.558333,0.386399,0.188083,nan,0.145833,0.138889,0.026667,0.263552,8,8,8
15,8_8_8,sync,smooth,0,no_conv,,1.555556,0.000000,0.000000,,0.806324,0.344662,0.489796,0.737656,0.633398,0.436971,nan,0.166667,0.166667,0.020000,0.549778,6,5,8
16,8_8_8,sync,smooth,0,no_conv,,0.222222,0.000000,0.000000,,0.806324,0.344662,0.258503,0.150393,-0.057641,-0.024663,nan,0.097222,0.097222,0.213333,0.115616,8,8,7
17,8_8_8,sync,smooth,0,no_conv,,1.555556,0.000000,0.000000,,0.806324,0.344662,0.448980,0.706515,0.590947,0.296039,nan,0.187500,0.187500,0.026667,0.401718,4,7,6
18,8_8_8,sync,smooth,1,other_conv,49,0.000000,0.000000,0.000000,0.000000,0.806324,0.344662,0.401361,0.554067,0.413496,0.189654,nan,0.152778,0.152778,0.020000,0.288071,7,7,7
19,8_8_8,sync,smooth,0,no_conv,,0.222222,0.000000,0.000000,,0.806324,0.344662,0.224490,0.234381,0.016166,-0.042656,nan,0.069444,0.069444,0.040000,0.139199,8,7,7
20,8_8_8,sync,smooth,0,no_conv,,0.222222,0.000000,0.000000,,0.806324,0.344662,0.353741,0.412003,0.363764,0.094414,nan,0.131944,0.125000,0.126667,0.267245,7,8,8
21,8_8_8,sync,smooth,1,S=8,46,0.000000,0.000000,0.000000,0.000000,0.806324,0.344662,0.353741,0.471338,0.276286,-0.064381,nan,0.131944,0.131944,0.053333,0.173547,8,8,8
22,8_8_8,sync,smooth,1,S=8,45,0.000000,0.000000,0.000000,0.000000,0.806324,0.344662,0.306122,0.348446,0.045969,-0.129632,nan,0.118056,0.118056,0.160000,0.139173,8,8,8
23,8_8_8,sync,smooth,1,S=8,49,0.000000,0.000000,0.000000,0.000000,0.806324,0.344662,0.292517,0.349266,0.552833,0.183926,nan,0.159722,0.138889,0.153333,0.211387,8,8,8
24,8_8_8,sync,smooth,0,no_conv,,0.888889,0.000000,0.000000,,0.806324,0.344662,0.428571,0.512239,0.372893,0.179554,nan,0.145833,0.145833,0.033333,0.365344,6,8,8
25,8_8_8,sync,smooth,0,no_conv,,0.222222,0.000000,0.000000,,0.806324,0.344662,0.659864,0.791691,0.687096,0.327876,nan,0.215278,0.208333,0.026667,0.590386,6,6,5
26,8_8_8,sync,smooth,1,S=8,49,0.000000,0.000000,0.000000,0.000000,0.806324,0.344662,0.265306,0.266679,0.048988,0.165028,nan,0.097222,0.097222,0.026667,0.114064,8,8,8
27,8_8_8,sync,smooth,0,no_conv,,0.222222,0.000000,0.000000,,0.806324,0.344662,0.646259,0.831592,0.717409,0.249957,nan,0.229167,0.229167,0.026667,0.433071,8,7,8
28,8_8_8,sync,smooth,0,no_conv,,0.222222,0.000000,0.000000,,0.806324,0.344662,0.176871,0.374810,0.157332,0.114594,nan,0.041667,0.034722,0.040000,0.146476,8,7,8
29,8_8_8,sync,smooth,1,S=8,45,0.000000,0.000000,0.000000,0.000000,0.806324,0.344662,0.272109,0.223086,0.292247,-0.009762,nan,0.125000,0.118056,0.213333,0.146778,8,8,8
30,8_8_8,sync,smooth,1,S=8,43,0.000000,0.000000,0.000000,0.000000,0.806324,0.344662,0.190476,0.215791,-0.011845,-0.057706,nan,0.055556,0.055556,0.140000,0.121141,8,8,8
31,8_8_8,sync,smooth,0,no_conv,,0.222222,0.000000,0.000000,,0.806324,0.344662,0.353741,0.499504,0.342896,0.112666,nan,0.131944,0.131944,0.033333,0.305159,7,8,8
32,8_8_8,sync,smooth,1,S=8,48,0.000000,0.000000,0.000000,0.000000,0.806324,0.344662,0.367347,0.399806,0.235140,0.228801,nan,0.138889,0.138889,0.073333,0.244130,8,8,8
33,8_8_8,sync,smooth,1,S=8,47,0.000000,0.000000,0.000000,0.000000,0.806324,0.344662,0.319728,0.327238,0.278656,0.106377,nan,0.118056,0.111111,0.133333,0.213325,8,8,8
34,8_8_8,sync,smooth,1,S=8,43,0.000000,0.000000,0.000000,0.000000,0.806324,0.344662,0.394558,0.244224,0.188489,0.191935,nan,0.187500,0.173611,0.126667,0.173832,8,8,8
35,8_8_8,sync,smooth,1,S=8,40,0.000000,0.000000,0.000000,0.000000,0.806324,0.344662,0.319728,0.298159,0.138340,-0.059587,nan,0.131944,0.131944,0.180000,0.183108,8,8,8
36,8_8_8,sync,smooth,0,no_conv,,0.222222,0.000000,0.000000,,0.806324,0.344662,0.510204,0.536258,0.429885,0.079381,nan,0.194444,0.187500,0.173333,0.231298,7,7,8
37,8_8_8,sync,smooth,1,S=8,48,0.000000,0.000000,0.000000,0.000000,0.806324,0.344662,0.258503,0.165111,0.234932,-0.034806,nan,0.118056,0.111111,0.073333,0.153310,8,8,8
38,8_8_8,sync,smooth,0,no_conv,,0.222222,0.000000,0.000000,,0.806324,0.344662,0.489796,0.835193,0.730434,0.605734,nan,0.138889,0.138889,0.020000,0.598822,7,7,6
39,8_8_8,sync,smooth,0,no_conv,,2.000000,0.000000,0.000000,,0.806324,0.344662,0.387755,0.339071,0.184056,0.032132,nan,0.138889,0.131944,0.200000,0.201676,8,8,5
40,8_8_8,sync,smooth,0,no_conv,,2.000000,0.000000,0.000000,,0.806324,0.344662,0.435374,0.183726,0.115970,-0.141982,nan,0.201389,0.194444,0.133333,0.145577,8,5,8
41,8_8_8,sync,smooth,1,S=8,49,0.000000,0.000000,0.000000,0.000000,0.806324,0.344662,0.448980,0.770267,0.716391,0.365140,nan,0.173611,0.159722,0.026667,0.403103,8,8,8
42,8_8_8,sync,smooth,0,no_conv,,0.222222,0.000000,0.000000,,0.806324,0.344662,0.224490,0.139879,0.110744,-0.013811,nan,0.083333,0.076389,0.046667,0.121013,8,7,8
43,8_8_8,sync,smooth,1,S=8,45,0.000000,0.000000,0.000000,0.000000,0.806324,0.344662,0.163265,0.215459,-0.055722,-0.088114,nan,0.055556,0.055556,0.240000,0.115423,8,8,8
44,8_8_8,sync,smooth,0,no_conv,,0.888889,0.000000,0.000000,,0.806324,0.344662,0.551020,0.467070,0.217471,-0.110021,nan,0.201389,0.194444,0.066667,0.201575,8,8,6
45,8_8_8,sync,smooth,1,S=8,49,0.000000,0.000000,0.000000,0.000000,0.806324,0.344662,0.442177,0.704608,0.562296,0.109721,nan,0.152778,0.145833,0.040000,0.323296,8,8,8
46,8_8_8,sync,smooth,0,no_conv,,0.222222,0.000000,0.000000,,0.806324,0.344662,0.482993,0.499739,0.366659,0.185224,nan,0.194444,0.187500,0.093333,0.327428,8,8,7
47,8_8_8,sync,smooth,1,S=8,49,0.000000,0.000000,0.000000,0.000000,0.806324,0.344662,0.231293,0.388725,0.170589,0.185516,nan,0.083333,0.083333,0.053333,0.272189,8,8,8
48,8_8_8,sync,smooth,1,S=8,49,0.000000,0.000000,0.000000,0.000000,0.806324,0.344662,0.095238,0.270959,-0.055790,-0.051916,nan,0.027778,0.027778,0.046667,0.077235,8,8,8
49,8_8_8,sync,smooth,0,no_conv,,0.222222,0.000000,0.000000,,0.806324,0.344662,0.333333,0.473984,0.264828,-0.074018,nan,0.104167,0.104167,0.093333,0.182548,8,7,7
50,8_8_8,sync,smooth,1,S=8,47,0.000000,0.000000,0.000000,0.000000,0.806324,0.344662,0.380952,0.218988,0.009595,0.092329,nan,0.145833,0.145833,0.166667,0.165096,8,8,8
51,8_8_8,sync,smooth,0,no_conv,,0.222222,0.000000,0.000000,,0.806324,0.344662,0.346939,0.369714,0.256050,-0.063078,nan,0.166667,0.166667,0.186667,0.210401,7,7,6
52,8_8_8,sync,smooth,0,no_conv,,0.222222,0.000000,0.000000,,0.806324,0.344662,0.496599,0.563397,0.277067,-0.019385,nan,0.145833,0.145833,0.060000,0.285411,8,8,7
53,8_8_8,sync,smooth,1,S=8,45,0.000000,0.000000,0.000000,0.000000,0.806324,0.344662,0.523810,0.752948,0.576513,0.283850,nan,0.180556,0.180556,0.026667,0.413630,8,8,8
54,8_8_8,sync,smooth,0,no_conv,,0.222222,0.000000,0.000000,,0.806324,0.344662,0.380952,0.367715,0.242883,0.038901,nan,0.145833,0.138889,0.086667,0.178407,8,8,7
55,8_8_8,sync,smooth,0,no_conv,,0.666667,0.000000,0.000000,,0.806324,0.344662,0.476190,0.527109,0.354109,0.038218,nan,0.159722,0.145833,0.113333,0.262265,6,8,7
56,8_8_8,sync,smooth,0,no_conv,,0.222222,0.000000,0.000000,,0.806324,0.344662,0.231293,0.408198,0.102432,-0.045952,nan,0.041667,0.041667,0.066667,0.190583,8,7,8
57,8_8_8,sync,smooth,0,no_conv,,0.222222,0.000000,0.000000,,0.806324,0.344662,0.428571,0.360878,0.111756,0.092453,nan,0.152778,0.152778,0.160000,0.233981,7,8,8
58,8_8_8,sync,smooth,0,no_conv,,0.666667,0.000000,0.000000,,0.806324,0.344662,0.387755,0.601636,0.379534,0.120491,nan,0.111111,0.111111,0.026667,0.253091,7,6,5
59,8_8_8,sync,smooth,0,no_conv,,0.222222,0.000000,0.000000,,0.806324,0.344662,0.278912,0.361011,0.121320,0.152662,nan,0.076389,0.076389,0.100000,0.157005,8,7,7
60,8_8_8,sync,smooth,0,no_conv,,0.666667,0.000000,0.000000,,0.806324,0.344662,0.367347,0.612104,0.418854,0.015238,nan,0.111111,0.111111,0.040000,0.225427,7,6,8
61,8_8_8,sync,smooth,0,no_conv,,0.666667,0.000000,0.000000,,0.806324,0.344662,0.333333,0.323710,0.142038,-0.017125,nan,0.104167,0.097222,0.100000,0.258319,8,7,6
62,8_8_8,sync,smooth,0,no_conv,,0.222222,0.000000,0.000000,,0.806324,0.344662,0.278912,0.258019,0.233318,0.015390,nan,0.111111,0.104167,0.033333,0.186655,8,7,8
63,8_8_8,sync,smooth,0,no_conv,,0.222222,0.000000,0.000000,,0.806324,0.344662,0.367347,0.588418,0.426419,0.475876,nan,0.138889,0.125000,0.020000,0.329405,8,8,7
64,8_8_8,sync,smooth,0,no_conv,,0.222222,0.000000,0.000000,,0.806324,0.344662,0.244898,0.243840,0.045200,-0.045767,nan,0.076389,0.076389,0.080000,0.142210,8,7,8
65,8_8_8,sync,smooth,0,no_conv,,0.666667,0.000000,0.000000,,0.806324,0.344662,0.544218,0.462595,0.290950,-0.028271,nan,0.243056,0.236111,0.040000,0.214419,6,8,7
66,8_8_8,sync,smooth,1,S=8,47,0.000000,0.000000,0.000000,0.000000,0.806324,0.344662,0.299320,0.119688,0.060424,-0.083966,nan,0.118056,0.111111,0.220000,0.126697,8,8,8
67,8_8_8,sync,smooth,0,no_conv,,0.222222,0.000000,0.000000,,0.806324,0.344662,0.272109,0.516047,0.420021,0.052996,nan,0.090278,0.090278,0.020000,0.290548,7,7,8
68,8_8_8,sync,smooth,1,S=8,48,0.000000,0.000000,0.000000,0.000000,0.806324,0.344662,0.251701,0.325063,0.197136,0.027794,nan,0.090278,0.083333,0.126667,0.206200,8,8,8
69,8_8_8,sync,smooth,0,no_conv,,0.222222,0.000000,0.000000,,0.806324,0.344662,0.517007,0.677800,0.530745,0.335238,nan,0.187500,0.180556,0.020000,0.438640,7,8,7
70,8_8_8,sync,smooth,1,S=0,43,0.000000,0.000000,0.000000,0.000000,0.806324,0.344662,0.408163,0.939790,0.905302,0.781959,nan,0.125000,0.125000,0.026667,0.547655,0,0,0
71,8_8_8,sync,smooth,0,no_conv,,6.888889,0.000000,0.000000,,0.806324,0.344662,0.496599,0.703123,0.624151,0.315223,nan,0.166667,0.159722,0.033333,0.450032,8,7,2
72,8_8_8,sync,smooth,0,no_conv,,0.222222,0.000000,0.000000,,0.806324,0.344662,0.306122,0.449782,0.217377,0.018253,nan,0.104167,0.104167,0.100000,0.185029,8,8,7
73,8_8_8,sync,smooth,1,S=8,46,0.000000,0.000000,0.000000,0.000000,0.806324,0.344662,0.272109,0.335743,0.037432,-0.092806,nan,0.083333,0.083333,0.100000,0.145038,8,8,8
74,8_8_8,sync,smooth,1,S=8,49,0.000000,0.000000,0.000000,0.000000,0.806324,0.344662,0.367347,0.389348,0.126630,0.002069,nan,0.118056,0.118056,0.033333,0.167338,8,8,8
75,8_8_8,sync,smooth,1,S=8,47,0.000000,0.000000,0.000000,0.000000,0.806324,0.344662,0.183673,0.306440,0.197095,-0.078538,nan,0.069444,0.069444,0.133333,0.151740,8,8,8
76,8_8_8,sync,smooth,0,no_conv,,0.222222,0.000000,0.000000,,0.806324,0.344662,0.374150,0.311417,0.128937,0.041539,nan,0.138889,0.138889,0.080000,0.186995,8,7,8
77,8_8_8,sync,smooth,0,no_conv,,4.666667,0.000000,0.000000,,0.806324,0.344662,0.448980,0.621176,0.473210,0.252544,nan,0.173611,0.173611,0.026667,0.425910,6,2,7
78,8_8_8,sync,smooth,0,no_conv,,0.222222,0.000000,0.000000,,0.806324,0.344662,0.299320,0.337691,0.083474,-0.069867,nan,0.104167,0.104167,0.093333,0.174370,7,8,8
79,8_8_8,sync,smooth,1,S=8,44,0.000000,0.000000,0.000000,0.000000,0.806324,0.344662,0.346939,0.244511,0.179174,-0.041505,nan,0.152778,0.152778,0.080000,0.120805,8,8,8
80,8_8_8,sync,smooth,1,S=8,47,0.000000,0.000000,0.000000,0.000000,0.806324,0.344662,0.292517,0.493171,0.210482,0.053822,nan,0.097222,0.090278,0.106667,0.203677,8,8,8
81,8_8_8,sync,smooth,0,no_conv,,0.666667,0.000000,0.000000,,0.806324,0.344662,0.251701,0.561421,0.458890,0.400530,nan,0.076389,0.069444,0.020000,0.407280,5,4,6
82,8_8_8,sync,smooth,1,S=8,48,0.000000,0.000000,0.000000,0.000000,0.806324,0.344662,0.319728,0.397650,0.415609,0.210720,nan,0.152778,0.138889,0.046667,0.189731,8,8,8
83,8_8_8,sync,smooth,1,S=8,49,0.000000,0.000000,0.000000,0.000000,0.806324,0.344662,0.312925,0.195392,0.055292,-0.165616,nan,0.111111,0.104167,0.220000,0.112484,8,8,8
84,8_8_8,sync,smooth,0,no_conv,,0.222222,0.000000,0.000000,,0.806324,0.344662,0.380952,0.393393,0.103641,0.060056,nan,0.118056,0.118056,0.053333,0.203668,8,7,8
85,8_8_8,sync,smooth,0,no_conv,,0.222222,0.000000,0.000000,,0.806324,0.344662,0.326531,0.311462,0.085454,-0.073695,nan,0.104167,0.104167,0.086667,0.144559,8,7,8
86,8_8_8,sync,smooth,0,no_conv,,1.555556,0.000000,0.000000,,0.806324,0.344662,0.258503,0.480444,0.210802,-0.003817,nan,0.083333,0.083333,0.040000,0.194055,6,5,8
87,8_8_8,sync,smooth,0,no_conv,,2.000000,0.000000,0.000000,,0.806324,0.344662,0.482993,0.729446,0.557294,0.298307,nan,0.125000,0.125000,0.020000,0.453282,8,8,5
88,8_8_8,sync,smooth,0,no_conv,,0.222222,0.000000,0.000000,,0.806324,0.344662,0.176871,0.115492,-0.061745,0.026662,nan,0.062500,0.062500,0.133333,0.115831,8,7,7
89,8_8_8,sync,smooth,0,no_conv,,0.222222,0.000000,0.000000,,0.806324,0.344662,0.285714,0.280526,0.251238,-0.040185,nan,0.111111,0.104167,0.020000,0.182638,7,7,8
90,8_8_8,sync,smooth,0,no_conv,,0.888889,0.000000,0.000000,,0.806324,0.344662,0.258503,0.253072,0.225134,0.026052,nan,0.125000,0.118056,0.086667,0.178689,8,8,6
91,8_8_8,sync,smooth,1,S=8,49,0.000000,0.000000,0.000000,0.000000,0.806324,0.344662,0.571429,0.801032,0.721906,0.480259,nan,0.236111,0.222222,0.020000,0.551612,8,8,8
92,8_8_8,sync,smooth,1,S=8,48,0.000000,0.000000,0.000000,0.000000,0.806324,0.344662,0.102041,0.033035,-0.001816,0.068258,nan,0.034722,0.034722,0.286667,0.087974,8,8,8
93,8_8_8,sync,smooth,0,no_conv,,0.222222,0.000000,0.000000,,0.806324,0.344662,0.448980,0.560792,0.432567,0.208763,nan,0.159722,0.152778,0.040000,0.292865,8,7,8
94,8_8_8,sync,smooth,0,no_conv,,0.888889,0.000000,0.000000,,0.806324,0.344662,0.299320,0.567232,0.353675,0.088270,nan,0.097222,0.097222,0.120000,0.233635,8,8,6
95,8_8_8,sync,smooth,0,no_conv,,1.555556,0.000000,0.000000,,0.806324,0.344662,0.659864,0.637048,0.421059,0.162934,nan,0.263889,0.263889,0.033333,0.319129,3,4,6
96,8_8_8,sync,smooth,0,no_conv,,0.222222,0.000000,0.000000,,0.806324,0.344662,0.374150,0.264378,0.240522,-0.098477,nan,0.194444,0.187500,0.280000,0.165782,8,7,8
97,8_8_8,sync,smooth,0,no_conv,,0.222222,0.000000,0.000000,,0.806324,0.344662,0.666667,0.765306,0.640395,0.434236,nan,0.243056,0.236111,0.020000,0.531568,5,6,5
98,8_8_8,sync,smooth,0,no_conv,,0.666667,0.000000,0.000000,,0.806324,0.344662,0.510204,0.415829,0.108898,-0.022363,nan,0.194444,0.194444,0.080000,0.174594,6,7,8
99,8_8_8,sync,smooth,1,S=8,49,0.000000,0.000000,0.000000,0.000000,0.806324,0.344662,0.333333,0.478186,0.275457,0.098129,nan,0.083333,0.083333,0.086667,0.209826,8,8,8
100,8_8_8,sync,smooth,0,no_conv,,0.222222,0.000000,0.000000,,0.806324,0.344662,0.537415,0.925941,0.896995,0.806471,nan,0.208333,0.194444,0.020000,0.528148,0,0,1
101,8_8_8,sync,smooth,0,no_conv,,0.222222,0.000000,0.000000,,0.806324,0.344662,0.510204,0.857531,0.795826,0.689605,nan,0.173611,0.173611,0.020000,0.610871,4,3,4
102,8_8_8,sync,smooth,0,no_conv,,0.888889,0.000000,0.000000,,0.806324,0.344662,0.278912,0.370572,0.272261,-0.046707,nan,0.104167,0.104167,0.053333,0.197096,7,5,7
103,8_8_8,sync,smooth,0,no_conv,,0.222222,0.000000,0.000000,,0.806324,0.344662,0.238095,0.595160,0.351135,0.021288,nan,0.069444,0.069444,0.026667,0.248036,7,7,8
104,8_8_8,sync,smooth,0,no_conv,,0.222222,0.000000,0.000000,,0.806324,0.344662,0.353741,0.551190,0.340864,-0.033448,nan,0.083333,0.083333,0.053333,0.219231,8,8,7
105,8_8_8,sync,smooth,0,no_conv,,0.222222,0.000000,0.000000,,0.806324,0.344662,0.523810,0.542805,0.477008,0.181697,nan,0.215278,0.201389,0.073333,0.359357,8,7,7
106,8_8_8,sync,smooth,1,S=8,49,0.000000,0.000000,0.000000,0.000000,0.806324,0.344662,0.272109,0.325095,0.184323,-0.102424,nan,0.097222,0.097222,0.066667,0.156056,8,8,8
107,8_8_8,sync,smooth,0,no_conv,,0.666667,0.000000,0.000000,,0.806324,0.344662,0.326531,0.620844,0.508214,0.280780,nan,0.131944,0.118056,0.026667,0.341045,8,6,7
108,8_8_8,sync,smooth,0,no_conv,,0.222222,0.000000,0.000000,,0.806324,0.344662,0.646259,0.798117,0.690244,0.258640,nan,0.236111,0.229167,0.033333,0.411285,5,6,5
109,8_8_8,sync,smooth,1,S=8,49,0.000000,0.000000,0.000000,0.000000,0.806324,0.344662,0.360544,0.342527,0.125510,-0.028646,nan,0.125000,0.125000,0.280000,0.143337,8,8,8
110,8_8_8,sync,smooth,1,S=8,44,0.000000,0.000000,0.000000,0.000000,0.806324,0.344662,0.306122,0.344798,0.151234,-0.078476,nan,0.090278,0.083333,0.180000,0.152629,8,8,8
111,8_8_8,sync,smooth,1,S=8,46,0.000000,0.000000,0.000000,0.000000,0.806324,0.344662,0.360544,0.350047,0.237101,-0.112283,nan,0.131944,0.131944,0.073333,0.174417,8,8,8
112,8_8_8,sync,smooth,0,no_conv,,0.888889,0.000000,0.000000,,0.806324,0.344662,0.306122,0.193067,0.210158,-0.056255,nan,0.118056,0.111111,0.200000,0.177298,8,8,6
113,8_8_8,sync,smooth,1,S=8,46,0.000000,0.000000,0.000000,0.000000,0.806324,0.344662,0.333333,0.244441,0.198657,-0.050302,nan,0.159722,0.159722,0.133333,0.150760,8,8,8
114,8_8_8,sync,smooth,0,no_conv,,0.222222,0.000000,0.000000,,0.806324,0.344662,0.476190,0.712149,0.579416,0.283498,nan,0.152778,0.152778,0.026667,0.424562,8,8,7
115,8_8_8,sync,smooth,1,S=8,44,0.000000,0.000000,0.000000,0.000000,0.806324,0.344662,0.462585,0.567718,0.402928,0.161090,nan,0.173611,0.173611,0.040000,0.253784,8,8,8
116,8_8_8,sync,smooth,1,S=8,48,0.000000,0.000000,0.000000,0.000000,0.806324,0.344662,0.537415,0.769851,0.629618,0.134204,nan,0.173611,0.159722,0.040000,0.394309,8,8,8
117,8_8_8,sync,smooth,0,no_conv,,0.222222,0.000000,0.000000,,0.806324,0.344662,0.149660,0.303650,0.147447,0.145399,nan,0.048611,0.048611,0.086667,0.163495,8,8,7
118,8_8_8,sync,smooth,0,no_conv,,2.888889,0.000000,0.000000,,0.806324,0.344662,0.496599,0.856175,0.742838,0.377822,nan,0.104167,0.104167,0.040000,0.537589,6,7,3
119,8_8_8,sync,smooth,0,no_conv,,0.222222,0.000000,0.000000,,0.806324,0.344662,0.142857,0.075099,-0.081458,-0.064199,nan,0.034722,0.034722,0.086667,0.112337,8,7,7
120,8_8_8,sync,smooth,1,S=8,46,0.000000,0.000000,0.000000,0.000000,0.806324,0.344662,0.204082,0.228606,0.082106,-0.061447,nan,0.083333,0.076389,0.153333,0.117651,8,8,8
121,8_8_8,sync,smooth,0,no_conv,,0.222222,0.000000,0.000000,,0.806324,0.344662,0.204082,0.198774,0.009594,-0.021066,nan,0.069444,0.069444,0.140000,0.161299,8,7,7
122,8_8_8,sync,smooth,0,no_conv,,2.888889,0.000000,0.000000,,0.806324,0.344662,0.387755,0.737331,0.665436,0.283556,nan,0.145833,0.138889,0.026667,0.410172,3,2,6
123,8_8_8,sync,smooth,1,S=8,33,0.000000,0.000000,0.000000,0.000000,0.806324,0.344662,0.333333,0.423285,0.476035,0.313849,nan,0.138889,0.125000,0.093333,0.288712,8,8,8
124,8_8_8,sync,smooth,1,S=8,43,0.000000,0.000000,0.000000,0.000000,0.806324,0.344662,0.374150,0.364488,0.093404,0.083793,nan,0.118056,0.111111,0.160000,0.150710,8,8,8
125,8_8_8,sync,smooth,0,no_conv,,0.222222,0.000000,0.000000,,0.806324,0.344662,0.217687,0.400256,0.107302,0.085746,nan,0.069444,0.062500,0.100000,0.157399,8,7,8
126,8_8_8,sync,smooth,1,S=8,35,0.000000,0.000000,0.000000,0.000000,0.806324,0.344662,0.238095,0.570876,0.302453,-0.078449,nan,0.076389,0.076389,0.080000,0.173956,8,8,8
127,8_8_8,sync,smooth,1,S=8,49,0.000000,0.000000,0.000000,0.000000,0.806324,0.344662,0.462585,0.470267,0.250383,-0.184294,nan,0.159722,0.159722,0.073333,0.176953,8,8,8
128,8_8_8,sync,smooth,1,S=8,48,0.000000,0.000000,0.000000,0.000000,0.806324,0.344662,0.401361,0.502171,0.393585,0.143391,nan,0.166667,0.159722,0.053333,0.271383,8,8,8
129,8_8_8,sync,smooth,1,S=8,45,0.000000,0.000000,0.000000,0.000000,0.806324,0.344662,0.231293,0.440544,0.027715,-0.067032,nan,0.083333,0.083333,0.106667,0.128878,8,8,8
130,8_8_8,sync,smooth,1,S=8,49,0.000000,0.000000,0.000000,0.000000,0.806324,0.344662,0.163265,0.331227,0.027101,0.044871,nan,0.034722,0.034722,0.093333,0.163849,8,8,8
131,8_8_8,sync,smooth,1,S=8,48,0.000000,0.000000,0.000000,0.000000,0.806324,0.344662,0.442177,0.798234,0.645369,0.289059,nan,0.125000,0.118056,0.046667,0.484786,8,8,8
132,8_8_8,sync,smooth,1,S=8,40,0.000000,0.000000,0.000000,0.000000,0.806324,0.344662,0.408163,0.428181,0.265483,0.075540,nan,0.166667,0.159722,0.086667,0.186517,8,8,8
133,8_8_8,sync,smooth,1,S=8,49,0.000000,0.000000,0.000000,0.000000,0.806324,0.344662,0.625850,0.675447,0.507232,0.185435,nan,0.208333,0.208333,0.033333,0.462312,8,8,8
134,8_8_8,sync,smooth,0,no_conv,,0.222222,0.000000,0.000000,,0.806324,0.344662,0.319728,0.264211,0.127401,-0.201575,nan,0.111111,0.104167,0.226667,0.144478,7,8,8
135,8_8_8,sync,smooth,1,S=8,44,0.000000,0.000000,0.000000,0.000000,0.806324,0.344662,0.401361,0.520460,0.367455,0.269620,nan,0.131944,0.131944,0.026667,0.307935,8,8,8
136,8_8_8,sync,smooth,1,S=8,48,0.000000,0.000000,0.000000,0.000000,0.806324,0.344662,0.421769,0.787704,0.703565,0.414411,nan,0.145833,0.138889,0.020000,0.491025,8,8,8
137,8_8_8,sync,smooth,0,no_conv,,0.222222,0.000000,0.000000,,0.806324,0.344662,0.299320,0.270033,0.290257,-0.015582,nan,0.152778,0.145833,0.193333,0.185507,8,8,7
138,8_8_8,sync,smooth,0,no_conv,,0.666667,0.000000,0.000000,,0.806324,0.344662,0.326531,0.559724,0.219795,0.095631,nan,0.069444,0.069444,0.066667,0.245350,5,6,7
139,8_8_8,sync,smooth,1,S=8,48,0.000000,0.000000,0.000000,0.000000,0.806324,0.344662,0.272109,0.252948,0.310849,0.108785,nan,0.125000,0.111111,0.060000,0.156661,8,8,8
140,8_8_8,sync,smooth,1,S=8,49,0.000000,0.000000,0.000000,0.000000,0.806324,0.344662,0.455782,0.432416,0.251309,-0.126321,nan,0.152778,0.138889,0.040000,0.197252,8,8,8
141,8_8_8,sync,smooth,1,other_conv,49,0.000000,0.000000,0.000000,0.000000,0.806324,0.344662,0.346939,0.697328,0.616779,0.385584,nan,0.111111,0.111111,0.026667,0.467204,6,6,6
142,8_8_8,sync,smooth,1,S=8,48,0.000000,0.000000,0.000000,0.000000,0.806324,0.344662,0.414966,0.235918,0.032460,0.016283,nan,0.173611,0.173611,0.166667,0.147217,8,8,8
143,8_8_8,sync,smooth,0,no_conv,,0.222222,0.000000,0.000000,,0.806324,0.344662,0.190476,0.227942,0.028044,-0.004509,nan,0.069444,0.069444,0.153333,0.127112,8,8,7
144,8_8_8,sync,smooth,0,no_conv,,0.888889,0.000000,0.000000,,0.806324,0.344662,0.238095,0.300501,0.238193,0.043010,nan,0.090278,0.083333,0.026667,0.177150,6,8,8
145,8_8_8,sync,smooth,1,S=8,46,0.000000,0.000000,0.000000,0.000000,0.806324,0.344662,0.258503,0.287595,0.245883,0.110380,nan,0.097222,0.083333,0.060000,0.141256,8,8,8
146,8_8_8,sync,smooth,1,S=8,45,0.000000,0.000000,0.000000,0.000000,0.806324,0.344662,0.190476,0.200866,0.061918,-0.104845,nan,0.083333,0.083333,0.153333,0.108042,8,8,8
147,8_8_8,sync,smooth,1,S=8,47,0.000000,0.000000,0.000000,0.000000,0.806324,0.344662,0.340136,0.359482,0.290710,-0.097484,nan,0.159722,0.152778,0.173333,0.131376,8,8,8
148,8_8_8,sync,smooth,1,S=8,46,0.000000,0.000000,0.000000,0.000000,0.806324,0.344662,0.326531,0.441513,0.174744,-0.180263,nan,0.111111,0.111111,0.086667,0.173010,8,8,8
149,8_8_8,sync,smooth,1,S=8,49,0.000000,0.000000,0.000000,0.000000,0.806324,0.344662,0.374150,0.413697,0.185224,-0.109335,nan,0.131944,0.125000,0.066667,0.182311,8,8,8
150,8_8_8,sync,smooth,1,S=8,37,0.000000,0.000000,0.000000,0.000000,0.806324,0.344662,0.258503,0.374240,0.312623,-0.005382,nan,0.083333,0.076389,0.160000,0.149533,8,8,8
151,8_8_8,sync,smooth,1,S=8,48,0.000000,0.000000,0.000000,0.000000,0.806324,0.344662,0.299320,0.286251,0.219812,0.011848,nan,0.118056,0.111111,0.066667,0.154529,8,8,8
152,8_8_8,sync,smooth,0,no_conv,,0.222222,0.000000,0.000000,,0.806324,0.344662,0.517007,0.526294,0.352582,0.215413,nan,0.194444,0.194444,0.020000,0.293248,7,7,6
153,8_8_8,sync,smooth,0,no_conv,,0.222222,0.000000,0.000000,,0.806324,0.344662,0.346939,0.551060,0.524484,0.151609,nan,0.111111,0.104167,0.046667,0.436563,7,6,7
154,8_8_8,sync,smooth,1,S=8,49,0.000000,0.000000,0.000000,0.000000,0.806324,0.344662,0.510204,0.564102,0.410417,0.299673,nan,0.173611,0.166667,0.020000,0.309075,8,8,8
155,8_8_8,sync,smooth,0,no_conv,,0.222222,0.000000,0.000000,,0.806324,0.344662,0.489796,0.650047,0.461166,0.109045,nan,0.180556,0.180556,0.046667,0.372744,7,8,8
156,8_8_8,sync,smooth,1,S=8,49,0.000000,0.000000,0.000000,0.000000,0.806324,0.344662,0.360544,0.494148,0.409622,0.074534,nan,0.138889,0.131944,0.040000,0.218552,8,8,8
157,8_8_8,sync,smooth,1,S=8,46,0.000000,0.000000,0.000000,0.000000,0.806324,0.344662,0.496599,0.513083,0.392827,-0.022467,nan,0.187500,0.180556,0.180000,0.240895,8,8,8
158,8_8_8,sync,smooth,0,no_conv,,0.666667,0.000000,0.000000,,0.806324,0.344662,0.272109,0.234121,0.183171,-0.010099,nan,0.125000,0.118056,0.106667,0.161918,8,7,6
159,8_8_8,sync,smooth,1,S=8,44,0.000000,0.000000,0.000000,0.000000,0.806324,0.344662,0.278912,0.485260,0.327069,0.155628,nan,0.097222,0.097222,0.080000,0.244805,8,8,8
160,8_8_8,sync,smooth,0,no_conv,,0.666667,0.000000,0.000000,,0.806324,0.344662,0.455782,0.683165,0.549100,0.259784,nan,0.118056,0.118056,0.033333,0.379651,7,6,8
161,8_8_8,sync,smooth,1,S=8,49,0.000000,0.000000,0.000000,0.000000,0.806324,0.344662,0.326531,0.316964,0.119758,-0.102957,nan,0.131944,0.131944,0.073333,0.166520,8,8,8
162,8_8_8,sync,smooth,0,no_conv,,0.888889,0.000000,0.000000,,0.806324,0.344662,0.346939,0.367125,0.249350,-0.012501,nan,0.131944,0.125000,0.053333,0.220996,8,8,6
163,8_8_8,sync,smooth,0,no_conv,,1.555556,0.000000,0.000000,,0.806324,0.344662,0.285714,0.377020,0.188085,-0.138057,nan,0.097222,0.097222,0.180000,0.185995,8,7,5
164,8_8_8,sync,smooth,0,no_conv,,0.222222,0.000000,0.000000,,0.806324,0.344662,0.306122,0.380165,0.310793,0.071490,nan,0.145833,0.138889,0.060000,0.173487,7,8,8
165,8_8_8,sync,smooth,0,no_conv,,0.222222,0.000000,0.000000,,0.806324,0.344662,0.408163,0.697835,0.566722,0.111352,nan,0.145833,0.138889,0.026667,0.316880,8,8,7
166,8_8_8,sync,smooth,1,S=8,48,0.000000,0.000000,0.000000,0.000000,0.806324,0.344662,0.551020,0.808216,0.682510,0.374030,nan,0.145833,0.131944,0.046667,0.540409,8,8,8
167,8_8_8,sync,smooth,1,S=8,41,0.000000,0.000000,0.000000,0.000000,0.806324,0.344662,0.312925,0.402521,0.244593,-0.017973,nan,0.111111,0.097222,0.146667,0.206602,8,8,8
168,8_8_8,sync,smooth,0,no_conv,,1.555556,0.000000,0.000000,,0.806324,0.344662,0.482993,0.640807,0.428660,0.096837,nan,0.152778,0.152778,0.040000,0.301325,4,7,5
169,8_8_8,sync,smooth,1,S=8,41,0.000000,0.000000,0.000000,0.000000,0.806324,0.344662,0.340136,0.368831,0.215581,-0.025237,nan,0.145833,0.138889,0.073333,0.159877,8,8,8
170,8_8_8,sync,smooth,0,no_conv,,3.555556,0.000000,0.000000,,0.806324,0.344662,0.625850,0.733127,0.641887,0.416053,nan,0.256944,0.243056,0.026667,0.519807,3,7,7
171,8_8_8,sync,smooth,0,no_conv,,0.222222,0.000000,0.000000,,0.806324,0.344662,0.414966,0.223359,0.221100,-0.024859,nan,0.194444,0.180556,0.060000,0.226191,7,6,7
172,8_8_8,sync,smooth,0,no_conv,,0.222222,0.000000,0.000000,,0.806324,0.344662,0.224490,0.404223,0.195608,-0.113928,nan,0.090278,0.083333,0.073333,0.182300,8,7,7
173,8_8_8,sync,smooth,0,no_conv,,0.222222,0.000000,0.000000,,0.806324,0.344662,0.374150,0.271404,0.268995,0.181520,nan,0.166667,0.152778,0.100000,0.154760,8,7,8
174,8_8_8,sync,smooth,1,S=8,47,0.000000,0.000000,0.000000,0.000000,0.806324,0.344662,0.231293,0.081052,0.062093,0.047779,nan,0.097222,0.090278,0.126667,0.115133,8,8,8
175,8_8_8,sync,smooth,0,no_conv,,0.666667,0.000000,0.000000,,0.806324,0.344662,0.258503,0.366007,0.379603,0.077629,nan,0.125000,0.118056,0.020000,0.234833,8,6,7
176,8_8_8,sync,smooth,0,no_conv,,0.222222,0.000000,0.000000,,0.806324,0.344662,0.306122,0.583942,0.418919,-0.018767,nan,0.083333,0.076389,0.040000,0.253089,8,8,7
177,8_8_8,sync,smooth,1,S=8,47,0.000000,0.000000,0.000000,0.000000,0.806324,0.344662,0.312925,0.425087,0.118735,0.018453,nan,0.069444,0.069444,0.100000,0.191447,8,8,8
178,8_8_8,sync,smooth,0,no_conv,,0.666667,0.000000,0.000000,,0.806324,0.344662,0.428571,0.678802,0.520101,0.098143,nan,0.125000,0.125000,0.026667,0.290628,7,6,5
179,8_8_8,sync,smooth,0,no_conv,,0.222222,0.000000,0.000000,,0.806324,0.344662,0.251701,0.343946,0.153679,0.107739,nan,0.090278,0.090278,0.046667,0.173935,7,7,8
180,8_8_8,sync,smooth,0,no_conv,,0.222222,0.000000,0.000000,,0.806324,0.344662,0.210884,0.449144,0.420793,0.062221,nan,0.083333,0.076389,0.046667,0.185299,7,7,8
181,8_8_8,sync,smooth,1,S=8,49,0.000000,0.000000,0.000000,0.000000,0.806324,0.344662,0.258503,0.107484,0.078498,-0.087277,nan,0.111111,0.104167,0.213333,0.095436,8,8,8
182,8_8_8,sync,smooth,1,S=8,48,0.000000,0.000000,0.000000,0.000000,0.806324,0.344662,0.517007,0.677639,0.482879,0.132047,nan,0.166667,0.159722,0.026667,0.316205,8,8,8
183,8_8_8,sync,smooth,1,S=8,43,0.000000,0.000000,0.000000,0.000000,0.806324,0.344662,0.387755,0.522851,0.205288,-0.028233,nan,0.111111,0.111111,0.073333,0.208350,8,8,8
184,8_8_8,sync,smooth,1,S=8,48,0.000000,0.000000,0.000000,0.000000,0.806324,0.344662,0.340136,0.620856,0.510050,0.068063,nan,0.138889,0.125000,0.046667,0.266897,8,8,8
185,8_8_8,sync,smooth,1,S=8,49,0.000000,0.000000,0.000000,0.000000,0.806324,0.344662,0.210884,0.039434,-0.087055,-0.120156,nan,0.076389,0.076389,0.093333,0.079535,8,8,8
186,8_8_8,sync,smooth,1,S=8,49,0.000000,0.000000,0.000000,0.000000,0.806324,0.344662,0.244898,0.007804,0.206104,0.151869,nan,0.131944,0.125000,0.300000,0.109187,8,8,8
187,8_8_8,sync,smooth,0,no_conv,,5.555556,0.000000,0.000000,,0.806324,0.344662,0.605442,0.844235,0.751697,0.505627,nan,0.229167,0.229167,0.026667,0.512057,8,3,3
188,8_8_8,sync,smooth,1,S=8,49,0.000000,0.000000,0.000000,0.000000,0.806324,0.344662,0.251701,0.163540,0.072335,-0.115753,nan,0.083333,0.083333,0.226667,0.161045,8,8,8
189,8_8_8,sync,smooth,1,S=8,49,0.000000,0.000000,0.000000,0.000000,0.806324,0.344662,0.258503,0.218588,0.143503,0.318123,nan,0.097222,0.090278,0.233333,0.121660,8,8,8
190,8_8_8,sync,smooth,0,no_conv,,0.666667,0.000000,0.000000,,0.806324,0.344662,0.544218,0.491288,0.246656,0.085249,nan,0.208333,0.208333,0.033333,0.228952,6,5,7
191,8_8_8,sync,smooth,0,no_conv,,0.222222,0.000000,0.000000,,0.806324,0.344662,0.619048,0.745961,0.653693,0.275159,nan,0.222222,0.208333,0.020000,0.474931,7,7,6
192,8_8_8,sync,smooth,0,no_conv,,1.555556,0.000000,0.000000,,0.806324,0.344662,0.435374,0.661866,0.420835,0.183359,nan,0.138889,0.138889,0.020000,0.372980,8,5,7
193,8_8_8,sync,smooth,0,no_conv,,0.222222,0.000000,0.000000,,0.806324,0.344662,0.258503,0.422514,0.177573,0.016072,nan,0.097222,0.097222,0.153333,0.198422,8,8,7
194,8_8_8,sync,smooth,1,S=8,45,0.000000,0.000000,0.000000,0.000000,0.806324,0.344662,0.394558,0.724562,0.559431,0.215554,nan,0.104167,0.104167,0.026667,0.383481,8,8,8
195,8_8_8,sync,smooth,1,S=8,47,0.000000,0.000000,0.000000,0.000000,0.806324,0.344662,0.387755,0.558556,0.328617,-0.123617,nan,0.111111,0.104167,0.066667,0.245996,8,8,8
196,8_8_8,sync,smooth,0,no_conv,,1.555556,0.000000,0.000000,,0.806324,0.344662,0.360544,0.496441,0.343861,0.009728,nan,0.118056,0.111111,0.053333,0.220805,8,7,5
197,8_8_8,sync,smooth,1,S=8,45,0.000000,0.000000,0.000000,0.000000,0.806324,0.344662,0.455782,0.537335,0.373552,0.061024,nan,0.166667,0.166667,0.026667,0.266396,8,8,8
198,8_8_8,sync,smooth,0,no_conv,,0.222222,0.000000,0.000000,,0.806324,0.344662,0.578231,0.724069,0.598893,0.228297,nan,0.208333,0.201389,0.020000,0.416531,7,8,8
199,8_8_8,sync,smooth,0,no_conv,,4.222222,0.000000,0.000000,,0.806324,0.344662,0.482993,0.836679,0.782653,0.504220,nan,0.180556,0.166667,0.033333,0.529453,2,5,0
0,8_8_8,sync,memoryless,0,no_conv,,0.666667,0.646667,0.666667,,1.803246,0.763450,0.482993,0.471627,0.296329,-0.045070,-0.092073,0.201389,0.187500,0.040000,0.223094,6,7,8
1,8_8_8,sync,memoryless,1,other_conv,49,0.000000,0.593333,0.640000,1.000000,1.912039,0.807449,0.551020,0.737139,0.680310,0.475921,-0.167012,0.277778,0.277778,0.020000,0.517632,6,6,6
2,8_8_8,sync,memoryless,0,no_conv,,0.222222,0.593333,0.653333,,1.707504,0.743510,0.435374,0.373624,0.136623,-0.154008,0.030383,0.180556,0.180556,0.100000,0.173964,7,8,8
3,8_8_8,sync,memoryless,0,no_conv,,0.666667,0.653333,0.693333,,2.084905,0.846226,0.510204,0.734988,0.619464,0.438155,0.005791,0.194444,0.194444,0.020000,0.543041,7,8,6
4,8_8_8,sync,memoryless,0,no_conv,,0.222222,0.633333,0.613333,,1.701781,0.728209,0.455782,0.322508,0.154275,-0.239040,0.003300,0.166667,0.166667,0.073333,0.225280,7,8,7
5,8_8_8,sync,memoryless,0,no_conv,,0.222222,0.606667,0.586667,,1.608969,0.691412,0.346939,0.199646,0.000421,0.090375,-0.027777,0.118056,0.118056,0.126667,0.145863,8,7,7
6,8_8_8,sync,memoryless,1,other_conv,49,0.000000,0.606667,0.626667,1.000000,1.738480,0.741794,0.530612,0.409993,0.187455,0.033066,-0.129137,0.208333,0.201389,0.040000,0.197531,7,7,7
7,8_8_8,sync,memoryless,0,no_conv,,0.222222,0.700000,0.693333,,1.726665,0.750882,0.476190,0.416979,0.080774,-0.057208,-0.018457,0.166667,0.166667,0.033333,0.175288,6,7,6
8,8_8_8,sync,memoryless,0,no_conv,,0.222222,0.613333,0.626667,,1.478341,0.674487,0.326531,0.302722,0.087179,0.167728,-0.003781,0.118056,0.111111,0.066667,0.167041,7,7,8
9,8_8_8,sync,memoryless,0,no_conv,,0.222222,0.660000,0.666667,,1.606588,0.720534,0.462585,0.213059,0.132255,-0.069970,-0.045496,0.215278,0.208333,0.053333,0.137073,8,8,7
10,8_8_8,sync,memoryless,0,no_conv,,0.666667,0.646667,0.640000,,1.704966,0.735768,0.455782,0.446837,0.144262,0.051849,-0.179111,0.125000,0.111111,0.040000,0.185309,6,7,8
11,8_8_8,sync,memoryless,0,no_conv,,0.888889,0.620000,0.600000,,1.793008,0.743111,0.496599,0.374985,0.106471,0.008796,0.006965,0.180556,0.173611,0.066667,0.206690,7,7,5
12,8_8_8,sync,memoryless,0,no_conv,,0.222222,0.706667,0.706667,,1.722658,0.745003,0.564626,0.336924,0.209272,0.141214,0.037851,0.263889,0.250000,0.073333,0.197664,8,7,8
13,8_8_8,sync,memoryless,0,no_conv,,0.222222,0.586667,0.613333,,1.612694,0.709250,0.489796,0.233753,0.008677,-0.021528,-0.077541,0.222222,0.222222,0.133333,0.151093,7,8,8
14,8_8_8,sync,memoryless,0,no_conv,,0.222222,0.693333,0.760000,,1.882390,0.787571,0.517007,0.250057,0.108244,-0.123746,-0.073910,0.236111,0.229167,0.066667,0.152472,8,8,7
15,8_8_8,sync,memoryless,0,no_conv,,0.222222,0.613333,0.640000,,1.591254,0.714145,0.496599,0.381160,0.212017,0.046048,-0.030490,0.215278,0.208333,0.066667,0.215289,7,7,8
16,8_8_8,sync,memoryless,1,S=8,49,0.000000,0.600000,0.626667,0.000000,1.503874,0.687497,0.367347,0.281843,0.105320,-0.084589,0.045656,0.159722,0.152778,0.086667,0.179066,8,8,8
17,8_8_8,sync,memoryless,0,no_conv,,0.222222,0.586667,0.560000,,1.573990,0.683278,0.428571,0.322620,0.008440,-0.070035,-0.015370,0.118056,0.118056,0.186667,0.162516,8,8,7
18,8_8_8,sync,memoryless,0,no_conv,,1.555556,0.686667,0.666667,,1.832097,0.775906,0.462585,0.402724,0.211676,-0.130184,0.034318,0.173611,0.173611,0.046667,0.185000,7,8,5
19,8_8_8,sync,memoryless,0,no_conv,,0.222222,0.593333,0.600000,,1.491448,0.676459,0.442177,0.346287,0.057509,0.113758,-0.072422,0.152778,0.152778,0.113333,0.211652,8,8,7
20,8_8_8,sync,memoryless,0,no_conv,,0.888889,0.620000,0.653333,,1.860668,0.757749,0.408163,0.326124,0.083149,-0.002004,0.004672,0.159722,0.159722,0.073333,0.159657,6,6,8
21,8_8_8,sync,memoryless,0,no_conv,,0.222222,0.560000,0.546667,,1.509551,0.675369,0.469388,0.284955,0.204258,-0.074542,-0.009470,0.215278,0.215278,0.060000,0.164590,7,7,8
22,8_8_8,sync,memoryless,1,S=8,49,0.000000,0.640000,0.573333,0.666667,1.560053,0.695550,0.551020,0.459323,0.196485,0.009468,-0.027352,0.201389,0.201389,0.033333,0.159619,8,8,8
23,8_8_8,sync,memoryless,1,S=8,48,0.000000,0.580000,0.560000,0.833333,1.527904,0.674705,0.421769,0.216603,0.095809,0.010050,0.094074,0.166667,0.152778,0.113333,0.146802,8,8,8
24,8_8_8,sync,memoryless,1,S=8,49,0.000000,0.620000,0.546667,0.000000,1.449848,0.655605,0.387755,0.276058,0.143550,0.030807,-0.030392,0.166667,0.159722,0.113333,0.201525,8,8,8
25,8_8_8,sync,memoryless,0,no_conv,,0.888889,0.693333,0.760000,,1.785141,0.776576,0.564626,0.452036,0.194956,0.181312,-0.151538,0.208333,0.201389,0.046667,0.247736,6,8,8
26,8_8_8,sync,memoryless,0,no_conv,,0.888889,0.640000,0.666667,,1.655156,0.727487,0.414966,0.294700,0.050434,-0.111725,-0.118458,0.159722,0.159722,0.113333,0.153386,6,8,8
27,8_8_8,sync,memoryless,0,no_conv,,0.222222,0.673333,0.706667,,1.811661,0.779756,0.557823,0.468442,0.303727,-0.034188,-0.142957,0.256944,0.256944,0.040000,0.223806,8,7,8
28,8_8_8,sync,memoryless,0,no_conv,,0.222222,0.686667,0.760000,,2.032453,0.847591,0.551020,0.531624,0.306068,0.093603,-0.109219,0.201389,0.201389,0.020000,0.248672,8,7,8
29,8_8_8,sync,memoryless,1,S=8,49,0.000000,0.566667,0.520000,0.333333,1.422464,0.648322,0.353741,0.258562,0.042270,0.099789,-0.002879,0.159722,0.159722,0.060000,0.164158,8,8,8
30,8_8_8,sync,memoryless,0,no_conv,,0.222222,0.626667,0.573333,,1.427331,0.652446,0.360544,0.227321,0.211600,-0.072224,0.023344,0.166667,0.159722,0.033333,0.171040,8,8,7
31,8_8_8,sync,memoryless,0,no_conv,,0.222222,0.626667,0.626667,,1.667129,0.746378,0.612245,0.504907,0.269280,0.109208,0.001083,0.236111,0.229167,0.073333,0.289582,7,8,8
32,8_8_8,sync,memoryless,0,no_conv,,0.222222,0.633333,0.653333,,1.681345,0.728346,0.517007,0.232538,0.081575,-0.018500,-0.049415,0.243056,0.243056,0.066667,0.144920,7,7,8
33,8_8_8,sync,memoryless,1,S=8,48,0.000000,0.640000,0.666667,0.666667,1.720339,0.763395,0.537415,0.670896,0.452894,0.181739,-0.022886,0.180556,0.173611,0.020000,0.357451,8,8,8
34,8_8_8,sync,memoryless,1,S=8,49,0.000000,0.740000,0.733333,0.000000,1.948805,0.841295,0.721088,0.781984,0.669496,0.318641,-0.055575,0.298611,0.291667,0.020000,0.412405,8,8,8
35,8_8_8,sync,memoryless,0,no_conv,,0.222222,0.600000,0.600000,,1.644850,0.712821,0.503401,0.406034,0.285191,0.024917,-0.096583,0.222222,0.222222,0.060000,0.228170,7,8,8
36,8_8_8,sync,memoryless,0,no_conv,,0.222222,0.666667,0.693333,,1.640540,0.740793,0.455782,0.398017,0.120904,0.061502,-0.084307,0.152778,0.152778,0.100000,0.175880,7,7,8
37,8_8_8,sync,memoryless,0,no_conv,,0.222222,0.633333,0.626667,,1.546093,0.698427,0.489796,0.317997,0.040014,0.068046,-0.025719,0.208333,0.208333,0.140000,0.152798,8,8,7
38,8_8_8,sync,memoryless,0,no_conv,,0.222222,0.600000,0.546667,,1.608025,0.682989,0.482993,0.453381,0.421790,0.094676,0.061121,0.215278,0.201389,0.113333,0.202535,7,8,8
39,8_8_8,sync,memoryless,0,no_conv,,0.222222,0.606667,0.533333,,1.470435,0.659161,0.428571,0.255700,-0.015323,-0.118211,0.031912,0.145833,0.145833,0.080000,0.124131,7,8,8
40,8_8_8,sync,memoryless,0,no_conv,,0.222222,0.613333,0.613333,,1.759260,0.739956,0.482993,0.317605,0.038057,-0.071022,-0.045037,0.187500,0.187500,0.046667,0.173379,8,7,7
41,8_8_8,sync,memoryless,0,no_conv,,0.222222,0.580000,0.573333,,1.632055,0.698952,0.476190,0.323501,0.209743,-0.021371,-0.167177,0.222222,0.215278,0.066667,0.148446,8,7,7
42,8_8_8,sync,memoryless,0,no_conv,,0.222222,0.620000,0.626667,,1.717204,0.738442,0.442177,0.394297,0.156754,-0.084548,-0.043485,0.166667,0.166667,0.073333,0.168393,7,7,8
43,8_8_8,sync,memoryless,0,no_conv,,0.888889,0.580000,0.600000,,1.603318,0.694531,0.421769,0.245025,0.050451,0.014905,-0.115226,0.180556,0.173611,0.120000,0.153561,6,8,8
44,8_8_8,sync,memoryless,0,no_conv,,2.666667,0.606667,0.586667,,1.692401,0.744979,0.503401,0.625765,0.417774,0.088085,0.002229,0.194444,0.187500,0.040000,0.270259,3,7,5
45,8_8_8,sync,memoryless,1,S=8,49,0.000000,0.680000,0.640000,0.333333,1.656457,0.712641,0.510204,0.463872,0.229185,0.128048,-0.140445,0.229167,0.222222,0.086667,0.171637,8,8,8
46,8_8_8,sync,memoryless,0,no_conv,,0.222222,0.673333,0.640000,,1.698602,0.740498,0.503401,0.419858,0.243115,0.026430,0.052899,0.215278,0.208333,0.060000,0.170059,8,7,8
47,8_8_8,sync,memoryless,1,S=8,49,0.000000,0.600000,0.666667,0.333333,1.708859,0.747649,0.537415,0.424086,0.289116,-0.004624,0.018756,0.263889,0.263889,0.066667,0.294463,8,8,8
48,8_8_8,sync,memoryless,0,no_conv,,0.222222,0.593333,0.640000,,1.696074,0.724119,0.448980,0.351394,0.102974,0.002372,-0.138011,0.180556,0.180556,0.073333,0.142999,8,8,7
49,8_8_8,sync,memoryless,0,no_conv,,0.222222,0.626667,0.600000,,1.673523,0.749774,0.489796,0.547823,0.443868,0.073507,-0.046835,0.215278,0.208333,0.053333,0.383656,8,7,8
50,8_8_8,sync,memoryless,0,no_conv,,0.222222,0.633333,0.666667,,1.866173,0.792847,0.523810,0.539534,0.287402,0.038547,-0.033740,0.180556,0.173611,0.026667,0.224599,7,8,7
51,8_8_8,sync,memoryless,1,other_conv,44,0.000000,0.680000,0.666667,0.722222,1.603922,0.726464,0.530612,0.272506,0.036378,-0.084798,-0.060950,0.215278,0.215278,0.200000,0.186333,7,7,7
52,8_8_8,sync,memoryless,0,no_conv,,0.222222,0.633333,0.680000,,1.804042,0.749553,0.503401,0.238314,0.146494,0.032772,-0.045829,0.263889,0.263889,0.173333,0.164471,8,8,7
53,8_8_8,sync,memoryless,1,S=8,48,0.000000,0.513333,0.493333,0.333333,1.472541,0.646005,0.401361,0.329100,0.126241,0.098657,-0.010365,0.180556,0.180556,0.100000,0.158489,8,8,8
54,8_8_8,sync,memoryless,1,S=8,48,0.000000,0.633333,0.706667,0.833333,1.730463,0.753062,0.442177,0.147772,0.012889,0.078168,-0.095989,0.194444,0.194444,0.213333,0.122318,8,8,8
55,8_8_8,sync,memoryless,0,no_conv,,0.888889,0.726667,0.706667,,1.891359,0.805895,0.632653,0.582977,0.331755,-0.048356,-0.014401,0.208333,0.208333,0.053333,0.292532,8,6,8
56,8_8_8,sync,memoryless,0,no_conv,,0.222222,0.626667,0.680000,,1.777595,0.766738,0.428571,0.432602,0.231129,-0.062101,0.054183,0.145833,0.145833,0.053333,0.189492,8,8,7
57,8_8_8,sync,memoryless,0,no_conv,,0.222222,0.580000,0.520000,,1.480009,0.657125,0.414966,0.361877,0.266630,0.003286,-0.023141,0.187500,0.173611,0.053333,0.215118,7,8,8
58,8_8_8,sync,memoryless,0,no_conv,,1.555556,0.693333,0.746667,,1.845339,0.786942,0.517007,0.505117,0.290145,-0.017659,0.016540,0.215278,0.215278,0.033333,0.248507,5,8,6
59,8_8_8,sync,memoryless,0,no_conv,,0.666667,0.660000,0.666667,,1.823053,0.810086,0.700680,0.726344,0.618468,0.316069,-0.006176,0.319444,0.312500,0.026667,0.424369,8,7,6
60,8_8_8,sync,memoryless,1,other_conv,49,0.000000,0.673333,0.666667,0.666667,1.547126,0.697215,0.360544,0.262676,0.150288,-0.027096,-0.123581,0.145833,0.145833,0.073333,0.169997,7,7,7
61,8_8_8,sync,memoryless,0,no_conv,,0.888889,0.646667,0.653333,,1.735043,0.732805,0.408163,0.361257,0.054995,0.040958,0.038029,0.131944,0.131944,0.053333,0.184366,6,8,8
62,8_8_8,sync,memoryless,0,no_conv,,0.222222,0.586667,0.546667,,1.611939,0.685667,0.496599,0.301084,0.161184,-0.065940,0.010098,0.243056,0.243056,0.093333,0.166758,7,7,8
63,8_8_8,sync,memoryless,0,no_conv,,0.666667,0.586667,0.480000,,1.444502,0.637092,0.476190,0.343881,0.104930,0.017973,0.102550,0.194444,0.187500,0.106667,0.217467,8,7,6
64,8_8_8,sync,memoryless,1,S=8,47,0.000000,0.646667,0.626667,0.555556,1.646704,0.717281,0.469388,0.310983,0.236040,0.041460,-0.089804,0.229167,0.222222,0.120000,0.153851,8,8,8
65,8_8_8,sync,memoryless,0,no_conv,,2.000000,0.646667,0.653333,,1.595959,0.703340,0.482993,0.420037,0.165113,-0.066445,-0.093218,0.194444,0.187500,0.113333,0.235835,5,8,8
66,8_8_8,sync,memoryless,0,no_conv,,1.555556,0.606667,0.640000,,1.614461,0.712655,0.482993,0.417682,0.359653,0.108254,-0.067112,0.236111,0.229167,0.160000,0.273815,7,5,8
67,8_8_8,sync,memoryless,1,S=8,47,0.000000,0.633333,0.653333,0.333333,1.700570,0.728903,0.394558,0.308884,0.096395,-0.053500,-0.054302,0.131944,0.125000,0.100000,0.161069,8,8,8
68,8_8_8,sync,memoryless,1,S=8,48,0.000000,0.660000,0.653333,0.333333,1.613345,0.713198,0.523810,0.472603,0.228326,-0.045705,0.149530,0.208333,0.208333,0.080000,0.198357,8,8,8
69,8_8_8,sync,memoryless,0,no_conv,,0.888889,0.633333,0.693333,,1.671624,0.732237,0.469388,0.263753,0.215785,-0.077263,0.117671,0.201389,0.201389,0.180000,0.182926,6,8,8
70,8_8_8,sync,memoryless,0,no_conv,,0.222222,0.600000,0.600000,,1.511849,0.682425,0.476190,0.390142,0.223110,0.059114,-0.004668,0.208333,0.201389,0.020000,0.207728,8,7,8
71,8_8_8,sync,memoryless,0,no_conv,,0.222222,0.673333,0.706667,,1.696792,0.752386,0.503401,0.505620,0.181506,-0.055442,-0.090874,0.159722,0.159722,0.093333,0.229992,8,8,7
72,8_8_8,sync,memoryless,0,no_conv,,0.888889,0.640000,0.613333,,1.656215,0.719746,0.551020,0.371100,0.185192,-0.194976,0.085487,0.250000,0.250000,0.060000,0.222169,8,6,8
73,8_8_8,sync,memoryless,0,no_conv,,0.666667,0.640000,0.626667,,1.789117,0.729739,0.523810,0.208628,0.140297,0.108581,-0.273946,0.270833,0.263889,0.086667,0.188810,7,6,8
74,8_8_8,sync,memoryless,0,no_conv,,0.222222,0.533333,0.520000,,1.473883,0.652554,0.448980,0.454549,0.293085,0.240516,-0.126720,0.166667,0.159722,0.113333,0.268214,8,8,7
75,8_8_8,sync,memoryless,1,S=8,49,0.000000,0.620000,0.613333,1.000000,1.632649,0.727503,0.578231,0.524125,0.192567,-0.059408,-0.090410,0.180556,0.180556,0.086667,0.210287,8,8,8
76,8_8_8,sync,memoryless,0,no_conv,,1.555556,0.660000,0.640000,,1.698224,0.737511,0.571429,0.375672,0.226376,0.157403,-0.039195,0.270833,0.270833,0.040000,0.281479,5,8,7
77,8_8_8,sync,memoryless,0,no_conv,,0.222222,0.646667,0.653333,,1.837618,0.805895,0.605442,0.677317,0.532773,0.293688,-0.091733,0.229167,0.222222,0.020000,0.447994,7,6,6
78,8_8_8,sync,memoryless,1,other_conv,49,0.000000,0.660000,0.733333,0.666667,1.919324,0.815337,0.469388,0.653221,0.469646,0.135228,-0.062106,0.145833,0.138889,0.040000,0.292397,6,6,6
79,8_8_8,sync,memoryless,1,S=8,47,0.000000,0.700000,0.746667,0.888889,1.721610,0.752422,0.394558,0.315454,0.173648,0.187385,-0.081207,0.152778,0.152778,0.153333,0.223916,8,8,8
80,8_8_8,sync,memoryless,0,no_conv,,0.222222,0.640000,0.600000,,1.636705,0.707416,0.455782,0.487564,0.233229,-0.084927,-0.060033,0.173611,0.166667,0.040000,0.228409,7,7,8
81,8_8_8,sync,memoryless,0,no_conv,,2.000000,0.706667,0.773333,,1.922431,0.820042,0.598639,0.505225,0.244620,0.204834,-0.068627,0.243056,0.243056,0.040000,0.290103,5,8,8
82,8_8_8,sync,memoryless,1,S=8,49,0.000000,0.673333,0.706667,0.666667,1.784891,0.773200,0.476190,0.291127,0.124346,0.022918,-0.005894,0.194444,0.194444,0.046667,0.200311,8,8,8
83,8_8_8,sync,memoryless,1,S=8,48,0.000000,0.633333,0.613333,0.333333,1.577969,0.694075,0.428571,0.281187,0.285718,0.109670,0.019354,0.194444,0.180556,0.166667,0.215583,8,8,8
84,8_8_8,sync,memoryless,0,no_conv,,0.222222,0.593333,0.600000,,1.770439,0.767786,0.564626,0.475813,0.214449,-0.029539,-0.028510,0.201389,0.201389,0.073333,0.246323,8,7,7
85,8_8_8,sync,memoryless,0,no_conv,,0.222222,0.626667,0.613333,,1.525827,0.681903,0.421769,0.351389,0.105475,0.109561,-0.033238,0.138889,0.138889,0.053333,0.149000,8,7,8
86,8_8_8,sync,memoryless,0,no_conv,,0.222222,0.566667,0.560000,,1.543889,0.680608,0.414966,0.222636,-0.053562,0.159098,0.001652,0.138889,0.138889,0.153333,0.172896,7,8,8
87,8_8_8,sync,memoryless,0,no_conv,,0.222222,0.586667,0.533333,,1.572629,0.678452,0.421769,0.229903,0.174393,-0.072055,-0.028242,0.194444,0.187500,0.186667,0.155975,8,8,7
88,8_8_8,sync,memoryless,0,no_conv,,0.222222,0.626667,0.640000,,1.732381,0.729356,0.455782,0.369912,0.216475,-0.074479,0.115077,0.194444,0.194444,0.080000,0.184934,7,7,8
89,8_8_8,sync,memoryless,0,no_conv,,0.888889,0.700000,0.733333,,1.866688,0.787738,0.442177,0.349493,0.197928,0.000620,-0.144564,0.159722,0.159722,0.033333,0.253846,7,5,7
90,8_8_8,sync,memoryless,0,no_conv,,0.888889,0.646667,0.600000,,1.586341,0.700378,0.408163,0.305788,0.071711,-0.221927,0.004491,0.138889,0.138889,0.206667,0.141922,8,8,6
91,8_8_8,sync,memoryless,0,no_conv,,0.888889,0.606667,0.600000,,1.627181,0.691601,0.408163,0.062064,-0.051860,0.036004,-0.148499,0.187500,0.180556,0.213333,0.149086,8,8,6
92,8_8_8,sync,memoryless,1,S=8,49,0.000000,0.686667,0.746667,1.000000,1.890985,0.798324,0.503401,0.483707,0.315420,0.150775,-0.068169,0.187500,0.187500,0.040000,0.281464,8,8,8
93,8_8_8,sync,memoryless,0,no_conv,,0.888889,0.660000,0.680000,,1.776790,0.749925,0.571429,0.504937,0.382670,0.095334,-0.151462,0.229167,0.222222,0.053333,0.244409,8,6,6
94,8_8_8,sync,memoryless,0,no_conv,,0.222222,0.626667,0.613333,,1.742002,0.744937,0.537415,0.576671,0.454995,0.216020,0.116338,0.236111,0.222222,0.026667,0.326917,7,6,7
95,8_8_8,sync,memoryless,0,no_conv,,0.222222,0.700000,0.613333,,1.712500,0.771582,0.639456,0.660335,0.490096,0.170939,-0.015669,0.284722,0.284722,0.033333,0.355054,7,8,8
96,8_8_8,sync,memoryless,0,no_conv,,0.666667,0.740000,0.733333,,1.818935,0.791799,0.530612,0.278049,0.089788,-0.122126,0.035430,0.222222,0.215278,0.080000,0.156810,6,7,8
97,8_8_8,sync,memoryless,0,no_conv,,0.666667,0.633333,0.666667,,1.768434,0.752084,0.510204,0.292900,0.013474,-0.062991,0.034224,0.201389,0.201389,0.126667,0.202173,6,7,8
98,8_8_8,sync,memoryless,1,other_conv,49,0.000000,0.666667,0.666667,0.333333,1.942262,0.826430,0.585034,0.877375,0.827697,0.718908,-0.038790,0.229167,0.229167,0.020000,0.658742,3,3,3
99,8_8_8,sync,memoryless,1,other_conv,49,0.000000,0.640000,0.586667,0.333333,1.568489,0.699554,0.476190,0.495662,0.197760,0.053467,-0.021505,0.152778,0.152778,0.100000,0.203900,7,7,7
100,8_8_8,sync,memoryless,0,no_conv,,0.666667,0.600000,0.706667,,1.993696,0.826165,0.530612,0.696965,0.578409,0.384344,-0.048894,0.215278,0.215278,0.020000,0.510336,6,8,7
101,8_8_8,sync,memoryless,0,no_conv,,0.222222,0.646667,0.653333,,1.680780,0.725649,0.510204,0.300410,0.104701,-0.097545,0.014850,0.208333,0.201389,0.066667,0.165189,8,8,7
102,8_8_8,sync,memoryless,0,no_conv,,0.222222,0.640000,0.680000,,1.807405,0.755849,0.503401,0.463191,0.216762,0.144015,-0.056833,0.180556,0.173611,0.080000,0.344339,8,7,8
103,8_8_8,sync,memoryless,0,no_conv,,0.222222,0.626667,0.653333,,1.639627,0.728225,0.448980,0.105740,0.092318,-0.106017,-0.032698,0.187500,0.173611,0.213333,0.172853,7,8,8
104,8_8_8,sync,memoryless,0,no_conv,,0.888889,0.666667,0.733333,,1.883683,0.788397,0.489796,0.356922,0.040721,0.011256,0.038533,0.173611,0.173611,0.060000,0.165420,6,8,8
105,8_8_8,sync,memoryless,0,no_conv,,0.222222,0.586667,0.613333,,1.653513,0.714694,0.469388,0.395878,0.111430,-0.048589,0.034701,0.173611,0.166667,0.066667,0.192561,8,8,7
106,8_8_8,sync,memoryless,0,no_conv,,0.888889,0.640000,0.626667,,1.893128,0.782875,0.503401,0.321283,0.281333,0.038335,-0.174890,0.243056,0.243056,0.146667,0.256278,6,6,8
107,8_8_8,sync,memoryless,0,no_conv,,0.666667,0.640000,0.600000,,1.666007,0.717511,0.544218,0.493636,0.236350,-0.140718,-0.032946,0.222222,0.215278,0.053333,0.237255,6,7,8
108,8_8_8,sync,memoryless,1,S=8,49,0.000000,0.680000,0.666667,0.666667,1.748432,0.765468,0.510204,0.446859,0.172980,0.152436,0.079587,0.187500,0.180556,0.033333,0.192723,8,8,8
109,8_8_8,sync,memoryless,1,S=8,49,0.000000,0.686667,0.680000,1.000000,1.760075,0.747668,0.496599,0.414948,0.290720,0.160267,-0.148809,0.222222,0.222222,0.033333,0.206147,8,8,8
110,8_8_8,sync,memoryless,1,S=8,49,0.000000,0.633333,0.666667,0.666667,1.689153,0.728970,0.428571,0.365948,0.049415,0.035953,0.005309,0.152778,0.145833,0.113333,0.138622,8,8,8
111,8_8_8,sync,memoryless,0,no_conv,,1.555556,0.613333,0.586667,,1.795491,0.755400,0.482993,0.613137,0.485574,0.201215,0.031887,0.208333,0.208333,0.033333,0.388951,7,5,8
112,8_8_8,sync,memoryless,0,no_conv,,0.222222,0.666667,0.613333,,1.627597,0.719847,0.510204,0.337218,0.120864,0.125057,0.125973,0.173611,0.173611,0.080000,0.229868,6,7,6
113,8_8_8,sync,memoryless,0,no_conv,,0.222222,0.686667,0.706667,,1.845067,0.796362,0.598639,0.455123,0.268365,0.062433,0.013436,0.270833,0.263889,0.073333,0.306586,8,7,8
114,8_8_8,sync,memoryless,0,no_conv,,0.222222,0.653333,0.626667,,1.644733,0.720181,0.551020,0.248779,0.143220,-0.133624,-0.053071,0.250000,0.243056,0.120000,0.205176,7,6,6
115,8_8_8,sync,memoryless,1,S=8,49,0.000000,0.666667,0.600000,1.000000,1.600135,0.723267,0.591837,0.619432,0.413986,0.054120,0.078373,0.243056,0.243056,0.033333,0.256359,8,8,8
116,8_8_8,sync,memoryless,0,no_conv,,0.888889,0.613333,0.600000,,1.547894,0.684996,0.448980,0.519876,0.304698,0.028357,-0.032188,0.138889,0.138889,0.033333,0.187961,6,8,8
117,8_8_8,sync,memoryless,0,no_conv,,0.888889,0.640000,0.626667,,1.608502,0.703407,0.333333,0.194741,-0.010517,-0.037629,-0.170942,0.125000,0.125000,0.120000,0.178584,8,8,6
118,8_8_8,sync,memoryless,0,no_conv,,0.222222,0.600000,0.653333,,1.671492,0.722054,0.421769,0.183179,0.054893,-0.093926,-0.091624,0.187500,0.187500,0.066667,0.129409,7,8,8
119,8_8_8,sync,memoryless,0,no_conv,,0.666667,0.620000,0.640000,,1.736583,0.755440,0.496599,0.649180,0.383305,0.035360,0.020000,0.145833,0.145833,0.040000,0.240187,8,6,7
120,8_8_8,sync,memoryless,1,S=8,49,0.000000,0.593333,0.573333,0.333333,1.495403,0.676274,0.537415,0.317690,0.029628,-0.015452,0.002543,0.229167,0.229167,0.180000,0.141117,8,8,8
121,8_8_8,sync,memoryless,0,no_conv,,0.666667,0.566667,0.533333,,1.513252,0.677272,0.482993,0.418519,0.189675,0.164764,0.041576,0.173611,0.173611,0.140000,0.254688,7,6,8
122,8_8_8,sync,memoryless,0,no_conv,,0.222222,0.646667,0.560000,,1.760638,0.734998,0.455782,0.483937,0.279019,-0.010722,-0.088932,0.166667,0.166667,0.046667,0.236174,7,8,8
123,8_8_8,sync,memoryless,1,S=8,49,0.000000,0.640000,0.653333,0.666667,1.689294,0.730111,0.469388,0.483357,0.218515,-0.008479,0.115236,0.131944,0.125000,0.053333,0.209810,8,8,8
124,8_8_8,sync,memoryless,0,no_conv,,0.222222,0.653333,0.666667,,1.727809,0.746627,0.530612,0.628094,0.515235,0.251677,0.006501,0.229167,0.229167,0.046667,0.299645,8,7,8
125,8_8_8,sync,memoryless,0,no_conv,,0.888889,0.560000,0.613333,,1.691912,0.715016,0.482993,0.421135,0.100482,-0.074552,0.034447,0.180556,0.180556,0.060000,0.201972,8,6,8
126,8_8_8,sync,memoryless,0,no_conv,,0.222222,0.613333,0.546667,,1.435891,0.655256,0.319728,0.325992,-0.054054,0.014989,-0.041874,0.083333,0.083333,0.146667,0.112918,8,7,8
127,8_8_8,sync,memoryless,0,no_conv,,0.666667,0.593333,0.546667,,1.672409,0.700488,0.482993,0.321227,0.107754,-0.204486,-0.001230,0.208333,0.208333,0.106667,0.208216,7,6,8
128,8_8_8,sync,memoryless,0,no_conv,,2.000000,0.600000,0.586667,,1.650696,0.694799,0.367347,0.408676,0.273198,0.085084,0.065929,0.152778,0.152778,0.146667,0.171493,5,8,8
129,8_8_8,sync,memoryless,0,no_conv,,0.222222,0.673333,0.706667,,1.722917,0.761202,0.564626,0.252514,-0.081507,-0.059133,-0.091416,0.222222,0.222222,0.180000,0.165398,7,8,8
130,8_8_8,sync,memoryless,1,S=8,49,0.000000,0.633333,0.600000,1.000000,1.570166,0.685280,0.319728,0.181850,0.084390,-0.013981,-0.035708,0.131944,0.125000,0.073333,0.153511,8,8,8
131,8_8_8,sync,memoryless,0,no_conv,,0.222222,0.613333,0.573333,,1.550782,0.693694,0.421769,0.568646,0.381254,0.101308,-0.097998,0.145833,0.138889,0.040000,0.294259,8,8,7
132,8_8_8,sync,memoryless,0,no_conv,,0.888889,0.680000,0.653333,,1.834876,0.759496,0.510204,0.195822,0.062188,-0.031979,-0.178035,0.284722,0.284722,0.060000,0.155105,5,7,7
133,8_8_8,sync,memoryless,0,no_conv,,0.222222,0.633333,0.640000,,1.614043,0.711974,0.401361,0.058747,-0.074959,0.001088,-0.086044,0.173611,0.173611,0.166667,0.129765,8,8,7
134,8_8_8,sync,memoryless,0,no_conv,,0.222222,0.640000,0.626667,,1.685541,0.726053,0.489796,0.174758,0.088313,-0.007543,-0.081413,0.229167,0.222222,0.040000,0.104079,7,8,8
135,8_8_8,sync,memoryless,0,no_conv,,0.222222,0.633333,0.626667,,1.821705,0.758986,0.510204,0.365396,0.253629,0.201066,0.072068,0.236111,0.236111,0.066667,0.249880,8,7,7
136,8_8_8,sync,memoryless,0,no_conv,,0.888889,0.660000,0.640000,,1.683926,0.731327,0.612245,0.718253,0.542061,0.229715,0.060993,0.208333,0.201389,0.033333,0.424152,6,8,8
137,8_8_8,sync,memoryless,0,no_conv,,0.666667,0.613333,0.560000,,1.606687,0.699037,0.428571,0.247615,0.026398,-0.200289,0.034964,0.159722,0.152778,0.113333,0.183657,7,8,6
138,8_8_8,sync,memoryless,0,no_conv,,0.666667,0.600000,0.666667,,1.658496,0.722892,0.523810,0.435151,0.296137,-0.110057,-0.062063,0.229167,0.222222,0.193333,0.225518,6,7,8
139,8_8_8,sync,memoryless,1,S=8,49,0.000000,0.633333,0.626667,1.000000,1.723651,0.727613,0.414966,0.218765,0.111428,-0.033781,-0.046985,0.166667,0.159722,0.186667,0.158781,8,8,8
140,8_8_8,sync,memoryless,0,no_conv,,0.888889,0.626667,0.653333,,1.731386,0.751748,0.496599,0.442040,0.336358,-0.005258,-0.114125,0.194444,0.180556,0.033333,0.217660,6,8,8
141,8_8_8,sync,memoryless,1,S=8,48,0.000000,0.640000,0.640000,0.333333,1.628759,0.715875,0.455782,0.135623,-0.058757,-0.069523,-0.170150,0.194444,0.194444,0.253333,0.137953,8,8,8
142,8_8_8,sync,memoryless,1,other_conv,44,0.000000,0.606667,0.613333,0.666667,1.673336,0.707122,0.455782,0.452838,0.203798,0.052091,-0.063521,0.145833,0.145833,0.080000,0.281988,7,7,7
143,8_8_8,sync,memoryless,1,S=8,49,0.000000,0.700000,0.733333,0.333333,1.809720,0.787443,0.578231,0.413341,0.149299,-0.136367,-0.146508,0.215278,0.208333,0.046667,0.194398,8,8,8
144,8_8_8,sync,memoryless,0,no_conv,,0.222222,0.606667,0.586667,,1.551003,0.687483,0.442177,0.254547,0.091717,0.064220,0.090242,0.180556,0.180556,0.113333,0.157926,7,8,7
145,8_8_8,sync,memoryless,0,no_conv,,0.666667,0.646667,0.640000,,1.650385,0.732206,0.455782,0.406796,0.166042,-0.157565,0.023939,0.166667,0.166667,0.066667,0.251233,8,7,6
146,8_8_8,sync,memoryless,0,no_conv,,1.555556,0.573333,0.600000,,1.464998,0.677922,0.428571,0.187954,0.041607,-0.108479,-0.181352,0.194444,0.194444,0.126667,0.163008,8,7,5
147,8_8_8,sync,memoryless,0,no_conv,,0.222222,0.646667,0.626667,,1.618808,0.716607,0.482993,0.305703,0.104711,-0.023825,0.167017,0.194444,0.180556,0.133333,0.169285,8,8,7
148,8_8_8,sync,memoryless,0,no_conv,,0.666667,0.620000,0.733333,,1.959220,0.825549,0.517007,0.685660,0.562822,0.444782,-0.016019,0.215278,0.208333,0.020000,0.488451,6,7,5
149,8_8_8,sync,memoryless,1,S=8,49,0.000000,0.586667,0.626667,1.000000,1.547271,0.694900,0.414966,0.280684,0.078865,0.088436,0.049830,0.180556,0.180556,0.093333,0.134307,8,8,8
150,8_8_8,sync,memoryless,1,S=8,49,0.000000,0.626667,0.600000,0.000000,1.656075,0.710594,0.421769,0.411098,0.058627,-0.051532,-0.054302,0.131944,0.131944,0.100000,0.169737,8,8,8
151,8_8_8,sync,memoryless,0,no_conv,,0.222222,0.606667,0.573333,,1.542087,0.677633,0.428571,0.340512,0.265888,0.052998,-0.056985,0.194444,0.194444,0.060000,0.218763,7,8,7
152,8_8_8,sync,memoryless,0,no_conv,,0.222222,0.620000,0.613333,,1.704146,0.716619,0.414966,0.166090,0.083801,0.141485,-0.131533,0.187500,0.187500,0.186667,0.115991,7,8,8
153,8_8_8,sync,memoryless,0,no_conv,,0.222222,0.626667,0.640000,,1.618348,0.726424,0.401361,0.337977,0.049533,-0.045412,0.048123,0.118056,0.118056,0.086667,0.154223,7,8,8
154,8_8_8,sync,memoryless,0,no_conv,,0.888889,0.660000,0.653333,,1.727297,0.738225,0.510204,0.380597,0.163145,0.168334,-0.104313,0.215278,0.215278,0.106667,0.258313,6,8,8
155,8_8_8,sync,memoryless,0,no_conv,,0.222222,0.553333,0.546667,,1.517055,0.675638,0.469388,0.341570,0.137167,0.025170,-0.116095,0.173611,0.166667,0.093333,0.180730,8,8,7
156,8_8_8,sync,memoryless,0,no_conv,,0.222222,0.586667,0.613333,,1.723651,0.724026,0.428571,0.163776,0.007614,-0.064836,0.035945,0.201389,0.201389,0.246667,0.161798,7,8,8
157,8_8_8,sync,memoryless,1,S=8,49,0.000000,0.633333,0.653333,0.333333,1.668254,0.730162,0.530612,0.413972,0.126904,0.021950,-0.043102,0.194444,0.194444,0.100000,0.176094,8,8,8
158,8_8_8,sync,memoryless,1,S=8,48,0.000000,0.606667,0.626667,0.666667,1.552884,0.702469,0.448980,0.341924,0.125156,-0.000373,0.025826,0.194444,0.187500,0.086667,0.193345,8,8,8
159,8_8_8,sync,memoryless,1,S=8,49,0.000000,0.620000,0.600000,0.666667,1.497842,0.677669,0.442177,0.332580,0.116638,0.018587,-0.134396,0.180556,0.173611,0.100000,0.166277,8,8,8
160,8_8_8,sync,memoryless,1,other_conv,49,0.000000,0.633333,0.653333,0.333333,1.759346,0.791480,0.564626,0.610079,0.442209,0.210189,0.125209,0.201389,0.201389,0.033333,0.465137,7,7,7
161,8_8_8,sync,memoryless,0,no_conv,,0.222222,0.566667,0.546667,,1.486752,0.663284,0.414966,0.192322,0.235511,0.062652,0.139245,0.187500,0.180556,0.260000,0.123279,8,8,7
162,8_8_8,sync,memoryless,1,S=8,49,0.000000,0.600000,0.640000,1.000000,1.623654,0.710119,0.496599,0.164134,0.215305,-0.106845,-0.136412,0.277778,0.270833,0.220000,0.212109,8,8,8
163,8_8_8,sync,memoryless,0,no_conv,,0.222222,0.553333,0.520000,,1.515447,0.658982,0.421769,0.316441,0.097449,-0.072715,-0.073713,0.166667,0.159722,0.086667,0.162700,8,7,8
164,8_8_8,sync,memoryless,0,no_conv,,0.222222,0.606667,0.613333,,1.695798,0.707522,0.360544,0.233779,0.116854,-0.089853,0.016518,0.138889,0.131944,0.080000,0.166134,7,7,8
165,8_8_8,sync,memoryless,1,S=8,49,0.000000,0.680000,0.640000,0.333333,1.576096,0.705695,0.489796,0.151903,-0.097795,-0.133223,-0.127513,0.201389,0.194444,0.186667,0.113508,8,8,8
166,8_8_8,sync,memoryless,0,no_conv,,0.222222,0.573333,0.600000,,1.730418,0.732388,0.476190,0.186350,-0.080571,-0.047495,0.032284,0.187500,0.187500,0.146667,0.138375,8,8,7
167,8_8_8,sync,memoryless,1,S=8,49,0.000000,0.613333,0.640000,0.000000,1.654505,0.713387,0.414966,0.163009,0.035706,0.021052,-0.079715,0.187500,0.180556,0.166667,0.128635,8,8,8
168,8_8_8,sync,memoryless,0,no_conv,,0.222222,0.633333,0.626667,,1.789729,0.736667,0.523810,0.276357,0.017910,-0.172299,0.017707,0.236111,0.236111,0.080000,0.167189,7,7,6
169,8_8_8,sync,memoryless,1,S=8,48,0.000000,0.746667,0.720000,0.500000,1.731910,0.754109,0.476190,0.387405,0.107842,-0.180492,0.064563,0.194444,0.194444,0.060000,0.181432,8,8,8
170,8_8_8,sync,memoryless,0,no_conv,,0.222222,0.693333,0.626667,,1.590832,0.700574,0.551020,0.491248,0.301310,0.020204,0.022725,0.215278,0.215278,0.106667,0.206729,8,7,7
171,8_8_8,sync,memoryless,0,no_conv,,0.222222,0.666667,0.666667,,1.895475,0.778004,0.591837,0.393655,0.157568,-0.040774,-0.019400,0.222222,0.208333,0.073333,0.225569,7,6,7
172,8_8_8,sync,memoryless,0,no_conv,,0.222222,0.646667,0.613333,,1.531141,0.694456,0.482993,0.337030,0.333056,0.162269,0.133281,0.208333,0.201389,0.106667,0.341201,8,7,8
173,8_8_8,sync,memoryless,0,no_conv,,1.555556,0.533333,0.520000,,1.687402,0.710524,0.462585,0.378708,0.157615,-0.030899,-0.067149,0.194444,0.194444,0.046667,0.206656,5,7,8
174,8_8_8,sync,memoryless,0,no_conv,,0.222222,0.633333,0.653333,,1.783624,0.760358,0.503401,0.552312,0.337217,-0.047405,0.037092,0.180556,0.173611,0.046667,0.269390,8,7,7
175,8_8_8,sync,memoryless,0,no_conv,,0.222222,0.666667,0.693333,,1.851825,0.786144,0.557823,0.350827,0.168209,0.037144,-0.091874,0.263889,0.263889,0.033333,0.189494,8,8,7
176,8_8_8,sync,memoryless,1,other_conv,49,0.000000,0.593333,0.560000,0.333333,1.614692,0.683762,0.380952,0.353418,0.082860,-0.098569,0.011203,0.131944,0.125000,0.100000,0.174631,7,7,7
177,8_8_8,sync,memoryless,0,no_conv,,1.555556,0.666667,0.640000,,1.785678,0.761581,0.489796,0.530835,0.331966,0.146092,0.235397,0.159722,0.159722,0.033333,0.319204,7,8,5
178,8_8_8,sync,memoryless,0,no_conv,,0.888889,0.693333,0.733333,,1.812641,0.790034,0.523810,0.532895,0.328368,0.130923,-0.030979,0.201389,0.201389,0.066667,0.334211,5,7,5
179,8_8_8,sync,memoryless,0,no_conv,,0.222222,0.646667,0.720000,,1.867212,0.780658,0.462585,0.181740,0.199100,0.003951,0.065764,0.229167,0.215278,0.113333,0.197928,7,8,8
180,8_8_8,sync,memoryless,0,no_conv,,0.888889,0.580000,0.573333,,1.570345,0.680691,0.414966,0.411032,0.198700,0.131513,0.049643,0.138889,0.138889,0.046667,0.171757,6,8,8
181,8_8_8,sync,memoryless,0,no_conv,,0.222222,0.600000,0.520000,,1.439832,0.641986,0.489796,0.562903,0.321067,0.143026,0.003060,0.173611,0.173611,0.026667,0.193410,7,8,8
182,8_8_8,sync,memoryless,0,no_conv,,0.666667,0.606667,0.573333,,1.578228,0.699702,0.557823,0.428222,0.132456,-0.144007,0.048385,0.194444,0.187500,0.086667,0.251922,8,6,7
183,8_8_8,sync,memoryless,0,no_conv,,0.888889,0.640000,0.626667,,1.661394,0.730669,0.510204,0.299989,-0.019312,-0.019033,-0.033177,0.215278,0.215278,0.100000,0.177913,6,8,8
184,8_8_8,sync,memoryless,0,no_conv,,0.222222,0.613333,0.640000,,1.732880,0.749511,0.551020,0.257344,0.056104,-0.098255,-0.091235,0.250000,0.243056,0.066667,0.129184,7,8,8
185,8_8_8,sync,memoryless,0,no_conv,,0.888889,0.673333,0.706667,,1.704576,0.753684,0.517007,0.472281,0.285818,0.037663,-0.057836,0.201389,0.201389,0.060000,0.227374,6,8,8
186,8_8_8,sync,memoryless,0,no_conv,,0.222222,0.613333,0.626667,,1.660950,0.715876,0.489796,0.296305,0.130638,0.016871,-0.002369,0.194444,0.187500,0.093333,0.159891,8,8,7
187,8_8_8,sync,memoryless,0,no_conv,,0.222222,0.626667,0.560000,,1.456419,0.667521,0.448980,0.474528,0.290660,0.145838,-0.057228,0.173611,0.173611,0.040000,0.186975,7,8,8
188,8_8_8,sync,memoryless,0,no_conv,,0.222222,0.620000,0.626667,,1.678781,0.729350,0.476190,0.425716,0.298710,0.087772,0.056980,0.208333,0.208333,0.026667,0.220356,7,8,7
189,8_8_8,sync,memoryless,0,no_conv,,0.888889,0.646667,0.653333,,1.750138,0.738231,0.448980,0.435977,0.233607,0.056279,0.026922,0.166667,0.159722,0.113333,0.162862,8,8,6
190,8_8_8,sync,memoryless,0,no_conv,,0.222222,0.606667,0.613333,,1.605004,0.705463,0.428571,0.334241,0.063472,-0.100042,-0.130899,0.152778,0.152778,0.066667,0.147471,8,7,7
191,8_8_8,sync,memoryless,0,no_conv,,0.222222,0.626667,0.653333,,1.761686,0.749660,0.476190,0.312976,0.065535,0.063917,-0.112480,0.180556,0.180556,0.193333,0.168246,8,7,8
192,8_8_8,sync,memoryless,0,no_conv,,0.222222,0.566667,0.546667,,1.562176,0.678749,0.482993,0.497581,0.276182,-0.093607,-0.169265,0.166667,0.166667,0.093333,0.214537,8,7,8
193,8_8_8,sync,memoryless,0,no_conv,,0.222222,0.586667,0.640000,,1.822162,0.750419,0.557823,0.471155,0.374528,0.177833,-0.017686,0.270833,0.263889,0.046667,0.301810,8,8,7
194,8_8_8,sync,memoryless,1,S=8,49,0.000000,0.566667,0.533333,0.333333,1.697897,0.714657,0.448980,0.257489,0.089516,0.098457,-0.050904,0.145833,0.145833,0.186667,0.136427,8,8,8
195,8_8_8,sync,memoryless,0,no_conv,,1.555556,0.706667,0.720000,,2.005014,0.836781,0.530612,0.722427,0.549621,0.330639,-0.001276,0.173611,0.173611,0.026667,0.394006,5,3,6
196,8_8_8,sync,memoryless,0,no_conv,,0.666667,0.653333,0.733333,,1.766146,0.800532,0.544218,0.496609,0.403751,0.105314,-0.019483,0.243056,0.229167,0.033333,0.306716,7,8,6
197,8_8_8,sync,memoryless,0,no_conv,,0.666667,0.680000,0.706667,,1.720585,0.754839,0.503401,0.511489,0.321707,0.180800,-0.024613,0.173611,0.173611,0.033333,0.204869,8,7,6
198,8_8_8,sync,memoryless,1,S=8,49,0.000000,0.606667,0.626667,0.666667,1.605767,0.719404,0.537415,0.390966,0.082444,-0.073748,-0.037074,0.201389,0.194444,0.100000,0.163392,8,8,8
199,8_8_8,sync,memoryless,0,no_conv,,0.666667,0.633333,0.600000,,1.640520,0.718676,0.578231,0.537231,0.327717,-0.069400,0.005055,0.222222,0.215278,0.040000,0.273178,6,8,7
0,8_8_8,sync,static,0,no_conv,,0.222222,0.620000,0.533333,,1.495096,0.826537,0.265306,0.280819,0.475554,0.345486,0.174228,0.097222,0.083333,0.220000,0.230967,7,8,8
1,8_8_8,sync,static,1,S=8,24,0.000000,0.086667,0.000000,0.000000,0.052242,0.019252,0.047619,-0.025079,-0.025615,-0.027371,0.499242,0.013889,0.013889,0.166667,0.052357,8,8,8
2,8_8_8,sync,static,1,S=8,14,0.000000,0.200000,0.000000,0.074074,0.075885,0.023856,0.102041,0.446502,0.358628,0.100978,0.606873,0.034722,0.034722,0.200000,0.128232,8,8,8
3,8_8_8,sync,static,1,S=8,20,0.000000,0.460000,0.386667,0.333333,0.588684,0.388689,0.149660,0.389544,0.102195,0.173527,0.397042,0.055556,0.055556,0.140000,0.170049,8,8,8
4,8_8_8,sync,static,1,S=8,45,0.000000,0.600000,0.560000,0.333333,1.613309,0.982868,0.183673,0.339644,0.262475,0.077166,0.162286,0.069444,0.069444,0.193333,0.150758,8,8,8
5,8_8_8,sync,static,1,S=8,47,0.000000,0.120000,0.013333,0.000000,0.163300,0.068771,0.061224,0.530633,0.462955,0.470058,0.621268,0.006944,0.006944,0.020000,0.107029,8,8,8
6,8_8_8,sync,static,1,S=8,41,0.000000,0.360000,0.133333,0.000000,0.418769,0.189667,0.210884,0.445923,0.400510,0.423835,0.451158,0.097222,0.090278,0.140000,0.186968,8,8,8
7,8_8_8,sync,static,1,S=8,34,0.000000,0.580000,0.240000,0.000000,0.581527,0.324002,0.278912,0.400669,0.269394,0.284026,0.749348,0.125000,0.125000,0.060000,0.272587,8,8,8
8,8_8_8,sync,static,1,S=8,23,0.000000,0.206667,0.000000,0.000000,0.044923,0.008435,0.149660,0.324250,0.237205,0.691717,0.506329,0.062500,0.055556,0.073333,0.139945,8,8,8
9,8_8_8,sync,static,1,S=8,21,0.000000,0.353333,0.186667,0.241379,0.382773,0.260670,0.088435,-0.048555,0.285082,-0.003267,0.628184,0.041667,0.034722,0.220000,0.064988,8,8,8
10,8_8_8,sync,static,1,S=8,27,0.000000,0.453333,0.293333,0.289855,0.515701,0.351880,0.163265,0.613419,0.543343,0.138909,0.451273,0.055556,0.041667,0.040000,0.197085,8,8,8
11,8_8_8,sync,static,1,S=8,25,0.000000,0.153333,0.000000,0.000000,0.054890,0.020406,0.081633,0.378030,0.317642,0.250470,0.486944,0.027778,0.020833,0.180000,0.121900,8,8,8
12,8_8_8,sync,static,1,S=8,34,0.000000,0.600000,0.493333,0.416667,0.927113,0.590116,0.217687,0.291897,0.352852,0.231182,0.089880,0.097222,0.083333,0.093333,0.136893,8,8,8
13,8_8_8,sync,static,1,S=8,21,0.000000,0.206667,0.000000,0.000000,0.050245,0.009957,0.115646,0.572784,0.288957,0.246080,0.582214,0.034722,0.034722,0.020000,0.109345,8,8,8
14,8_8_8,sync,static,1,S=8,47,0.000000,0.413333,0.266667,0.333333,0.589616,0.392230,0.197279,0.570120,0.483469,0.271582,0.556120,0.069444,0.062500,0.020000,0.203565,8,8,8
15,8_8_8,sync,static,1,S=8,46,0.000000,0.653333,0.653333,0.416667,1.602767,0.898475,0.306122,0.612040,0.449092,0.125557,0.156492,0.118056,0.118056,0.053333,0.282227,8,8,8
16,8_8_8,sync,static,1,S=8,20,0.000000,0.126667,0.000000,0.000000,0.059393,0.015433,0.095238,0.208691,0.390422,-0.044558,0.573473,0.048611,0.034722,0.313333,0.109946,8,8,8
17,8_8_8,sync,static,1,S=8,44,0.000000,0.220000,0.013333,0.000000,0.196370,0.061934,0.108844,0.196688,0.096945,0.158150,0.401026,0.048611,0.048611,0.066667,0.122432,8,8,8
18,8_8_8,sync,static,1,S=8,15,0.000000,0.540000,0.333333,0.400000,0.705732,0.476210,0.054422,0.439439,0.425640,-0.056469,0.802726,0.006944,0.006944,0.060000,0.067822,8,8,8
19,8_8_8,sync,static,1,S=8,24,0.000000,0.213333,0.040000,0.051282,0.146496,0.075175,0.108844,0.277547,-0.058975,-0.015830,0.282449,0.041667,0.041667,0.246667,0.082606,8,8,8
20,8_8_8,sync,static,1,S=8,15,0.000000,0.106667,0.000000,0.000000,0.038643,0.007420,0.054422,0.328292,-0.033682,0.474817,0.647303,0.006944,0.006944,0.180000,0.066068,8,8,8
21,8_8_8,sync,static,1,S=8,24,0.000000,0.080000,0.000000,0.000000,0.038810,0.005262,0.088435,0.501195,0.779549,0.131444,0.341667,0.048611,0.041667,0.026667,0.092929,8,8,8
22,8_8_8,sync,static,1,S=8,28,0.000000,0.553333,0.333333,0.303030,0.695798,0.469058,0.170068,0.551441,0.434562,0.289642,0.439006,0.048611,0.048611,0.066667,0.152276,8,8,8
23,8_8_8,sync,static,1,S=8,18,0.000000,0.240000,0.000000,0.041667,0.039279,0.011983,0.122449,0.257082,0.385788,0.412589,0.664996,0.034722,0.020833,0.073333,0.141528,8,8,8
24,8_8_8,sync,static,1,S=8,16,0.000000,0.360000,0.173333,0.235294,0.290160,0.195119,0.088435,0.180124,0.257423,0.135586,0.580849,0.027778,0.020833,0.020000,0.087207,8,8,8
25,8_8_8,sync,static,0,no_conv,,0.222222,0.840000,0.906667,,2.625663,1.286913,0.367347,0.511173,0.517322,0.308464,-0.063103,0.187500,0.173611,0.020000,0.245332,7,8,8
26,8_8_8,sync,static,1,S=8,33,0.000000,0.466667,0.386667,0.333333,0.937804,0.589769,0.183673,0.342294,0.367821,-0.114207,0.316885,0.090278,0.083333,0.066667,0.093805,8,8,8
27,8_8_8,sync,static,1,S=8,48,0.000000,0.766667,0.853333,1.000000,3.636479,1.297524,0.306122,0.519241,0.374096,0.278055,0.157049,0.131944,0.131944,0.026667,0.227556,8,8,8
28,8_8_8,sync,static,1,S=8,37,0.000000,0.173333,0.200000,0.333333,0.469814,0.247993,0.068027,0.385424,0.377412,-0.056469,0.439881,0.020833,0.020833,0.180000,0.080346,8,8,8
29,8_8_8,sync,static,1,S=8,7,0.000000,0.140000,0.013333,0.069767,0.076190,0.037513,0.068027,0.392786,0.337487,-0.044263,0.359101,0.027778,0.020833,0.020000,0.090465,8,8,8
30,8_8_8,sync,static,1,S=8,32,0.000000,0.486667,0.173333,0.074074,0.331789,0.210915,0.244898,0.246223,0.277495,0.107440,0.559432,0.118056,0.111111,0.173333,0.161898,8,8,8
31,8_8_8,sync,static,1,S=8,26,0.000000,0.473333,0.266667,0.250000,0.408674,0.286997,0.170068,0.539672,0.425315,0.246299,0.552966,0.055556,0.048611,0.053333,0.206120,8,8,8
32,8_8_8,sync,static,1,S=8,17,0.000000,0.086667,0.000000,0.000000,0.105562,0.033354,0.054422,0.656127,0.587332,-0.049969,0.251894,0.020833,0.020833,0.033333,0.077857,8,8,8
33,8_8_8,sync,static,1,S=8,29,0.000000,0.380000,0.066667,0.031746,0.179411,0.091671,0.142857,0.387038,0.174018,0.096567,0.488304,0.048611,0.041667,0.180000,0.128710,8,8,8
34,8_8_8,sync,static,1,S=8,44,0.000000,0.633333,0.520000,0.666667,1.811726,0.809606,0.285714,0.269337,0.335956,0.226790,0.385569,0.131944,0.125000,0.246667,0.170350,8,8,8
35,8_8_8,sync,static,1,S=8,16,0.000000,0.326667,0.053333,0.127451,0.125307,0.074635,0.129252,0.648118,0.291008,0.574491,0.713074,0.027778,0.027778,0.020000,0.156767,8,8,8
36,8_8_8,sync,static,1,S=8,35,0.000000,0.426667,0.346667,0.288889,0.930247,0.529999,0.156463,0.535968,0.229097,0.298946,0.397776,0.041667,0.041667,0.086667,0.143431,8,8,8
37,8_8_8,sync,static,1,S=8,33,0.000000,0.320000,0.093333,0.000000,0.255304,0.127553,0.129252,0.485291,0.490280,0.192870,0.532436,0.062500,0.062500,0.180000,0.149440,8,8,8
38,8_8_8,sync,static,1,S=8,48,0.000000,0.413333,0.413333,0.000000,0.959249,0.527167,0.149660,0.290868,0.187724,0.231342,0.511369,0.055556,0.055556,0.106667,0.076385,8,8,8
39,8_8_8,sync,static,1,S=8,42,0.000000,0.266667,0.053333,0.000000,0.159188,0.081134,0.149660,0.247624,0.394825,0.014813,0.305697,0.062500,0.055556,0.280000,0.133896,8,8,8
40,8_8_8,sync,static,1,S=8,5,0.000000,0.146667,0.026667,0.081481,0.081886,0.041925,0.047619,0.799830,0.853141,nan,0.643491,0.013889,0.006944,0.020000,0.118338,8,8,8
41,8_8_8,sync,static,1,S=8,26,0.000000,0.353333,0.106667,0.097222,0.252940,0.154617,0.204082,0.554211,0.526962,0.435761,0.516422,0.083333,0.069444,0.126667,0.356193,8,8,8
42,8_8_8,sync,static,1,S=8,49,0.000000,0.320000,0.093333,0.000000,0.345729,0.167520,0.170068,0.628013,0.401517,0.291903,0.614629,0.034722,0.034722,0.040000,0.194998,8,8,8
43,8_8_8,sync,static,1,S=8,17,0.000000,0.313333,0.173333,0.212121,0.277191,0.186917,0.095238,0.258052,0.368240,0.458543,0.437739,0.034722,0.020833,0.180000,0.127479,8,8,8
44,8_8_8,sync,static,1,S=8,40,0.000000,0.380000,0.226667,0.266667,0.517737,0.287723,0.142857,0.051403,0.161364,-0.039894,0.588094,0.069444,0.062500,0.126667,0.095258,8,8,8
45,8_8_8,sync,static,1,S=8,45,0.000000,0.646667,0.480000,0.333333,0.869842,0.611054,0.238095,0.554586,0.514150,0.337912,0.386989,0.090278,0.083333,0.020000,0.233199,8,8,8
46,8_8_8,sync,static,1,S=8,10,0.000000,0.546667,0.586667,0.516667,1.556099,0.876303,0.074830,-0.008399,0.293972,0.249310,0.308687,0.034722,0.027778,0.160000,0.069570,8,8,8
47,8_8_8,sync,static,1,S=8,40,0.000000,0.213333,0.013333,0.000000,0.103830,0.032073,0.210884,0.571669,0.475644,0.278828,0.632399,0.097222,0.097222,0.020000,0.211268,8,8,8
48,8_8_8,sync,static,1,S=8,34,0.000000,0.180000,0.013333,0.000000,0.129299,0.065233,0.115646,0.507910,0.217003,0.388995,0.418724,0.041667,0.041667,0.026667,0.100707,8,8,8
49,8_8_8,sync,static,1,S=8,47,0.000000,0.560000,0.373333,0.111111,0.817241,0.477744,0.251701,0.086633,0.093305,0.092159,0.390690,0.111111,0.104167,0.166667,0.175138,8,8,8
50,8_8_8,sync,static,1,S=8,15,0.000000,0.213333,0.066667,0.123810,0.198955,0.105002,0.061224,-0.036564,0.266075,-0.031816,0.397126,0.027778,0.020833,0.340000,0.065956,8,8,8
51,8_8_8,sync,static,1,S=8,38,0.000000,0.186667,0.013333,0.000000,0.109554,0.040524,0.129252,0.573016,0.241359,0.345626,0.591262,0.041667,0.041667,0.020000,0.107405,8,8,8
52,8_8_8,sync,static,1,S=8,7,0.000000,0.093333,0.000000,0.023256,0.062478,0.013423,0.074830,0.602045,0.498731,0.837229,0.489042,0.013889,0.013889,0.020000,0.121200,8,8,8
53,8_8_8,sync,static,1,S=8,11,0.000000,0.153333,0.000000,0.059829,0.044848,0.016759,0.102041,0.650815,0.301578,0.295551,0.729334,0.034722,0.027778,0.020000,0.115593,8,8,8
54,8_8_8,sync,static,1,S=8,14,0.000000,0.093333,0.000000,0.009259,0.048934,0.012771,0.088435,0.106253,0.105506,0.042285,0.322421,0.034722,0.027778,0.233333,0.089243,8,8,8
55,8_8_8,sync,static,1,S=8,46,0.000000,0.713333,0.600000,0.250000,1.345333,0.809007,0.319728,0.541850,0.438061,0.261275,0.214381,0.152778,0.145833,0.026667,0.220943,8,8,8
56,8_8_8,sync,static,1,S=8,4,0.000000,0.153333,0.040000,0.137681,0.124544,0.067302,0.027211,0.822464,0.807573,nan,0.528155,0.000000,0.000000,0.020000,0.068038,8,8,8
57,8_8_8,sync,static,1,S=8,43,0.000000,0.640000,0.533333,0.190476,1.538106,0.704153,0.448980,0.528863,0.453523,0.567821,0.230582,0.215278,0.201389,0.066667,0.424002,8,8,8
58,8_8_8,sync,static,1,S=8,39,0.000000,0.540000,0.453333,0.242424,0.779441,0.508976,0.183673,0.531465,0.494486,0.035674,0.418984,0.083333,0.083333,0.033333,0.143258,8,8,8
59,8_8_8,sync,static,1,S=8,44,0.000000,0.553333,0.426667,0.333333,1.997295,0.752454,0.272109,0.324615,0.282250,0.257042,0.408614,0.111111,0.104167,0.153333,0.199513,8,8,8
60,8_8_8,sync,static,1,S=8,42,0.000000,0.600000,0.600000,0.500000,1.013188,0.746004,0.136054,0.215648,0.160954,0.172177,0.305555,0.041667,0.041667,0.226667,0.113703,8,8,8
61,8_8_8,sync,static,1,S=8,24,0.000000,0.340000,0.226667,0.230769,0.391786,0.276010,0.095238,0.173136,0.149991,0.058769,0.391699,0.041667,0.041667,0.206667,0.102313,8,8,8
62,8_8_8,sync,static,1,S=8,44,0.000000,0.393333,0.053333,0.000000,0.251997,0.123607,0.224490,0.521640,0.356660,0.174871,0.597458,0.104167,0.104167,0.040000,0.197792,8,8,8
63,8_8_8,sync,static,1,S=8,38,0.000000,0.580000,0.506667,0.361111,1.215918,0.717747,0.319728,0.416300,0.397702,0.250247,0.145050,0.131944,0.118056,0.033333,0.199862,8,8,8
64,8_8_8,sync,static,1,S=8,37,0.000000,0.260000,0.133333,0.205128,0.413926,0.235468,0.102041,0.382432,0.245784,0.187227,0.605244,0.034722,0.027778,0.200000,0.127631,8,8,8
65,8_8_8,sync,static,1,S=8,15,0.000000,0.273333,0.000000,0.152381,0.075401,0.020545,0.108844,0.208993,0.248633,0.224667,0.563460,0.055556,0.048611,0.313333,0.125819,8,8,8
66,8_8_8,sync,static,1,S=8,40,0.000000,0.133333,0.013333,0.000000,0.139876,0.042648,0.115646,0.413653,0.399504,0.006699,0.512183,0.048611,0.041667,0.180000,0.130542,8,8,8
67,8_8_8,sync,static,1,S=8,38,0.000000,0.320000,0.360000,0.333333,0.663906,0.431423,0.108844,0.175493,0.157033,0.049003,0.196884,0.041667,0.041667,0.326667,0.103610,8,8,8
68,8_8_8,sync,static,1,S=8,11,0.000000,0.393333,0.333333,0.324786,0.603792,0.415913,0.115646,0.583991,0.477623,0.242894,0.556438,0.027778,0.027778,0.020000,0.160075,8,8,8
69,8_8_8,sync,static,1,S=8,37,0.000000,0.333333,0.173333,0.000000,0.382808,0.227404,0.197279,0.391885,0.193808,0.091050,0.487907,0.069444,0.069444,0.093333,0.139330,8,8,8
70,8_8_8,sync,static,1,S=8,12,0.000000,0.140000,0.000000,0.017544,0.082378,0.028434,0.074830,0.561629,0.501072,-0.088736,0.381051,0.020833,0.013889,0.020000,0.134394,8,8,8
71,8_8_8,sync,static,1,S=8,28,0.000000,0.586667,0.453333,0.439394,1.085565,0.675166,0.156463,0.513484,0.124154,0.263690,0.379780,0.062500,0.062500,0.086667,0.102008,8,8,8
72,8_8_8,sync,static,1,S=8,30,0.000000,0.493333,0.413333,0.383333,0.975673,0.631778,0.129252,0.437706,0.417100,-0.057988,0.360899,0.048611,0.048611,0.180000,0.128100,8,8,8
73,8_8_8,sync,static,1,S=8,45,0.000000,0.106667,0.013333,0.000000,0.091451,0.033512,0.122449,0.196251,0.221516,-0.065169,0.290445,0.055556,0.048611,0.286667,0.106142,8,8,8
74,8_8_8,sync,static,1,S=8,24,0.000000,0.466667,0.213333,0.230769,0.573288,0.359678,0.238095,0.594904,0.537828,0.654223,0.633117,0.104167,0.097222,0.020000,0.318445,8,8,8
75,8_8_8,sync,static,1,S=8,15,0.000000,0.380000,0.333333,0.333333,0.966837,0.561124,0.102041,0.627059,0.525558,-0.031805,0.367914,0.020833,0.020833,0.020000,0.124302,8,8,8
76,8_8_8,sync,static,1,S=8,18,0.000000,0.193333,0.000000,0.010417,0.044021,0.016791,0.136054,0.294366,0.208487,0.197349,0.502084,0.048611,0.048611,0.133333,0.142805,8,8,8
77,8_8_8,sync,static,1,S=8,25,0.000000,0.120000,0.000000,0.000000,0.059959,0.018305,0.081633,0.193802,0.521035,-0.047088,0.165354,0.041667,0.027778,0.346667,0.092267,8,8,8
78,8_8_8,sync,static,1,S=8,35,0.000000,0.373333,0.093333,0.022222,0.334404,0.187087,0.210884,0.457614,0.426387,0.432898,0.429089,0.104167,0.097222,0.046667,0.176335,8,8,8
79,8_8_8,sync,static,1,S=8,17,0.000000,0.100000,0.000000,0.000000,0.127015,0.051800,0.081633,0.341492,0.234751,0.249173,0.341943,0.020833,0.020833,0.120000,0.096809,8,8,8
80,8_8_8,sync,static,1,S=8,28,0.000000,0.300000,0.026667,0.000000,0.192789,0.102250,0.183673,0.384622,0.338610,0.266777,0.542875,0.076389,0.069444,0.053333,0.121207,8,8,8
81,8_8_8,sync,static,0,no_conv,,0.222222,0.633333,0.546667,,1.775007,0.897312,0.272109,0.775137,0.599971,0.492482,0.473209,0.118056,0.118056,0.020000,0.286624,7,8,8
82,8_8_8,sync,static,1,S=8,39,0.000000,0.460000,0.360000,0.303030,0.619313,0.434629,0.163265,0.214879,0.165323,0.063553,0.562348,0.069444,0.069444,0.200000,0.110253,8,8,8
83,8_8_8,sync,static,1,S=8,28,0.000000,0.520000,0.426667,0.409091,0.627704,0.482140,0.156463,0.121206,0.290112,0.156086,0.361870,0.062500,0.048611,0.160000,0.126279,8,8,8
84,8_8_8,sync,static,1,S=8,38,0.000000,0.160000,0.026667,0.000000,0.136865,0.064229,0.115646,0.322621,0.046461,-0.041533,0.361738,0.048611,0.048611,0.100000,0.098363,8,8,8
85,8_8_8,sync,static,1,S=8,25,0.000000,0.146667,0.013333,0.013333,0.131374,0.058637,0.061224,0.459765,0.281502,-0.031816,0.386657,0.013889,0.013889,0.173333,0.084010,8,8,8
86,8_8_8,sync,static,1,S=8,28,0.000000,0.313333,0.120000,0.106061,0.221928,0.143207,0.095238,0.589686,0.082311,0.428753,0.593034,0.013889,0.013889,0.020000,0.064998,8,8,8
87,8_8_8,sync,static,1,S=8,26,0.000000,0.140000,0.013333,0.000000,0.038891,0.020244,0.129252,0.389132,0.530983,0.257531,0.487910,0.069444,0.055556,0.080000,0.145755,8,8,8
88,8_8_8,sync,static,1,S=8,33,0.000000,0.420000,0.226667,0.235294,0.403671,0.252796,0.156463,0.467634,0.391529,0.491242,0.587206,0.069444,0.069444,0.080000,0.190312,8,8,8
89,8_8_8,sync,static,1,S=8,22,0.000000,0.386667,0.280000,0.321429,0.671145,0.437264,0.136054,0.137379,0.277552,0.222461,0.351022,0.069444,0.062500,0.120000,0.098607,8,8,8
90,8_8_8,sync,static,1,S=8,21,0.000000,0.393333,0.186667,0.206897,0.350665,0.235674,0.136054,0.175980,0.135853,0.193448,0.480383,0.048611,0.048611,0.126667,0.099413,8,8,8
91,8_8_8,sync,static,1,S=8,3,0.000000,0.140000,0.120000,0.106383,0.199801,0.138772,0.040816,0.459926,0.892541,nan,0.152095,0.013889,0.006944,0.180000,0.059127,8,8,8
92,8_8_8,sync,static,1,S=8,35,0.000000,0.380000,0.546667,0.622222,0.853222,0.643155,0.068027,0.499629,-0.082704,0.377127,0.406052,0.006944,0.006944,0.073333,0.066391,8,8,8
93,8_8_8,sync,static,1,S=8,36,0.000000,0.706667,0.640000,0.500000,1.196147,0.830442,0.217687,0.654267,0.610841,0.375766,0.510501,0.097222,0.090278,0.026667,0.295667,8,8,8
94,8_8_8,sync,static,1,S=8,38,0.000000,0.773333,0.800000,0.972222,2.462510,1.169876,0.360544,0.669479,0.632219,0.533375,0.094712,0.173611,0.159722,0.026667,0.423635,8,8,8
95,8_8_8,sync,static,1,S=8,16,0.000000,0.286667,0.040000,0.137255,0.177288,0.096999,0.129252,0.550667,0.441029,0.515039,0.573982,0.041667,0.041667,0.020000,0.208368,8,8,8
96,8_8_8,sync,static,1,S=8,37,0.000000,0.380000,0.293333,0.128205,0.587213,0.392054,0.129252,0.009357,-0.036556,-0.039124,0.455352,0.055556,0.055556,0.213333,0.066706,8,8,8
97,8_8_8,sync,static,1,S=8,33,0.000000,0.446667,0.320000,0.235294,0.669393,0.440039,0.190476,0.380950,0.378801,0.578075,0.603179,0.062500,0.062500,0.020000,0.194015,8,8,8
98,8_8_8,sync,static,1,S=8,49,0.000000,0.240000,0.040000,0.000000,0.259015,0.132123,0.129252,0.451978,0.360012,-0.052890,0.357664,0.048611,0.048611,0.186667,0.142842,8,8,8
99,8_8_8,sync,static,1,S=8,27,0.000000,0.266667,0.013333,0.000000,0.108664,0.051918,0.156463,0.563676,0.306936,0.161912,0.509557,0.069444,0.069444,0.180000,0.128222,8,8,8
100,8_8_8,sync,static,1,S=8,35,0.000000,0.193333,0.013333,0.000000,0.174626,0.071450,0.129252,0.550395,0.544795,0.238860,0.571825,0.055556,0.048611,0.020000,0.151844,8,8,8
101,8_8_8,sync,static,1,S=8,12,0.000000,0.133333,0.000000,0.008772,0.045488,0.008777,0.081633,0.387414,0.371461,0.095994,0.661301,0.027778,0.020833,0.073333,0.106937,8,8,8
102,8_8_8,sync,static,1,S=8,17,0.000000,0.266667,0.013333,0.090909,0.164179,0.072539,0.129252,0.469444,0.457765,0.661555,0.491695,0.048611,0.041667,0.140000,0.196377,8,8,8
103,8_8_8,sync,static,1,S=8,43,0.000000,0.320000,0.173333,0.047619,0.413292,0.247444,0.115646,0.067427,0.306459,-0.068091,0.508694,0.034722,0.020833,0.200000,0.097453,8,8,8
104,8_8_8,sync,static,1,S=8,47,0.000000,0.273333,0.053333,0.000000,0.324572,0.137156,0.108844,0.398055,0.243741,0.082716,0.442968,0.034722,0.034722,0.186667,0.108193,8,8,8
105,8_8_8,sync,static,1,S=8,33,0.000000,0.260000,0.013333,0.000000,0.157963,0.063426,0.163265,0.350212,0.097163,-0.103656,0.526673,0.055556,0.048611,0.160000,0.112546,8,8,8
106,8_8_8,sync,static,1,S=8,20,0.000000,0.233333,0.066667,0.111111,0.191774,0.103451,0.108844,0.125727,0.392934,-0.021311,0.351465,0.055556,0.048611,0.226667,0.084933,8,8,8
107,8_8_8,sync,static,1,S=8,31,0.000000,0.480000,0.266667,0.263158,0.463443,0.309367,0.210884,0.367292,0.228186,0.345719,0.490373,0.090278,0.083333,0.146667,0.160030,8,8,8
108,8_8_8,sync,static,1,S=8,36,0.000000,0.600000,0.520000,0.523810,1.062833,0.674818,0.333333,0.436121,0.331348,0.303401,0.170062,0.138889,0.131944,0.180000,0.289626,8,8,8
109,8_8_8,sync,static,1,S=8,36,0.000000,0.373333,0.360000,0.333333,0.874041,0.560139,0.142857,-0.001564,-0.048932,0.096840,0.266780,0.055556,0.055556,0.280000,0.082251,8,8,8
110,8_8_8,sync,static,1,S=8,39,0.000000,0.246667,0.173333,0.000000,0.389512,0.245259,0.142857,0.536765,0.127991,0.266030,0.427816,0.048611,0.041667,0.066667,0.121354,8,8,8
111,8_8_8,sync,static,1,S=8,23,0.000000,0.346667,0.200000,0.234568,0.475542,0.307692,0.115646,0.416178,0.220672,0.196783,0.466744,0.048611,0.048611,0.180000,0.111309,8,8,8
112,8_8_8,sync,static,1,S=8,32,0.000000,0.273333,0.160000,0.092593,0.419196,0.199433,0.095238,0.132807,-0.060983,-0.057833,0.264770,0.034722,0.034722,0.113333,0.078720,8,8,8
113,8_8_8,sync,static,1,S=8,28,0.000000,0.326667,0.186667,0.196970,0.319966,0.207943,0.142857,0.068905,0.126654,0.111090,0.393694,0.069444,0.062500,0.193333,0.136354,8,8,8
114,8_8_8,sync,static,1,S=8,29,0.000000,0.606667,0.506667,0.476190,1.049194,0.626114,0.231293,0.403206,0.277071,0.493764,0.541641,0.090278,0.083333,0.160000,0.209235,8,8,8
115,8_8_8,sync,static,1,S=8,35,0.000000,0.766667,0.706667,0.622222,1.501519,0.994943,0.224490,0.438367,0.304670,0.303265,0.169055,0.083333,0.083333,0.080000,0.181266,8,8,8
116,8_8_8,sync,static,1,S=8,23,0.000000,0.246667,0.000000,0.012346,0.082359,0.027921,0.122449,0.165860,0.151243,0.037787,0.606136,0.048611,0.041667,0.126667,0.105873,8,8,8
117,8_8_8,sync,static,1,S=8,17,0.000000,0.366667,0.266667,0.282828,0.344324,0.245323,0.088435,0.646682,0.445395,0.495213,0.558341,0.013889,0.006944,0.020000,0.122750,8,8,8
118,8_8_8,sync,static,1,S=8,15,0.000000,0.060000,0.000000,0.000000,0.021660,0.003241,0.061224,-0.032137,0.018601,-0.028891,0.024468,0.027778,0.027778,0.340000,0.055843,8,8,8
119,8_8_8,sync,static,1,S=8,30,0.000000,0.186667,0.013333,0.000000,0.106453,0.045154,0.108844,0.620553,0.386163,0.064609,0.422335,0.041667,0.041667,0.026667,0.129617,8,8,8
120,8_8_8,sync,static,1,S=8,33,0.000000,0.466667,0.240000,0.156863,0.468516,0.310665,0.156463,0.428023,0.193808,0.149660,0.442698,0.048611,0.041667,0.046667,0.143864,8,8,8
121,8_8_8,sync,static,1,S=8,28,0.000000,0.406667,0.106667,0.121212,0.262950,0.164650,0.217687,0.635295,0.486583,0.333633,0.698456,0.083333,0.083333,0.046667,0.264074,8,8,8
122,8_8_8,sync,static,1,S=8,23,0.000000,0.206667,0.040000,0.037037,0.182205,0.088754,0.095238,0.236832,0.188790,-0.050375,0.546473,0.034722,0.034722,0.126667,0.097483,8,8,8
123,8_8_8,sync,static,1,S=8,46,0.000000,0.360000,0.106667,0.000000,0.301382,0.180172,0.156463,0.044283,0.151938,0.035373,0.461878,0.069444,0.062500,0.260000,0.101879,8,8,8
124,8_8_8,sync,static,1,S=8,40,0.000000,0.746667,0.760000,0.700000,1.997392,1.180062,0.428571,0.516280,0.404645,0.298452,0.134365,0.187500,0.180556,0.060000,0.300850,8,8,8
125,8_8_8,sync,static,1,S=8,27,0.000000,0.126667,0.013333,0.000000,0.093511,0.031380,0.142857,0.598890,0.440136,0.443846,0.344238,0.034722,0.027778,0.066667,0.199724,8,8,8
126,8_8_8,sync,static,1,S=8,14,0.000000,0.060000,0.000000,0.000000,0.035397,0.004774,0.054422,0.455142,-0.038573,-0.028835,0.169642,0.013889,0.013889,0.093333,0.055205,8,8,8
127,8_8_8,sync,static,1,S=8,28,0.000000,0.146667,0.013333,0.000000,0.095082,0.034957,0.081633,0.289412,-0.040770,-0.043621,0.201231,0.027778,0.027778,0.280000,0.071185,8,8,8
128,8_8_8,sync,static,1,S=8,18,0.000000,0.220000,0.053333,0.114583,0.107115,0.070465,0.102041,0.497633,0.597386,0.325791,0.442653,0.055556,0.048611,0.033333,0.116175,8,8,8
129,8_8_8,sync,static,1,S=8,33,0.000000,0.546667,0.520000,0.509804,1.039873,0.708786,0.217687,0.276232,0.244737,0.097965,0.374708,0.104167,0.097222,0.160000,0.153007,8,8,8
130,8_8_8,sync,static,1,S=8,36,0.000000,0.160000,0.013333,0.000000,0.122984,0.056493,0.102041,0.430350,0.022080,0.235625,0.422292,0.034722,0.034722,0.086667,0.078213,8,8,8
131,8_8_8,sync,static,1,S=8,23,0.000000,0.220000,0.000000,0.000000,0.066041,0.022881,0.129252,0.582524,0.262545,0.076076,0.649296,0.048611,0.041667,0.033333,0.140737,8,8,8
132,8_8_8,sync,static,1,S=8,28,0.000000,0.393333,0.293333,0.303030,0.583124,0.404526,0.122449,0.270164,0.263568,0.291728,0.625776,0.041667,0.034722,0.220000,0.108800,8,8,8
133,8_8_8,sync,static,1,S=8,48,0.000000,0.506667,0.440000,0.333333,2.110646,0.738709,0.231293,0.124029,0.041177,0.250480,0.261127,0.083333,0.083333,0.320000,0.114340,8,8,8
134,8_8_8,sync,static,1,S=8,31,0.000000,0.420000,0.333333,0.228070,0.699914,0.489408,0.170068,0.050142,0.062525,0.060322,0.386541,0.076389,0.069444,0.346667,0.093014,8,8,8
135,8_8_8,sync,static,1,S=8,24,0.000000,0.160000,0.000000,0.000000,0.063543,0.021997,0.102041,0.523384,0.233946,0.455068,0.571718,0.027778,0.027778,0.073333,0.109310,8,8,8
136,8_8_8,sync,static,1,S=8,39,0.000000,0.260000,0.013333,0.000000,0.163936,0.073320,0.176871,0.188596,0.271444,0.007775,0.545334,0.097222,0.090278,0.166667,0.122261,8,8,8
137,8_8_8,sync,static,1,S=8,28,0.000000,0.313333,0.013333,0.015152,0.168321,0.095825,0.163265,0.439871,0.436908,0.034590,0.638767,0.076389,0.062500,0.033333,0.149188,8,8,8
138,8_8_8,sync,static,1,S=8,7,0.000000,0.300000,0.173333,0.248062,0.297745,0.217793,0.081633,0.216477,0.223586,-0.031313,0.594361,0.027778,0.020833,0.180000,0.089115,8,8,8
139,8_8_8,sync,static,1,S=8,8,0.000000,0.233333,0.053333,0.142857,0.130711,0.078487,0.061224,0.003085,0.489837,0.672123,0.644825,0.027778,0.020833,0.180000,0.058405,8,8,8
140,8_8_8,sync,static,1,S=8,26,0.000000,0.213333,0.013333,0.000000,0.113171,0.046027,0.102041,0.032260,0.440927,0.291264,0.677230,0.048611,0.034722,0.320000,0.087665,8,8,8
141,8_8_8,sync,static,1,S=8,48,0.000000,0.166667,0.066667,0.000000,0.299127,0.147932,0.142857,-0.006014,-0.066648,-0.058718,0.327914,0.055556,0.055556,0.280000,0.088248,8,8,8
142,8_8_8,sync,static,1,S=8,11,0.000000,0.060000,0.000000,0.008547,0.026057,0.004872,0.054422,0.353725,0.278113,-0.030773,0.270702,0.013889,0.013889,0.046667,0.092983,8,8,8
143,8_8_8,sync,static,1,S=8,23,0.000000,0.706667,0.680000,0.691358,1.353382,0.939906,0.170068,0.485080,0.429100,0.201628,0.259714,0.062500,0.055556,0.106667,0.157198,8,8,8
144,8_8_8,sync,static,1,S=8,29,0.000000,0.140000,0.013333,0.000000,0.215430,0.056856,0.074830,-0.009514,-0.047232,-0.045366,0.255033,0.020833,0.020833,0.253333,0.060417,8,8,8
145,8_8_8,sync,static,1,S=8,4,0.000000,0.040000,0.000000,0.007246,0.029526,0.005156,0.027211,0.822464,0.807573,nan,0.407004,0.000000,0.000000,0.020000,0.068038,8,8,8
146,8_8_8,sync,static,1,S=8,11,0.000000,0.140000,0.000000,0.008547,0.018029,0.001425,0.088435,0.091398,0.090637,0.053738,0.559946,0.034722,0.027778,0.086667,0.092099,8,8,8
147,8_8_8,sync,static,1,S=8,38,0.000000,0.340000,0.146667,0.027778,0.362325,0.212683,0.190476,0.233011,0.144580,0.267271,0.538675,0.083333,0.076389,0.106667,0.098608,8,8,8
148,8_8_8,sync,static,1,S=8,12,0.000000,0.106667,0.000000,0.000000,0.010417,0.000549,0.081633,0.458151,0.313062,0.407884,0.610385,0.020833,0.013889,0.020000,0.091520,8,8,8
149,8_8_8,sync,static,1,S=8,19,0.000000,0.213333,0.053333,0.064516,0.145830,0.083339,0.142857,0.646798,0.514026,0.296528,0.450487,0.034722,0.034722,0.020000,0.188011,8,8,8
150,8_8_8,sync,static,1,S=8,34,0.000000,0.113333,0.080000,0.104167,0.173447,0.099365,0.054422,0.298738,-0.026468,-0.028284,0.384723,0.013889,0.013889,0.193333,0.063023,8,8,8
151,8_8_8,sync,static,1,S=8,23,0.000000,0.373333,0.080000,0.123457,0.235912,0.139662,0.210884,0.589068,0.431923,0.393158,0.593403,0.062500,0.062500,0.020000,0.218323,8,8,8
152,8_8_8,sync,static,1,S=8,39,0.000000,0.186667,0.066667,0.000000,0.312961,0.120440,0.068027,0.339100,0.310818,0.345834,0.542569,0.020833,0.020833,0.126667,0.103754,8,8,8
153,8_8_8,sync,static,1,S=8,26,0.000000,0.300000,0.120000,0.097222,0.254345,0.157246,0.136054,0.218522,0.161663,0.283099,0.492419,0.041667,0.034722,0.140000,0.117175,8,8,8
154,8_8_8,sync,static,1,S=8,24,0.000000,0.626667,0.440000,0.461538,0.800950,0.585688,0.197279,0.560668,0.522270,0.194705,0.483974,0.097222,0.090278,0.020000,0.193720,8,8,8
155,8_8_8,sync,static,1,S=8,10,0.000000,0.100000,0.000000,0.008333,0.006980,0.000313,0.081633,0.551890,0.258354,0.268988,0.566491,0.020833,0.013889,0.020000,0.104941,8,8,8
156,8_8_8,sync,static,1,S=8,4,0.000000,0.173333,0.186667,0.144928,0.343554,0.245195,0.040816,0.721317,0.800098,nan,0.620533,0.013889,0.006944,0.020000,0.071764,8,8,8
157,8_8_8,sync,static,1,S=8,9,0.000000,0.126667,0.000000,0.016260,0.007026,0.000388,0.095238,0.671851,0.540247,0.695609,0.647333,0.027778,0.020833,0.020000,0.155930,8,8,8
158,8_8_8,sync,static,1,S=8,34,0.000000,0.146667,0.013333,0.000000,0.078229,0.029468,0.136054,0.206745,0.348802,0.398840,0.354459,0.069444,0.062500,0.173333,0.149407,8,8,8
159,8_8_8,sync,static,1,S=8,35,0.000000,0.320000,0.080000,0.000000,0.291839,0.157950,0.224490,0.476569,0.369862,0.064498,0.450759,0.090278,0.083333,0.026667,0.161682,8,8,8
160,8_8_8,sync,static,1,S=8,32,0.000000,0.380000,0.360000,0.314815,0.786053,0.486876,0.122449,0.238086,0.188886,-0.065748,0.268222,0.048611,0.048611,0.046667,0.123468,8,8,8
161,8_8_8,sync,static,1,S=8,37,0.000000,0.466667,0.306667,0.153846,0.724088,0.431425,0.190476,0.360340,0.438800,0.237637,0.561976,0.069444,0.062500,0.180000,0.164698,8,8,8
162,8_8_8,sync,static,1,S=8,20,0.000000,0.226667,0.000000,0.022222,0.063381,0.016783,0.156463,0.436064,0.485602,0.404348,0.348295,0.083333,0.076389,0.093333,0.182021,8,8,8
163,8_8_8,sync,static,1,S=8,35,0.000000,0.160000,0.013333,0.000000,0.105735,0.035572,0.088435,0.506822,0.469254,-0.071889,0.519341,0.041667,0.034722,0.033333,0.114695,8,8,8
164,8_8_8,sync,static,1,S=8,18,0.000000,0.166667,0.000000,0.010417,0.051927,0.013819,0.115646,0.088751,0.152238,0.133631,0.420596,0.055556,0.048611,0.293333,0.107445,8,8,8
165,8_8_8,sync,static,1,S=8,41,0.000000,0.480000,0.493333,0.518519,1.196293,0.752558,0.095238,0.168909,0.185239,0.018252,0.142316,0.041667,0.034722,0.340000,0.091555,8,8,8
166,8_8_8,sync,static,1,S=8,8,0.000000,0.033333,0.000000,0.000000,0.006456,0.000217,0.047619,-0.025079,0.461941,-0.025795,0.201087,0.020833,0.013889,0.220000,0.051897,8,8,8
167,8_8_8,sync,static,1,S=8,25,0.000000,0.133333,0.053333,0.053333,0.166742,0.097791,0.102041,0.112910,0.070593,-0.041835,0.199373,0.041667,0.034722,0.220000,0.091309,8,8,8
168,8_8_8,sync,static,1,S=8,23,0.000000,0.353333,0.173333,0.185185,0.370260,0.247534,0.156463,0.612674,0.335448,0.377603,0.610961,0.069444,0.069444,0.020000,0.131115,8,8,8
169,8_8_8,sync,static,1,S=8,44,0.000000,0.753333,0.746667,0.722222,2.324246,0.970525,0.312925,0.484861,0.277516,0.084334,0.165733,0.131944,0.131944,0.033333,0.158881,8,8,8
170,8_8_8,sync,static,0,no_conv,,0.222222,0.700000,0.666667,,3.656413,1.077866,0.448980,0.550744,0.380886,0.208974,0.159221,0.194444,0.187500,0.060000,0.222474,7,8,8
171,8_8_8,sync,static,1,S=8,33,0.000000,0.286667,0.093333,0.019608,0.298471,0.181047,0.142857,0.017814,0.329638,0.241819,0.323960,0.069444,0.062500,0.313333,0.073495,8,8,8
172,8_8_8,sync,static,1,S=8,36,0.000000,0.506667,0.346667,0.357143,0.630115,0.447006,0.095238,0.188413,0.440209,-0.003356,0.563471,0.034722,0.027778,0.340000,0.098562,8,8,8
173,8_8_8,sync,static,1,S=8,24,0.000000,0.053333,0.000000,0.000000,0.000475,0.000001,0.054422,0.438448,0.261887,-0.034769,0.405196,0.013889,0.006944,0.026667,0.079212,8,8,8
174,8_8_8,sync,static,1,S=8,42,0.000000,0.340000,0.146667,0.000000,0.329341,0.209535,0.136054,0.400351,0.145249,0.123225,0.599269,0.041667,0.034722,0.126667,0.103847,8,8,8
175,8_8_8,sync,static,1,S=8,48,0.000000,0.366667,0.346667,0.333333,0.686633,0.473766,0.238095,0.333597,0.323021,0.300356,0.504759,0.111111,0.104167,0.146667,0.179941,8,8,8
176,8_8_8,sync,static,1,S=8,13,0.000000,0.173333,0.000000,0.099099,0.063695,0.024982,0.061224,0.088671,-0.052620,-0.040771,0.407422,0.006944,0.006944,0.053333,0.065234,8,8,8
177,8_8_8,sync,static,1,S=8,35,0.000000,0.366667,0.200000,0.155556,0.451768,0.287264,0.136054,0.213281,-0.023105,-0.013301,0.553007,0.048611,0.048611,0.213333,0.110073,8,8,8
178,8_8_8,sync,static,1,S=8,39,0.000000,0.133333,0.093333,0.060606,0.255230,0.130146,0.095238,0.183994,0.170995,-0.043226,0.012119,0.041667,0.041667,0.260000,0.088220,8,8,8
179,8_8_8,sync,static,1,S=8,12,0.000000,0.320000,0.266667,0.210526,0.454248,0.323309,0.102041,0.469142,0.263835,0.495692,0.618644,0.034722,0.027778,0.020000,0.146254,8,8,8
180,8_8_8,sync,static,1,S=8,14,0.000000,0.286667,0.000000,0.092593,0.094807,0.032426,0.102041,0.648343,0.563450,0.296078,0.657681,0.020833,0.020833,0.020000,0.176938,8,8,8
181,8_8_8,sync,static,1,S=8,48,0.000000,0.813333,0.773333,0.333333,3.697877,1.170095,0.428571,0.493122,0.308995,0.355958,0.369493,0.187500,0.187500,0.100000,0.292579,8,8,8
182,8_8_8,sync,static,1,S=8,20,0.000000,0.373333,0.240000,0.255556,0.442098,0.314432,0.129252,0.475194,0.502190,0.376667,0.561022,0.048611,0.034722,0.046667,0.138068,8,8,8
183,8_8_8,sync,static,1,S=8,24,0.000000,0.426667,0.333333,0.333333,0.887228,0.535702,0.156463,0.381584,0.152918,0.191574,0.585144,0.062500,0.062500,0.100000,0.110907,8,8,8
184,8_8_8,sync,static,1,S=8,15,0.000000,0.086667,0.000000,0.000000,0.051539,0.012895,0.081633,0.183380,0.166544,0.433081,0.118534,0.034722,0.027778,0.340000,0.082482,8,8,8
185,8_8_8,sync,static,1,S=8,45,0.000000,0.280000,0.213333,0.066667,0.371994,0.230407,0.081633,0.330002,0.226326,0.387994,0.133456,0.020833,0.013889,0.180000,0.113062,8,8,8
186,8_8_8,sync,static,1,S=8,39,0.000000,0.293333,0.200000,0.121212,0.416811,0.269222,0.142857,0.380220,0.397083,0.185895,0.415560,0.062500,0.055556,0.166667,0.138676,8,8,8
187,8_8_8,sync,static,1,S=8,43,0.000000,0.520000,0.453333,0.333333,1.222082,0.670855,0.292517,0.401950,0.260321,0.132913,0.289418,0.097222,0.097222,0.200000,0.182376,8,8,8
188,8_8_8,sync,static,1,S=8,25,0.000000,0.266667,0.133333,0.133333,0.300621,0.198181,0.122449,0.148371,-0.045849,0.549007,0.376081,0.048611,0.048611,0.080000,0.070956,8,8,8
189,8_8_8,sync,static,1,S=8,37,0.000000,0.480000,0.306667,0.256410,0.971363,0.521072,0.176871,0.744369,0.646003,0.402712,0.556937,0.055556,0.048611,0.020000,0.240309,8,8,8
190,8_8_8,sync,static,1,S=8,20,0.000000,0.626667,0.506667,0.533333,0.805411,0.592788,0.142857,0.346660,0.333542,0.608434,0.211686,0.055556,0.048611,0.080000,0.164726,8,8,8
191,8_8_8,sync,static,1,S=8,30,0.000000,0.173333,0.013333,0.000000,0.093289,0.036498,0.115646,0.403780,0.322964,0.119725,0.363540,0.034722,0.027778,0.220000,0.155869,8,8,8
192,8_8_8,sync,static,1,S=8,13,0.000000,0.313333,0.000000,0.162162,0.053911,0.018816,0.081633,0.292529,0.387671,0.278228,0.757375,0.027778,0.027778,0.206667,0.087939,8,8,8
193,8_8_8,sync,static,1,S=8,49,0.000000,0.706667,0.773333,0.666667,2.823749,0.975891,0.428571,0.538985,0.506354,0.375389,0.250787,0.201389,0.194444,0.026667,0.372399,8,8,8
194,8_8_8,sync,static,1,S=8,33,0.000000,0.413333,0.200000,0.254902,0.441635,0.291781,0.258503,0.431597,0.346671,0.551734,0.577263,0.104167,0.097222,0.020000,0.240885,8,8,8
195,8_8_8,sync,static,1,S=8,18,0.000000,0.353333,0.146667,0.166667,0.408008,0.241929,0.136054,0.244443,0.234719,0.631088,0.527254,0.055556,0.048611,0.146667,0.140296,8,8,8
196,8_8_8,sync,static,1,S=8,13,0.000000,0.266667,0.053333,0.135135,0.178808,0.096282,0.129252,0.397262,0.426292,0.359834,0.529113,0.069444,0.062500,0.066667,0.145479,8,8,8
197,8_8_8,sync,static,1,S=8,33,0.000000,0.253333,0.226667,0.235294,0.421643,0.272798,0.115646,0.433367,0.394800,0.167959,0.417144,0.034722,0.034722,0.106667,0.107776,8,8,8
198,8_8_8,sync,static,1,S=8,13,0.000000,0.206667,0.026667,0.108108,0.097528,0.055265,0.102041,0.499092,0.503062,0.229890,0.575988,0.048611,0.041667,0.180000,0.156838,8,8,8
199,8_8_8,sync,static,1,S=8,44,0.000000,0.506667,0.280000,0.055556,0.713387,0.448555,0.163265,0.296508,0.595930,0.210704,0.587901,0.076389,0.069444,0.186667,0.146901,8,8,8
0,8_8_8,sync,leaky,0,no_conv,,0.222222,0.566667,0.533333,,1.370700,0.640807,0.367347,0.497684,0.420399,-0.009719,0.322303,0.131944,0.118056,0.033333,0.294433,7,8,7
1,8_8_8,sync,leaky,0,no_conv,,0.222222,0.286667,0.413333,,1.058383,0.520591,0.204082,-0.089784,-0.051094,-0.066987,0.189566,0.104167,0.104167,0.273333,0.101619,7,8,8
2,8_8_8,sync,leaky,1,S=8,45,0.000000,0.380000,0.480000,0.533333,1.128610,0.597130,0.251701,0.184157,-0.018322,0.021235,0.310647,0.104167,0.104167,0.233333,0.134159,8,8,8
3,8_8_8,sync,leaky,0,no_conv,,0.222222,0.593333,0.720000,,1.817540,0.827103,0.442177,0.574249,0.395562,0.173054,0.110239,0.166667,0.166667,0.046667,0.327147,6,7,6
4,8_8_8,sync,leaky,0,no_conv,,0.222222,0.540000,0.480000,,1.066720,0.566650,0.292517,0.256690,0.155105,0.150901,0.112255,0.125000,0.125000,0.053333,0.150428,7,8,7
5,8_8_8,sync,leaky,1,S=8,46,0.000000,0.280000,0.280000,0.500000,0.823501,0.419272,0.183673,0.256517,0.179657,0.118085,0.418896,0.069444,0.069444,0.280000,0.097442,8,8,8
6,8_8_8,sync,leaky,0,no_conv,,0.222222,0.346667,0.240000,,0.831704,0.383879,0.244898,0.418300,0.192685,-0.015416,0.216376,0.076389,0.069444,0.033333,0.149327,7,8,8
7,8_8_8,sync,leaky,0,no_conv,,0.222222,0.440000,0.373333,,1.038139,0.520815,0.340136,0.415486,0.238080,0.173351,0.321189,0.145833,0.138889,0.046667,0.230745,8,7,8
8,8_8_8,sync,leaky,1,S=8,49,0.000000,0.306667,0.213333,0.000000,0.679561,0.347831,0.217687,0.325732,0.189344,0.313760,0.464030,0.076389,0.069444,0.066667,0.130753,8,8,8
9,8_8_8,sync,leaky,1,S=8,49,0.000000,0.480000,0.333333,0.000000,0.917860,0.465850,0.251701,-0.001966,0.036093,-0.006837,0.315658,0.090278,0.083333,0.306667,0.115539,8,8,8
10,8_8_8,sync,leaky,0,no_conv,,0.222222,0.386667,0.253333,,0.899587,0.427502,0.224490,0.453385,0.321962,0.002347,0.353476,0.062500,0.048611,0.053333,0.165021,7,8,8
11,8_8_8,sync,leaky,0,no_conv,,0.222222,0.353333,0.440000,,1.240896,0.581207,0.292517,0.380500,0.259593,0.062343,0.310489,0.118056,0.111111,0.046667,0.187279,7,8,8
12,8_8_8,sync,leaky,1,S=8,46,0.000000,0.540000,0.400000,0.333333,0.992052,0.500834,0.272109,0.284819,0.293078,0.075964,0.165685,0.125000,0.111111,0.053333,0.133945,8,8,8
13,8_8_8,sync,leaky,0,no_conv,,0.222222,0.193333,0.106667,,0.632254,0.290801,0.163265,0.468440,-0.048908,-0.025672,0.111418,0.069444,0.069444,0.126667,0.089240,7,8,8
14,8_8_8,sync,leaky,1,S=8,49,0.000000,0.566667,0.586667,0.666667,1.441047,0.707143,0.387755,0.384144,0.221762,0.034525,0.244625,0.152778,0.152778,0.066667,0.182498,8,8,8
15,8_8_8,sync,leaky,1,S=8,49,0.000000,0.433333,0.400000,0.333333,1.011770,0.553415,0.333333,0.511574,0.357812,0.085446,0.161784,0.118056,0.118056,0.053333,0.189458,8,8,8
16,8_8_8,sync,leaky,1,S=8,48,0.000000,0.193333,0.120000,0.000000,0.656948,0.309817,0.176871,0.174174,0.449396,-0.081679,0.228117,0.097222,0.076389,0.193333,0.151248,8,8,8
17,8_8_8,sync,leaky,0,no_conv,,0.222222,0.260000,0.173333,,0.666646,0.330552,0.210884,0.264201,0.073727,0.008821,0.329163,0.062500,0.062500,0.073333,0.154100,8,8,7
18,8_8_8,sync,leaky,1,S=8,43,0.000000,0.520000,0.360000,0.190476,1.085490,0.493935,0.244898,0.340783,0.097976,-0.123795,0.436287,0.069444,0.069444,0.146667,0.166670,8,8,8
19,8_8_8,sync,leaky,1,S=8,49,0.000000,0.280000,0.160000,0.000000,0.634900,0.326318,0.176871,0.113514,-0.040776,-0.057092,0.307351,0.083333,0.083333,0.340000,0.096233,8,8,8
20,8_8_8,sync,leaky,0,no_conv,,0.222222,0.300000,0.413333,,1.107145,0.536720,0.142857,0.181106,0.049555,0.086355,0.269541,0.048611,0.048611,0.153333,0.131995,7,8,8
21,8_8_8,sync,leaky,0,no_conv,,0.222222,0.193333,0.133333,,0.655160,0.310019,0.149660,0.316764,0.292846,0.020987,0.207764,0.055556,0.055556,0.133333,0.112683,8,7,8
22,8_8_8,sync,leaky,1,S=8,45,0.000000,0.406667,0.173333,0.000000,0.645328,0.297729,0.210884,0.385954,0.336309,0.205683,0.385497,0.104167,0.104167,0.160000,0.156724,8,8,8
23,8_8_8,sync,leaky,1,S=8,49,0.000000,0.280000,0.173333,0.000000,0.720587,0.366032,0.244898,0.241716,0.326811,0.157005,0.322393,0.090278,0.076389,0.180000,0.145272,8,8,8
24,8_8_8,sync,leaky,0,no_conv,,0.222222,0.326667,0.160000,,0.579058,0.288719,0.176871,0.069496,0.158674,0.096641,0.357630,0.076389,0.069444,0.093333,0.113083,8,7,8
25,8_8_8,sync,leaky,0,no_conv,,0.666667,0.626667,0.573333,,1.195500,0.631642,0.326531,0.559676,0.535324,0.304584,0.339423,0.152778,0.145833,0.040000,0.267010,6,8,7
26,8_8_8,sync,leaky,0,no_conv,,0.222222,0.386667,0.293333,,0.796256,0.403887,0.278912,0.194237,-0.040390,-0.080249,0.276193,0.104167,0.104167,0.193333,0.174423,7,8,7
27,8_8_8,sync,leaky,1,S=8,49,0.000000,0.666667,0.733333,1.000000,1.595633,0.792560,0.442177,0.609511,0.445431,0.142122,0.152468,0.173611,0.173611,0.026667,0.256406,8,8,8
28,8_8_8,sync,leaky,1,S=8,48,0.000000,0.446667,0.600000,1.000000,1.440306,0.671555,0.258503,0.296257,0.130702,-0.095600,0.240082,0.076389,0.076389,0.126667,0.154624,8,8,8
29,8_8_8,sync,leaky,1,S=8,48,0.000000,0.253333,0.146667,0.000000,0.566820,0.281300,0.176871,0.095104,0.020668,-0.009290,0.185043,0.076389,0.069444,0.166667,0.128632,8,8,8
30,8_8_8,sync,leaky,1,S=8,48,0.000000,0.286667,0.106667,0.000000,0.539948,0.251807,0.244898,0.292185,0.329682,0.192124,0.405666,0.125000,0.118056,0.046667,0.168203,8,8,8
31,8_8_8,sync,leaky,0,no_conv,,0.222222,0.373333,0.253333,,0.709960,0.376752,0.258503,0.270253,0.273398,0.098770,0.189925,0.118056,0.111111,0.120000,0.139332,7,8,8
32,8_8_8,sync,leaky,1,S=8,49,0.000000,0.346667,0.266667,0.333333,0.860961,0.442531,0.231293,0.306179,-0.034605,-0.096941,0.074072,0.062500,0.062500,0.106667,0.130989,8,8,8
33,8_8_8,sync,leaky,1,S=8,49,0.000000,0.413333,0.173333,0.000000,0.677123,0.317266,0.319728,0.424642,0.245853,0.131550,0.298799,0.118056,0.111111,0.180000,0.240369,8,8,8
34,8_8_8,sync,leaky,1,S=8,49,0.000000,0.526667,0.426667,0.333333,1.250006,0.571442,0.394558,0.296410,0.204339,0.101572,0.178285,0.152778,0.145833,0.133333,0.162034,8,8,8
35,8_8_8,sync,leaky,0,no_conv,,0.222222,0.353333,0.200000,,0.683639,0.325368,0.217687,0.536707,0.273650,0.177155,0.205415,0.055556,0.055556,0.033333,0.194770,7,8,8
36,8_8_8,sync,leaky,1,S=8,43,0.000000,0.420000,0.373333,0.333333,0.977064,0.509307,0.224490,0.400415,0.146999,0.090121,0.247252,0.062500,0.062500,0.120000,0.157184,8,8,8
37,8_8_8,sync,leaky,1,S=8,49,0.000000,0.313333,0.146667,0.333333,0.612285,0.287701,0.170068,0.480523,0.425356,0.126598,0.497455,0.069444,0.069444,0.166667,0.201138,8,8,8
38,8_8_8,sync,leaky,1,S=8,49,0.000000,0.506667,0.546667,0.000000,1.439315,0.650011,0.285714,0.275669,0.212021,-0.100488,0.549860,0.090278,0.090278,0.173333,0.165931,8,8,8
39,8_8_8,sync,leaky,0,no_conv,,0.222222,0.333333,0.240000,,0.781093,0.410942,0.251701,0.088971,-0.026827,-0.069066,0.230001,0.090278,0.090278,0.120000,0.105617,7,8,8
40,8_8_8,sync,leaky,0,no_conv,,0.222222,0.266667,0.213333,,0.815984,0.385834,0.156463,0.316491,0.117333,-0.078738,0.469644,0.055556,0.055556,0.140000,0.134923,8,7,7
41,8_8_8,sync,leaky,1,S=8,41,0.000000,0.340000,0.266667,0.185185,0.779267,0.391800,0.244898,0.267939,0.327249,0.243918,0.261249,0.125000,0.111111,0.046667,0.139710,8,8,8
42,8_8_8,sync,leaky,0,no_conv,,0.222222,0.420000,0.426667,,1.082312,0.537327,0.285714,0.511986,0.312346,-0.096641,0.263151,0.090278,0.090278,0.053333,0.230719,8,7,8
43,8_8_8,sync,leaky,1,S=8,38,0.000000,0.420000,0.306667,0.194444,0.901286,0.427654,0.217687,0.387109,0.299787,0.116190,0.326004,0.083333,0.069444,0.060000,0.154192,8,8,8
44,8_8_8,sync,leaky,0,no_conv,,0.666667,0.480000,0.466667,,1.244120,0.602789,0.258503,0.282042,0.179013,0.078564,0.328032,0.104167,0.097222,0.053333,0.194310,6,8,7
45,8_8_8,sync,leaky,1,S=8,49,0.000000,0.520000,0.560000,0.666667,1.165974,0.633567,0.319728,0.293444,0.258526,0.036735,0.231406,0.138889,0.131944,0.133333,0.170007,8,8,8
46,8_8_8,sync,leaky,1,S=8,49,0.000000,0.560000,0.613333,0.333333,1.358812,0.701339,0.346939,-0.058676,-0.024148,0.033810,0.279128,0.166667,0.159722,0.233333,0.151390,8,8,8
47,8_8_8,sync,leaky,1,S=8,49,0.000000,0.306667,0.226667,0.000000,0.828377,0.391965,0.251701,0.462036,0.227511,0.056976,0.353810,0.062500,0.062500,0.080000,0.194090,8,8,8
48,8_8_8,sync,leaky,1,S=8,49,0.000000,0.300000,0.253333,0.333333,0.913340,0.439864,0.210884,0.494924,0.176936,-0.031142,0.358026,0.055556,0.055556,0.060000,0.159464,8,8,8
49,8_8_8,sync,leaky,1,S=8,45,0.000000,0.366667,0.186667,0.000000,0.695833,0.356887,0.210884,0.165711,0.099919,0.081551,0.410116,0.083333,0.076389,0.040000,0.107197,8,8,8
50,8_8_8,sync,leaky,1,S=8,48,0.000000,0.453333,0.440000,0.500000,1.085642,0.532927,0.278912,0.002976,-0.014574,-0.052573,0.222936,0.118056,0.111111,0.320000,0.122242,8,8,8
51,8_8_8,sync,leaky,0,no_conv,,0.222222,0.286667,0.213333,,0.796567,0.396307,0.244898,0.343357,0.051932,0.287332,0.338652,0.090278,0.090278,0.126667,0.107148,8,7,8
52,8_8_8,sync,leaky,1,S=8,49,0.000000,0.273333,0.386667,1.000000,1.091533,0.526222,0.251701,0.298242,0.267748,0.186745,0.227664,0.131944,0.131944,0.020000,0.153908,8,8,8
53,8_8_8,sync,leaky,0,no_conv,,0.222222,0.313333,0.200000,,0.705626,0.366637,0.258503,0.482852,0.409836,0.478814,0.551716,0.118056,0.104167,0.020000,0.320617,8,8,7
54,8_8_8,sync,leaky,1,S=8,47,0.000000,0.373333,0.400000,0.333333,1.055842,0.513726,0.251701,0.138688,0.220740,-0.107658,0.230454,0.097222,0.090278,0.200000,0.101050,8,8,8
55,8_8_8,sync,leaky,1,S=8,48,0.000000,0.586667,0.453333,0.000000,1.244799,0.600622,0.387755,0.604511,0.419502,0.070783,0.302337,0.131944,0.125000,0.033333,0.328891,8,8,8
56,8_8_8,sync,leaky,1,S=8,49,0.000000,0.320000,0.373333,0.333333,1.093248,0.520567,0.204082,0.317688,0.197138,-0.072826,0.345950,0.069444,0.069444,0.200000,0.163758,8,8,8
57,8_8_8,sync,leaky,1,S=8,49,0.000000,0.333333,0.093333,0.000000,0.543033,0.241606,0.244898,0.581429,0.591735,0.269760,0.418790,0.090278,0.069444,0.053333,0.255975,8,8,8
58,8_8_8,sync,leaky,0,no_conv,,0.222222,0.506667,0.373333,,1.010988,0.521303,0.312925,0.262213,0.137172,0.009845,0.237332,0.138889,0.138889,0.066667,0.144903,8,7,8
59,8_8_8,sync,leaky,0,no_conv,,0.222222,0.433333,0.360000,,0.916815,0.475036,0.401361,0.281945,0.129592,0.129899,0.130796,0.145833,0.138889,0.100000,0.149370,8,7,8
60,8_8_8,sync,leaky,0,no_conv,,0.222222,0.453333,0.333333,,0.856685,0.473855,0.258503,0.094450,0.034656,0.188490,0.162938,0.097222,0.097222,0.200000,0.145669,7,8,7
61,8_8_8,sync,leaky,0,no_conv,,0.222222,0.433333,0.386667,,1.084583,0.535371,0.285714,0.299416,0.063938,0.054119,0.322121,0.097222,0.097222,0.026667,0.181206,8,7,7
62,8_8_8,sync,leaky,1,S=8,48,0.000000,0.313333,0.160000,0.166667,0.680090,0.295620,0.224490,0.471634,0.288554,0.142806,0.477007,0.097222,0.097222,0.026667,0.189656,8,8,8
63,8_8_8,sync,leaky,1,S=8,44,0.000000,0.400000,0.240000,0.111111,0.722937,0.347391,0.346939,0.368438,0.311713,0.189345,0.407953,0.159722,0.145833,0.040000,0.179203,8,8,8
64,8_8_8,sync,leaky,0,no_conv,,0.222222,0.380000,0.293333,,0.941958,0.473433,0.217687,0.368787,0.425664,0.087142,0.387180,0.104167,0.090278,0.206667,0.187682,8,7,8
65,8_8_8,sync,leaky,1,S=8,49,0.000000,0.393333,0.226667,0.000000,0.696675,0.354884,0.244898,0.281206,0.156311,-0.098674,0.252126,0.097222,0.090278,0.133333,0.116431,8,8,8
66,8_8_8,sync,leaky,1,S=8,49,0.000000,0.306667,0.373333,0.000000,0.906582,0.501274,0.210884,0.372644,0.349964,-0.056418,0.272327,0.090278,0.083333,0.120000,0.178290,8,8,8
67,8_8_8,sync,leaky,1,S=8,47,0.000000,0.386667,0.533333,0.222222,1.242811,0.630151,0.272109,0.236320,0.213320,0.057322,0.274265,0.125000,0.125000,0.153333,0.165767,8,8,8
68,8_8_8,sync,leaky,1,S=8,48,0.000000,0.573333,0.520000,0.000000,1.193740,0.595685,0.387755,0.514115,0.287080,0.114105,0.299063,0.138889,0.138889,0.053333,0.202334,8,8,8
69,8_8_8,sync,leaky,1,S=8,48,0.000000,0.493333,0.533333,0.333333,1.344703,0.662313,0.360544,0.527693,0.275290,-0.096976,0.357477,0.097222,0.097222,0.046667,0.204357,8,8,8
70,8_8_8,sync,leaky,0,no_conv,,0.222222,0.286667,0.266667,,0.756418,0.378628,0.190476,0.434211,0.407884,-0.064823,0.366577,0.083333,0.076389,0.046667,0.142845,7,8,8
71,8_8_8,sync,leaky,1,S=8,41,0.000000,0.560000,0.506667,0.407407,1.059789,0.577520,0.278912,0.306497,-0.041339,0.181024,0.219246,0.118056,0.118056,0.106667,0.133480,8,8,8
72,8_8_8,sync,leaky,1,S=8,46,0.000000,0.520000,0.493333,0.416667,0.989141,0.540106,0.251701,0.318851,0.226857,0.060364,0.126817,0.111111,0.111111,0.180000,0.156341,8,8,8
73,8_8_8,sync,leaky,0,no_conv,,0.222222,0.466667,0.493333,,1.296744,0.609786,0.306122,0.322638,0.099649,-0.026520,0.195911,0.111111,0.104167,0.066667,0.122420,7,8,8
74,8_8_8,sync,leaky,1,S=8,47,0.000000,0.273333,0.120000,0.111111,0.535461,0.245335,0.278912,0.573557,0.471005,0.444750,0.190931,0.104167,0.097222,0.113333,0.254380,8,8,8
75,8_8_8,sync,leaky,1,S=8,47,0.000000,0.386667,0.320000,0.222222,0.789033,0.400024,0.238095,0.498774,0.336737,-0.077152,0.202484,0.090278,0.090278,0.060000,0.144036,8,8,8
76,8_8_8,sync,leaky,0,no_conv,,0.666667,0.453333,0.386667,,1.058255,0.552976,0.360544,0.495109,0.317969,-0.117914,0.297528,0.131944,0.131944,0.066667,0.206622,6,8,7
77,8_8_8,sync,leaky,1,S=8,48,0.000000,0.306667,0.186667,0.000000,0.790095,0.388142,0.258503,0.201371,0.165876,0.154601,0.082561,0.111111,0.097222,0.133333,0.142255,8,8,8
78,8_8_8,sync,leaky,0,no_conv,,0.222222,0.360000,0.373333,,1.026144,0.497625,0.224490,0.240612,0.247360,0.090937,0.331570,0.104167,0.097222,0.100000,0.105285,7,7,8
79,8_8_8,sync,leaky,1,S=8,47,0.000000,0.313333,0.413333,0.666667,1.111217,0.559630,0.204082,0.200271,0.083716,0.082244,0.247532,0.076389,0.076389,0.160000,0.103002,8,8,8
80,8_8_8,sync,leaky,1,S=8,48,0.000000,0.313333,0.200000,0.333333,0.862996,0.401296,0.265306,0.243418,0.083980,0.061581,0.294033,0.090278,0.083333,0.140000,0.118177,8,8,8
81,8_8_8,sync,leaky,1,S=8,46,0.000000,0.420000,0.480000,0.583333,1.195701,0.610610,0.306122,0.504993,0.351061,0.067749,0.278644,0.118056,0.118056,0.040000,0.166753,8,8,8
82,8_8_8,sync,leaky,1,S=8,46,0.000000,0.486667,0.413333,0.583333,0.995567,0.518949,0.272109,0.150564,0.269647,0.099736,0.254027,0.145833,0.145833,0.180000,0.122742,8,8,8
83,8_8_8,sync,leaky,1,S=8,49,0.000000,0.440000,0.373333,0.333333,0.834202,0.452840,0.251701,0.064929,0.141341,-0.009487,0.351099,0.104167,0.090278,0.026667,0.132394,8,8,8
84,8_8_8,sync,leaky,1,S=8,43,0.000000,0.346667,0.226667,0.047619,0.849182,0.398702,0.251701,0.286462,0.093378,-0.142794,0.207009,0.111111,0.111111,0.060000,0.139460,8,8,8
85,8_8_8,sync,leaky,0,no_conv,,0.222222,0.353333,0.306667,,0.899571,0.432144,0.190476,0.363388,0.193102,0.109447,0.206725,0.062500,0.062500,0.060000,0.133548,8,7,8
86,8_8_8,sync,leaky,1,S=8,46,0.000000,0.266667,0.133333,0.083333,0.634817,0.282424,0.176871,0.197789,-0.024521,0.086637,0.383526,0.055556,0.055556,0.126667,0.102833,8,8,8
87,8_8_8,sync,leaky,1,S=8,46,0.000000,0.280000,0.186667,0.250000,0.608091,0.304554,0.183673,0.329217,0.430913,0.047034,0.340185,0.097222,0.083333,0.106667,0.136101,8,8,8
88,8_8_8,sync,leaky,0,no_conv,,0.888889,0.406667,0.320000,,0.917394,0.444715,0.292517,0.480309,0.319783,0.087255,0.222007,0.111111,0.111111,0.020000,0.190447,8,8,6
89,8_8_8,sync,leaky,0,no_conv,,0.222222,0.446667,0.466667,,1.294357,0.618964,0.258503,0.024233,-0.008339,0.052581,0.232003,0.118056,0.118056,0.200000,0.132921,7,7,8
90,8_8_8,sync,leaky,0,no_conv,,0.222222,0.420000,0.333333,,0.909878,0.478484,0.224490,0.284644,0.096947,0.023678,0.341556,0.083333,0.083333,0.140000,0.132194,8,7,8
91,8_8_8,sync,leaky,1,S=8,49,0.000000,0.240000,0.200000,0.000000,0.784197,0.353822,0.190476,0.063367,0.047186,-0.008845,0.012360,0.090278,0.083333,0.186667,0.108352,8,8,8
92,8_8_8,sync,leaky,1,S=8,49,0.000000,0.393333,0.520000,0.666667,1.311804,0.635936,0.272109,0.163858,-0.076280,-0.030311,0.291417,0.090278,0.090278,0.193333,0.115624,8,8,8
93,8_8_8,sync,leaky,0,no_conv,,0.222222,0.386667,0.306667,,0.905116,0.430719,0.238095,0.484708,0.469785,0.097518,0.264977,0.111111,0.104167,0.026667,0.134537,8,7,8
94,8_8_8,sync,leaky,1,S=8,46,0.000000,0.393333,0.280000,0.333333,0.814764,0.397826,0.292517,0.434450,0.381718,0.370526,0.212215,0.118056,0.104167,0.080000,0.208147,8,8,8
95,8_8_8,sync,leaky,1,S=8,43,0.000000,0.320000,0.160000,0.000000,0.642385,0.318489,0.292517,0.493282,0.369903,0.275783,0.257723,0.118056,0.118056,0.066667,0.188681,8,8,8
96,8_8_8,sync,leaky,0,no_conv,,0.222222,0.486667,0.413333,,1.062009,0.544144,0.272109,-0.025650,-0.107240,-0.104623,0.373855,0.118056,0.118056,0.186667,0.126479,7,8,8
97,8_8_8,sync,leaky,0,no_conv,,0.222222,0.420000,0.346667,,0.935193,0.473529,0.306122,0.178816,0.097425,0.329023,0.256866,0.118056,0.118056,0.133333,0.151752,7,8,8
98,8_8_8,sync,leaky,1,S=8,49,0.000000,0.313333,0.280000,0.000000,1.044488,0.500724,0.306122,0.255413,0.006119,-0.004896,0.071070,0.118056,0.118056,0.086667,0.123718,8,8,8
99,8_8_8,sync,leaky,1,S=8,34,0.000000,0.286667,0.120000,0.062500,0.520991,0.243930,0.197279,0.497638,0.118358,0.064107,0.274363,0.055556,0.055556,0.060000,0.151689,8,8,8
100,8_8_8,sync,leaky,0,no_conv,,0.222222,0.360000,0.466667,,1.358494,0.625527,0.299320,0.470616,0.220612,-0.066541,0.364841,0.104167,0.104167,0.080000,0.194642,7,8,8
101,8_8_8,sync,leaky,0,no_conv,,0.222222,0.320000,0.293333,,0.828918,0.410360,0.210884,0.283150,0.138801,0.065745,0.315339,0.083333,0.076389,0.020000,0.145885,8,8,7
102,8_8_8,sync,leaky,0,no_conv,,0.222222,0.373333,0.386667,,1.105657,0.534049,0.217687,0.401826,0.315415,0.202822,0.378058,0.069444,0.062500,0.146667,0.259558,8,7,8
103,8_8_8,sync,leaky,1,S=8,46,0.000000,0.353333,0.266667,0.333333,0.822404,0.420114,0.210884,0.226076,0.295831,0.008886,0.329910,0.069444,0.055556,0.060000,0.157457,8,8,8
104,8_8_8,sync,leaky,0,no_conv,,0.666667,0.480000,0.453333,,1.162594,0.563592,0.306122,0.395369,0.267233,0.031364,0.326329,0.125000,0.125000,0.060000,0.178038,7,6,8
105,8_8_8,sync,leaky,0,no_conv,,0.888889,0.366667,0.213333,,0.769074,0.353239,0.326531,0.292133,0.057303,-0.043319,0.313882,0.138889,0.131944,0.040000,0.118166,8,8,6
106,8_8_8,sync,leaky,0,no_conv,,0.222222,0.480000,0.466667,,1.426216,0.634432,0.333333,0.399391,0.121436,-0.165878,0.301357,0.125000,0.125000,0.080000,0.210712,8,7,8
107,8_8_8,sync,leaky,0,no_conv,,0.222222,0.400000,0.173333,,0.701695,0.349425,0.299320,0.419706,0.124861,0.387407,0.285670,0.097222,0.090278,0.073333,0.220032,8,7,8
108,8_8_8,sync,leaky,1,S=8,47,0.000000,0.560000,0.493333,0.555556,1.160997,0.605981,0.360544,0.557147,0.323977,0.286462,0.151602,0.131944,0.125000,0.026667,0.200114,8,8,8
109,8_8_8,sync,leaky,0,no_conv,,0.222222,0.433333,0.400000,,1.175115,0.594389,0.272109,0.062456,-0.052320,0.034936,0.140847,0.104167,0.104167,0.173333,0.122672,7,8,8
110,8_8_8,sync,leaky,1,S=8,49,0.000000,0.353333,0.386667,0.333333,0.950453,0.486778,0.265306,0.416034,0.080364,0.011469,0.357483,0.111111,0.104167,0.040000,0.134302,8,8,8
111,8_8_8,sync,leaky,0,no_conv,,0.888889,0.420000,0.386667,,1.292871,0.598234,0.306122,0.251786,0.095244,-0.026140,0.227418,0.125000,0.125000,0.113333,0.132480,8,6,8
112,8_8_8,sync,leaky,0,no_conv,,0.222222,0.306667,0.306667,,0.925696,0.461760,0.258503,0.045112,-0.067740,-0.098111,0.232208,0.118056,0.118056,0.086667,0.124157,7,7,8
113,8_8_8,sync,leaky,1,S=8,49,0.000000,0.513333,0.493333,0.333333,1.279591,0.615603,0.360544,0.435813,0.300657,-0.072201,0.178470,0.145833,0.138889,0.066667,0.171558,8,8,8
114,8_8_8,sync,leaky,0,no_conv,,0.222222,0.566667,0.626667,,1.364652,0.708268,0.353741,0.331207,0.111318,0.047157,0.248773,0.125000,0.118056,0.053333,0.176446,7,8,7
115,8_8_8,sync,leaky,1,S=8,45,0.000000,0.600000,0.453333,0.066667,1.006135,0.538171,0.346939,0.380158,0.134908,0.178160,0.107530,0.118056,0.118056,0.086667,0.135421,8,8,8
116,8_8_8,sync,leaky,0,no_conv,,0.222222,0.360000,0.266667,,0.737126,0.379148,0.197279,0.154518,0.043646,0.101979,0.424709,0.069444,0.069444,0.233333,0.137899,8,8,7
117,8_8_8,sync,leaky,1,S=8,40,0.000000,0.266667,0.173333,0.233333,0.714291,0.359946,0.170068,0.331108,-0.005200,0.242862,0.221709,0.055556,0.055556,0.053333,0.111049,8,8,8
118,8_8_8,sync,leaky,1,S=8,48,0.000000,0.233333,0.240000,0.166667,0.811118,0.385016,0.224490,-0.012092,0.010723,-0.052579,0.049589,0.111111,0.111111,0.406667,0.128268,8,8,8
119,8_8_8,sync,leaky,0,no_conv,,0.222222,0.393333,0.346667,,0.939764,0.445267,0.251701,0.499449,0.168626,-0.143977,0.305147,0.069444,0.069444,0.053333,0.197759,8,8,7
120,8_8_8,sync,leaky,1,S=8,41,0.000000,0.380000,0.240000,0.000000,0.696731,0.364618,0.251701,0.354197,0.018934,0.020502,0.255423,0.090278,0.090278,0.146667,0.140103,8,8,8
121,8_8_8,sync,leaky,1,S=8,48,0.000000,0.353333,0.160000,0.166667,0.597196,0.278893,0.272109,0.554127,0.314360,0.202784,0.348535,0.090278,0.090278,0.020000,0.203227,8,8,8
122,8_8_8,sync,leaky,1,S=8,45,0.000000,0.440000,0.360000,0.266667,1.057403,0.485912,0.231293,0.303707,0.131796,0.005430,0.323969,0.090278,0.090278,0.053333,0.163564,8,8,8
123,8_8_8,sync,leaky,1,S=8,49,0.000000,0.426667,0.400000,0.666667,1.083818,0.530577,0.292517,0.336256,0.235054,-0.073164,0.438870,0.097222,0.090278,0.053333,0.164569,8,8,8
124,8_8_8,sync,leaky,1,S=8,48,0.000000,0.480000,0.480000,0.666667,1.047276,0.544023,0.292517,0.346635,0.114561,0.144423,0.075651,0.111111,0.111111,0.060000,0.148043,8,8,8
125,8_8_8,sync,leaky,0,no_conv,,0.222222,0.186667,0.120000,,0.641311,0.293895,0.204082,0.460415,0.379530,0.141663,0.215367,0.076389,0.069444,0.160000,0.179063,8,7,8
126,8_8_8,sync,leaky,1,S=8,43,0.000000,0.240000,0.240000,0.000000,0.687750,0.367465,0.176871,0.122577,-0.020083,0.001461,0.369779,0.090278,0.090278,0.340000,0.083668,8,8,8
127,8_8_8,sync,leaky,1,S=8,49,0.000000,0.406667,0.373333,0.666667,0.987309,0.521973,0.244898,0.229717,0.001318,-0.077663,0.232086,0.111111,0.111111,0.113333,0.114516,8,8,8
128,8_8_8,sync,leaky,0,no_conv,,0.888889,0.266667,0.173333,,0.763387,0.348127,0.156463,0.415216,0.255636,0.045297,0.341183,0.062500,0.062500,0.033333,0.130330,6,8,8
129,8_8_8,sync,leaky,0,no_conv,,0.222222,0.473333,0.520000,,1.334698,0.670867,0.394558,0.378553,0.051505,-0.123854,0.247728,0.125000,0.125000,0.106667,0.254973,6,7,7
130,8_8_8,sync,leaky,1,S=8,46,0.000000,0.360000,0.293333,0.000000,0.738399,0.381917,0.197279,0.399255,0.096378,0.097567,0.388561,0.069444,0.069444,0.100000,0.130017,8,8,8
131,8_8_8,sync,leaky,0,no_conv,,0.222222,0.293333,0.146667,,0.661936,0.307484,0.312925,0.507953,0.394302,0.219727,0.338490,0.131944,0.125000,0.046667,0.229458,7,8,8
132,8_8_8,sync,leaky,0,no_conv,,0.666667,0.380000,0.306667,,0.945656,0.445727,0.210884,0.189318,-0.078076,-0.083990,0.248689,0.062500,0.062500,0.113333,0.115372,6,8,7
133,8_8_8,sync,leaky,1,S=8,47,0.000000,0.460000,0.373333,0.333333,0.959901,0.462321,0.299320,0.240002,0.122101,0.109992,0.598263,0.104167,0.104167,0.166667,0.206575,8,8,8
134,8_8_8,sync,leaky,1,S=8,46,0.000000,0.413333,0.360000,0.000000,0.954703,0.512874,0.306122,0.035182,-0.007860,-0.062681,0.155732,0.131944,0.125000,0.373333,0.116248,8,8,8
135,8_8_8,sync,leaky,0,no_conv,,0.222222,0.380000,0.426667,,1.225320,0.554748,0.272109,0.348373,0.137033,-0.044454,0.232840,0.090278,0.090278,0.066667,0.142190,8,7,8
136,8_8_8,sync,leaky,1,S=8,48,0.000000,0.400000,0.320000,0.166667,0.987237,0.500631,0.299320,0.272357,0.106190,-0.096036,0.207924,0.118056,0.111111,0.140000,0.113236,8,8,8
137,8_8_8,sync,leaky,1,S=8,47,0.000000,0.286667,0.146667,0.222222,0.685029,0.309205,0.231293,0.283093,0.265032,-0.092284,0.388683,0.118056,0.104167,0.120000,0.127205,8,8,8
138,8_8_8,sync,leaky,1,S=8,48,0.000000,0.333333,0.213333,0.000000,0.694504,0.339249,0.231293,0.374527,0.256137,-0.106649,0.347511,0.090278,0.083333,0.033333,0.127180,8,8,8
139,8_8_8,sync,leaky,0,no_conv,,0.222222,0.373333,0.360000,,0.956338,0.467014,0.190476,0.196169,0.228716,0.190530,0.379291,0.062500,0.055556,0.186667,0.187260,8,7,8
140,8_8_8,sync,leaky,0,no_conv,,0.222222,0.320000,0.253333,,0.884772,0.447656,0.258503,0.029748,0.165258,0.034387,0.329243,0.111111,0.097222,0.106667,0.093732,7,8,8
141,8_8_8,sync,leaky,1,S=8,48,0.000000,0.500000,0.520000,0.500000,1.154293,0.588724,0.292517,0.166741,0.001930,-0.106478,0.473955,0.118056,0.118056,0.200000,0.147013,8,8,8
142,8_8_8,sync,leaky,0,no_conv,,0.222222,0.273333,0.293333,,0.863037,0.433172,0.197279,0.346376,0.089287,0.083738,0.386476,0.055556,0.055556,0.080000,0.165729,7,8,8
143,8_8_8,sync,leaky,1,S=8,48,0.000000,0.613333,0.640000,0.666667,1.466434,0.734868,0.387755,0.479359,0.214166,-0.064805,0.173045,0.118056,0.111111,0.060000,0.189058,8,8,8
144,8_8_8,sync,leaky,1,S=8,47,0.000000,0.233333,0.120000,0.111111,0.608073,0.302442,0.183673,-0.054924,-0.090854,-0.051976,0.118247,0.069444,0.069444,0.233333,0.112389,8,8,8
145,8_8_8,sync,leaky,1,S=8,45,0.000000,0.280000,0.320000,0.066667,0.888427,0.428857,0.190476,0.354008,0.103219,-0.107839,0.413366,0.048611,0.048611,0.160000,0.125990,8,8,8
146,8_8_8,sync,leaky,1,S=8,49,0.000000,0.153333,0.066667,0.000000,0.487515,0.218503,0.129252,0.074972,0.080121,-0.050925,0.258593,0.055556,0.048611,0.153333,0.114899,8,8,8
147,8_8_8,sync,leaky,1,S=8,45,0.000000,0.426667,0.293333,0.133333,0.883066,0.454906,0.272109,0.142851,0.255413,-0.021847,0.363279,0.131944,0.118056,0.140000,0.116335,8,8,8
148,8_8_8,sync,leaky,0,no_conv,,0.222222,0.286667,0.280000,,0.960735,0.455465,0.292517,0.324280,0.125153,0.010995,0.256661,0.118056,0.111111,0.080000,0.132021,7,8,8
149,8_8_8,sync,leaky,1,S=8,47,0.000000,0.273333,0.240000,0.000000,0.778549,0.388751,0.197279,0.500431,0.350800,0.219647,0.534055,0.076389,0.076389,0.066667,0.151825,8,8,8
150,8_8_8,sync,leaky,1,S=8,41,0.000000,0.360000,0.440000,0.296296,1.046426,0.506908,0.217687,0.222374,-0.017781,-0.096680,0.279375,0.076389,0.076389,0.140000,0.153623,8,8,8
151,8_8_8,sync,leaky,1,S=8,48,0.000000,0.300000,0.120000,0.000000,0.618953,0.293019,0.251701,0.478671,0.261585,0.436011,0.281671,0.076389,0.076389,0.026667,0.174262,8,8,8
152,8_8_8,sync,leaky,0,no_conv,,0.222222,0.353333,0.373333,,0.995718,0.470814,0.170068,0.153780,0.083004,-0.046177,0.340791,0.055556,0.055556,0.146667,0.121845,7,8,8
153,8_8_8,sync,leaky,1,S=8,48,0.000000,0.353333,0.253333,0.000000,0.859880,0.446763,0.217687,0.132609,-0.088690,0.143736,0.262885,0.062500,0.062500,0.226667,0.135457,8,8,8
154,8_8_8,sync,leaky,1,S=8,48,0.000000,0.486667,0.346667,0.333333,1.105020,0.546165,0.319728,0.378749,0.168788,0.001734,0.225205,0.118056,0.118056,0.053333,0.167731,8,8,8
155,8_8_8,sync,leaky,1,S=8,44,0.000000,0.186667,0.120000,0.111111,0.582382,0.283132,0.217687,0.402317,0.135199,0.197734,0.200221,0.083333,0.076389,0.186667,0.136302,8,8,8
156,8_8_8,sync,leaky,1,S=8,46,0.000000,0.380000,0.386667,0.250000,1.148755,0.551228,0.217687,0.279126,-0.019521,0.012045,0.472237,0.076389,0.076389,0.186667,0.109505,8,8,8
157,8_8_8,sync,leaky,1,S=8,49,0.000000,0.313333,0.293333,0.000000,1.006670,0.469579,0.272109,0.336208,0.130864,-0.042856,0.274842,0.083333,0.083333,0.060000,0.133840,8,8,8
158,8_8_8,sync,leaky,1,S=8,46,0.000000,0.300000,0.280000,0.166667,0.792140,0.411517,0.258503,0.140523,0.095215,0.091994,0.126226,0.111111,0.104167,0.066667,0.114716,8,8,8
159,8_8_8,sync,leaky,1,S=8,49,0.000000,0.360000,0.226667,0.333333,0.796018,0.386470,0.224490,0.447327,0.238151,0.061708,0.326834,0.083333,0.083333,0.060000,0.166020,8,8,8
160,8_8_8,sync,leaky,1,S=8,49,0.000000,0.393333,0.320000,0.333333,0.900746,0.450685,0.244898,0.320492,0.158909,-0.115432,0.393034,0.083333,0.083333,0.133333,0.128766,8,8,8
161,8_8_8,sync,leaky,1,S=8,49,0.000000,0.346667,0.240000,0.333333,0.775010,0.371611,0.299320,0.292399,0.322185,0.085992,0.296157,0.118056,0.111111,0.200000,0.149497,8,8,8
162,8_8_8,sync,leaky,1,S=8,39,0.000000,0.213333,0.146667,0.060606,0.628808,0.301183,0.238095,0.383841,0.419931,0.361441,0.118774,0.118056,0.111111,0.153333,0.176176,8,8,8
163,8_8_8,sync,leaky,1,S=8,45,0.000000,0.333333,0.266667,0.066667,0.736648,0.378983,0.278912,0.223833,0.179701,-0.034497,0.105530,0.131944,0.125000,0.113333,0.130625,8,8,8
164,8_8_8,sync,leaky,0,no_conv,,0.222222,0.360000,0.346667,,1.091477,0.512941,0.285714,0.190451,0.111269,-0.022616,0.317507,0.118056,0.111111,0.040000,0.110639,7,8,8
165,8_8_8,sync,leaky,1,S=8,45,0.000000,0.466667,0.520000,0.066667,1.127005,0.617257,0.244898,0.038948,-0.109502,-0.082947,0.354603,0.104167,0.104167,0.246667,0.115297,8,8,8
166,8_8_8,sync,leaky,0,no_conv,,0.222222,0.233333,0.373333,,0.914261,0.451482,0.163265,0.081339,0.067171,0.143351,0.376201,0.055556,0.055556,0.180000,0.143566,8,8,7
167,8_8_8,sync,leaky,1,S=8,49,0.000000,0.346667,0.386667,0.000000,1.006198,0.489833,0.278912,0.165850,0.098084,-0.073913,0.139190,0.131944,0.125000,0.200000,0.121997,8,8,8
168,8_8_8,sync,leaky,1,S=8,40,0.000000,0.313333,0.320000,0.166667,1.030554,0.469290,0.265306,0.313469,0.172671,0.140600,0.231407,0.125000,0.125000,0.180000,0.193313,8,8,8
169,8_8_8,sync,leaky,1,S=8,40,0.000000,0.640000,0.546667,0.400000,1.208733,0.609899,0.340136,0.420751,0.097161,0.198398,0.401038,0.125000,0.125000,0.173333,0.161736,8,8,8
170,8_8_8,sync,leaky,1,S=8,48,0.000000,0.466667,0.333333,0.000000,1.043914,0.505143,0.346939,0.475118,0.321912,0.149576,0.249021,0.138889,0.138889,0.066667,0.268072,8,8,8
171,8_8_8,sync,leaky,0,no_conv,,0.222222,0.453333,0.386667,,1.179869,0.521469,0.312925,0.197034,0.117528,0.023510,0.245586,0.111111,0.104167,0.073333,0.168156,8,7,8
172,8_8_8,sync,leaky,1,S=8,46,0.000000,0.460000,0.453333,0.250000,1.008250,0.558790,0.244898,0.184828,0.161635,-0.019594,0.200994,0.083333,0.076389,0.280000,0.137846,8,8,8
173,8_8_8,sync,leaky,1,other_conv,49,0.000000,0.280000,0.453333,0.333333,1.315340,0.604206,0.292517,0.377987,0.163635,0.111585,0.315390,0.125000,0.125000,0.080000,0.246157,7,7,7
174,8_8_8,sync,leaky,1,S=8,48,0.000000,0.440000,0.426667,0.333333,1.124400,0.546258,0.258503,0.159730,0.021884,0.001332,0.194351,0.111111,0.104167,0.080000,0.113878,8,8,8
175,8_8_8,sync,leaky,1,S=8,48,0.000000,0.486667,0.613333,0.500000,1.365566,0.666677,0.346939,0.516251,0.397640,0.277419,0.368019,0.152778,0.145833,0.026667,0.208959,8,8,8
176,8_8_8,sync,leaky,0,no_conv,,0.222222,0.266667,0.160000,,0.634724,0.305184,0.190476,0.091732,-0.061781,-0.071767,0.223757,0.062500,0.062500,0.253333,0.145177,8,8,7
177,8_8_8,sync,leaky,1,S=8,47,0.000000,0.533333,0.480000,0.000000,1.347574,0.604846,0.340136,0.418825,0.241706,-0.025569,0.464077,0.118056,0.118056,0.046667,0.170260,8,8,8
178,8_8_8,sync,leaky,0,no_conv,,0.222222,0.346667,0.453333,,1.151490,0.590858,0.197279,0.153122,0.013657,-0.127098,0.282842,0.062500,0.062500,0.233333,0.138062,8,7,8
179,8_8_8,sync,leaky,0,no_conv,,0.666667,0.446667,0.466667,,1.309362,0.613096,0.272109,0.322067,0.154618,0.121979,0.249171,0.104167,0.097222,0.066667,0.191871,7,8,6
180,8_8_8,sync,leaky,1,S=8,48,0.000000,0.306667,0.213333,0.166667,0.771361,0.367454,0.224490,0.300141,0.261773,0.076197,0.378614,0.097222,0.097222,0.073333,0.120505,8,8,8
181,8_8_8,sync,leaky,1,S=8,44,0.000000,0.586667,0.400000,0.333333,0.963717,0.458146,0.346939,0.600572,0.442161,0.354390,0.496840,0.111111,0.111111,0.066667,0.228697,8,8,8
182,8_8_8,sync,leaky,1,S=8,46,0.000000,0.500000,0.440000,0.083333,1.038577,0.520549,0.469388,0.570987,0.368745,-0.033740,0.149767,0.173611,0.159722,0.053333,0.261565,8,8,8
183,8_8_8,sync,leaky,0,no_conv,,0.888889,0.480000,0.520000,,1.179742,0.594881,0.292517,0.328720,0.137617,0.122068,0.415887,0.138889,0.131944,0.040000,0.170352,6,8,8
184,8_8_8,sync,leaky,1,S=8,46,0.000000,0.393333,0.413333,0.000000,1.136733,0.571238,0.244898,0.131829,0.065847,0.071992,0.217206,0.104167,0.097222,0.053333,0.122993,8,8,8
185,8_8_8,sync,leaky,1,S=8,47,0.000000,0.353333,0.386667,0.222222,0.991673,0.522648,0.217687,0.303041,-0.056398,0.007323,0.250769,0.055556,0.055556,0.186667,0.114331,8,8,8
186,8_8_8,sync,leaky,1,S=8,46,0.000000,0.466667,0.533333,0.500000,1.171127,0.571284,0.238095,0.362924,0.288907,0.016205,0.352107,0.090278,0.083333,0.173333,0.138677,8,8,8
187,8_8_8,sync,leaky,1,S=8,42,0.000000,0.360000,0.213333,0.041667,0.756320,0.387715,0.238095,0.462882,0.317852,0.013464,0.467495,0.069444,0.069444,0.073333,0.132971,8,8,8
188,8_8_8,sync,leaky,1,S=8,43,0.000000,0.306667,0.226667,0.380952,0.809994,0.409069,0.176871,0.054030,-0.041727,0.257870,0.274058,0.076389,0.076389,0.233333,0.104847,8,8,8
189,8_8_8,sync,leaky,1,S=8,47,0.000000,0.513333,0.653333,0.666667,1.603903,0.763555,0.340136,0.508595,0.372772,0.066703,0.411674,0.131944,0.125000,0.080000,0.189736,8,8,8
190,8_8_8,sync,leaky,1,S=8,48,0.000000,0.426667,0.386667,0.500000,0.974556,0.486183,0.238095,0.420009,0.299855,0.214176,0.315742,0.083333,0.076389,0.033333,0.170843,8,8,8
191,8_8_8,sync,leaky,1,S=8,49,0.000000,0.253333,0.266667,0.000000,0.990059,0.440011,0.224490,0.286037,0.122336,0.041735,0.280093,0.090278,0.090278,0.046667,0.173346,8,8,8
192,8_8_8,sync,leaky,1,S=8,49,0.000000,0.373333,0.226667,0.000000,0.681925,0.314969,0.244898,0.077689,0.052760,0.142617,0.325102,0.111111,0.111111,0.246667,0.113987,8,8,8
193,8_8_8,sync,leaky,0,no_conv,,2.000000,0.506667,0.466667,,1.329746,0.598597,0.394558,0.777053,0.671438,0.280284,0.275842,0.145833,0.138889,0.026667,0.437336,8,8,5
194,8_8_8,sync,leaky,1,S=8,42,0.000000,0.460000,0.453333,0.375000,1.141936,0.578817,0.272109,0.366523,0.267597,0.198292,0.323355,0.083333,0.076389,0.046667,0.201367,8,8,8
195,8_8_8,sync,leaky,0,no_conv,,0.666667,0.526667,0.560000,,1.449502,0.659416,0.346939,0.553667,0.467453,0.284062,0.187930,0.131944,0.125000,0.020000,0.286877,6,4,5
196,8_8_8,sync,leaky,0,no_conv,,0.222222,0.380000,0.293333,,0.918878,0.467638,0.299320,0.452549,0.226805,0.230639,0.275627,0.118056,0.111111,0.060000,0.189803,8,7,8
197,8_8_8,sync,leaky,0,no_conv,,0.222222,0.446667,0.533333,,1.193542,0.630792,0.285714,0.220345,0.040704,0.049361,0.209557,0.083333,0.083333,0.093333,0.122462,8,8,7
198,8_8_8,sync,leaky,1,S=8,48,0.000000,0.346667,0.306667,0.000000,0.885046,0.458443,0.292517,0.370379,0.140711,-0.016187,0.300842,0.097222,0.090278,0.093333,0.167131,8,8,8
199,8_8_8,sync,leaky,0,no_conv,,0.222222,0.546667,0.440000,,0.962312,0.498282,0.387755,0.491167,0.473148,0.126802,0.443151,0.194444,0.187500,0.020000,0.243443,7,8,8
0,8_8_8,seq_ABC,hard,1,S=8,2,0.000000,0.000000,0.000000,0.000000,0.000000,0.000000,0.027211,0.892580,nan,nan,nan,0.000000,0.000000,0.020000,0.051373,8,8,8
1,8_8_8,seq_ABC,hard,1,S=8,2,0.000000,0.000000,0.000000,0.000000,0.000000,0.000000,0.027211,0.892580,nan,nan,nan,0.000000,0.000000,0.020000,0.051373,8,8,8
2,8_8_8,seq_ABC,hard,1,S=8,2,0.000000,0.000000,0.000000,0.000000,0.000000,0.000000,0.027211,0.892580,nan,nan,nan,0.000000,0.000000,0.020000,0.051373,8,8,8
3,8_8_8,seq_ABC,hard,1,S=8,2,0.000000,0.000000,0.000000,0.000000,0.000000,0.000000,0.027211,0.892580,nan,nan,nan,0.000000,0.000000,0.020000,0.051373,8,8,8
4,8_8_8,seq_ABC,hard,1,S=8,2,0.000000,0.000000,0.000000,0.000000,0.000000,0.000000,0.027211,0.892580,nan,nan,nan,0.000000,0.000000,0.020000,0.051373,8,8,8
5,8_8_8,seq_ABC,hard,1,S=8,2,0.000000,0.000000,0.000000,0.000000,0.000000,0.000000,0.027211,0.892580,nan,nan,nan,0.000000,0.000000,0.020000,0.051373,8,8,8
6,8_8_8,seq_ABC,hard,1,S=8,5,0.000000,0.000000,0.000000,0.000000,0.000000,0.000000,0.081633,0.164157,0.707163,nan,nan,0.055556,0.041667,0.340000,0.079188,8,8,8
7,8_8_8,seq_ABC,hard,1,S=8,2,0.000000,0.000000,0.000000,0.000000,0.000000,0.000000,0.027211,0.892580,nan,nan,nan,0.000000,0.000000,0.020000,0.051373,8,8,8
8,8_8_8,seq_ABC,hard,1,S=8,2,0.000000,0.000000,0.000000,0.000000,0.000000,0.000000,0.027211,0.892580,nan,nan,nan,0.000000,0.000000,0.020000,0.051373,8,8,8
9,8_8_8,seq_ABC,hard,1,S=8,2,0.000000,0.000000,0.000000,0.000000,0.000000,0.000000,0.027211,0.892580,nan,nan,nan,0.000000,0.000000,0.020000,0.051373,8,8,8
10,8_8_8,seq_ABC,hard,1,S=8,5,0.000000,0.000000,0.000000,0.000000,0.000000,0.000000,0.068027,0.215740,0.653204,nan,nan,0.034722,0.020833,0.180000,0.083167,8,8,8
11,8_8_8,seq_ABC,hard,1,S=8,2,0.000000,0.000000,0.000000,0.000000,0.000000,0.000000,0.027211,0.892580,nan,nan,nan,0.000000,0.000000,0.020000,0.051373,8,8,8
12,8_8_8,seq_ABC,hard,1,S=8,2,0.000000,0.000000,0.000000,0.000000,0.000000,0.000000,0.027211,0.892580,nan,nan,nan,0.000000,0.000000,0.020000,0.051373,8,8,8
13,8_8_8,seq_ABC,hard,1,S=8,2,0.000000,0.000000,0.000000,0.000000,0.000000,0.000000,0.027211,0.892580,nan,nan,nan,0.000000,0.000000,0.020000,0.051373,8,8,8
14,8_8_8,seq_ABC,hard,1,S=8,2,0.000000,0.000000,0.000000,0.000000,0.000000,0.000000,0.027211,0.892580,nan,nan,nan,0.000000,0.000000,0.020000,0.051373,8,8,8
15,8_8_8,seq_ABC,hard,1,S=8,2,0.000000,0.000000,0.000000,0.000000,0.000000,0.000000,0.027211,0.892580,nan,nan,nan,0.000000,0.000000,0.020000,0.051373,8,8,8
16,8_8_8,seq_ABC,hard,1,S=8,2,0.000000,0.000000,0.000000,0.000000,0.000000,0.000000,0.027211,0.892580,nan,nan,nan,0.000000,0.000000,0.020000,0.051373,8,8,8
17,8_8_8,seq_ABC,hard,1,S=8,2,0.000000,0.000000,0.000000,0.000000,0.000000,0.000000,0.027211,0.892580,nan,nan,nan,0.000000,0.000000,0.020000,0.051373,8,8,8
18,8_8_8,seq_ABC,hard,1,S=8,2,0.000000,0.000000,0.000000,0.000000,0.000000,0.000000,0.027211,0.892580,nan,nan,nan,0.000000,0.000000,0.020000,0.051373,8,8,8
19,8_8_8,seq_ABC,hard,1,S=8,2,0.000000,0.000000,0.000000,0.000000,0.000000,0.000000,0.027211,0.892580,nan,nan,nan,0.000000,0.000000,0.020000,0.051373,8,8,8
20,8_8_8,seq_ABC,hard,1,S=8,2,0.000000,0.000000,0.000000,0.000000,0.000000,0.000000,0.027211,0.892580,nan,nan,nan,0.000000,0.000000,0.020000,0.051373,8,8,8
21,8_8_8,seq_ABC,hard,1,S=8,2,0.000000,0.000000,0.000000,0.000000,0.000000,0.000000,0.027211,0.892580,nan,nan,nan,0.000000,0.000000,0.020000,0.051373,8,8,8
22,8_8_8,seq_ABC,hard,1,S=8,2,0.000000,0.000000,0.000000,0.000000,0.000000,0.000000,0.027211,0.892580,nan,nan,nan,0.000000,0.000000,0.020000,0.051373,8,8,8
23,8_8_8,seq_ABC,hard,1,S=8,2,0.000000,0.000000,0.000000,0.000000,0.000000,0.000000,0.027211,0.892580,nan,nan,nan,0.000000,0.000000,0.020000,0.051373,8,8,8
24,8_8_8,seq_ABC,hard,1,S=8,2,0.000000,0.000000,0.000000,0.000000,0.000000,0.000000,0.027211,0.892580,nan,nan,nan,0.000000,0.000000,0.020000,0.051373,8,8,8
25,8_8_8,seq_ABC,hard,1,S=8,2,0.000000,0.000000,0.000000,0.000000,0.000000,0.000000,0.027211,0.892580,nan,nan,nan,0.000000,0.000000,0.020000,0.051373,8,8,8
26,8_8_8,seq_ABC,hard,1,S=8,2,0.000000,0.000000,0.000000,0.000000,0.000000,0.000000,0.027211,0.892580,nan,nan,nan,0.000000,0.000000,0.020000,0.051373,8,8,8
27,8_8_8,seq_ABC,hard,1,S=8,2,0.000000,0.000000,0.000000,0.000000,0.000000,0.000000,0.027211,0.892580,nan,nan,nan,0.000000,0.000000,0.020000,0.051373,8,8,8
28,8_8_8,seq_ABC,hard,1,S=8,2,0.000000,0.000000,0.000000,0.000000,0.000000,0.000000,0.027211,0.892580,nan,nan,nan,0.000000,0.000000,0.020000,0.051373,8,8,8
29,8_8_8,seq_ABC,hard,1,S=8,2,0.000000,0.000000,0.000000,0.000000,0.000000,0.000000,0.027211,0.892580,nan,nan,nan,0.000000,0.000000,0.020000,0.051373,8,8,8
30,8_8_8,seq_ABC,hard,1,S=8,2,0.000000,0.000000,0.000000,0.000000,0.000000,0.000000,0.027211,0.892580,nan,nan,nan,0.000000,0.000000,0.020000,0.051373,8,8,8
31,8_8_8,seq_ABC,hard,1,S=8,2,0.000000,0.000000,0.000000,0.000000,0.000000,0.000000,0.027211,0.892580,nan,nan,nan,0.000000,0.000000,0.020000,0.051373,8,8,8
32,8_8_8,seq_ABC,hard,1,S=8,2,0.000000,0.000000,0.000000,0.000000,0.000000,0.000000,0.027211,0.892580,nan,nan,nan,0.000000,0.000000,0.020000,0.051373,8,8,8
33,8_8_8,seq_ABC,hard,1,S=8,2,0.000000,0.000000,0.000000,0.000000,0.000000,0.000000,0.027211,0.892580,nan,nan,nan,0.000000,0.000000,0.020000,0.051373,8,8,8
34,8_8_8,seq_ABC,hard,1,S=8,2,0.000000,0.000000,0.000000,0.000000,0.000000,0.000000,0.027211,0.892580,nan,nan,nan,0.000000,0.000000,0.020000,0.051373,8,8,8
35,8_8_8,seq_ABC,hard,1,S=8,2,0.000000,0.000000,0.000000,0.000000,0.000000,0.000000,0.027211,0.892580,nan,nan,nan,0.000000,0.000000,0.020000,0.051373,8,8,8
36,8_8_8,seq_ABC,hard,1,S=8,2,0.000000,0.000000,0.000000,0.000000,0.000000,0.000000,0.027211,0.892580,nan,nan,nan,0.000000,0.000000,0.020000,0.051373,8,8,8
37,8_8_8,seq_ABC,hard,1,S=8,2,0.000000,0.000000,0.000000,0.000000,0.000000,0.000000,0.027211,0.892580,nan,nan,nan,0.000000,0.000000,0.020000,0.051373,8,8,8
38,8_8_8,seq_ABC,hard,1,S=8,2,0.000000,0.000000,0.000000,0.000000,0.000000,0.000000,0.027211,0.892580,nan,nan,nan,0.000000,0.000000,0.020000,0.051373,8,8,8
39,8_8_8,seq_ABC,hard,1,S=8,2,0.000000,0.000000,0.000000,0.000000,0.000000,0.000000,0.027211,0.892580,nan,nan,nan,0.000000,0.000000,0.020000,0.051373,8,8,8
40,8_8_8,seq_ABC,hard,1,S=8,2,0.000000,0.000000,0.000000,0.000000,0.000000,0.000000,0.027211,0.892580,nan,nan,nan,0.000000,0.000000,0.020000,0.051373,8,8,8
41,8_8_8,seq_ABC,hard,1,S=8,2,0.000000,0.000000,0.000000,0.000000,0.000000,0.000000,0.027211,0.892580,nan,nan,nan,0.000000,0.000000,0.020000,0.051373,8,8,8
42,8_8_8,seq_ABC,hard,1,S=8,2,0.000000,0.000000,0.000000,0.000000,0.000000,0.000000,0.027211,0.892580,nan,nan,nan,0.000000,0.000000,0.020000,0.051373,8,8,8
43,8_8_8,seq_ABC,hard,1,S=8,2,0.000000,0.000000,0.000000,0.000000,0.000000,0.000000,0.027211,0.892580,nan,nan,nan,0.000000,0.000000,0.020000,0.051373,8,8,8
44,8_8_8,seq_ABC,hard,1,S=8,2,0.000000,0.000000,0.000000,0.000000,0.000000,0.000000,0.027211,0.892580,nan,nan,nan,0.000000,0.000000,0.020000,0.051373,8,8,8
45,8_8_8,seq_ABC,hard,1,S=8,2,0.000000,0.000000,0.000000,0.000000,0.000000,0.000000,0.027211,0.892580,nan,nan,nan,0.000000,0.000000,0.020000,0.051373,8,8,8
46,8_8_8,seq_ABC,hard,1,S=8,2,0.000000,0.000000,0.000000,0.000000,0.000000,0.000000,0.027211,0.892580,nan,nan,nan,0.000000,0.000000,0.020000,0.051373,8,8,8
47,8_8_8,seq_ABC,hard,1,S=8,2,0.000000,0.000000,0.000000,0.000000,0.000000,0.000000,0.027211,0.892580,nan,nan,nan,0.000000,0.000000,0.020000,0.051373,8,8,8
48,8_8_8,seq_ABC,hard,1,S=8,2,0.000000,0.000000,0.000000,0.000000,0.000000,0.000000,0.027211,0.892580,nan,nan,nan,0.000000,0.000000,0.020000,0.051373,8,8,8
49,8_8_8,seq_ABC,hard,1,S=8,2,0.000000,0.000000,0.000000,0.000000,0.000000,0.000000,0.027211,0.892580,nan,nan,nan,0.000000,0.000000,0.020000,0.051373,8,8,8
50,8_8_8,seq_ABC,hard,1,S=8,2,0.000000,0.000000,0.000000,0.000000,0.000000,0.000000,0.027211,0.892580,nan,nan,nan,0.000000,0.000000,0.020000,0.051373,8,8,8
51,8_8_8,seq_ABC,hard,1,S=8,2,0.000000,0.000000,0.000000,0.000000,0.000000,0.000000,0.027211,0.892580,nan,nan,nan,0.000000,0.000000,0.020000,0.051373,8,8,8
52,8_8_8,seq_ABC,hard,1,S=8,2,0.000000,0.000000,0.000000,0.000000,0.000000,0.000000,0.034014,0.941237,nan,nan,nan,0.000000,0.000000,0.020000,0.055270,8,8,8
53,8_8_8,seq_ABC,hard,1,S=8,2,0.000000,0.000000,0.000000,0.000000,0.000000,0.000000,0.027211,0.892580,nan,nan,nan,0.000000,0.000000,0.020000,0.051373,8,8,8
54,8_8_8,seq_ABC,hard,1,S=8,2,0.000000,0.000000,0.000000,0.000000,0.000000,0.000000,0.027211,0.892580,nan,nan,nan,0.000000,0.000000,0.020000,0.051373,8,8,8
55,8_8_8,seq_ABC,hard,1,S=8,2,0.000000,0.000000,0.000000,0.000000,0.000000,0.000000,0.027211,0.892580,nan,nan,nan,0.000000,0.000000,0.020000,0.051373,8,8,8
56,8_8_8,seq_ABC,hard,1,S=8,2,0.000000,0.000000,0.000000,0.000000,0.000000,0.000000,0.027211,0.892580,nan,nan,nan,0.000000,0.000000,0.020000,0.051373,8,8,8
57,8_8_8,seq_ABC,hard,1,S=8,2,0.000000,0.000000,0.000000,0.000000,0.000000,0.000000,0.027211,0.892580,nan,nan,nan,0.000000,0.000000,0.020000,0.051373,8,8,8
58,8_8_8,seq_ABC,hard,1,S=8,2,0.000000,0.000000,0.000000,0.000000,0.000000,0.000000,0.027211,0.892580,nan,nan,nan,0.000000,0.000000,0.020000,0.051373,8,8,8
59,8_8_8,seq_ABC,hard,1,S=8,2,0.000000,0.000000,0.000000,0.000000,0.000000,0.000000,0.027211,0.892580,nan,nan,nan,0.000000,0.000000,0.020000,0.051373,8,8,8
60,8_8_8,seq_ABC,hard,1,S=8,2,0.000000,0.000000,0.000000,0.000000,0.000000,0.000000,0.027211,0.892580,nan,nan,nan,0.000000,0.000000,0.020000,0.051373,8,8,8
61,8_8_8,seq_ABC,hard,1,S=8,2,0.000000,0.000000,0.000000,0.000000,0.000000,0.000000,0.027211,0.892580,nan,nan,nan,0.000000,0.000000,0.020000,0.051373,8,8,8
62,8_8_8,seq_ABC,hard,1,S=8,2,0.000000,0.000000,0.000000,0.000000,0.000000,0.000000,0.027211,0.892580,nan,nan,nan,0.000000,0.000000,0.020000,0.051373,8,8,8
63,8_8_8,seq_ABC,hard,1,S=8,2,0.000000,0.000000,0.000000,0.000000,0.000000,0.000000,0.027211,0.892580,nan,nan,nan,0.000000,0.000000,0.020000,0.051373,8,8,8
64,8_8_8,seq_ABC,hard,1,S=8,2,0.000000,0.000000,0.000000,0.000000,0.000000,0.000000,0.027211,0.892580,nan,nan,nan,0.000000,0.000000,0.020000,0.051373,8,8,8
65,8_8_8,seq_ABC,hard,1,S=8,2,0.000000,0.000000,0.000000,0.000000,0.000000,0.000000,0.027211,0.892580,nan,nan,nan,0.000000,0.000000,0.020000,0.051373,8,8,8
66,8_8_8,seq_ABC,hard,1,S=8,2,0.000000,0.000000,0.000000,0.000000,0.000000,0.000000,0.027211,0.892580,nan,nan,nan,0.000000,0.000000,0.020000,0.051373,8,8,8
67,8_8_8,seq_ABC,hard,1,S=8,2,0.000000,0.000000,0.000000,0.000000,0.000000,0.000000,0.027211,0.892580,nan,nan,nan,0.000000,0.000000,0.020000,0.051373,8,8,8
68,8_8_8,seq_ABC,hard,1,S=8,2,0.000000,0.000000,0.000000,0.000000,0.000000,0.000000,0.027211,0.892580,nan,nan,nan,0.000000,0.000000,0.020000,0.051373,8,8,8
69,8_8_8,seq_ABC,hard,1,S=8,2,0.000000,0.000000,0.000000,0.000000,0.000000,0.000000,0.027211,0.892580,nan,nan,nan,0.000000,0.000000,0.020000,0.051373,8,8,8
70,8_8_8,seq_ABC,hard,1,S=8,2,0.000000,0.000000,0.000000,0.000000,0.000000,0.000000,0.027211,0.892580,nan,nan,nan,0.000000,0.000000,0.020000,0.051373,8,8,8
71,8_8_8,seq_ABC,hard,1,S=8,2,0.000000,0.000000,0.000000,0.000000,0.000000,0.000000,0.027211,0.892580,nan,nan,nan,0.000000,0.000000,0.020000,0.051373,8,8,8
72,8_8_8,seq_ABC,hard,1,S=8,2,0.000000,0.000000,0.000000,0.000000,0.000000,0.000000,0.027211,0.892580,nan,nan,nan,0.000000,0.000000,0.020000,0.051373,8,8,8
73,8_8_8,seq_ABC,hard,1,S=8,2,0.000000,0.000000,0.000000,0.000000,0.000000,0.000000,0.027211,0.892580,nan,nan,nan,0.000000,0.000000,0.020000,0.051373,8,8,8
74,8_8_8,seq_ABC,hard,1,S=8,2,0.000000,0.000000,0.000000,0.000000,0.000000,0.000000,0.027211,0.892580,nan,nan,nan,0.000000,0.000000,0.020000,0.051373,8,8,8
75,8_8_8,seq_ABC,hard,1,S=8,2,0.000000,0.000000,0.000000,0.000000,0.000000,0.000000,0.027211,0.892580,nan,nan,nan,0.000000,0.000000,0.020000,0.051373,8,8,8
76,8_8_8,seq_ABC,hard,1,S=8,2,0.000000,0.000000,0.000000,0.000000,0.000000,0.000000,0.027211,0.892580,nan,nan,nan,0.000000,0.000000,0.020000,0.051373,8,8,8
77,8_8_8,seq_ABC,hard,1,S=8,2,0.000000,0.000000,0.000000,0.000000,0.000000,0.000000,0.027211,0.892580,nan,nan,nan,0.000000,0.000000,0.020000,0.051373,8,8,8
78,8_8_8,seq_ABC,hard,1,S=8,2,0.000000,0.000000,0.000000,0.000000,0.000000,0.000000,0.027211,0.892580,nan,nan,nan,0.000000,0.000000,0.020000,0.051373,8,8,8
79,8_8_8,seq_ABC,hard,1,S=8,2,0.000000,0.000000,0.000000,0.000000,0.000000,0.000000,0.027211,0.892580,nan,nan,nan,0.000000,0.000000,0.020000,0.051373,8,8,8
80,8_8_8,seq_ABC,hard,1,S=8,2,0.000000,0.000000,0.000000,0.000000,0.000000,0.000000,0.027211,0.892580,nan,nan,nan,0.000000,0.000000,0.020000,0.051373,8,8,8
81,8_8_8,seq_ABC,hard,1,S=8,2,0.000000,0.000000,0.000000,0.000000,0.000000,0.000000,0.027211,0.892580,nan,nan,nan,0.000000,0.000000,0.020000,0.051373,8,8,8
82,8_8_8,seq_ABC,hard,1,S=8,2,0.000000,0.000000,0.000000,0.000000,0.000000,0.000000,0.027211,0.892580,nan,nan,nan,0.000000,0.000000,0.020000,0.051373,8,8,8
83,8_8_8,seq_ABC,hard,1,S=8,2,0.000000,0.000000,0.000000,0.000000,0.000000,0.000000,0.027211,0.892580,nan,nan,nan,0.000000,0.000000,0.020000,0.051373,8,8,8
84,8_8_8,seq_ABC,hard,1,S=8,2,0.000000,0.000000,0.000000,0.000000,0.000000,0.000000,0.027211,0.892580,nan,nan,nan,0.000000,0.000000,0.020000,0.051373,8,8,8
85,8_8_8,seq_ABC,hard,1,S=8,2,0.000000,0.000000,0.000000,0.000000,0.000000,0.000000,0.027211,0.892580,nan,nan,nan,0.000000,0.000000,0.020000,0.051373,8,8,8
86,8_8_8,seq_ABC,hard,1,S=8,2,0.000000,0.000000,0.000000,0.000000,0.000000,0.000000,0.027211,0.892580,nan,nan,nan,0.000000,0.000000,0.020000,0.051373,8,8,8
87,8_8_8,seq_ABC,hard,1,S=8,2,0.000000,0.000000,0.000000,0.000000,0.000000,0.000000,0.027211,0.892580,nan,nan,nan,0.000000,0.000000,0.020000,0.051373,8,8,8
88,8_8_8,seq_ABC,hard,1,S=8,2,0.000000,0.000000,0.000000,0.000000,0.000000,0.000000,0.027211,0.892580,nan,nan,nan,0.000000,0.000000,0.020000,0.051373,8,8,8
89,8_8_8,seq_ABC,hard,1,S=8,2,0.000000,0.000000,0.000000,0.000000,0.000000,0.000000,0.027211,0.892580,nan,nan,nan,0.000000,0.000000,0.020000,0.051373,8,8,8
90,8_8_8,seq_ABC,hard,1,S=8,2,0.000000,0.000000,0.000000,0.000000,0.000000,0.000000,0.027211,0.892580,nan,nan,nan,0.000000,0.000000,0.020000,0.051373,8,8,8
91,8_8_8,seq_ABC,hard,1,S=8,2,0.000000,0.000000,0.000000,0.000000,0.000000,0.000000,0.027211,0.892580,nan,nan,nan,0.000000,0.000000,0.020000,0.051373,8,8,8
92,8_8_8,seq_ABC,hard,1,S=8,2,0.000000,0.000000,0.000000,0.000000,0.000000,0.000000,0.027211,0.892580,nan,nan,nan,0.000000,0.000000,0.020000,0.051373,8,8,8
93,8_8_8,seq_ABC,hard,1,S=8,2,0.000000,0.000000,0.000000,0.000000,0.000000,0.000000,0.027211,0.892580,nan,nan,nan,0.000000,0.000000,0.020000,0.051373,8,8,8
94,8_8_8,seq_ABC,hard,1,S=8,2,0.000000,0.000000,0.000000,0.000000,0.000000,0.000000,0.027211,0.892580,nan,nan,nan,0.000000,0.000000,0.020000,0.051373,8,8,8
95,8_8_8,seq_ABC,hard,1,S=8,2,0.000000,0.000000,0.000000,0.000000,0.000000,0.000000,0.027211,0.892580,nan,nan,nan,0.000000,0.000000,0.020000,0.051373,8,8,8
96,8_8_8,seq_ABC,hard,1,S=8,2,0.000000,0.000000,0.000000,0.000000,0.000000,0.000000,0.027211,0.892580,nan,nan,nan,0.000000,0.000000,0.020000,0.051373,8,8,8
97,8_8_8,seq_ABC,hard,1,S=8,2,0.000000,0.000000,0.000000,0.000000,0.000000,0.000000,0.027211,0.892580,nan,nan,nan,0.000000,0.000000,0.020000,0.051373,8,8,8
98,8_8_8,seq_ABC,hard,1,S=8,2,0.000000,0.000000,0.000000,0.000000,0.000000,0.000000,0.027211,0.892580,nan,nan,nan,0.000000,0.000000,0.020000,0.051373,8,8,8
99,8_8_8,seq_ABC,hard,1,S=8,2,0.000000,0.000000,0.000000,0.000000,0.000000,0.000000,0.027211,0.892580,nan,nan,nan,0.000000,0.000000,0.020000,0.051373,8,8,8
100,8_8_8,seq_ABC,hard,1,S=8,2,0.000000,0.000000,0.000000,0.000000,0.000000,0.000000,0.027211,0.892580,nan,nan,nan,0.000000,0.000000,0.020000,0.051373,8,8,8
101,8_8_8,seq_ABC,hard,1,S=8,2,0.000000,0.000000,0.000000,0.000000,0.000000,0.000000,0.027211,0.892580,nan,nan,nan,0.000000,0.000000,0.020000,0.051373,8,8,8
102,8_8_8,seq_ABC,hard,1,S=8,2,0.000000,0.000000,0.000000,0.000000,0.000000,0.000000,0.027211,0.892580,nan,nan,nan,0.000000,0.000000,0.020000,0.051373,8,8,8
103,8_8_8,seq_ABC,hard,1,S=8,2,0.000000,0.000000,0.000000,0.000000,0.000000,0.000000,0.027211,0.892580,nan,nan,nan,0.000000,0.000000,0.020000,0.051373,8,8,8
104,8_8_8,seq_ABC,hard,1,S=8,2,0.000000,0.000000,0.000000,0.000000,0.000000,0.000000,0.027211,0.892580,nan,nan,nan,0.000000,0.000000,0.020000,0.051373,8,8,8
105,8_8_8,seq_ABC,hard,1,S=8,2,0.000000,0.000000,0.000000,0.000000,0.000000,0.000000,0.027211,0.892580,nan,nan,nan,0.000000,0.000000,0.020000,0.051373,8,8,8
106,8_8_8,seq_ABC,hard,1,S=8,2,0.000000,0.000000,0.000000,0.000000,0.000000,0.000000,0.027211,0.892580,nan,nan,nan,0.000000,0.000000,0.020000,0.051373,8,8,8
107,8_8_8,seq_ABC,hard,1,S=8,2,0.000000,0.000000,0.000000,0.000000,0.000000,0.000000,0.027211,0.892580,nan,nan,nan,0.000000,0.000000,0.020000,0.051373,8,8,8
108,8_8_8,seq_ABC,hard,1,S=8,2,0.000000,0.000000,0.000000,0.000000,0.000000,0.000000,0.027211,0.892580,nan,nan,nan,0.000000,0.000000,0.020000,0.051373,8,8,8
109,8_8_8,seq_ABC,hard,1,S=8,2,0.000000,0.000000,0.000000,0.000000,0.000000,0.000000,0.027211,0.892580,nan,nan,nan,0.000000,0.000000,0.020000,0.051373,8,8,8
110,8_8_8,seq_ABC,hard,1,S=8,2,0.000000,0.000000,0.000000,0.000000,0.000000,0.000000,0.027211,0.892580,nan,nan,nan,0.000000,0.000000,0.020000,0.051373,8,8,8
111,8_8_8,seq_ABC,hard,1,S=8,2,0.000000,0.000000,0.000000,0.000000,0.000000,0.000000,0.027211,0.892580,nan,nan,nan,0.000000,0.000000,0.020000,0.051373,8,8,8
112,8_8_8,seq_ABC,hard,1,S=8,2,0.000000,0.000000,0.000000,0.000000,0.000000,0.000000,0.027211,0.892580,nan,nan,nan,0.000000,0.000000,0.020000,0.051373,8,8,8
113,8_8_8,seq_ABC,hard,1,S=8,2,0.000000,0.000000,0.000000,0.000000,0.000000,0.000000,0.027211,0.892580,nan,nan,nan,0.000000,0.000000,0.020000,0.051373,8,8,8
114,8_8_8,seq_ABC,hard,1,S=8,2,0.000000,0.000000,0.000000,0.000000,0.000000,0.000000,0.027211,0.892580,nan,nan,nan,0.000000,0.000000,0.020000,0.051373,8,8,8
115,8_8_8,seq_ABC,hard,1,S=8,2,0.000000,0.000000,0.000000,0.000000,0.000000,0.000000,0.027211,0.892580,nan,nan,nan,0.000000,0.000000,0.020000,0.051373,8,8,8
116,8_8_8,seq_ABC,hard,1,S=8,2,0.000000,0.000000,0.000000,0.000000,0.000000,0.000000,0.027211,0.892580,nan,nan,nan,0.000000,0.000000,0.020000,0.051373,8,8,8
117,8_8_8,seq_ABC,hard,1,S=8,2,0.000000,0.000000,0.000000,0.000000,0.000000,0.000000,0.027211,0.892580,nan,nan,nan,0.000000,0.000000,0.020000,0.051373,8,8,8
118,8_8_8,seq_ABC,hard,1,S=8,2,0.000000,0.000000,0.000000,0.000000,0.000000,0.000000,0.027211,0.892580,nan,nan,nan,0.000000,0.000000,0.020000,0.051373,8,8,8
119,8_8_8,seq_ABC,hard,1,S=8,2,0.000000,0.000000,0.000000,0.000000,0.000000,0.000000,0.027211,0.892580,nan,nan,nan,0.000000,0.000000,0.020000,0.051373,8,8,8
120,8_8_8,seq_ABC,hard,1,S=8,2,0.000000,0.000000,0.000000,0.000000,0.000000,0.000000,0.027211,0.892580,nan,nan,nan,0.000000,0.000000,0.020000,0.051373,8,8,8
121,8_8_8,seq_ABC,hard,1,S=8,2,0.000000,0.000000,0.000000,0.000000,0.000000,0.000000,0.027211,0.892580,nan,nan,nan,0.000000,0.000000,0.020000,0.051373,8,8,8
122,8_8_8,seq_ABC,hard,1,S=8,2,0.000000,0.000000,0.000000,0.000000,0.000000,0.000000,0.027211,0.892580,nan,nan,nan,0.000000,0.000000,0.020000,0.051373,8,8,8
123,8_8_8,seq_ABC,hard,1,S=8,2,0.000000,0.000000,0.000000,0.000000,0.000000,0.000000,0.027211,0.892580,nan,nan,nan,0.000000,0.000000,0.020000,0.051373,8,8,8
124,8_8_8,seq_ABC,hard,1,S=8,2,0.000000,0.000000,0.000000,0.000000,0.000000,0.000000,0.027211,0.892580,nan,nan,nan,0.000000,0.000000,0.020000,0.051373,8,8,8
125,8_8_8,seq_ABC,hard,1,S=8,2,0.000000,0.000000,0.000000,0.000000,0.000000,0.000000,0.027211,0.892580,nan,nan,nan,0.000000,0.000000,0.020000,0.051373,8,8,8
126,8_8_8,seq_ABC,hard,1,S=8,2,0.000000,0.000000,0.000000,0.000000,0.000000,0.000000,0.027211,0.892580,nan,nan,nan,0.000000,0.000000,0.020000,0.051373,8,8,8
127,8_8_8,seq_ABC,hard,1,S=8,2,0.000000,0.000000,0.000000,0.000000,0.000000,0.000000,0.027211,0.892580,nan,nan,nan,0.000000,0.000000,0.020000,0.051373,8,8,8
128,8_8_8,seq_ABC,hard,1,S=8,2,0.000000,0.000000,0.000000,0.000000,0.000000,0.000000,0.027211,0.892580,nan,nan,nan,0.000000,0.000000,0.020000,0.051373,8,8,8
129,8_8_8,seq_ABC,hard,1,S=8,2,0.000000,0.000000,0.000000,0.000000,0.000000,0.000000,0.027211,0.892580,nan,nan,nan,0.000000,0.000000,0.020000,0.051373,8,8,8
130,8_8_8,seq_ABC,hard,1,S=8,2,0.000000,0.000000,0.000000,0.000000,0.000000,0.000000,0.027211,0.892580,nan,nan,nan,0.000000,0.000000,0.020000,0.051373,8,8,8
131,8_8_8,seq_ABC,hard,1,S=8,2,0.000000,0.000000,0.000000,0.000000,0.000000,0.000000,0.027211,0.892580,nan,nan,nan,0.000000,0.000000,0.020000,0.051373,8,8,8
132,8_8_8,seq_ABC,hard,1,S=8,2,0.000000,0.000000,0.000000,0.000000,0.000000,0.000000,0.027211,0.892580,nan,nan,nan,0.000000,0.000000,0.020000,0.051373,8,8,8
133,8_8_8,seq_ABC,hard,1,S=8,2,0.000000,0.000000,0.000000,0.000000,0.000000,0.000000,0.027211,0.892580,nan,nan,nan,0.000000,0.000000,0.020000,0.051373,8,8,8
134,8_8_8,seq_ABC,hard,1,S=8,2,0.000000,0.000000,0.000000,0.000000,0.000000,0.000000,0.027211,0.892580,nan,nan,nan,0.000000,0.000000,0.020000,0.051373,8,8,8
135,8_8_8,seq_ABC,hard,1,S=8,2,0.000000,0.000000,0.000000,0.000000,0.000000,0.000000,0.027211,0.892580,nan,nan,nan,0.000000,0.000000,0.020000,0.051373,8,8,8
136,8_8_8,seq_ABC,hard,1,S=8,2,0.000000,0.000000,0.000000,0.000000,0.000000,0.000000,0.027211,0.892580,nan,nan,nan,0.000000,0.000000,0.020000,0.051373,8,8,8
137,8_8_8,seq_ABC,hard,1,S=8,2,0.000000,0.000000,0.000000,0.000000,0.000000,0.000000,0.027211,0.892580,nan,nan,nan,0.000000,0.000000,0.020000,0.051373,8,8,8
138,8_8_8,seq_ABC,hard,1,S=8,2,0.000000,0.000000,0.000000,0.000000,0.000000,0.000000,0.027211,0.892580,nan,nan,nan,0.000000,0.000000,0.020000,0.051373,8,8,8
139,8_8_8,seq_ABC,hard,1,S=8,2,0.000000,0.000000,0.000000,0.000000,0.000000,0.000000,0.027211,0.892580,nan,nan,nan,0.000000,0.000000,0.020000,0.051373,8,8,8
140,8_8_8,seq_ABC,hard,1,S=8,2,0.000000,0.000000,0.000000,0.000000,0.000000,0.000000,0.027211,0.892580,nan,nan,nan,0.000000,0.000000,0.020000,0.051373,8,8,8
141,8_8_8,seq_ABC,hard,1,S=8,2,0.000000,0.000000,0.000000,0.000000,0.000000,0.000000,0.027211,0.892580,nan,nan,nan,0.000000,0.000000,0.020000,0.051373,8,8,8
142,8_8_8,seq_ABC,hard,1,S=8,2,0.000000,0.000000,0.000000,0.000000,0.000000,0.000000,0.027211,0.892580,nan,nan,nan,0.000000,0.000000,0.020000,0.051373,8,8,8
143,8_8_8,seq_ABC,hard,1,S=8,2,0.000000,0.000000,0.000000,0.000000,0.000000,0.000000,0.027211,0.892580,nan,nan,nan,0.000000,0.000000,0.020000,0.051373,8,8,8
144,8_8_8,seq_ABC,hard,1,S=8,2,0.000000,0.000000,0.000000,0.000000,0.000000,0.000000,0.027211,0.892580,nan,nan,nan,0.000000,0.000000,0.020000,0.051373,8,8,8
145,8_8_8,seq_ABC,hard,1,S=8,2,0.000000,0.000000,0.000000,0.000000,0.000000,0.000000,0.027211,0.892580,nan,nan,nan,0.000000,0.000000,0.020000,0.051373,8,8,8
146,8_8_8,seq_ABC,hard,1,S=8,2,0.000000,0.000000,0.000000,0.000000,0.000000,0.000000,0.027211,0.892580,nan,nan,nan,0.000000,0.000000,0.020000,0.051373,8,8,8
147,8_8_8,seq_ABC,hard,1,S=8,2,0.000000,0.000000,0.000000,0.000000,0.000000,0.000000,0.027211,0.892580,nan,nan,nan,0.000000,0.000000,0.020000,0.051373,8,8,8
148,8_8_8,seq_ABC,hard,1,S=8,2,0.000000,0.000000,0.000000,0.000000,0.000000,0.000000,0.027211,0.892580,nan,nan,nan,0.000000,0.000000,0.020000,0.051373,8,8,8
149,8_8_8,seq_ABC,hard,1,S=8,2,0.000000,0.000000,0.000000,0.000000,0.000000,0.000000,0.027211,0.892580,nan,nan,nan,0.000000,0.000000,0.020000,0.051373,8,8,8
150,8_8_8,seq_ABC,hard,1,S=8,2,0.000000,0.000000,0.000000,0.000000,0.000000,0.000000,0.027211,0.892580,nan,nan,nan,0.000000,0.000000,0.020000,0.051373,8,8,8
151,8_8_8,seq_ABC,hard,1,S=8,2,0.000000,0.000000,0.000000,0.000000,0.000000,0.000000,0.027211,0.892580,nan,nan,nan,0.000000,0.000000,0.020000,0.051373,8,8,8
152,8_8_8,seq_ABC,hard,1,S=8,2,0.000000,0.000000,0.000000,0.000000,0.000000,0.000000,0.027211,0.892580,nan,nan,nan,0.000000,0.000000,0.020000,0.051373,8,8,8
153,8_8_8,seq_ABC,hard,1,S=8,2,0.000000,0.000000,0.000000,0.000000,0.000000,0.000000,0.027211,0.892580,nan,nan,nan,0.000000,0.000000,0.020000,0.051373,8,8,8
154,8_8_8,seq_ABC,hard,1,S=8,2,0.000000,0.000000,0.000000,0.000000,0.000000,0.000000,0.027211,0.892580,nan,nan,nan,0.000000,0.000000,0.020000,0.051373,8,8,8
155,8_8_8,seq_ABC,hard,1,S=8,2,0.000000,0.000000,0.000000,0.000000,0.000000,0.000000,0.027211,0.892580,nan,nan,nan,0.000000,0.000000,0.020000,0.051373,8,8,8
156,8_8_8,seq_ABC,hard,1,S=8,2,0.000000,0.000000,0.000000,0.000000,0.000000,0.000000,0.027211,0.892580,nan,nan,nan,0.000000,0.000000,0.020000,0.051373,8,8,8
157,8_8_8,seq_ABC,hard,1,S=8,2,0.000000,0.000000,0.000000,0.000000,0.000000,0.000000,0.027211,0.892580,nan,nan,nan,0.000000,0.000000,0.020000,0.051373,8,8,8
158,8_8_8,seq_ABC,hard,1,S=8,2,0.000000,0.000000,0.000000,0.000000,0.000000,0.000000,0.027211,0.892580,nan,nan,nan,0.000000,0.000000,0.020000,0.051373,8,8,8
159,8_8_8,seq_ABC,hard,1,S=8,2,0.000000,0.000000,0.000000,0.000000,0.000000,0.000000,0.027211,0.892580,nan,nan,nan,0.000000,0.000000,0.020000,0.051373,8,8,8
160,8_8_8,seq_ABC,hard,1,S=8,2,0.000000,0.000000,0.000000,0.000000,0.000000,0.000000,0.027211,0.892580,nan,nan,nan,0.000000,0.000000,0.020000,0.051373,8,8,8
161,8_8_8,seq_ABC,hard,1,S=8,2,0.000000,0.000000,0.000000,0.000000,0.000000,0.000000,0.027211,0.892580,nan,nan,nan,0.000000,0.000000,0.020000,0.051373,8,8,8
162,8_8_8,seq_ABC,hard,1,S=8,2,0.000000,0.000000,0.000000,0.000000,0.000000,0.000000,0.027211,0.892580,nan,nan,nan,0.000000,0.000000,0.020000,0.051373,8,8,8
163,8_8_8,seq_ABC,hard,1,S=8,2,0.000000,0.000000,0.000000,0.000000,0.000000,0.000000,0.027211,0.892580,nan,nan,nan,0.000000,0.000000,0.020000,0.051373,8,8,8
164,8_8_8,seq_ABC,hard,1,S=8,2,0.000000,0.000000,0.000000,0.000000,0.000000,0.000000,0.027211,0.892580,nan,nan,nan,0.000000,0.000000,0.020000,0.051373,8,8,8
165,8_8_8,seq_ABC,hard,1,S=8,2,0.000000,0.000000,0.000000,0.000000,0.000000,0.000000,0.027211,0.892580,nan,nan,nan,0.000000,0.000000,0.020000,0.051373,8,8,8
166,8_8_8,seq_ABC,hard,1,S=8,2,0.000000,0.000000,0.000000,0.000000,0.000000,0.000000,0.027211,0.892580,nan,nan,nan,0.000000,0.000000,0.020000,0.051373,8,8,8
167,8_8_8,seq_ABC,hard,1,S=8,2,0.000000,0.000000,0.000000,0.000000,0.000000,0.000000,0.027211,0.892580,nan,nan,nan,0.000000,0.000000,0.020000,0.051373,8,8,8
168,8_8_8,seq_ABC,hard,1,S=8,2,0.000000,0.000000,0.000000,0.000000,0.000000,0.000000,0.027211,0.892580,nan,nan,nan,0.000000,0.000000,0.020000,0.051373,8,8,8
169,8_8_8,seq_ABC,hard,1,S=8,2,0.000000,0.000000,0.000000,0.000000,0.000000,0.000000,0.027211,0.892580,nan,nan,nan,0.000000,0.000000,0.020000,0.051373,8,8,8
170,8_8_8,seq_ABC,hard,1,S=8,2,0.000000,0.000000,0.000000,0.000000,0.000000,0.000000,0.027211,0.892580,nan,nan,nan,0.000000,0.000000,0.020000,0.051373,8,8,8
171,8_8_8,seq_ABC,hard,1,S=8,2,0.000000,0.000000,0.000000,0.000000,0.000000,0.000000,0.027211,0.892580,nan,nan,nan,0.000000,0.000000,0.020000,0.051373,8,8,8
172,8_8_8,seq_ABC,hard,1,S=8,2,0.000000,0.000000,0.000000,0.000000,0.000000,0.000000,0.027211,0.892580,nan,nan,nan,0.000000,0.000000,0.020000,0.051373,8,8,8
173,8_8_8,seq_ABC,hard,1,S=8,2,0.000000,0.000000,0.000000,0.000000,0.000000,0.000000,0.027211,0.892580,nan,nan,nan,0.000000,0.000000,0.020000,0.051373,8,8,8
174,8_8_8,seq_ABC,hard,1,S=8,2,0.000000,0.000000,0.000000,0.000000,0.000000,0.000000,0.027211,0.892580,nan,nan,nan,0.000000,0.000000,0.020000,0.051373,8,8,8
175,8_8_8,seq_ABC,hard,1,S=8,2,0.000000,0.000000,0.000000,0.000000,0.000000,0.000000,0.027211,0.892580,nan,nan,nan,0.000000,0.000000,0.020000,0.051373,8,8,8
176,8_8_8,seq_ABC,hard,1,S=8,2,0.000000,0.000000,0.000000,0.000000,0.000000,0.000000,0.027211,0.892580,nan,nan,nan,0.000000,0.000000,0.020000,0.051373,8,8,8
177,8_8_8,seq_ABC,hard,1,S=8,2,0.000000,0.000000,0.000000,0.000000,0.000000,0.000000,0.027211,0.892580,nan,nan,nan,0.000000,0.000000,0.020000,0.051373,8,8,8
178,8_8_8,seq_ABC,hard,1,S=8,2,0.000000,0.000000,0.000000,0.000000,0.000000,0.000000,0.027211,0.892580,nan,nan,nan,0.000000,0.000000,0.020000,0.051373,8,8,8
179,8_8_8,seq_ABC,hard,1,S=8,2,0.000000,0.000000,0.000000,0.000000,0.000000,0.000000,0.027211,0.892580,nan,nan,nan,0.000000,0.000000,0.020000,0.051373,8,8,8
180,8_8_8,seq_ABC,hard,1,S=8,2,0.000000,0.000000,0.000000,0.000000,0.000000,0.000000,0.027211,0.892580,nan,nan,nan,0.000000,0.000000,0.020000,0.051373,8,8,8
181,8_8_8,seq_ABC,hard,1,S=8,2,0.000000,0.000000,0.000000,0.000000,0.000000,0.000000,0.027211,0.892580,nan,nan,nan,0.000000,0.000000,0.020000,0.051373,8,8,8
182,8_8_8,seq_ABC,hard,1,S=8,2,0.000000,0.000000,0.000000,0.000000,0.000000,0.000000,0.027211,0.892580,nan,nan,nan,0.000000,0.000000,0.020000,0.051373,8,8,8
183,8_8_8,seq_ABC,hard,1,S=8,2,0.000000,0.000000,0.000000,0.000000,0.000000,0.000000,0.027211,0.892580,nan,nan,nan,0.000000,0.000000,0.020000,0.051373,8,8,8
184,8_8_8,seq_ABC,hard,1,S=8,2,0.000000,0.000000,0.000000,0.000000,0.000000,0.000000,0.027211,0.892580,nan,nan,nan,0.000000,0.000000,0.020000,0.051373,8,8,8
185,8_8_8,seq_ABC,hard,1,S=8,2,0.000000,0.000000,0.000000,0.000000,0.000000,0.000000,0.027211,0.892580,nan,nan,nan,0.000000,0.000000,0.020000,0.051373,8,8,8
186,8_8_8,seq_ABC,hard,1,S=8,2,0.000000,0.000000,0.000000,0.000000,0.000000,0.000000,0.027211,0.892580,nan,nan,nan,0.000000,0.000000,0.020000,0.051373,8,8,8
187,8_8_8,seq_ABC,hard,1,S=8,2,0.000000,0.000000,0.000000,0.000000,0.000000,0.000000,0.027211,0.892580,nan,nan,nan,0.000000,0.000000,0.020000,0.051373,8,8,8
188,8_8_8,seq_ABC,hard,1,S=8,2,0.000000,0.000000,0.000000,0.000000,0.000000,0.000000,0.027211,0.892580,nan,nan,nan,0.000000,0.000000,0.020000,0.051373,8,8,8
189,8_8_8,seq_ABC,hard,1,S=8,2,0.000000,0.000000,0.000000,0.000000,0.000000,0.000000,0.027211,0.892580,nan,nan,nan,0.000000,0.000000,0.020000,0.051373,8,8,8
190,8_8_8,seq_ABC,hard,1,S=8,2,0.000000,0.000000,0.000000,0.000000,0.000000,0.000000,0.027211,0.892580,nan,nan,nan,0.000000,0.000000,0.020000,0.051373,8,8,8
191,8_8_8,seq_ABC,hard,1,S=8,2,0.000000,0.000000,0.000000,0.000000,0.000000,0.000000,0.027211,0.892580,nan,nan,nan,0.000000,0.000000,0.020000,0.051373,8,8,8
192,8_8_8,seq_ABC,hard,1,S=8,2,0.000000,0.000000,0.000000,0.000000,0.000000,0.000000,0.027211,0.892580,nan,nan,nan,0.000000,0.000000,0.020000,0.051373,8,8,8
193,8_8_8,seq_ABC,hard,1,S=8,2,0.000000,0.000000,0.000000,0.000000,0.000000,0.000000,0.027211,0.892580,nan,nan,nan,0.000000,0.000000,0.020000,0.051373,8,8,8
194,8_8_8,seq_ABC,hard,1,S=8,2,0.000000,0.000000,0.000000,0.000000,0.000000,0.000000,0.027211,0.892580,nan,nan,nan,0.000000,0.000000,0.020000,0.051373,8,8,8
195,8_8_8,seq_ABC,hard,1,S=8,2,0.000000,0.000000,0.000000,0.000000,0.000000,0.000000,0.027211,0.892580,nan,nan,nan,0.000000,0.000000,0.020000,0.051373,8,8,8
196,8_8_8,seq_ABC,hard,1,S=8,2,0.000000,0.000000,0.000000,0.000000,0.000000,0.000000,0.027211,0.892580,nan,nan,nan,0.000000,0.000000,0.020000,0.051373,8,8,8
197,8_8_8,seq_ABC,hard,1,S=8,2,0.000000,0.000000,0.000000,0.000000,0.000000,0.000000,0.027211,0.892580,nan,nan,nan,0.000000,0.000000,0.020000,0.051373,8,8,8
198,8_8_8,seq_ABC,hard,1,S=8,2,0.000000,0.000000,0.000000,0.000000,0.000000,0.000000,0.027211,0.892580,nan,nan,nan,0.000000,0.000000,0.020000,0.051373,8,8,8
199,8_8_8,seq_ABC,hard,1,S=8,2,0.000000,0.000000,0.000000,0.000000,0.000000,0.000000,0.027211,0.892580,nan,nan,nan,0.000000,0.000000,0.020000,0.051373,8,8,8
0,8_8_8,seq_ABC,smooth,0,no_conv,,0.222222,0.000000,0.000000,,0.806324,0.344662,0.435374,0.461328,0.363170,0.037200,nan,0.173611,0.159722,0.080000,0.266767,7,8,8
1,8_8_8,seq_ABC,smooth,0,no_conv,,2.888889,0.000000,0.000000,,0.806324,0.344662,0.571429,0.884579,0.826115,0.682633,nan,0.256944,0.256944,0.020000,0.691192,1,5,4
2,8_8_8,seq_ABC,smooth,1,S=8,45,0.000000,0.000000,0.000000,0.000000,0.806324,0.344662,0.319728,0.463748,0.167197,-0.003834,nan,0.125000,0.125000,0.060000,0.149262,8,8,8
3,8_8_8,seq_ABC,smooth,1,S=8,48,0.000000,0.000000,0.000000,0.000000,0.806324,0.344662,0.401361,0.538347,0.210706,-0.117282,nan,0.118056,0.118056,0.073333,0.187250,8,8,8
4,8_8_8,seq_ABC,smooth,1,S=8,47,0.000000,0.000000,0.000000,0.000000,0.806324,0.344662,0.360544,0.385068,0.213798,0.072331,nan,0.159722,0.159722,0.046667,0.143346,8,8,8
5,8_8_8,seq_ABC,smooth,1,S=8,48,0.000000,0.000000,0.000000,0.000000,0.806324,0.344662,0.115646,0.460747,0.257938,-0.086106,nan,0.013889,0.013889,0.113333,0.146081,8,8,8
6,8_8_8,seq_ABC,smooth,0,no_conv,,1.555556,0.000000,0.000000,,0.806324,0.344662,0.380952,0.812686,0.715787,0.412998,nan,0.083333,0.069444,0.020000,0.501470,5,6,3
7,8_8_8,seq_ABC,smooth,1,S=8,49,0.000000,0.000000,0.000000,0.000000,0.806324,0.344662,0.421769,0.361432,0.097506,0.150679,nan,0.173611,0.173611,0.073333,0.170492,8,8,8
8,8_8_8,seq_ABC,smooth,1,S=8,48,0.000000,0.000000,0.000000,0.000000,0.806324,0.344662,0.197279,0.387889,0.257762,-0.033003,nan,0.069444,0.069444,0.140000,0.184577,8,8,8
9,8_8_8,seq_ABC,smooth,0,no_conv,,0.888889,0.000000,0.000000,,0.806324,0.344662,0.340136,0.324358,0.202300,0.164492,nan,0.125000,0.118056,0.040000,0.247800,8,8,6
10,8_8_8,seq_ABC,smooth,0,no_conv,,0.222222,0.000000,0.000000,,0.806324,0.344662,0.231293,0.313596,0.150707,-0.043789,nan,0.083333,0.083333,0.066667,0.158235,8,8,7
11,8_8_8,seq_ABC,smooth,1,S=8,49,0.000000,0.000000,0.000000,0.000000,0.806324,0.344662,0.530612,0.516526,0.416397,0.137119,nan,0.222222,0.208333,0.053333,0.264696,8,8,8
12,8_8_8,seq_ABC,smooth,1,S=8,46,0.000000,0.000000,0.000000,0.000000,0.806324,0.344662,0.238095,0.471444,0.551325,0.303602,nan,0.111111,0.097222,0.040000,0.188328,8,8,8
13,8_8_8,seq_ABC,smooth,0,no_conv,,0.222222,0.000000,0.000000,,0.806324,0.344662,0.306122,0.130608,-0.029142,-0.022854,nan,0.138889,0.138889,0.173333,0.113202,7,8,8
14,8_8_8,seq_ABC,smooth,0,no_conv,,0.666667,0.000000,0.000000,,0.806324,0.344662,0.496599,0.617184,0.452168,-0.034453,nan,0.166667,0.166667,0.060000,0.293597,6,4,5
15,8_8_8,seq_ABC,smooth,0,no_conv,,2.000000,0.000000,0.000000,,0.806324,0.344662,0.523810,0.748241,0.643879,0.383824,nan,0.201389,0.201389,0.020000,0.562230,5,5,8
16,8_8_8,seq_ABC,smooth,0,no_conv,,0.222222,0.000000,0.000000,,0.806324,0.344662,0.469388,0.610171,0.486658,0.412311,nan,0.201389,0.201389,0.020000,0.422823,5,6,5
17,8_8_8,seq_ABC,smooth,0,no_conv,,6.222222,0.000000,0.000000,,0.806324,0.344662,0.496599,0.817422,0.687680,0.326064,nan,0.173611,0.173611,0.033333,0.522059,4,8,2
18,8_8_8,seq_ABC,smooth,1,other_conv,49,0.000000,0.000000,0.000000,0.000000,0.806324,0.344662,0.374150,0.678447,0.570964,0.369866,nan,0.111111,0.111111,0.020000,0.502075,7,7,7
19,8_8_8,seq_ABC,smooth,0,no_conv,,0.222222,0.000000,0.000000,,0.806324,0.344662,0.387755,0.277116,0.013998,-0.015746,nan,0.131944,0.131944,0.146667,0.173254,8,7,7
20,8_8_8,seq_ABC,smooth,0,no_conv,,1.555556,0.000000,0.000000,,0.806324,0.344662,0.258503,0.541987,0.465075,0.235098,nan,0.111111,0.104167,0.073333,0.306800,5,6,8
21,8_8_8,seq_ABC,smooth,0,no_conv,,0.222222,0.000000,0.000000,,0.806324,0.344662,0.299320,0.291260,0.146710,-0.131412,nan,0.118056,0.118056,0.073333,0.136854,8,7,8
22,8_8_8,seq_ABC,smooth,1,S=8,46,0.000000,0.000000,0.000000,0.000000,0.806324,0.344662,0.333333,0.456879,0.220082,-0.070416,nan,0.131944,0.131944,0.066667,0.152514,8,8,8
23,8_8_8,seq_ABC,smooth,0,no_conv,,8.000000,0.000000,0.000000,,0.806324,0.344662,0.367347,0.442759,0.565442,0.282232,nan,0.166667,0.145833,0.153333,0.367048,2,8,8
24,8_8_8,seq_ABC,smooth,0,no_conv,,0.222222,0.000000,0.000000,,0.806324,0.344662,0.394558,0.662823,0.605374,0.418584,nan,0.166667,0.166667,0.020000,0.406870,7,8,8
25,8_8_8,seq_ABC,smooth,1,S=8,44,0.000000,0.000000,0.000000,0.000000,0.806324,0.344662,0.210884,0.558810,0.532135,0.354476,nan,0.076389,0.069444,0.020000,0.264492,8,8,8
26,8_8_8,seq_ABC,smooth,0,no_conv,,0.222222,0.000000,0.000000,,0.806324,0.344662,0.319728,0.180032,0.066299,0.085261,nan,0.131944,0.131944,0.073333,0.133843,7,8,8
27,8_8_8,seq_ABC,smooth,0,no_conv,,0.222222,0.000000,0.000000,,0.806324,0.344662,0.639456,0.838578,0.742644,0.468523,nan,0.222222,0.222222,0.026667,0.534926,4,3,3
28,8_8_8,seq_ABC,smooth,0,no_conv,,0.222222,0.000000,0.000000,,0.806324,0.344662,0.136054,0.421515,0.213888,0.087309,nan,0.034722,0.027778,0.066667,0.144211,8,7,8
29,8_8_8,seq_ABC,smooth,1,S=8,40,0.000000,0.000000,0.000000,0.000000,0.806324,0.344662,0.299320,0.250671,0.367114,0.109357,nan,0.145833,0.138889,0.060000,0.203697,8,8,8
30,8_8_8,seq_ABC,smooth,0,no_conv,,0.222222,0.000000,0.000000,,0.806324,0.344662,0.183673,0.257435,-0.022942,-0.024190,nan,0.062500,0.062500,0.060000,0.123282,8,8,7
31,8_8_8,seq_ABC,smooth,0,no_conv,,0.222222,0.000000,0.000000,,0.806324,0.344662,0.319728,0.274915,0.028430,-0.001596,nan,0.104167,0.104167,0.213333,0.146763,7,8,8
32,8_8_8,seq_ABC,smooth,0,no_conv,,0.666667,0.000000,0.000000,,0.806324,0.344662,0.544218,0.602715,0.458225,0.209779,nan,0.236111,0.236111,0.033333,0.443553,7,6,5
33,8_8_8,seq_ABC,smooth,0,no_conv,,0.222222,0.000000,0.000000,,0.806324,0.344662,0.503401,0.684622,0.596789,0.165619,nan,0.173611,0.159722,0.020000,0.391742,7,8,7
34,8_8_8,seq_ABC,smooth,1,S=8,46,0.000000,0.000000,0.000000,0.000000,0.806324,0.344662,0.557823,0.559446,0.367664,0.160326,nan,0.180556,0.166667,0.073333,0.285127,8,8,8
35,8_8_8,seq_ABC,smooth,1,S=8,46,0.000000,0.000000,0.000000,0.000000,0.806324,0.344662,0.455782,0.409097,0.117475,-0.063763,nan,0.152778,0.152778,0.093333,0.162637,8,8,8
36,8_8_8,seq_ABC,smooth,0,no_conv,,0.222222,0.000000,0.000000,,0.806324,0.344662,0.462585,0.542974,0.260407,0.207505,nan,0.166667,0.166667,0.026667,0.286169,7,8,7
37,8_8_8,seq_ABC,smooth,0,no_conv,,0.222222,0.000000,0.000000,,0.806324,0.344662,0.238095,0.098083,0.260006,-0.094702,nan,0.118056,0.111111,0.233333,0.121373,8,7,8
38,8_8_8,seq_ABC,smooth,0,no_conv,,0.222222,0.000000,0.000000,,0.806324,0.344662,0.380952,0.627886,0.424934,0.276867,nan,0.118056,0.111111,0.033333,0.313521,7,8,8
39,8_8_8,seq_ABC,smooth,0,no_conv,,0.222222,0.000000,0.000000,,0.806324,0.344662,0.517007,0.433331,0.254675,0.055472,nan,0.222222,0.215278,0.040000,0.194621,8,8,7
40,8_8_8,seq_ABC,smooth,1,S=8,48,0.000000,0.000000,0.000000,0.000000,0.806324,0.344662,0.333333,0.378261,0.332146,-0.024851,nan,0.125000,0.111111,0.053333,0.157688,8,8,8
41,8_8_8,seq_ABC,smooth,0,no_conv,,0.222222,0.000000,0.000000,,0.806324,0.344662,0.591837,0.591970,0.568183,0.081259,nan,0.291667,0.270833,0.033333,0.346764,8,8,7
42,8_8_8,seq_ABC,smooth,0,no_conv,,1.555556,0.000000,0.000000,,0.806324,0.344662,0.299320,0.368664,0.205859,-0.090870,nan,0.125000,0.118056,0.080000,0.150684,8,7,5
43,8_8_8,seq_ABC,smooth,1,S=8,43,0.000000,0.000000,0.000000,0.000000,0.806324,0.344662,0.204082,0.220617,0.101103,-0.125857,nan,0.076389,0.076389,0.213333,0.119033,8,8,8
44,8_8_8,seq_ABC,smooth,1,S=8,47,0.000000,0.000000,0.000000,0.000000,0.806324,0.344662,0.401361,0.446236,0.372795,0.344269,nan,0.180556,0.166667,0.020000,0.199816,8,8,8
45,8_8_8,seq_ABC,smooth,1,S=8,32,0.000000,0.000000,0.000000,0.000000,0.806324,0.344662,0.285714,0.339807,0.470054,0.199588,nan,0.152778,0.138889,0.040000,0.247086,8,8,8
46,8_8_8,seq_ABC,smooth,0,no_conv,,0.222222,0.000000,0.000000,,0.806324,0.344662,0.707483,0.660948,0.521623,0.197486,nan,0.312500,0.305556,0.026667,0.394628,7,7,6
47,8_8_8,seq_ABC,smooth,0,no_conv,,2.666667,0.000000,0.000000,,0.806324,0.344662,0.326531,0.787110,0.718747,0.513926,nan,0.097222,0.097222,0.020000,0.528491,8,4,6
48,8_8_8,seq_ABC,smooth,1,S=8,49,0.000000,0.000000,0.000000,0.000000,0.806324,0.344662,0.136054,0.202156,-0.066532,-0.015498,nan,0.041667,0.041667,0.093333,0.098018,8,8,8
49,8_8_8,seq_ABC,smooth,0,no_conv,,0.222222,0.000000,0.000000,,0.806324,0.344662,0.353741,0.391591,0.080517,-0.080652,nan,0.090278,0.090278,0.086667,0.150840,8,7,8
50,8_8_8,seq_ABC,smooth,1,S=8,49,0.000000,0.000000,0.000000,0.000000,0.806324,0.344662,0.462585,0.437380,0.240613,-0.099955,nan,0.180556,0.180556,0.100000,0.162574,8,8,8
51,8_8_8,seq_ABC,smooth,1,S=8,40,0.000000,0.000000,0.000000,0.000000,0.806324,0.344662,0.204082,0.137517,0.197231,-0.084422,nan,0.104167,0.104167,0.333333,0.145333,8,8,8
52,8_8_8,seq_ABC,smooth,0,no_conv,,0.222222,0.000000,0.000000,,0.806324,0.344662,0.428571,0.291965,0.055090,-0.078262,nan,0.159722,0.159722,0.073333,0.204762,8,8,7
53,8_8_8,seq_ABC,smooth,0,no_conv,,0.222222,0.000000,0.000000,,0.806324,0.344662,0.700680,0.838948,0.747934,0.446450,nan,0.284722,0.284722,0.026667,0.481749,4,3,4
54,8_8_8,seq_ABC,smooth,1,S=8,49,0.000000,0.000000,0.000000,0.000000,0.806324,0.344662,0.210884,0.190933,0.141233,0.020841,nan,0.076389,0.069444,0.066667,0.134391,8,8,8
55,8_8_8,seq_ABC,smooth,0,no_conv,,2.000000,0.000000,0.000000,,0.806324,0.344662,0.360544,0.634890,0.518164,0.208856,nan,0.118056,0.104167,0.040000,0.293398,8,8,5
56,8_8_8,seq_ABC,smooth,1,S=8,47,0.000000,0.000000,0.000000,0.000000,0.806324,0.344662,0.367347,0.503147,0.280070,0.057003,nan,0.104167,0.104167,0.053333,0.216065,8,8,8
57,8_8_8,seq_ABC,smooth,1,S=8,45,0.000000,0.000000,0.000000,0.000000,0.806324,0.344662,0.272109,0.416226,0.169969,0.108875,nan,0.076389,0.076389,0.080000,0.182749,8,8,8
58,8_8_8,seq_ABC,smooth,1,S=8,46,0.000000,0.000000,0.000000,0.000000,0.806324,0.344662,0.442177,0.585181,0.374746,0.283769,nan,0.166667,0.166667,0.053333,0.273722,8,8,8
59,8_8_8,seq_ABC,smooth,0,no_conv,,0.666667,0.000000,0.000000,,0.806324,0.344662,0.353741,0.356845,0.046354,0.060404,nan,0.104167,0.104167,0.066667,0.184198,8,6,7
60,8_8_8,seq_ABC,smooth,1,S=8,48,0.000000,0.000000,0.000000,0.000000,0.806324,0.344662,0.482993,0.705640,0.536564,0.044045,nan,0.152778,0.152778,0.040000,0.310992,8,8,8
61,8_8_8,seq_ABC,smooth,0,no_conv,,0.222222,0.000000,0.000000,,0.806324,0.344662,0.380952,0.611275,0.550368,0.312368,nan,0.138889,0.131944,0.020000,0.332304,7,6,6
62,8_8_8,seq_ABC,smooth,1,S=8,48,0.000000,0.000000,0.000000,0.000000,0.806324,0.344662,0.272109,0.303486,0.268883,0.056386,nan,0.125000,0.118056,0.126667,0.178987,8,8,8
63,8_8_8,seq_ABC,smooth,0,no_conv,,0.222222,0.000000,0.000000,,0.806324,0.344662,0.306122,0.346375,0.262858,0.215152,nan,0.131944,0.125000,0.046667,0.190842,8,8,7
64,8_8_8,seq_ABC,smooth,0,no_conv,,0.222222,0.000000,0.000000,,0.806324,0.344662,0.251701,0.490538,0.278384,-0.102757,nan,0.062500,0.062500,0.073333,0.192321,7,6,7
65,8_8_8,seq_ABC,smooth,0,no_conv,,0.222222,0.000000,0.000000,,0.806324,0.344662,0.258503,0.085193,0.255218,-0.038666,nan,0.138889,0.125000,0.206667,0.125484,8,8,7
66,8_8_8,seq_ABC,smooth,0,no_conv,,0.222222,0.000000,0.000000,,0.806324,0.344662,0.265306,0.332978,0.496582,0.261412,nan,0.131944,0.118056,0.040000,0.218054,8,7,8
67,8_8_8,seq_ABC,smooth,0,no_conv,,0.222222,0.000000,0.000000,,0.806324,0.344662,0.251701,0.416699,0.217935,-0.065278,nan,0.055556,0.055556,0.020000,0.205884,8,7,8
68,8_8_8,seq_ABC,smooth,1,S=8,45,0.000000,0.000000,0.000000,0.000000,0.806324,0.344662,0.476190,0.559472,0.397247,0.069369,nan,0.194444,0.194444,0.033333,0.243761,8,8,8
69,8_8_8,seq_ABC,smooth,0,no_conv,,1.555556,0.000000,0.000000,,0.806324,0.344662,0.591837,0.787165,0.724466,0.601377,nan,0.243056,0.236111,0.020000,0.607129,5,2,3
70,8_8_8,seq_ABC,smooth,0,no_conv,,2.000000,0.000000,0.000000,,0.806324,0.344662,0.306122,0.585489,0.401568,0.335914,nan,0.104167,0.104167,0.020000,0.405701,7,4,7
71,8_8_8,seq_ABC,smooth,1,S=8,48,0.000000,0.000000,0.000000,0.000000,0.806324,0.344662,0.353741,0.486480,0.355088,-0.121419,nan,0.125000,0.118056,0.040000,0.200853,8,8,8
72,8_8_8,seq_ABC,smooth,0,no_conv,,2.666667,0.000000,0.000000,,0.806324,0.344662,0.414966,0.535086,0.257116,-0.098867,nan,0.138889,0.138889,0.086667,0.220571,8,6,4
73,8_8_8,seq_ABC,smooth,1,S=8,49,0.000000,0.000000,0.000000,0.000000,0.806324,0.344662,0.360544,0.448380,0.319548,0.085626,nan,0.125000,0.118056,0.033333,0.197499,8,8,8
74,8_8_8,seq_ABC,smooth,0,no_conv,,0.222222,0.000000,0.000000,,0.806324,0.344662,0.340136,0.320279,0.011127,-0.040582,nan,0.111111,0.111111,0.140000,0.164064,8,8,7
75,8_8_8,seq_ABC,smooth,0,no_conv,,0.222222,0.000000,0.000000,,0.806324,0.344662,0.353741,0.263315,0.139401,-0.033397,nan,0.138889,0.138889,0.166667,0.175502,7,7,8
76,8_8_8,seq_ABC,smooth,0,no_conv,,0.888889,0.000000,0.000000,,0.806324,0.344662,0.299320,0.388985,0.221211,0.095169,nan,0.111111,0.111111,0.020000,0.173725,8,8,6
77,8_8_8,seq_ABC,smooth,1,S=8,49,0.000000,0.000000,0.000000,0.000000,0.806324,0.344662,0.299320,0.165214,0.151160,0.051265,nan,0.131944,0.125000,0.233333,0.115801,8,8,8
78,8_8_8,seq_ABC,smooth,0,no_conv,,1.555556,0.000000,0.000000,,0.806324,0.344662,0.306122,0.400143,0.201502,-0.159651,nan,0.111111,0.111111,0.060000,0.202710,8,7,5
79,8_8_8,seq_ABC,smooth,1,S=8,42,0.000000,0.000000,0.000000,0.000000,0.806324,0.344662,0.346939,0.450806,0.251213,0.199268,nan,0.111111,0.111111,0.080000,0.200117,8,8,8
80,8_8_8,seq_ABC,smooth,1,S=8,43,0.000000,0.000000,0.000000,0.000000,0.806324,0.344662,0.312925,0.454854,0.270966,0.034953,nan,0.118056,0.118056,0.033333,0.143556,8,8,8
81,8_8_8,seq_ABC,smooth,1,S=8,49,0.000000,0.000000,0.000000,0.000000,0.806324,0.344662,0.190476,0.123264,0.039854,-0.050656,nan,0.069444,0.062500,0.120000,0.095231,8,8,8
82,8_8_8,seq_ABC,smooth,0,no_conv,,0.666667,0.000000,0.000000,,0.806324,0.344662,0.469388,0.770392,0.649883,0.371405,nan,0.145833,0.138889,0.020000,0.490510,6,8,7
83,8_8_8,seq_ABC,smooth,0,no_conv,,0.222222,0.000000,0.000000,,0.806324,0.344662,0.326531,0.415159,0.226887,-0.096249,nan,0.104167,0.097222,0.060000,0.225338,7,7,8
84,8_8_8,seq_ABC,smooth,0,no_conv,,0.222222,0.000000,0.000000,,0.806324,0.344662,0.421769,0.344805,0.120087,0.027386,nan,0.173611,0.173611,0.086667,0.204840,8,7,8
85,8_8_8,seq_ABC,smooth,0,no_conv,,1.555556,0.000000,0.000000,,0.806324,0.344662,0.394558,0.512430,0.326141,0.171790,nan,0.125000,0.125000,0.026667,0.250392,8,5,6
86,8_8_8,seq_ABC,smooth,0,no_conv,,0.222222,0.000000,0.000000,,0.806324,0.344662,0.163265,0.475634,0.280679,0.060503,nan,0.048611,0.048611,0.026667,0.158334,7,8,8
87,8_8_8,seq_ABC,smooth,1,S=8,47,0.000000,0.000000,0.000000,0.000000,0.806324,0.344662,0.292517,0.249181,0.110029,0.169033,nan,0.118056,0.118056,0.020000,0.186141,8,8,8
88,8_8_8,seq_ABC,smooth,1,other_conv,49,0.000000,0.000000,0.000000,0.000000,0.806324,0.344662,0.312925,0.588435,0.484934,0.293826,nan,0.118056,0.118056,0.026667,0.332515,6,6,6
89,8_8_8,seq_ABC,smooth,0,no_conv,,2.000000,0.000000,0.000000,,0.806324,0.344662,0.326531,0.701553,0.662230,0.377335,nan,0.138889,0.131944,0.020000,0.457150,5,5,8
90,8_8_8,seq_ABC,smooth,0,no_conv,,0.222222,0.000000,0.000000,,0.806324,0.344662,0.374150,0.410293,0.221545,0.042998,nan,0.152778,0.145833,0.080000,0.245044,6,7,7
91,8_8_8,seq_ABC,smooth,1,S=8,44,0.000000,0.000000,0.000000,0.000000,0.806324,0.344662,0.387755,0.726369,0.571635,0.418564,nan,0.145833,0.131944,0.093333,0.456265,8,8,8
92,8_8_8,seq_ABC,smooth,1,S=8,48,0.000000,0.000000,0.000000,0.000000,0.806324,0.344662,0.102041,0.033035,-0.001816,0.068258,nan,0.034722,0.034722,0.286667,0.087974,8,8,8
93,8_8_8,seq_ABC,smooth,1,S=8,49,0.000000,0.000000,0.000000,0.000000,0.806324,0.344662,0.551020,0.654284,0.464644,0.270735,nan,0.194444,0.187500,0.026667,0.399140,8,8,8
94,8_8_8,seq_ABC,smooth,1,S=8,48,0.000000,0.000000,0.000000,0.000000,0.806324,0.344662,0.292517,0.314530,0.125510,0.128236,nan,0.111111,0.111111,0.160000,0.137600,8,8,8
95,8_8_8,seq_ABC,smooth,0,no_conv,,0.888889,0.000000,0.000000,,0.806324,0.344662,0.653061,0.797140,0.692465,0.515624,nan,0.277778,0.277778,0.020000,0.486753,3,3,5
96,8_8_8,seq_ABC,smooth,0,no_conv,,2.000000,0.000000,0.000000,,0.806324,0.344662,0.394558,0.273707,0.240112,-0.014870,nan,0.187500,0.180556,0.033333,0.168995,8,8,5
97,8_8_8,seq_ABC,smooth,0,no_conv,,2.000000,0.000000,0.000000,,0.806324,0.344662,0.598639,0.853466,0.800281,0.615082,nan,0.222222,0.222222,0.020000,0.536754,3,0,0
98,8_8_8,seq_ABC,smooth,1,S=8,47,0.000000,0.000000,0.000000,0.000000,0.806324,0.344662,0.333333,0.443170,0.135339,0.003843,nan,0.097222,0.097222,0.126667,0.213748,8,8,8
99,8_8_8,seq_ABC,smooth,0,no_conv,,0.888889,0.000000,0.000000,,0.806324,0.344662,0.482993,0.808147,0.719357,0.534819,nan,0.166667,0.166667,0.020000,0.571770,5,3,5
100,8_8_8,seq_ABC,smooth,1,S=8,34,0.000000,0.000000,0.000000,0.000000,0.806324,0.344662,0.333333,0.593987,0.573793,0.267307,nan,0.159722,0.145833,0.040000,0.229255,8,8,8
101,8_8_8,seq_ABC,smooth,0,no_conv,,2.000000,0.000000,0.000000,,0.806324,0.344662,0.346939,0.400425,0.143910,-0.012930,nan,0.131944,0.131944,0.113333,0.231045,8,8,5
102,8_8_8,seq_ABC,smooth,1,S=8,47,0.000000,0.000000,0.000000,0.000000,0.806324,0.344662,0.244898,0.164384,0.052573,0.087542,nan,0.104167,0.104167,0.140000,0.121551,8,8,8
103,8_8_8,seq_ABC,smooth,0,no_conv,,0.222222,0.000000,0.000000,,0.806324,0.344662,0.217687,0.511940,0.197489,-0.028206,nan,0.041667,0.041667,0.100000,0.176602,8,8,7
104,8_8_8,seq_ABC,smooth,1,S=8,42,0.000000,0.000000,0.000000,0.000000,0.806324,0.344662,0.312925,0.563332,0.415487,0.128252,nan,0.104167,0.104167,0.046667,0.191675,8,8,8
105,8_8_8,seq_ABC,smooth,0,no_conv,,0.222222,0.000000,0.000000,,0.806324,0.344662,0.564626,0.669473,0.570815,0.291230,nan,0.215278,0.201389,0.026667,0.444231,6,7,7
106,8_8_8,seq_ABC,smooth,1,S=8,45,0.000000,0.000000,0.000000,0.000000,0.806324,0.344662,0.326531,0.515586,0.295379,-0.006495,nan,0.090278,0.090278,0.066667,0.246853,8,8,8
107,8_8_8,seq_ABC,smooth,0,no_conv,,1.555556,0.000000,0.000000,,0.806324,0.344662,0.591837,0.886356,0.832535,0.598934,nan,0.201389,0.187500,0.020000,0.569802,4,1,2
108,8_8_8,seq_ABC,smooth,0,no_conv,,0.888889,0.000000,0.000000,,0.806324,0.344662,0.625850,0.817738,0.726304,0.417426,nan,0.250000,0.243056,0.026667,0.511402,5,5,3
109,8_8_8,seq_ABC,smooth,1,S=8,43,0.000000,0.000000,0.000000,0.000000,0.806324,0.344662,0.278912,0.457957,0.229600,-0.052396,nan,0.069444,0.069444,0.060000,0.161227,8,8,8
110,8_8_8,seq_ABC,smooth,1,S=8,49,0.000000,0.000000,0.000000,0.000000,0.806324,0.344662,0.306122,0.365124,0.198778,-0.040230,nan,0.104167,0.097222,0.200000,0.154045,8,8,8
111,8_8_8,seq_ABC,smooth,0,no_conv,,0.222222,0.000000,0.000000,,0.806324,0.344662,0.340136,0.330593,0.172185,-0.132797,nan,0.111111,0.111111,0.073333,0.178068,8,8,7
112,8_8_8,seq_ABC,smooth,0,no_conv,,2.000000,0.000000,0.000000,,0.806324,0.344662,0.367347,0.333343,0.267007,-0.034344,nan,0.152778,0.145833,0.060000,0.181989,8,8,5
113,8_8_8,seq_ABC,smooth,1,S=8,44,0.000000,0.000000,0.000000,0.000000,0.806324,0.344662,0.210884,0.364419,0.148721,-0.046010,nan,0.048611,0.048611,0.060000,0.158188,8,8,8
114,8_8_8,seq_ABC,smooth,0,no_conv,,2.666667,0.000000,0.000000,,0.806324,0.344662,0.625850,0.817355,0.726952,0.567168,nan,0.236111,0.236111,0.020000,0.679040,4,6,8
115,8_8_8,seq_ABC,smooth,1,S=8,45,0.000000,0.000000,0.000000,0.000000,0.806324,0.344662,0.408163,0.641015,0.516168,0.155066,nan,0.159722,0.159722,0.033333,0.271498,8,8,8
116,8_8_8,seq_ABC,smooth,0,no_conv,,0.222222,0.000000,0.000000,,0.806324,0.344662,0.258503,0.334441,0.283368,0.184548,nan,0.104167,0.097222,0.046667,0.145933,8,8,7
117,8_8_8,seq_ABC,smooth,0,no_conv,,0.222222,0.000000,0.000000,,0.806324,0.344662,0.210884,0.284407,0.042006,0.076407,nan,0.062500,0.055556,0.113333,0.156443,8,8,7
118,8_8_8,seq_ABC,smooth,1,S=8,48,0.000000,0.000000,0.000000,0.000000,0.806324,0.344662,0.238095,0.300588,0.212017,-0.006311,nan,0.083333,0.083333,0.040000,0.179548,8,8,8
119,8_8_8,seq_ABC,smooth,1,S=8,49,0.000000,0.000000,0.000000,0.000000,0.806324,0.344662,0.265306,0.246576,0.093134,-0.065189,nan,0.097222,0.097222,0.160000,0.144963,8,8,8
120,8_8_8,seq_ABC,smooth,1,S=8,46,0.000000,0.000000,0.000000,0.000000,0.806324,0.344662,0.285714,0.197724,0.138094,-0.024693,nan,0.131944,0.118056,0.106667,0.131527,8,8,8
121,8_8_8,seq_ABC,smooth,0,no_conv,,0.222222,0.000000,0.000000,,0.806324,0.344662,0.204082,0.198774,0.009594,-0.021066,nan,0.069444,0.069444,0.140000,0.161299,8,7,7
122,8_8_8,seq_ABC,smooth,0,no_conv,,0.222222,0.000000,0.000000,,0.806324,0.344662,0.272109,0.094281,0.134519,-0.006831,nan,0.111111,0.104167,0.173333,0.113854,7,8,7
123,8_8_8,seq_ABC,smooth,0,no_conv,,2.888889,0.000000,0.000000,,0.806324,0.344662,0.557823,0.736478,0.661912,0.357586,nan,0.187500,0.173611,0.033333,0.467881,8,5,4
124,8_8_8,seq_ABC,smooth,1,S=8,33,0.000000,0.000000,0.000000,0.000000,0.806324,0.344662,0.333333,0.389167,0.165488,0.151247,nan,0.118056,0.111111,0.100000,0.221079,8,8,8
125,8_8_8,seq_ABC,smooth,0,no_conv,,4.666667,0.000000,0.000000,,0.806324,0.344662,0.598639,0.867572,0.807483,0.559561,nan,0.236111,0.222222,0.020000,0.661263,6,5,1
126,8_8_8,seq_ABC,smooth,1,S=8,40,0.000000,0.000000,0.000000,0.000000,0.806324,0.344662,0.231293,0.368120,0.193778,-0.025288,nan,0.090278,0.090278,0.040000,0.119535,8,8,8
127,8_8_8,seq_ABC,smooth,0,no_conv,,0.222222,0.000000,0.000000,,0.806324,0.344662,0.326531,0.578248,0.472373,0.145187,nan,0.111111,0.111111,0.020000,0.257212,8,7,8
128,8_8_8,seq_ABC,smooth,1,S=8,48,0.000000,0.000000,0.000000,0.000000,0.806324,0.344662,0.340136,0.425122,0.208044,0.016531,nan,0.118056,0.118056,0.080000,0.209530,8,8,8
129,8_8_8,seq_ABC,smooth,0,no_conv,,0.222222,0.000000,0.000000,,0.806324,0.344662,0.204082,0.276035,-0.045178,-0.086018,nan,0.076389,0.076389,0.180000,0.133316,8,7,8
130,8_8_8,seq_ABC,smooth,1,S=8,49,0.000000,0.000000,0.000000,0.000000,0.806324,0.344662,0.149660,0.350986,0.041987,0.051451,nan,0.027778,0.027778,0.093333,0.159180,8,8,8
131,8_8_8,seq_ABC,smooth,1,S=8,44,0.000000,0.000000,0.000000,0.000000,0.806324,0.344662,0.340136,0.802662,0.740000,0.436590,nan,0.111111,0.104167,0.020000,0.444454,8,8,8
132,8_8_8,seq_ABC,smooth,0,no_conv,,0.666667,0.000000,0.000000,,0.806324,0.344662,0.496599,0.581578,0.470167,0.263738,nan,0.187500,0.180556,0.020000,0.356649,6,7,8
133,8_8_8,seq_ABC,smooth,0,no_conv,,3.555556,0.000000,0.000000,,0.806324,0.344662,0.619048,0.783402,0.662400,0.511066,nan,0.250000,0.250000,0.020000,0.542320,3,7,7
134,8_8_8,seq_ABC,smooth,1,S=8,47,0.000000,0.000000,0.000000,0.000000,0.806324,0.344662,0.394558,0.633900,0.410910,0.134324,nan,0.111111,0.111111,0.033333,0.312299,8,8,8
135,8_8_8,seq_ABC,smooth,1,S=8,44,0.000000,0.000000,0.000000,0.000000,0.806324,0.344662,0.265306,0.447968,0.323923,0.157525,nan,0.097222,0.097222,0.126667,0.138871,8,8,8
136,8_8_8,seq_ABC,smooth,0,no_conv,,0.888889,0.000000,0.000000,,0.806324,0.344662,0.551020,0.621785,0.485272,0.120617,nan,0.222222,0.215278,0.053333,0.447385,5,7,7
137,8_8_8,seq_ABC,smooth,1,S=8,47,0.000000,0.000000,0.000000,0.000000,0.806324,0.344662,0.272109,0.242883,0.158183,-0.099546,nan,0.090278,0.083333,0.153333,0.131670,8,8,8
138,8_8_8,seq_ABC,smooth,0,no_conv,,0.222222,0.000000,0.000000,,0.806324,0.344662,0.244898,0.526704,0.293494,0.175440,nan,0.062500,0.062500,0.033333,0.238946,5,6,6
139,8_8_8,seq_ABC,smooth,1,S=8,48,0.000000,0.000000,0.000000,0.000000,0.806324,0.344662,0.299320,0.262738,0.254039,0.184052,nan,0.138889,0.125000,0.166667,0.175326,8,8,8
140,8_8_8,seq_ABC,smooth,0,no_conv,,1.555556,0.000000,0.000000,,0.806324,0.344662,0.659864,0.915030,0.865616,0.666602,nan,0.222222,0.208333,0.026667,0.686895,0,2,3
141,8_8_8,seq_ABC,smooth,0,no_conv,,0.222222,0.000000,0.000000,,0.806324,0.344662,0.204082,0.432525,0.362321,0.109633,nan,0.076389,0.076389,0.126667,0.215408,8,7,8
142,8_8_8,seq_ABC,smooth,0,no_conv,,0.222222,0.000000,0.000000,,0.806324,0.344662,0.380952,0.468290,0.218888,0.074141,nan,0.125000,0.125000,0.046667,0.175202,8,8,7
143,8_8_8,seq_ABC,smooth,1,S=8,48,0.000000,0.000000,0.000000,0.000000,0.806324,0.344662,0.244898,0.232727,0.157669,-0.029823,nan,0.111111,0.111111,0.113333,0.117853,8,8,8
144,8_8_8,seq_ABC,smooth,0,no_conv,,0.222222,0.000000,0.000000,,0.806324,0.344662,0.299320,0.167261,0.156850,0.015395,nan,0.118056,0.111111,0.100000,0.125765,8,8,7
145,8_8_8,seq_ABC,smooth,0,no_conv,,0.222222,0.000000,0.000000,,0.806324,0.344662,0.340136,0.412254,0.314543,0.012256,nan,0.118056,0.111111,0.100000,0.183131,7,8,8
146,8_8_8,seq_ABC,smooth,1,S=8,45,0.000000,0.000000,0.000000,0.000000,0.806324,0.344662,0.176871,0.220625,0.076687,-0.097179,nan,0.076389,0.076389,0.160000,0.105363,8,8,8
147,8_8_8,seq_ABC,smooth,0,no_conv,,0.222222,0.000000,0.000000,,0.806324,0.344662,0.238095,0.115111,0.175363,-0.030650,nan,0.111111,0.097222,0.240000,0.153644,8,8,7
148,8_8_8,seq_ABC,smooth,1,S=8,44,0.000000,0.000000,0.000000,0.000000,0.806324,0.344662,0.258503,0.352624,0.033045,-0.157572,nan,0.069444,0.069444,0.093333,0.206475,8,8,8
149,8_8_8,seq_ABC,smooth,1,S=8,48,0.000000,0.000000,0.000000,0.000000,0.806324,0.344662,0.258503,0.438858,0.261509,-0.085283,nan,0.090278,0.090278,0.040000,0.207137,8,8,8
150,8_8_8,seq_ABC,smooth,1,S=8,47,0.000000,0.000000,0.000000,0.000000,0.806324,0.344662,0.544218,0.747341,0.603679,0.170091,nan,0.145833,0.131944,0.020000,0.416111,8,8,8
151,8_8_8,seq_ABC,smooth,1,S=8,47,0.000000,0.000000,0.000000,0.000000,0.806324,0.344662,0.204082,0.133869,0.080249,0.061876,nan,0.083333,0.076389,0.073333,0.118069,8,8,8
152,8_8_8,seq_ABC,smooth,0,no_conv,,0.222222,0.000000,0.000000,,0.806324,0.344662,0.292517,0.239347,0.096933,0.138044,nan,0.111111,0.111111,0.153333,0.157195,7,8,8
153,8_8_8,seq_ABC,smooth,0,no_conv,,2.888889,0.000000,0.000000,,0.806324,0.344662,0.489796,0.515231,0.537656,0.212132,nan,0.215278,0.201389,0.046667,0.450128,7,6,3
154,8_8_8,seq_ABC,smooth,0,no_conv,,0.222222,0.000000,0.000000,,0.806324,0.344662,0.346939,0.366768,0.228375,0.064342,nan,0.118056,0.111111,0.046667,0.148270,8,8,7
155,8_8_8,seq_ABC,smooth,1,S=8,48,0.000000,0.000000,0.000000,0.000000,0.806324,0.344662,0.217687,0.184615,0.123676,0.056018,nan,0.076389,0.069444,0.093333,0.130197,8,8,8
156,8_8_8,seq_ABC,smooth,1,S=8,46,0.000000,0.000000,0.000000,0.000000,0.806324,0.344662,0.312925,0.553671,0.512705,0.228233,nan,0.131944,0.125000,0.046667,0.252394,8,8,8
157,8_8_8,seq_ABC,smooth,1,S=8,49,0.000000,0.000000,0.000000,0.000000,0.806324,0.344662,0.496599,0.698776,0.548493,0.195467,nan,0.159722,0.152778,0.026667,0.403096,8,8,8
158,8_8_8,seq_ABC,smooth,0,no_conv,,0.222222,0.000000,0.000000,,0.806324,0.344662,0.251701,0.137977,0.225240,-0.037298,nan,0.111111,0.104167,0.046667,0.150144,8,7,7
159,8_8_8,seq_ABC,smooth,1,S=8,40,0.000000,0.000000,0.000000,0.000000,0.806324,0.344662,0.394558,0.594923,0.483626,0.241610,nan,0.173611,0.173611,0.033333,0.263946,8,8,8
160,8_8_8,seq_ABC,smooth,0,no_conv,,0.222222,0.000000,0.000000,,0.806324,0.344662,0.340136,0.294364,0.212272,0.009393,nan,0.125000,0.125000,0.126667,0.229235,8,8,7
161,8_8_8,seq_ABC,smooth,1,S=8,44,0.000000,0.000000,0.000000,0.000000,0.806324,0.344662,0.340136,0.350393,0.180800,-0.076492,nan,0.131944,0.131944,0.066667,0.189883,8,8,8
162,8_8_8,seq_ABC,smooth,1,S=8,49,0.000000,0.000000,0.000000,0.000000,0.806324,0.344662,0.462585,0.468458,0.302909,0.061423,nan,0.173611,0.159722,0.026667,0.150738,8,8,8
163,8_8_8,seq_ABC,smooth,1,S=8,49,0.000000,0.000000,0.000000,0.000000,0.806324,0.344662,0.312925,0.224393,0.132975,-0.074151,nan,0.145833,0.145833,0.113333,0.114452,8,8,8
164,8_8_8,seq_ABC,smooth,0,no_conv,,0.222222,0.000000,0.000000,,0.806324,0.344662,0.496599,0.603284,0.527532,0.227023,nan,0.222222,0.208333,0.040000,0.334484,8,7,8
165,8_8_8,seq_ABC,smooth,0,no_conv,,0.222222,0.000000,0.000000,,0.806324,0.344662,0.510204,0.717599,0.625667,0.550017,nan,0.194444,0.180556,0.020000,0.476259,7,8,7
166,8_8_8,seq_ABC,smooth,0,no_conv,,0.666667,0.000000,0.000000,,0.806324,0.344662,0.476190,0.769635,0.639371,0.302909,nan,0.138889,0.125000,0.033333,0.477864,8,7,6
167,8_8_8,seq_ABC,smooth,0,no_conv,,2.000000,0.000000,0.000000,,0.806324,0.344662,0.292517,0.406651,0.312492,0.066077,nan,0.104167,0.097222,0.026667,0.221232,7,7,4
168,8_8_8,seq_ABC,smooth,0,no_conv,,0.222222,0.000000,0.000000,,0.806324,0.344662,0.251701,0.141722,-0.055435,0.014960,nan,0.097222,0.097222,0.173333,0.131539,8,8,7
169,8_8_8,seq_ABC,smooth,1,S=8,49,0.000000,0.000000,0.000000,0.000000,0.806324,0.344662,0.380952,0.448877,0.296243,0.083161,nan,0.138889,0.131944,0.033333,0.163180,8,8,8
170,8_8_8,seq_ABC,smooth,0,no_conv,,14.222222,0.000000,0.000000,,0.806324,0.344662,0.707483,0.837705,0.737220,0.617351,nan,0.284722,0.277778,0.020000,0.583387,0,0,8
171,8_8_8,seq_ABC,smooth,0,no_conv,,0.222222,0.000000,0.000000,,0.806324,0.344662,0.408163,0.179573,0.215730,-0.028727,nan,0.194444,0.180556,0.060000,0.207570,8,7,8
172,8_8_8,seq_ABC,smooth,0,no_conv,,0.666667,0.000000,0.000000,,0.806324,0.344662,0.285714,0.470295,0.099465,-0.116258,nan,0.076389,0.076389,0.100000,0.172145,8,7,6
173,8_8_8,seq_ABC,smooth,0,no_conv,,0.222222,0.000000,0.000000,,0.806324,0.344662,0.258503,0.217947,0.267223,-0.024241,nan,0.111111,0.097222,0.146667,0.111993,8,7,8
174,8_8_8,seq_ABC,smooth,1,S=8,47,0.000000,0.000000,0.000000,0.000000,0.806324,0.344662,0.231293,0.081052,0.062093,0.047779,nan,0.097222,0.090278,0.126667,0.115133,8,8,8
175,8_8_8,seq_ABC,smooth,0,no_conv,,0.222222,0.000000,0.000000,,0.806324,0.344662,0.217687,0.417873,0.467037,0.237104,nan,0.104167,0.090278,0.033333,0.187653,8,7,8
176,8_8_8,seq_ABC,smooth,0,no_conv,,0.222222,0.000000,0.000000,,0.806324,0.344662,0.299320,0.525761,0.535116,0.258600,nan,0.131944,0.111111,0.020000,0.310773,8,8,7
177,8_8_8,seq_ABC,smooth,1,S=8,38,0.000000,0.000000,0.000000,0.000000,0.806324,0.344662,0.244898,0.300375,0.246916,-0.024823,nan,0.090278,0.090278,0.173333,0.184853,8,8,8
178,8_8_8,seq_ABC,smooth,0,no_conv,,0.222222,0.000000,0.000000,,0.806324,0.344662,0.312925,0.602844,0.459627,-0.001035,nan,0.083333,0.083333,0.040000,0.281198,8,7,8
179,8_8_8,seq_ABC,smooth,0,no_conv,,2.888889,0.000000,0.000000,,0.806324,0.344662,0.299320,0.555418,0.415090,0.286827,nan,0.104167,0.104167,0.020000,0.228834,7,4,8
180,8_8_8,seq_ABC,smooth,1,S=8,45,0.000000,0.000000,0.000000,0.000000,0.806324,0.344662,0.442177,0.441084,0.456997,-0.054148,nan,0.201389,0.187500,0.206667,0.245898,8,8,8
181,8_8_8,seq_ABC,smooth,1,S=8,49,0.000000,0.000000,0.000000,0.000000,0.806324,0.344662,0.251701,0.220529,0.035654,-0.009880,nan,0.090278,0.083333,0.100000,0.114478,8,8,8
182,8_8_8,seq_ABC,smooth,0,no_conv,,0.222222,0.000000,0.000000,,0.806324,0.344662,0.312925,0.292704,0.126007,-0.079486,nan,0.090278,0.090278,0.073333,0.195302,8,7,8
183,8_8_8,seq_ABC,smooth,0,no_conv,,0.888889,0.000000,0.000000,,0.806324,0.344662,0.367347,0.570203,0.395758,0.219948,nan,0.166667,0.166667,0.033333,0.313615,8,8,6
184,8_8_8,seq_ABC,smooth,0,no_conv,,0.888889,0.000000,0.000000,,0.806324,0.344662,0.387755,0.614493,0.491949,0.390917,nan,0.125000,0.111111,0.020000,0.342938,8,6,8
185,8_8_8,seq_ABC,smooth,1,S=8,49,0.000000,0.000000,0.000000,0.000000,0.806324,0.344662,0.326531,0.246216,0.014305,-0.128561,nan,0.111111,0.104167,0.193333,0.152452,8,8,8
186,8_8_8,seq_ABC,smooth,1,S=8,49,0.000000,0.000000,0.000000,0.000000,0.806324,0.344662,0.557823,0.775260,0.674870,0.316411,nan,0.208333,0.194444,0.026667,0.434290,8,8,8
187,8_8_8,seq_ABC,smooth,0,no_conv,,0.222222,0.000000,0.000000,,0.806324,0.344662,0.639456,0.760555,0.640991,0.424649,nan,0.277778,0.277778,0.020000,0.531709,8,8,7
188,8_8_8,seq_ABC,smooth,1,S=8,49,0.000000,0.000000,0.000000,0.000000,0.806324,0.344662,0.333333,0.482995,0.334260,0.084438,nan,0.111111,0.111111,0.046667,0.265387,8,8,8
189,8_8_8,seq_ABC,smooth,0,no_conv,,0.222222,0.000000,0.000000,,0.806324,0.344662,0.319728,0.178607,0.117165,0.181403,nan,0.131944,0.125000,0.020000,0.156340,8,7,8
190,8_8_8,seq_ABC,smooth,0,no_conv,,4.222222,0.000000,0.000000,,0.806324,0.344662,0.537415,0.741291,0.564627,0.296027,nan,0.194444,0.194444,0.020000,0.460489,3,8,6
191,8_8_8,seq_ABC,smooth,0,no_conv,,0.888889,0.000000,0.000000,,0.806324,0.344662,0.394558,0.436373,0.320930,-0.155795,nan,0.145833,0.131944,0.080000,0.221559,8,6,8
192,8_8_8,seq_ABC,smooth,0,no_conv,,0.222222,0.000000,0.000000,,0.806324,0.344662,0.428571,0.431129,0.276458,0.056551,nan,0.187500,0.187500,0.060000,0.270942,8,7,8
193,8_8_8,seq_ABC,smooth,1,S=8,43,0.000000,0.000000,0.000000,0.000000,0.806324,0.344662,0.503401,0.716133,0.553876,0.177343,nan,0.159722,0.152778,0.020000,0.427606,8,8,8
194,8_8_8,seq_ABC,smooth,1,S=8,49,0.000000,0.000000,0.000000,0.000000,0.806324,0.344662,0.238095,0.330000,0.213443,0.046870,nan,0.090278,0.090278,0.046667,0.173673,8,8,8
195,8_8_8,seq_ABC,smooth,1,S=8,47,0.000000,0.000000,0.000000,0.000000,0.806324,0.344662,0.244898,0.359381,0.152840,-0.031380,nan,0.062500,0.055556,0.100000,0.159531,8,8,8
196,8_8_8,seq_ABC,smooth,1,S=8,44,0.000000,0.000000,0.000000,0.000000,0.806324,0.344662,0.462585,0.746347,0.673005,0.270167,nan,0.180556,0.173611,0.020000,0.409835,8,8,8
197,8_8_8,seq_ABC,smooth,0,no_conv,,1.555556,0.000000,0.000000,,0.806324,0.344662,0.258503,0.308380,0.142572,0.208601,nan,0.062500,0.062500,0.080000,0.207866,8,5,7
198,8_8_8,seq_ABC,smooth,1,S=8,45,0.000000,0.000000,0.000000,0.000000,0.806324,0.344662,0.489796,0.748589,0.627572,0.316694,nan,0.159722,0.152778,0.020000,0.422454,8,8,8
199,8_8_8,seq_ABC,smooth,0,no_conv,,1.555556,0.000000,0.000000,,0.806324,0.344662,0.374150,0.572979,0.606947,0.193212,nan,0.166667,0.152778,0.033333,0.296477,6,4,3
0,8_8_8,seq_ABC,memoryless,0,no_conv,,0.666667,0.620000,0.680000,,1.817508,0.761486,0.414966,0.403396,0.187731,-0.214130,-0.058094,0.145833,0.138889,0.086667,0.225396,6,5,7
1,8_8_8,seq_ABC,memoryless,0,no_conv,,0.666667,0.640000,0.653333,,1.718872,0.732962,0.476190,0.336953,0.154072,-0.098608,0.014585,0.208333,0.208333,0.093333,0.162761,6,7,8
2,8_8_8,seq_ABC,memoryless,0,no_conv,,0.222222,0.600000,0.626667,,1.633124,0.703773,0.428571,0.188101,0.061912,0.071042,-0.000860,0.208333,0.208333,0.133333,0.139628,8,8,7
3,8_8_8,seq_ABC,memoryless,1,other_conv,49,0.000000,0.626667,0.626667,0.333333,1.985411,0.824513,0.578231,0.819667,0.734924,0.509062,0.007386,0.215278,0.215278,0.020000,0.440692,4,4,4
4,8_8_8,seq_ABC,memoryless,0,no_conv,,0.222222,0.680000,0.653333,,1.708264,0.734635,0.442177,0.177933,0.011604,-0.085486,-0.015410,0.187500,0.187500,0.060000,0.156111,7,6,6
5,8_8_8,seq_ABC,memoryless,1,other_conv,49,0.000000,0.560000,0.546667,0.666667,1.657520,0.720246,0.503401,0.551509,0.338031,0.011026,0.091985,0.173611,0.173611,0.060000,0.270464,7,7,7
6,8_8_8,seq_ABC,memoryless,0,no_conv,,0.222222,0.573333,0.533333,,1.730814,0.720685,0.585034,0.516841,0.361091,0.012410,-0.141520,0.229167,0.215278,0.053333,0.252386,7,8,7
7,8_8_8,seq_ABC,memoryless,0,no_conv,,0.222222,0.720000,0.746667,,1.879182,0.834297,0.578231,0.701617,0.571084,0.214796,-0.078689,0.236111,0.236111,0.026667,0.399862,7,8,8
8,8_8_8,seq_ABC,memoryless,1,S=8,49,0.000000,0.673333,0.680000,0.000000,1.587527,0.725192,0.489796,0.375780,0.208521,0.247378,0.058005,0.194444,0.187500,0.073333,0.162242,8,8,8
9,8_8_8,seq_ABC,memoryless,0,no_conv,,0.888889,0.660000,0.626667,,1.620719,0.721304,0.489796,0.287211,0.130728,-0.045095,-0.028794,0.229167,0.229167,0.060000,0.196642,6,8,8
10,8_8_8,seq_ABC,memoryless,0,no_conv,,0.222222,0.600000,0.586667,,1.582850,0.674939,0.394558,0.226574,0.047384,0.043931,-0.037548,0.145833,0.131944,0.100000,0.127339,7,8,7
11,8_8_8,seq_ABC,memoryless,0,no_conv,,0.888889,0.620000,0.640000,,1.797255,0.738460,0.469388,0.082687,-0.127153,-0.163381,-0.101232,0.229167,0.229167,0.186667,0.183651,6,8,8
12,8_8_8,seq_ABC,memoryless,0,no_conv,,0.666667,0.706667,0.760000,,1.919208,0.830635,0.680272,0.721297,0.552217,0.345802,-0.096225,0.263889,0.256944,0.020000,0.418773,6,8,7
13,8_8_8,seq_ABC,memoryless,0,no_conv,,0.888889,0.593333,0.560000,,1.755804,0.756339,0.619048,0.708545,0.559102,0.231551,-0.002768,0.222222,0.215278,0.033333,0.434530,6,6,8
14,8_8_8,seq_ABC,memoryless,0,no_conv,,0.222222,0.646667,0.680000,,1.810479,0.741344,0.367347,0.222115,0.089144,-0.037311,-0.035948,0.145833,0.138889,0.126667,0.185330,8,7,8
15,8_8_8,seq_ABC,memoryless,0,no_conv,,0.222222,0.673333,0.640000,,1.677130,0.746746,0.578231,0.513398,0.403953,0.054359,0.065254,0.277778,0.270833,0.046667,0.276995,7,8,8
16,8_8_8,seq_ABC,memoryless,0,no_conv,,0.222222,0.646667,0.680000,,1.641878,0.746477,0.455782,0.368814,0.284670,0.026733,-0.075205,0.201389,0.194444,0.126667,0.251351,7,8,7
17,8_8_8,seq_ABC,memoryless,0,no_conv,,0.222222,0.586667,0.600000,,1.608901,0.702925,0.448980,0.199775,0.124767,-0.003765,-0.129990,0.208333,0.201389,0.046667,0.140504,8,8,7
18,8_8_8,seq_ABC,memoryless,0,no_conv,,0.222222,0.700000,0.706667,,1.806960,0.772398,0.462585,0.219769,-0.016461,0.008349,-0.082353,0.159722,0.159722,0.060000,0.185371,8,7,8
19,8_8_8,seq_ABC,memoryless,0,no_conv,,0.666667,0.600000,0.626667,,1.527507,0.698341,0.489796,0.250280,-0.025822,-0.037687,-0.130586,0.180556,0.180556,0.086667,0.203900,8,7,6
20,8_8_8,seq_ABC,memoryless,0,no_conv,,2.888889,0.633333,0.680000,,1.903301,0.772846,0.489796,0.558346,0.289706,-0.001086,0.011314,0.152778,0.152778,0.053333,0.224086,4,8,7
21,8_8_8,seq_ABC,memoryless,0,no_conv,,0.222222,0.573333,0.560000,,1.510543,0.674647,0.455782,0.164444,0.069504,-0.067516,0.027030,0.229167,0.229167,0.040000,0.110564,8,8,7
22,8_8_8,seq_ABC,memoryless,1,S=8,49,0.000000,0.600000,0.533333,0.666667,1.576017,0.697692,0.537415,0.453111,0.238149,0.230920,-0.024137,0.208333,0.201389,0.113333,0.239621,8,8,8
23,8_8_8,seq_ABC,memoryless,0,no_conv,,0.222222,0.560000,0.573333,,1.520940,0.675495,0.380952,0.168837,-0.007501,-0.050779,0.080883,0.159722,0.152778,0.153333,0.127447,7,8,8
24,8_8_8,seq_ABC,memoryless,0,no_conv,,0.222222,0.580000,0.520000,,1.512549,0.678411,0.585034,0.437322,0.278161,0.119344,0.003532,0.263889,0.263889,0.026667,0.258139,7,8,8
25,8_8_8,seq_ABC,memoryless,1,S=8,49,0.000000,0.686667,0.746667,0.333333,1.815383,0.786057,0.510204,0.468790,0.302172,0.164941,-0.075307,0.194444,0.180556,0.053333,0.225497,8,8,8
26,8_8_8,seq_ABC,memoryless,0,no_conv,,0.222222,0.653333,0.680000,,1.615550,0.714881,0.455782,0.205458,0.010363,-0.093714,-0.147183,0.194444,0.187500,0.080000,0.124899,7,8,7
27,8_8_8,seq_ABC,memoryless,0,no_conv,,0.222222,0.686667,0.733333,,1.760643,0.755397,0.482993,0.512120,0.245095,-0.031210,-0.098811,0.166667,0.166667,0.106667,0.150782,8,7,8
28,8_8_8,seq_ABC,memoryless,0,no_conv,,5.555556,0.680000,0.733333,,1.944306,0.798577,0.408163,0.416485,0.264172,-0.116396,-0.139181,0.138889,0.138889,0.073333,0.201739,8,8,3
29,8_8_8,seq_ABC,memoryless,1,S=8,48,0.000000,0.580000,0.546667,0.333333,1.512260,0.698455,0.489796,0.528116,0.502039,0.235052,0.046388,0.250000,0.250000,0.026667,0.392781,8,8,8
30,8_8_8,seq_ABC,memoryless,0,no_conv,,0.666667,0.653333,0.586667,,1.491237,0.684776,0.496599,0.236847,0.085855,0.101855,0.067029,0.229167,0.222222,0.033333,0.165616,7,6,8
31,8_8_8,seq_ABC,memoryless,0,no_conv,,0.888889,0.640000,0.613333,,1.588948,0.703708,0.482993,0.265335,0.041738,-0.193822,-0.040776,0.222222,0.222222,0.113333,0.125212,6,8,8
32,8_8_8,seq_ABC,memoryless,0,no_conv,,0.888889,0.640000,0.666667,,1.682414,0.732962,0.428571,0.104217,0.048041,-0.015759,-0.089325,0.180556,0.173611,0.166667,0.164107,6,8,8
33,8_8_8,seq_ABC,memoryless,0,no_conv,,0.222222,0.586667,0.546667,,1.509461,0.656807,0.428571,0.380353,0.215549,-0.011815,-0.091092,0.145833,0.138889,0.233333,0.235515,8,7,7
34,8_8_8,seq_ABC,memoryless,1,S=8,49,0.000000,0.700000,0.680000,0.000000,1.753760,0.759187,0.510204,0.378868,0.278116,0.092082,0.004573,0.194444,0.180556,0.053333,0.242494,8,8,8
35,8_8_8,seq_ABC,memoryless,1,S=8,49,0.000000,0.626667,0.600000,0.333333,1.623933,0.704985,0.503401,0.443611,0.299655,-0.119848,0.039438,0.201389,0.194444,0.060000,0.171211,8,8,8
36,8_8_8,seq_ABC,memoryless,0,no_conv,,0.222222,0.640000,0.706667,,1.648057,0.747295,0.482993,0.401125,0.134952,-0.094796,0.025011,0.159722,0.152778,0.120000,0.208884,8,7,8
37,8_8_8,seq_ABC,memoryless,0,no_conv,,0.222222,0.586667,0.613333,,1.533917,0.690455,0.380952,0.016400,-0.022546,0.160470,0.015422,0.180556,0.180556,0.193333,0.163629,7,8,8
38,8_8_8,seq_ABC,memoryless,0,no_conv,,0.888889,0.606667,0.586667,,1.649094,0.706681,0.448980,0.198529,0.116649,-0.141015,0.097250,0.222222,0.215278,0.060000,0.154578,6,8,8
39,8_8_8,seq_ABC,memoryless,0,no_conv,,0.222222,0.633333,0.573333,,1.506415,0.681618,0.435374,0.354524,0.238612,0.035708,-0.003110,0.187500,0.187500,0.053333,0.183672,7,8,8
40,8_8_8,seq_ABC,memoryless,0,no_conv,,0.888889,0.613333,0.600000,,1.720512,0.731238,0.557823,0.314298,0.242760,-0.138634,-0.089008,0.256944,0.250000,0.066667,0.194158,8,6,8
41,8_8_8,seq_ABC,memoryless,0,no_conv,,0.222222,0.586667,0.600000,,1.611235,0.691365,0.380952,0.064963,0.018348,-0.046197,-0.230795,0.166667,0.166667,0.180000,0.145507,8,7,8
42,8_8_8,seq_ABC,memoryless,0,no_conv,,1.555556,0.666667,0.733333,,1.772038,0.774227,0.510204,0.348971,0.270479,0.048201,0.047561,0.236111,0.222222,0.173333,0.206975,8,7,5
43,8_8_8,seq_ABC,memoryless,0,no_conv,,0.888889,0.593333,0.600000,,1.694852,0.733552,0.489796,0.548525,0.290511,-0.091019,-0.048270,0.131944,0.125000,0.080000,0.217550,8,6,8
44,8_8_8,seq_ABC,memoryless,1,other_conv,49,0.000000,0.640000,0.626667,1.000000,1.651906,0.713689,0.455782,0.211062,0.023659,0.107911,0.089327,0.152778,0.145833,0.160000,0.136004,7,7,7
45,8_8_8,seq_ABC,memoryless,1,S=8,49,0.000000,0.606667,0.613333,0.333333,1.681300,0.725047,0.489796,0.375576,0.252593,0.090639,-0.043261,0.215278,0.215278,0.093333,0.193140,8,8,8
46,8_8_8,seq_ABC,memoryless,0,no_conv,,2.000000,0.713333,0.746667,,1.724025,0.753039,0.469388,0.238019,0.170754,-0.034241,0.114201,0.215278,0.201389,0.073333,0.156408,5,8,5
47,8_8_8,seq_ABC,memoryless,1,S=8,45,0.000000,0.613333,0.653333,0.600000,1.691743,0.732733,0.537415,0.541097,0.414929,0.059736,-0.081223,0.243056,0.229167,0.040000,0.203158,8,8,8
48,8_8_8,seq_ABC,memoryless,0,no_conv,,2.000000,0.600000,0.626667,,1.799697,0.774596,0.551020,0.504857,0.206654,0.178716,-0.045151,0.180556,0.180556,0.073333,0.275889,5,8,8
49,8_8_8,seq_ABC,memoryless,0,no_conv,,1.555556,0.633333,0.600000,,1.505289,0.677587,0.476190,0.526127,0.345005,0.094987,0.060443,0.180556,0.173611,0.060000,0.204755,5,8,7
50,8_8_8,seq_ABC,memoryless,0,no_conv,,0.666667,0.626667,0.640000,,1.845511,0.794430,0.585034,0.423307,0.161736,-0.088393,-0.084296,0.222222,0.208333,0.060000,0.208675,7,8,6
51,8_8_8,seq_ABC,memoryless,0,no_conv,,0.222222,0.653333,0.626667,,1.572589,0.707781,0.537415,0.242089,0.151368,0.020094,0.078711,0.263889,0.263889,0.100000,0.145538,8,7,8
52,8_8_8,seq_ABC,memoryless,0,no_conv,,0.222222,0.666667,0.706667,,1.866345,0.795234,0.537415,0.435087,0.199305,0.048347,-0.159677,0.222222,0.222222,0.020000,0.217994,8,8,7
53,8_8_8,seq_ABC,memoryless,0,no_conv,,0.222222,0.560000,0.546667,,1.564725,0.700731,0.537415,0.505981,0.305541,0.003168,0.076460,0.215278,0.215278,0.073333,0.217485,7,8,8
54,8_8_8,seq_ABC,memoryless,0,no_conv,,0.222222,0.606667,0.653333,,1.713896,0.735382,0.462585,0.178986,0.075501,0.111621,0.100948,0.215278,0.208333,0.173333,0.118516,8,8,7
55,8_8_8,seq_ABC,memoryless,1,S=8,48,0.000000,0.633333,0.600000,0.666667,1.667920,0.697453,0.367347,0.192358,-0.017235,-0.035920,0.030124,0.145833,0.145833,0.193333,0.160520,8,8,8
56,8_8_8,seq_ABC,memoryless,1,other_conv,49,0.000000,0.600000,0.626667,0.666667,1.791503,0.760934,0.401361,0.604677,0.372488,-0.000625,-0.090207,0.083333,0.083333,0.053333,0.245232,7,7,7
57,8_8_8,seq_ABC,memoryless,0,no_conv,,0.888889,0.573333,0.560000,,1.541555,0.688449,0.394558,0.368206,0.225580,0.122310,0.021897,0.159722,0.145833,0.060000,0.155366,6,6,8
58,8_8_8,seq_ABC,memoryless,1,S=8,48,0.000000,0.646667,0.626667,0.500000,1.741089,0.728803,0.523810,0.430752,0.320499,0.204194,0.023990,0.222222,0.215278,0.066667,0.213761,8,8,8
59,8_8_8,seq_ABC,memoryless,0,no_conv,,0.666667,0.573333,0.546667,,1.526111,0.683728,0.578231,0.238565,0.153783,0.171897,0.026992,0.305556,0.298611,0.073333,0.243742,8,7,6
60,8_8_8,seq_ABC,memoryless,0,no_conv,,0.222222,0.660000,0.640000,,1.580171,0.712842,0.462585,0.494314,0.243053,0.055498,-0.128786,0.152778,0.152778,0.053333,0.245774,7,7,8
61,8_8_8,seq_ABC,memoryless,0,no_conv,,0.666667,0.586667,0.613333,,1.802347,0.767561,0.510204,0.523006,0.388849,0.260849,0.012991,0.215278,0.208333,0.026667,0.319072,6,7,5
62,8_8_8,seq_ABC,memoryless,1,other_conv,49,0.000000,0.593333,0.506667,0.666667,1.576060,0.669129,0.510204,0.240413,0.014934,-0.059700,0.144332,0.215278,0.215278,0.120000,0.133548,7,7,7
63,8_8_8,seq_ABC,memoryless,1,S=8,48,0.000000,0.666667,0.640000,0.666667,1.631975,0.736022,0.551020,0.463117,0.275177,0.004979,0.100353,0.236111,0.229167,0.040000,0.271029,8,8,8
64,8_8_8,seq_ABC,memoryless,0,no_conv,,2.000000,0.700000,0.680000,,1.779902,0.779189,0.537415,0.481516,0.206973,-0.103535,-0.090329,0.201389,0.201389,0.060000,0.200873,8,5,8
65,8_8_8,seq_ABC,memoryless,0,no_conv,,0.222222,0.620000,0.640000,,1.594669,0.714205,0.503401,0.244004,0.008735,0.069854,-0.018502,0.194444,0.194444,0.126667,0.204388,7,8,8
66,8_8_8,seq_ABC,memoryless,0,no_conv,,0.888889,0.613333,0.613333,,1.618642,0.709213,0.469388,0.234592,0.091846,-0.097906,-0.152058,0.215278,0.208333,0.046667,0.167042,8,8,6
67,8_8_8,seq_ABC,memoryless,0,no_conv,,0.222222,0.646667,0.693333,,1.860596,0.811168,0.625850,0.661887,0.445639,0.055511,-0.027710,0.215278,0.215278,0.026667,0.293491,7,8,7
68,8_8_8,seq_ABC,memoryless,0,no_conv,,0.666667,0.626667,0.626667,,1.631459,0.722560,0.489796,0.401373,0.212774,0.006410,-0.022371,0.215278,0.208333,0.046667,0.178597,6,8,7
69,8_8_8,seq_ABC,memoryless,1,S=8,49,0.000000,0.613333,0.666667,0.333333,1.679995,0.741288,0.469388,0.381934,0.192198,0.028173,0.031584,0.201389,0.201389,0.053333,0.149592,8,8,8
70,8_8_8,seq_ABC,memoryless,0,no_conv,,0.888889,0.653333,0.640000,,1.623448,0.733068,0.619048,0.486651,0.332324,0.001939,-0.008376,0.263889,0.250000,0.053333,0.203306,6,8,8
71,8_8_8,seq_ABC,memoryless,0,no_conv,,0.222222,0.646667,0.653333,,1.650408,0.730681,0.551020,0.313000,0.112711,0.074715,0.035705,0.243056,0.243056,0.093333,0.176330,8,8,7
72,8_8_8,seq_ABC,memoryless,0,no_conv,,0.222222,0.713333,0.760000,,1.680210,0.740867,0.428571,0.125881,0.053046,0.060669,0.087777,0.194444,0.194444,0.306667,0.121508,8,7,8
73,8_8_8,seq_ABC,memoryless,0,no_conv,,0.666667,0.686667,0.666667,,1.891374,0.772536,0.517007,0.304367,0.136653,0.013845,-0.154553,0.201389,0.194444,0.040000,0.218024,6,8,7
74,8_8_8,seq_ABC,memoryless,0,no_conv,,0.222222,0.593333,0.600000,,1.599956,0.724054,0.544218,0.269378,0.093393,-0.051294,-0.098574,0.222222,0.222222,0.066667,0.170914,7,8,7
75,8_8_8,seq_ABC,memoryless,1,S=8,49,0.000000,0.606667,0.586667,1.000000,1.587004,0.700717,0.517007,0.530094,0.354265,0.089124,-0.006060,0.236111,0.236111,0.066667,0.226690,8,8,8
76,8_8_8,seq_ABC,memoryless,0,no_conv,,0.222222,0.653333,0.600000,,1.673463,0.720945,0.523810,0.366181,0.176812,0.006179,0.107199,0.215278,0.215278,0.073333,0.187136,8,7,8
77,8_8_8,seq_ABC,memoryless,0,no_conv,,0.222222,0.613333,0.560000,,1.656688,0.703729,0.462585,0.286308,0.217503,-0.080338,-0.098588,0.215278,0.208333,0.040000,0.206036,7,8,7
78,8_8_8,seq_ABC,memoryless,1,S=8,49,0.000000,0.666667,0.693333,0.666667,1.759214,0.744982,0.394558,0.132298,-0.060129,0.118380,-0.039973,0.166667,0.166667,0.340000,0.135702,8,8,8
79,8_8_8,seq_ABC,memoryless,0,no_conv,,0.222222,0.693333,0.720000,,1.838361,0.798797,0.585034,0.619732,0.485263,0.193772,-0.057548,0.236111,0.229167,0.040000,0.374344,6,6,7
80,8_8_8,seq_ABC,memoryless,1,S=8,48,0.000000,0.620000,0.586667,0.666667,1.606973,0.694452,0.510204,0.406407,0.211101,0.079926,-0.036507,0.194444,0.187500,0.040000,0.206088,8,8,8
81,8_8_8,seq_ABC,memoryless,0,no_conv,,0.222222,0.666667,0.720000,,1.808299,0.774854,0.571429,0.338040,0.052236,0.009853,0.006116,0.250000,0.250000,0.100000,0.177784,7,8,7
82,8_8_8,seq_ABC,memoryless,1,S=8,48,0.000000,0.673333,0.680000,0.833333,1.741177,0.747333,0.537415,0.413108,0.248878,0.122518,-0.105443,0.222222,0.222222,0.113333,0.203480,8,8,8
83,8_8_8,seq_ABC,memoryless,0,no_conv,,0.888889,0.600000,0.586667,,1.639544,0.722312,0.428571,0.307416,0.082656,-0.155203,-0.023800,0.131944,0.118056,0.153333,0.147039,8,8,6
84,8_8_8,seq_ABC,memoryless,0,no_conv,,0.222222,0.633333,0.626667,,1.638465,0.709447,0.469388,0.460087,0.275174,0.009558,-0.070993,0.187500,0.187500,0.053333,0.190983,7,7,8
85,8_8_8,seq_ABC,memoryless,1,S=8,49,0.000000,0.640000,0.640000,0.333333,1.576049,0.700829,0.442177,0.638222,0.411280,-0.057155,-0.052221,0.138889,0.138889,0.033333,0.206286,8,8,8
86,8_8_8,seq_ABC,memoryless,1,S=8,49,0.000000,0.566667,0.546667,0.333333,1.555751,0.681288,0.476190,0.301746,0.092296,-0.133946,0.019921,0.180556,0.180556,0.146667,0.213101,8,8,8
87,8_8_8,seq_ABC,memoryless,1,S=8,48,0.000000,0.633333,0.653333,0.833333,1.633603,0.716924,0.435374,0.230682,0.070442,-0.141497,-0.047259,0.180556,0.180556,0.193333,0.126742,8,8,8
88,8_8_8,seq_ABC,memoryless,0,no_conv,,0.222222,0.660000,0.653333,,1.859850,0.777792,0.571429,0.524212,0.459969,0.235742,0.026040,0.256944,0.256944,0.033333,0.304185,8,7,7
89,8_8_8,seq_ABC,memoryless,0,no_conv,,0.222222,0.633333,0.653333,,1.762657,0.742766,0.421769,0.408444,0.180982,0.156785,-0.017805,0.152778,0.152778,0.040000,0.266514,7,8,7
90,8_8_8,seq_ABC,memoryless,0,no_conv,,0.222222,0.620000,0.613333,,1.561644,0.689662,0.380952,0.102097,0.087636,0.176174,-0.024315,0.187500,0.187500,0.093333,0.184046,8,8,7
91,8_8_8,seq_ABC,memoryless,0,no_conv,,1.555556,0.640000,0.680000,,1.756560,0.760659,0.367347,0.671146,0.529068,0.276343,-0.009729,0.125000,0.118056,0.020000,0.315872,4,7,6
92,8_8_8,seq_ABC,memoryless,0,no_conv,,0.222222,0.686667,0.733333,,1.825023,0.769117,0.387755,0.173813,0.109430,0.034622,0.069549,0.166667,0.166667,0.166667,0.156469,7,7,8
93,8_8_8,seq_ABC,memoryless,1,other_conv,49,0.000000,0.660000,0.680000,0.333333,1.777487,0.763052,0.578231,0.409580,0.196173,-0.041071,-0.204460,0.250000,0.243056,0.033333,0.183281,7,7,7
94,8_8_8,seq_ABC,memoryless,0,no_conv,,0.666667,0.593333,0.600000,,1.711433,0.742370,0.517007,0.458261,0.188592,-0.081275,-0.000349,0.180556,0.180556,0.033333,0.231354,5,7,6
95,8_8_8,seq_ABC,memoryless,0,no_conv,,0.222222,0.613333,0.560000,,1.457124,0.664508,0.462585,0.451995,0.263497,0.187237,0.067499,0.180556,0.180556,0.093333,0.229428,7,8,8
96,8_8_8,seq_ABC,memoryless,0,no_conv,,0.888889,0.733333,0.773333,,1.828751,0.801807,0.489796,0.450748,0.254547,-0.009301,-0.012771,0.187500,0.173611,0.020000,0.219245,6,8,8
97,8_8_8,seq_ABC,memoryless,0,no_conv,,0.222222,0.633333,0.640000,,1.696648,0.721680,0.476190,0.165492,0.074843,-0.043501,0.015716,0.208333,0.208333,0.120000,0.139776,7,8,8
98,8_8_8,seq_ABC,memoryless,0,no_conv,,0.888889,0.626667,0.613333,,1.745546,0.730609,0.435374,0.361673,0.143640,0.100325,-0.096100,0.166667,0.166667,0.093333,0.221607,8,8,6
99,8_8_8,seq_ABC,memoryless,0,no_conv,,0.222222,0.633333,0.573333,,1.525876,0.673525,0.476190,0.147552,-0.059495,-0.090802,-0.007706,0.201389,0.201389,0.146667,0.157078,8,7,8
100,8_8_8,seq_ABC,memoryless,1,S=8,48,0.000000,0.606667,0.706667,0.500000,1.886648,0.774592,0.578231,0.347386,0.086917,-0.101047,0.032538,0.243056,0.236111,0.100000,0.168096,8,8,8
101,8_8_8,seq_ABC,memoryless,0,no_conv,,0.222222,0.633333,0.626667,,1.645095,0.708728,0.462585,0.088149,0.195894,-0.033073,0.055820,0.236111,0.229167,0.140000,0.186841,7,8,7
102,8_8_8,seq_ABC,memoryless,0,no_conv,,0.888889,0.646667,0.666667,,1.812764,0.753857,0.503401,0.467839,0.228683,0.004112,-0.122306,0.180556,0.173611,0.040000,0.185455,6,8,8
103,8_8_8,seq_ABC,memoryless,0,no_conv,,0.888889,0.673333,0.733333,,1.681104,0.750110,0.448980,0.294134,0.233897,0.222920,0.056168,0.208333,0.208333,0.173333,0.235967,6,8,8
104,8_8_8,seq_ABC,memoryless,0,no_conv,,0.222222,0.693333,0.706667,,1.899991,0.789217,0.448980,0.349441,0.287767,-0.065410,-0.090840,0.159722,0.152778,0.060000,0.264256,7,7,8
105,8_8_8,seq_ABC,memoryless,0,no_conv,,0.666667,0.593333,0.546667,,1.608919,0.682999,0.367347,0.285271,0.164062,-0.094425,0.004404,0.145833,0.138889,0.073333,0.161696,7,8,6
106,8_8_8,seq_ABC,memoryless,0,no_conv,,0.222222,0.620000,0.653333,,1.843071,0.754605,0.537415,0.375789,0.194331,0.043267,-0.153092,0.263889,0.256944,0.046667,0.203748,8,7,7
107,8_8_8,seq_ABC,memoryless,1,S=8,49,0.000000,0.626667,0.586667,1.000000,1.606843,0.692749,0.462585,0.195256,0.159516,-0.012442,-0.034597,0.236111,0.229167,0.100000,0.179206,8,8,8
108,8_8_8,seq_ABC,memoryless,1,S=8,49,0.000000,0.646667,0.586667,0.666667,1.626732,0.702344,0.496599,0.222179,0.076691,-0.169062,0.040545,0.236111,0.236111,0.106667,0.166713,8,8,8
109,8_8_8,seq_ABC,memoryless,0,no_conv,,0.222222,0.660000,0.666667,,1.768084,0.743035,0.435374,0.225149,0.242707,-0.072503,-0.063603,0.208333,0.201389,0.166667,0.188984,7,7,8
110,8_8_8,seq_ABC,memoryless,1,S=8,49,0.000000,0.606667,0.640000,0.666667,1.737460,0.743201,0.476190,0.318319,0.025262,0.043097,0.144946,0.173611,0.173611,0.086667,0.123755,8,8,8
111,8_8_8,seq_ABC,memoryless,1,S=8,48,0.000000,0.613333,0.586667,0.333333,1.775683,0.739877,0.503401,0.527254,0.306855,0.006062,0.074463,0.180556,0.180556,0.033333,0.250344,8,8,8
112,8_8_8,seq_ABC,memoryless,0,no_conv,,0.222222,0.660000,0.626667,,1.680317,0.733676,0.517007,0.429754,0.261296,-0.040113,0.055674,0.194444,0.187500,0.113333,0.168485,6,7,6
113,8_8_8,seq_ABC,memoryless,0,no_conv,,0.222222,0.633333,0.640000,,1.705826,0.711295,0.387755,0.297037,0.163111,-0.052045,-0.072558,0.159722,0.152778,0.133333,0.181907,8,7,8
114,8_8_8,seq_ABC,memoryless,0,no_conv,,0.222222,0.653333,0.640000,,1.620297,0.704883,0.476190,0.184852,0.083350,0.000917,0.125509,0.215278,0.208333,0.093333,0.144788,8,8,7
115,8_8_8,seq_ABC,memoryless,0,no_conv,,0.222222,0.653333,0.560000,,1.522548,0.676994,0.496599,0.308964,0.105449,0.131424,0.027256,0.222222,0.222222,0.093333,0.183317,8,7,8
116,8_8_8,seq_ABC,memoryless,0,no_conv,,0.222222,0.626667,0.626667,,1.610456,0.715648,0.476190,0.162973,-0.014897,-0.166599,-0.050657,0.201389,0.201389,0.220000,0.193334,6,7,7
117,8_8_8,seq_ABC,memoryless,0,no_conv,,0.222222,0.613333,0.586667,,1.603298,0.703484,0.401361,0.237942,0.100679,0.023916,-0.144215,0.145833,0.138889,0.033333,0.166893,7,7,6
118,8_8_8,seq_ABC,memoryless,0,no_conv,,0.222222,0.620000,0.666667,,1.723820,0.749962,0.476190,0.460574,0.226677,0.040018,-0.091817,0.180556,0.180556,0.040000,0.177375,7,8,8
119,8_8_8,seq_ABC,memoryless,0,no_conv,,0.888889,0.573333,0.560000,,1.626818,0.709171,0.510204,0.517491,0.137584,0.025515,-0.001624,0.145833,0.145833,0.066667,0.225114,7,7,5
120,8_8_8,seq_ABC,memoryless,1,S=8,47,0.000000,0.660000,0.653333,0.555556,1.544430,0.700815,0.394558,0.399241,0.086830,-0.153567,0.138515,0.138889,0.138889,0.100000,0.175420,8,8,8
121,8_8_8,seq_ABC,memoryless,0,no_conv,,0.222222,0.640000,0.666667,,1.695884,0.770442,0.571429,0.732268,0.571462,0.308611,0.075759,0.222222,0.222222,0.026667,0.451983,8,7,7
122,8_8_8,seq_ABC,memoryless,0,no_conv,,0.666667,0.633333,0.560000,,1.708679,0.709265,0.401361,0.341907,0.155225,0.041039,-0.078126,0.152778,0.152778,0.146667,0.150010,7,6,8
123,8_8_8,seq_ABC,memoryless,0,no_conv,,0.222222,0.660000,0.653333,,1.699991,0.736865,0.517007,0.211956,0.220090,-0.011900,-0.014045,0.222222,0.208333,0.200000,0.188023,7,8,8
124,8_8_8,seq_ABC,memoryless,0,no_conv,,0.222222,0.626667,0.666667,,1.681115,0.723985,0.428571,0.198107,0.042323,-0.124020,-0.051675,0.180556,0.173611,0.233333,0.144520,7,7,8
125,8_8_8,seq_ABC,memoryless,0,no_conv,,0.222222,0.600000,0.666667,,1.806844,0.765033,0.578231,0.478184,0.386266,0.041039,0.051016,0.298611,0.291667,0.026667,0.259332,8,7,8
126,8_8_8,seq_ABC,memoryless,0,no_conv,,0.222222,0.593333,0.533333,,1.502036,0.681836,0.496599,0.628631,0.450000,0.188738,0.068130,0.201389,0.201389,0.053333,0.335716,8,7,8
127,8_8_8,seq_ABC,memoryless,1,other_conv,49,0.000000,0.620000,0.586667,0.666667,1.718299,0.731413,0.455782,0.562633,0.426211,0.178654,0.086208,0.187500,0.187500,0.060000,0.359377,6,6,6
128,8_8_8,seq_ABC,memoryless,0,no_conv,,3.555556,0.613333,0.626667,,1.785235,0.753380,0.517007,0.612618,0.394462,0.114490,0.177923,0.201389,0.201389,0.053333,0.317947,4,8,8
129,8_8_8,seq_ABC,memoryless,0,no_conv,,0.222222,0.660000,0.706667,,1.774975,0.782780,0.448980,0.339583,0.202884,0.002376,-0.027991,0.201389,0.201389,0.040000,0.215828,8,7,7
130,8_8_8,seq_ABC,memoryless,0,no_conv,,0.666667,0.680000,0.680000,,1.766404,0.783663,0.455782,0.651535,0.502391,0.254252,-0.035568,0.166667,0.166667,0.020000,0.389969,6,7,8
131,8_8_8,seq_ABC,memoryless,0,no_conv,,0.666667,0.633333,0.560000,,1.541197,0.692250,0.476190,0.459624,0.283180,-0.010908,0.033195,0.187500,0.187500,0.060000,0.254155,7,6,8
132,8_8_8,seq_ABC,memoryless,0,no_conv,,0.888889,0.653333,0.666667,,1.877854,0.777738,0.578231,0.305483,0.180943,-0.028380,-0.273346,0.270833,0.256944,0.066667,0.214317,6,6,8
133,8_8_8,seq_ABC,memoryless,0,no_conv,,0.888889,0.600000,0.546667,,1.633585,0.717016,0.462585,0.427658,0.084374,0.069172,0.045581,0.131944,0.131944,0.080000,0.208715,6,8,6
134,8_8_8,seq_ABC,memoryless,0,no_conv,,0.222222,0.680000,0.693333,,1.758894,0.756331,0.462585,0.439862,0.234013,-0.159296,-0.121663,0.159722,0.152778,0.093333,0.207588,7,8,8
135,8_8_8,seq_ABC,memoryless,0,no_conv,,0.222222,0.686667,0.706667,,1.797600,0.757086,0.455782,0.482124,0.302894,0.079216,0.003487,0.173611,0.173611,0.026667,0.246910,7,8,7
136,8_8_8,seq_ABC,memoryless,0,no_conv,,0.666667,0.673333,0.680000,,1.685696,0.721769,0.414966,0.350507,0.151290,0.132456,-0.068041,0.173611,0.173611,0.066667,0.209504,7,6,8
137,8_8_8,seq_ABC,memoryless,0,no_conv,,0.222222,0.586667,0.546667,,1.586987,0.683284,0.503401,0.500322,0.345938,0.083802,-0.139965,0.222222,0.201389,0.086667,0.204933,8,7,8
138,8_8_8,seq_ABC,memoryless,0,no_conv,,0.222222,0.646667,0.746667,,1.772949,0.788724,0.489796,0.409828,0.187476,-0.011464,0.077817,0.194444,0.194444,0.066667,0.170710,7,7,8
139,8_8_8,seq_ABC,memoryless,0,no_conv,,0.222222,0.660000,0.653333,,1.736179,0.736753,0.435374,0.282760,0.088067,0.056548,-0.087121,0.159722,0.152778,0.066667,0.121236,8,7,8
140,8_8_8,seq_ABC,memoryless,0,no_conv,,0.666667,0.633333,0.626667,,1.719988,0.749500,0.585034,0.308889,0.121519,-0.161180,-0.261268,0.250000,0.243056,0.133333,0.246157,6,7,8
141,8_8_8,seq_ABC,memoryless,0,no_conv,,0.222222,0.640000,0.613333,,1.673654,0.729965,0.537415,0.427720,0.274315,0.053661,-0.091732,0.222222,0.222222,0.040000,0.212142,7,8,8
142,8_8_8,seq_ABC,memoryless,0,no_conv,,0.222222,0.573333,0.626667,,1.707863,0.740168,0.476190,0.515788,0.266158,-0.162132,-0.089138,0.138889,0.138889,0.080000,0.199643,7,6,6
143,8_8_8,seq_ABC,memoryless,0,no_conv,,0.666667,0.700000,0.720000,,1.773444,0.766389,0.469388,0.387839,0.162127,-0.040096,0.027684,0.166667,0.159722,0.060000,0.208833,6,8,7
144,8_8_8,seq_ABC,memoryless,0,no_conv,,0.888889,0.613333,0.613333,,1.635401,0.728721,0.537415,0.418988,0.210652,0.029316,-0.114967,0.243056,0.236111,0.093333,0.221941,5,5,7
145,8_8_8,seq_ABC,memoryless,0,no_conv,,0.222222,0.666667,0.693333,,1.663187,0.739236,0.421769,0.376618,0.225795,-0.195158,-0.057135,0.201389,0.194444,0.066667,0.172952,7,8,8
146,8_8_8,seq_ABC,memoryless,0,no_conv,,0.222222,0.586667,0.546667,,1.487973,0.687497,0.517007,0.428359,0.270069,0.055233,-0.057190,0.243056,0.236111,0.040000,0.130602,8,7,8
147,8_8_8,seq_ABC,memoryless,0,no_conv,,0.666667,0.680000,0.640000,,1.635202,0.721395,0.482993,0.512584,0.505717,0.325216,0.175619,0.263889,0.256944,0.033333,0.334236,6,8,7
148,8_8_8,seq_ABC,memoryless,0,no_conv,,0.222222,0.653333,0.680000,,1.791738,0.751302,0.503401,0.357009,0.122764,0.090834,-0.014864,0.208333,0.208333,0.080000,0.201393,7,8,8
149,8_8_8,seq_ABC,memoryless,0,no_conv,,0.222222,0.593333,0.653333,,1.586411,0.712598,0.482993,0.352238,0.040922,0.043542,0.103893,0.180556,0.180556,0.046667,0.187770,8,7,7
150,8_8_8,seq_ABC,memoryless,1,S=8,48,0.000000,0.580000,0.586667,0.166667,1.621205,0.695137,0.496599,0.411592,0.184949,0.023489,-0.044546,0.173611,0.166667,0.033333,0.178121,8,8,8
151,8_8_8,seq_ABC,memoryless,0,no_conv,,0.888889,0.626667,0.586667,,1.569970,0.698311,0.442177,0.450583,0.223119,-0.156927,0.019661,0.152778,0.152778,0.066667,0.205438,6,8,8
152,8_8_8,seq_ABC,memoryless,0,no_conv,,0.222222,0.626667,0.626667,,1.720181,0.730549,0.428571,0.105505,0.030879,-0.075760,-0.103770,0.194444,0.194444,0.246667,0.107910,8,7,8
153,8_8_8,seq_ABC,memoryless,0,no_conv,,0.222222,0.640000,0.613333,,1.574537,0.701862,0.414966,0.241322,0.038210,-0.042202,-0.011019,0.138889,0.131944,0.093333,0.178231,7,8,7
154,8_8_8,seq_ABC,memoryless,0,no_conv,,0.222222,0.680000,0.666667,,1.784064,0.768174,0.482993,0.508479,0.277914,0.148507,0.003095,0.145833,0.145833,0.086667,0.203047,7,8,7
155,8_8_8,seq_ABC,memoryless,0,no_conv,,1.555556,0.586667,0.586667,,1.665392,0.747908,0.605442,0.545739,0.425695,0.160604,-0.139772,0.291667,0.284722,0.033333,0.290926,7,5,8
156,8_8_8,seq_ABC,memoryless,1,S=8,49,0.000000,0.586667,0.640000,0.666667,1.733193,0.726653,0.414966,0.261760,-0.006839,-0.023282,0.102688,0.145833,0.145833,0.173333,0.171916,8,8,8
157,8_8_8,seq_ABC,memoryless,0,no_conv,,0.888889,0.606667,0.600000,,1.652562,0.716282,0.557823,0.336852,0.022863,-0.112051,-0.061281,0.222222,0.222222,0.100000,0.160506,8,8,6
158,8_8_8,seq_ABC,memoryless,1,S=8,45,0.000000,0.620000,0.640000,0.600000,1.586403,0.718156,0.421769,0.578808,0.339241,-0.091071,0.076674,0.131944,0.131944,0.073333,0.214949,8,8,8
159,8_8_8,seq_ABC,memoryless,1,S=8,43,0.000000,0.620000,0.600000,0.619048,1.554200,0.703209,0.435374,0.370975,0.192381,0.171021,-0.079428,0.180556,0.180556,0.173333,0.153181,8,8,8
160,8_8_8,seq_ABC,memoryless,0,no_conv,,0.222222,0.580000,0.586667,,1.570510,0.707372,0.523810,0.337460,0.072125,-0.061966,-0.021776,0.201389,0.201389,0.060000,0.135748,7,8,7
161,8_8_8,seq_ABC,memoryless,1,S=8,49,0.000000,0.593333,0.573333,0.666667,1.526556,0.681425,0.523810,0.296948,0.041051,-0.070707,0.019596,0.194444,0.187500,0.126667,0.134241,8,8,8
162,8_8_8,seq_ABC,memoryless,0,no_conv,,0.222222,0.600000,0.600000,,1.630169,0.709484,0.462585,0.285862,0.067232,-0.064106,-0.053150,0.173611,0.166667,0.093333,0.207600,8,8,7
163,8_8_8,seq_ABC,memoryless,0,no_conv,,0.666667,0.626667,0.613333,,1.608403,0.709673,0.414966,0.413915,0.306710,-0.067631,-0.144481,0.173611,0.173611,0.073333,0.227211,6,8,7
164,8_8_8,seq_ABC,memoryless,0,no_conv,,0.222222,0.626667,0.600000,,1.721932,0.716974,0.476190,0.370251,0.197636,0.164916,-0.065298,0.215278,0.215278,0.026667,0.160857,7,8,8
165,8_8_8,seq_ABC,memoryless,0,no_conv,,0.222222,0.660000,0.600000,,1.601732,0.716668,0.530612,0.392850,0.199063,-0.071961,-0.162029,0.229167,0.215278,0.053333,0.221378,7,8,8
166,8_8_8,seq_ABC,memoryless,0,no_conv,,0.222222,0.566667,0.653333,,1.729120,0.737015,0.333333,0.359606,0.198202,0.047210,-0.046693,0.131944,0.131944,0.066667,0.225117,8,8,7
167,8_8_8,seq_ABC,memoryless,1,S=8,49,0.000000,0.620000,0.640000,0.000000,1.647738,0.707121,0.428571,0.346494,0.161998,-0.044570,-0.067096,0.159722,0.152778,0.113333,0.224984,8,8,8
168,8_8_8,seq_ABC,memoryless,0,no_conv,,0.666667,0.613333,0.613333,,1.819058,0.753346,0.489796,0.454816,0.304685,0.017234,-0.050009,0.215278,0.208333,0.046667,0.199962,6,7,5
169,8_8_8,seq_ABC,memoryless,0,no_conv,,0.222222,0.686667,0.626667,,1.689449,0.729717,0.435374,0.373973,0.127740,-0.055769,0.039108,0.138889,0.138889,0.066667,0.183461,8,8,7
170,8_8_8,seq_ABC,memoryless,0,no_conv,,0.222222,0.660000,0.586667,,1.586136,0.699785,0.523810,0.406643,0.139445,-0.064814,0.040005,0.173611,0.166667,0.086667,0.219516,7,8,8
171,8_8_8,seq_ABC,memoryless,0,no_conv,,0.888889,0.680000,0.733333,,1.981963,0.815889,0.605442,0.337998,0.220095,0.022471,0.025625,0.277778,0.263889,0.173333,0.189039,6,8,6
172,8_8_8,seq_ABC,memoryless,0,no_conv,,0.222222,0.646667,0.653333,,1.565973,0.715445,0.523810,0.410839,0.171057,0.023065,-0.073606,0.201389,0.194444,0.060000,0.199359,7,7,8
173,8_8_8,seq_ABC,memoryless,0,no_conv,,0.222222,0.613333,0.640000,,1.699821,0.727290,0.489796,0.454218,0.324236,-0.025295,-0.058522,0.229167,0.222222,0.060000,0.256698,8,7,8
174,8_8_8,seq_ABC,memoryless,0,no_conv,,0.222222,0.640000,0.640000,,1.719267,0.742743,0.503401,0.322176,0.059995,-0.081577,0.022904,0.187500,0.187500,0.146667,0.182711,8,7,7
175,8_8_8,seq_ABC,memoryless,1,S=8,49,0.000000,0.633333,0.680000,0.333333,1.805389,0.762682,0.469388,0.443678,0.309845,0.087316,-0.242967,0.208333,0.208333,0.026667,0.145753,8,8,8
176,8_8_8,seq_ABC,memoryless,0,no_conv,,0.222222,0.573333,0.493333,,1.550480,0.650531,0.326531,0.130370,0.050982,-0.120664,0.060324,0.125000,0.118056,0.166667,0.172668,7,8,8
177,8_8_8,seq_ABC,memoryless,1,S=8,49,0.000000,0.666667,0.626667,0.333333,1.695217,0.716209,0.462585,0.382752,0.147045,-0.145751,0.223013,0.166667,0.166667,0.066667,0.143830,8,8,8
178,8_8_8,seq_ABC,memoryless,0,no_conv,,0.222222,0.653333,0.720000,,1.766376,0.764225,0.442177,0.408906,0.175530,-0.039340,0.012448,0.152778,0.152778,0.046667,0.188288,7,7,8
179,8_8_8,seq_ABC,memoryless,0,no_conv,,0.222222,0.680000,0.746667,,1.862016,0.777631,0.428571,0.194297,-0.034588,-0.056236,0.084945,0.159722,0.152778,0.126667,0.125740,7,8,8
180,8_8_8,seq_ABC,memoryless,0,no_conv,,0.222222,0.586667,0.600000,,1.578207,0.688632,0.414966,0.103568,0.112599,-0.069246,0.007121,0.201389,0.201389,0.193333,0.108084,7,7,8
181,8_8_8,seq_ABC,memoryless,0,no_conv,,0.888889,0.666667,0.600000,,1.490184,0.679821,0.435374,0.338117,0.140830,0.065668,0.038172,0.152778,0.145833,0.086667,0.165928,6,8,8
182,8_8_8,seq_ABC,memoryless,0,no_conv,,0.222222,0.566667,0.546667,,1.549443,0.683517,0.523810,0.359089,0.131725,-0.148247,-0.009932,0.187500,0.173611,0.086667,0.162370,7,7,8
183,8_8_8,seq_ABC,memoryless,1,S=8,46,0.000000,0.646667,0.653333,0.500000,1.606091,0.701095,0.367347,0.109051,0.063600,-0.010228,0.107863,0.173611,0.166667,0.180000,0.150592,8,8,8
184,8_8_8,seq_ABC,memoryless,0,no_conv,,0.222222,0.626667,0.613333,,1.662398,0.719114,0.496599,0.171952,0.094876,0.056890,0.057789,0.215278,0.208333,0.206667,0.126013,7,8,8
185,8_8_8,seq_ABC,memoryless,0,no_conv,,0.222222,0.673333,0.720000,,1.697265,0.755619,0.585034,0.466956,0.337655,0.000329,0.020798,0.250000,0.236111,0.040000,0.223433,8,7,8
186,8_8_8,seq_ABC,memoryless,0,no_conv,,0.888889,0.720000,0.760000,,1.765944,0.774414,0.455782,0.369081,0.305338,0.032516,0.057312,0.166667,0.159722,0.046667,0.247832,5,7,7
187,8_8_8,seq_ABC,memoryless,1,S=8,48,0.000000,0.600000,0.573333,0.500000,1.459170,0.668931,0.510204,0.382401,0.223704,-0.085037,0.071457,0.215278,0.215278,0.220000,0.149864,8,8,8
188,8_8_8,seq_ABC,memoryless,0,no_conv,,0.222222,0.620000,0.653333,,1.742942,0.759189,0.442177,0.313820,0.062003,-0.019858,-0.084632,0.152778,0.145833,0.100000,0.189817,7,7,6
189,8_8_8,seq_ABC,memoryless,0,no_conv,,0.222222,0.620000,0.640000,,1.818730,0.767074,0.503401,0.484181,0.401813,0.154678,0.114572,0.236111,0.229167,0.026667,0.278943,8,8,7
190,8_8_8,seq_ABC,memoryless,0,no_conv,,0.222222,0.586667,0.586667,,1.590171,0.693556,0.462585,0.352107,0.153738,0.056557,-0.127497,0.208333,0.208333,0.060000,0.208049,7,8,8
191,8_8_8,seq_ABC,memoryless,0,no_conv,,0.222222,0.633333,0.680000,,1.747139,0.746946,0.482993,0.405847,0.194390,0.117203,-0.006375,0.180556,0.180556,0.086667,0.221503,6,7,7
192,8_8_8,seq_ABC,memoryless,1,S=8,49,0.000000,0.606667,0.560000,0.666667,1.543685,0.675120,0.414966,0.184044,0.075284,-0.113423,0.039048,0.194444,0.194444,0.080000,0.144836,8,8,8
193,8_8_8,seq_ABC,memoryless,0,no_conv,,0.222222,0.580000,0.586667,,1.770971,0.724106,0.503401,0.291898,0.193395,0.076862,-0.071531,0.229167,0.222222,0.146667,0.208005,8,7,8
194,8_8_8,seq_ABC,memoryless,0,no_conv,,0.222222,0.653333,0.573333,,1.700472,0.704783,0.455782,0.233328,0.072525,0.021225,-0.019292,0.208333,0.208333,0.060000,0.178249,7,8,8
195,8_8_8,seq_ABC,memoryless,0,no_conv,,0.222222,0.680000,0.706667,,1.988479,0.793892,0.394558,0.211493,-0.036002,-0.063146,-0.071526,0.152778,0.152778,0.073333,0.150866,8,8,7
196,8_8_8,seq_ABC,memoryless,0,no_conv,,0.222222,0.660000,0.773333,,1.705996,0.772717,0.394558,0.352341,0.149966,-0.052159,-0.002610,0.138889,0.138889,0.086667,0.169613,8,8,7
197,8_8_8,seq_ABC,memoryless,0,no_conv,,0.222222,0.660000,0.733333,,1.791138,0.790875,0.571429,0.629548,0.392411,0.176019,0.074264,0.152778,0.152778,0.033333,0.296702,7,7,6
198,8_8_8,seq_ABC,memoryless,1,S=8,46,0.000000,0.606667,0.600000,0.416667,1.584567,0.699993,0.517007,0.446717,0.254789,-0.042767,0.044821,0.208333,0.201389,0.133333,0.213251,8,8,8
199,8_8_8,seq_ABC,memoryless,0,no_conv,,0.222222,0.613333,0.573333,,1.617610,0.709436,0.530612,0.385743,0.282093,-0.018218,0.020011,0.236111,0.229167,0.073333,0.177484,8,7,7
0,8_8_8,seq_ABC,static,1,S=8,35,0.000000,0.066667,0.013333,0.000000,0.089803,0.027435,0.088435,-0.037921,0.163545,-0.036011,0.004619,0.041667,0.034722,0.446667,0.077954,8,8,8
1,8_8_8,seq_ABC,static,1,S=8,24,0.000000,0.073333,0.000000,0.000000,0.006328,0.000161,0.074830,0.063118,0.197832,-0.035099,0.221259,0.034722,0.027778,0.246667,0.077819,8,8,8
2,8_8_8,seq_ABC,static,1,S=8,17,0.000000,0.193333,0.013333,0.090909,0.055174,0.027643,0.108844,0.403546,0.274430,0.338684,0.626333,0.034722,0.034722,0.093333,0.114334,8,8,8
3,8_8_8,seq_ABC,static,1,S=8,37,0.000000,0.240000,0.333333,0.307692,0.712639,0.467999,0.034014,-0.028187,-0.028792,-0.030773,0.463587,0.006944,0.006944,0.180000,0.050667,8,8,8
4,8_8_8,seq_ABC,static,1,S=8,23,0.000000,0.233333,0.093333,0.111111,0.160979,0.102424,0.095238,0.351340,0.283398,-0.056070,0.329376,0.034722,0.034722,0.180000,0.104501,8,8,8
5,8_8_8,seq_ABC,static,1,S=8,21,0.000000,0.453333,0.440000,0.471264,1.129417,0.689587,0.088435,0.520969,0.503600,0.318190,0.565479,0.020833,0.020833,0.020000,0.106071,8,8,8
6,8_8_8,seq_ABC,static,1,S=8,48,0.000000,0.680000,0.640000,0.666667,2.001340,0.961287,0.380952,0.442065,0.402823,0.287540,0.265052,0.152778,0.138889,0.020000,0.214640,8,8,8
7,8_8_8,seq_ABC,static,1,S=8,2,0.000000,0.073333,0.026667,0.048611,0.106499,0.053615,0.027211,0.989895,nan,nan,0.460392,0.000000,0.000000,0.020000,0.043897,8,8,8
8,8_8_8,seq_ABC,static,1,S=8,35,0.000000,0.573333,0.426667,0.311111,1.425601,0.669091,0.231293,0.360604,0.279177,-0.005461,0.340097,0.104167,0.097222,0.180000,0.143350,8,8,8
9,8_8_8,seq_ABC,static,1,S=8,17,0.000000,0.100000,0.000000,0.020202,0.063408,0.021127,0.068027,0.320855,0.271373,-0.045751,0.432201,0.020833,0.020833,0.160000,0.087151,8,8,8
10,8_8_8,seq_ABC,static,1,S=8,21,0.000000,0.320000,0.053333,0.091954,0.192345,0.097063,0.149660,0.347485,0.447452,0.178922,0.595580,0.069444,0.055556,0.033333,0.154406,8,8,8
11,8_8_8,seq_ABC,static,1,S=8,28,0.000000,0.333333,0.066667,0.015152,0.164132,0.099940,0.115646,0.009557,-0.008901,-0.048302,0.475547,0.041667,0.041667,0.360000,0.087950,8,8,8
12,8_8_8,seq_ABC,static,1,S=8,37,0.000000,0.400000,0.226667,0.230769,0.476051,0.317233,0.156463,-0.004923,0.049157,-0.052517,0.237148,0.069444,0.062500,0.333333,0.079327,8,8,8
13,8_8_8,seq_ABC,static,1,S=8,20,0.000000,0.106667,0.000000,0.000000,0.056644,0.011364,0.061224,-0.032137,0.454727,-0.041251,0.124878,0.027778,0.020833,0.260000,0.054633,8,8,8
14,8_8_8,seq_ABC,static,1,S=8,17,0.000000,0.346667,0.253333,0.272727,0.735443,0.382471,0.115646,0.513133,0.482487,0.123884,0.445914,0.048611,0.048611,0.180000,0.141119,8,8,8
15,8_8_8,seq_ABC,static,1,S=8,49,0.000000,0.380000,0.373333,0.333333,0.916149,0.565786,0.149660,0.371668,-0.143799,-0.080781,0.204270,0.062500,0.062500,0.100000,0.068043,8,8,8
16,8_8_8,seq_ABC,static,1,S=8,45,0.000000,0.360000,0.400000,0.333333,0.857193,0.552316,0.102041,-0.028864,0.199644,-0.064924,0.250500,0.041667,0.034722,0.226667,0.082948,8,8,8
17,8_8_8,seq_ABC,static,1,S=8,44,0.000000,0.100000,0.013333,0.000000,0.110678,0.049052,0.074830,0.109125,0.253211,0.401469,0.157658,0.027778,0.020833,0.053333,0.085216,8,8,8
18,8_8_8,seq_ABC,static,1,S=8,30,0.000000,0.300000,0.253333,0.216667,0.453704,0.318944,0.088435,0.014214,-0.043957,0.275995,0.595484,0.020833,0.020833,0.166667,0.065659,8,8,8
19,8_8_8,seq_ABC,static,1,S=8,24,0.000000,0.266667,0.040000,0.051282,0.134297,0.074036,0.088435,-0.015739,-0.041085,-0.012417,0.415940,0.027778,0.027778,0.406667,0.071498,8,8,8
20,8_8_8,seq_ABC,static,1,S=8,25,0.000000,0.466667,0.266667,0.266667,0.511196,0.327538,0.224490,0.546003,0.371608,0.316238,0.400111,0.104167,0.104167,0.033333,0.212170,8,8,8
21,8_8_8,seq_ABC,static,1,S=8,17,0.000000,0.220000,0.040000,0.090909,0.144153,0.077582,0.068027,0.514593,0.705024,0.761590,0.411558,0.027778,0.020833,0.020000,0.073539,8,8,8
22,8_8_8,seq_ABC,static,1,S=8,28,0.000000,0.080000,0.013333,0.000000,0.127472,0.027056,0.061224,-0.032971,0.426984,-0.041251,0.283451,0.027778,0.020833,0.260000,0.058627,8,8,8
23,8_8_8,seq_ABC,static,1,S=8,28,0.000000,0.066667,0.013333,0.000000,0.102797,0.028681,0.061224,0.002251,0.419896,-0.056469,0.554080,0.020833,0.013889,0.233333,0.060362,8,8,8
24,8_8_8,seq_ABC,static,1,S=8,8,0.000000,0.120000,0.000000,0.023810,0.078828,0.029165,0.061224,0.002251,0.001429,0.782268,0.383704,0.020833,0.020833,0.146667,0.061865,8,8,8
25,8_8_8,seq_ABC,static,1,S=8,39,0.000000,0.466667,0.213333,0.181818,0.479797,0.306825,0.102041,0.636606,0.374386,0.204992,0.405504,0.013889,0.013889,0.020000,0.129797,8,8,8
26,8_8_8,seq_ABC,static,1,S=8,18,0.000000,0.220000,0.000000,0.031250,0.008277,0.001471,0.129252,-0.019805,0.242005,0.175044,0.477230,0.062500,0.055556,0.180000,0.085715,8,8,8
27,8_8_8,seq_ABC,static,1,S=8,37,0.000000,0.473333,0.346667,0.282051,1.027048,0.492863,0.217687,0.367647,0.130763,0.223946,0.373977,0.111111,0.111111,0.133333,0.134690,8,8,8
28,8_8_8,seq_ABC,static,1,S=8,33,0.000000,0.153333,0.066667,0.000000,0.197276,0.089817,0.088435,0.015459,0.133101,-0.037438,0.420803,0.034722,0.027778,0.246667,0.079877,8,8,8
29,8_8_8,seq_ABC,static,1,S=8,29,0.000000,0.133333,0.013333,0.000000,0.093537,0.031327,0.081633,0.205064,0.171886,0.503639,0.297592,0.027778,0.027778,0.180000,0.103117,8,8,8
30,8_8_8,seq_ABC,static,1,S=8,32,0.000000,0.380000,0.133333,0.037037,0.326677,0.192528,0.163265,0.331969,0.377559,0.105357,0.447573,0.076389,0.069444,0.053333,0.126831,8,8,8
31,8_8_8,seq_ABC,static,1,S=8,28,0.000000,0.193333,0.053333,0.030303,0.156347,0.083071,0.129252,0.502491,0.220175,0.167865,0.479876,0.034722,0.034722,0.086667,0.136370,8,8,8
32,8_8_8,seq_ABC,static,1,S=8,17,0.000000,0.213333,0.080000,0.131313,0.215865,0.123604,0.047619,-0.025913,0.434198,-0.025795,0.385040,0.020833,0.013889,0.340000,0.054400,8,8,8
33,8_8_8,seq_ABC,static,1,S=8,29,0.000000,0.386667,0.093333,0.063492,0.172936,0.106228,0.197279,0.148523,0.332509,0.080368,0.461716,0.076389,0.069444,0.200000,0.106423,8,8,8
34,8_8_8,seq_ABC,static,1,S=8,25,0.000000,0.313333,0.106667,0.106667,0.243411,0.154008,0.170068,0.022798,0.272026,0.344737,0.471656,0.097222,0.090278,0.153333,0.111362,8,8,8
35,8_8_8,seq_ABC,static,1,S=8,7,0.000000,0.186667,0.013333,0.124031,0.054916,0.021479,0.068027,0.384436,0.294964,0.363341,0.437539,0.013889,0.006944,0.180000,0.124435,8,8,8
36,8_8_8,seq_ABC,static,1,S=8,42,0.000000,0.353333,0.173333,0.041667,0.491913,0.237498,0.149660,0.339918,0.252311,0.343626,0.416293,0.041667,0.041667,0.086667,0.177978,8,8,8
37,8_8_8,seq_ABC,static,1,S=8,11,0.000000,0.166667,0.000000,0.102564,0.054053,0.018828,0.047619,-0.045494,-0.046486,-0.034769,0.554397,0.013889,0.013889,0.113333,0.055970,8,8,8
38,8_8_8,seq_ABC,static,1,S=8,48,0.000000,0.406667,0.293333,0.333333,0.484845,0.354803,0.163265,0.258213,0.270431,0.151584,0.309518,0.083333,0.083333,0.133333,0.131675,8,8,8
39,8_8_8,seq_ABC,static,1,S=8,36,0.000000,0.366667,0.173333,0.047619,0.504056,0.283927,0.156463,0.071215,-0.001074,0.020996,0.399817,0.055556,0.055556,0.186667,0.110096,8,8,8
40,8_8_8,seq_ABC,static,1,S=8,44,0.000000,0.493333,0.466667,0.555556,1.016703,0.672534,0.122449,0.266456,0.496399,0.265281,0.306946,0.041667,0.034722,0.266667,0.122923,8,8,8
41,8_8_8,seq_ABC,static,1,S=8,9,0.000000,0.086667,0.000000,0.008130,0.005070,0.000222,0.088435,0.119235,0.077060,0.179251,0.230684,0.034722,0.027778,0.220000,0.096745,8,8,8
42,8_8_8,seq_ABC,static,1,S=8,49,0.000000,0.193333,0.026667,0.000000,0.135719,0.054133,0.088435,-0.015739,0.267962,-0.042257,0.598780,0.034722,0.027778,0.420000,0.072073,8,8,8
43,8_8_8,seq_ABC,static,1,S=8,10,0.000000,0.033333,0.000000,0.000000,0.015592,0.001509,0.068027,0.276102,0.018601,-0.028891,0.178354,0.027778,0.027778,0.246667,0.067676,8,8,8
44,8_8_8,seq_ABC,static,1,S=8,13,0.000000,0.253333,0.013333,0.126126,0.104006,0.053345,0.108844,0.348181,0.241768,0.350077,0.496065,0.027778,0.027778,0.180000,0.119494,8,8,8
45,8_8_8,seq_ABC,static,1,S=8,26,0.000000,0.233333,0.093333,0.083333,0.248312,0.145965,0.136054,0.426095,0.343986,0.171386,0.566295,0.034722,0.034722,0.060000,0.180711,8,8,8
46,8_8_8,seq_ABC,static,1,S=8,49,0.000000,0.366667,0.280000,0.333333,0.628247,0.351561,0.115646,-0.018235,0.271464,0.286008,0.388786,0.048611,0.041667,0.293333,0.070557,8,8,8
47,8_8_8,seq_ABC,static,1,S=8,21,0.000000,0.260000,0.293333,0.287356,0.510548,0.369327,0.088435,-0.039014,0.326503,-0.048612,0.406319,0.048611,0.041667,0.366667,0.078112,8,8,8
48,8_8_8,seq_ABC,static,1,S=8,16,0.000000,0.193333,0.026667,0.039216,0.105055,0.052903,0.122449,0.218128,0.238679,0.314654,0.394215,0.062500,0.062500,0.126667,0.108702,8,8,8
49,8_8_8,seq_ABC,static,1,S=8,47,0.000000,0.533333,0.266667,0.000000,0.515397,0.330414,0.217687,0.668043,0.531146,0.249301,0.459835,0.062500,0.062500,0.033333,0.310955,8,8,8
50,8_8_8,seq_ABC,static,1,S=8,21,0.000000,0.353333,0.053333,0.080460,0.145274,0.084548,0.102041,0.127748,0.344296,0.191883,0.628466,0.027778,0.020833,0.180000,0.089772,8,8,8
51,8_8_8,seq_ABC,static,1,S=8,40,0.000000,0.413333,0.426667,0.333333,0.917457,0.608942,0.108844,0.252211,0.227467,-0.053670,0.242996,0.041667,0.041667,0.266667,0.105401,8,8,8
52,8_8_8,seq_ABC,static,1,S=8,46,0.000000,0.260000,0.186667,0.083333,0.402324,0.254307,0.108844,0.135921,0.195294,-0.050686,0.366013,0.055556,0.055556,0.260000,0.099072,8,8,8
53,8_8_8,seq_ABC,static,1,S=8,22,0.000000,0.480000,0.426667,0.416667,0.654394,0.469518,0.190476,0.675221,0.474814,0.312775,0.533191,0.048611,0.041667,0.020000,0.235046,8,8,8
54,8_8_8,seq_ABC,static,1,S=8,16,0.000000,0.226667,0.040000,0.107843,0.098460,0.052824,0.061224,0.069332,0.185583,-0.044558,0.394214,0.020833,0.013889,0.106667,0.068332,8,8,8
55,8_8_8,seq_ABC,static,1,S=8,46,0.000000,0.426667,0.320000,0.333333,0.631173,0.447366,0.163265,0.266298,0.496329,0.300847,0.286713,0.062500,0.055556,0.246667,0.122451,8,8,8
56,8_8_8,seq_ABC,static,1,S=8,4,0.000000,0.266667,0.200000,0.253623,0.272818,0.204209,0.027211,0.822464,0.807573,nan,0.356854,0.000000,0.000000,0.020000,0.068038,8,8,8
57,8_8_8,seq_ABC,static,1,S=8,8,0.000000,0.220000,0.000000,0.134921,0.045717,0.010101,0.068027,0.525996,0.409626,0.623601,0.557516,0.006944,0.006944,0.020000,0.134152,8,8,8
58,8_8_8,seq_ABC,static,1,S=8,12,0.000000,0.180000,0.000000,0.052632,0.035893,0.010569,0.102041,0.119359,0.389612,0.155579,0.673488,0.041667,0.034722,0.233333,0.104361,8,8,8
59,8_8_8,seq_ABC,static,1,S=8,20,0.000000,0.240000,0.000000,0.055556,0.105649,0.039535,0.095238,0.504162,0.445707,0.238860,0.488556,0.034722,0.034722,0.033333,0.106228,8,8,8
60,8_8_8,seq_ABC,static,1,S=8,42,0.000000,0.506667,0.333333,0.041667,0.737008,0.475054,0.136054,0.271215,0.187157,0.248480,0.397082,0.048611,0.048611,0.126667,0.133422,8,8,8
61,8_8_8,seq_ABC,static,1,S=8,33,0.000000,0.126667,0.026667,0.019608,0.126446,0.061326,0.061224,-0.032137,-0.032830,-0.035099,0.105848,0.020833,0.020833,0.220000,0.056191,8,8,8
62,8_8_8,seq_ABC,static,1,S=8,34,0.000000,0.246667,0.013333,0.000000,0.152452,0.061291,0.122449,0.397790,0.281204,-0.053236,0.512420,0.041667,0.041667,0.033333,0.107401,8,8,8
63,8_8_8,seq_ABC,static,1,S=8,35,0.000000,0.133333,0.026667,0.000000,0.143668,0.054159,0.142857,0.056155,0.071207,0.189142,0.164162,0.055556,0.048611,0.253333,0.092360,8,8,8
64,8_8_8,seq_ABC,static,1,S=8,7,0.000000,0.073333,0.000000,0.007752,0.016166,0.001695,0.054422,0.280807,-0.025615,-0.025795,0.382349,0.013889,0.013889,0.286667,0.063566,8,8,8
65,8_8_8,seq_ABC,static,1,S=8,34,0.000000,0.366667,0.240000,0.125000,0.478984,0.304591,0.129252,0.355845,0.208238,0.301159,0.317363,0.034722,0.034722,0.020000,0.067547,8,8,8
66,8_8_8,seq_ABC,static,1,S=8,40,0.000000,0.046667,0.026667,0.033333,0.153631,0.055774,0.047619,-0.027353,0.459617,-0.030773,0.319928,0.020833,0.013889,0.233333,0.059373,8,8,8
67,8_8_8,seq_ABC,static,1,S=8,41,0.000000,0.173333,0.173333,0.037037,0.441626,0.209737,0.108844,0.156702,0.122318,-0.026908,0.190696,0.041667,0.041667,0.193333,0.105207,8,8,8
68,8_8_8,seq_ABC,static,1,S=8,48,0.000000,0.513333,0.440000,0.333333,1.206883,0.704385,0.238095,0.497619,0.382857,0.312451,0.227680,0.097222,0.090278,0.093333,0.183924,8,8,8
69,8_8_8,seq_ABC,static,1,S=8,21,0.000000,0.386667,0.293333,0.298851,0.451234,0.323752,0.129252,0.468487,0.328312,0.366817,0.242686,0.041667,0.041667,0.033333,0.130139,8,8,8
70,8_8_8,seq_ABC,static,1,S=8,38,0.000000,0.460000,0.426667,0.333333,1.447004,0.751241,0.129252,0.188144,0.161415,-0.083743,0.454758,0.048611,0.041667,0.200000,0.106371,8,8,8
71,8_8_8,seq_ABC,static,1,S=8,34,0.000000,0.426667,0.400000,0.333333,0.767554,0.535526,0.108844,0.195679,0.088466,0.250024,0.650900,0.041667,0.041667,0.173333,0.107334,8,8,8
72,8_8_8,seq_ABC,static,1,S=8,6,0.000000,0.266667,0.120000,0.242424,0.276681,0.179408,0.054422,0.378310,0.414575,0.989890,0.468225,0.020833,0.020833,0.080000,0.092729,8,8,8
73,8_8_8,seq_ABC,static,1,S=8,17,0.000000,0.480000,0.373333,0.404040,0.628399,0.448200,0.129252,0.283423,0.278572,0.001163,0.154584,0.062500,0.055556,0.200000,0.116394,8,8,8
74,8_8_8,seq_ABC,static,1,S=8,40,0.000000,0.446667,0.453333,0.566667,0.904134,0.623550,0.136054,0.182328,0.121818,0.124829,0.307100,0.048611,0.048611,0.266667,0.098546,8,8,8
75,8_8_8,seq_ABC,static,1,S=8,13,0.000000,0.106667,0.013333,0.045045,0.086356,0.034313,0.054422,0.448356,0.369722,-0.056469,0.324571,0.006944,0.006944,0.093333,0.085123,8,8,8
76,8_8_8,seq_ABC,static,1,S=8,15,0.000000,0.080000,0.000000,0.000000,0.009403,0.000513,0.081633,0.162228,-0.018185,0.089564,0.423884,0.020833,0.020833,0.200000,0.088134,8,8,8
77,8_8_8,seq_ABC,static,1,S=8,28,0.000000,0.333333,0.040000,0.000000,0.136725,0.077636,0.149660,0.189497,0.472665,0.473446,0.552349,0.069444,0.062500,0.340000,0.166302,8,8,8
78,8_8_8,seq_ABC,static,1,S=8,31,0.000000,0.246667,0.013333,0.000000,0.113438,0.049168,0.081633,0.521754,0.440417,0.214735,0.455338,0.020833,0.020833,0.046667,0.091042,8,8,8
79,8_8_8,seq_ABC,static,1,S=8,8,0.000000,0.153333,0.040000,0.071429,0.087124,0.046070,0.047619,0.114994,0.266075,-0.025795,0.516393,0.013889,0.006944,0.060000,0.066623,8,8,8
80,8_8_8,seq_ABC,static,1,S=8,48,0.000000,0.446667,0.360000,0.333333,0.849864,0.548489,0.170068,0.105397,0.065155,0.150163,0.438115,0.062500,0.062500,0.253333,0.154747,8,8,8
81,8_8_8,seq_ABC,static,1,S=8,25,0.000000,0.206667,0.053333,0.053333,0.146426,0.083284,0.108844,0.340451,0.335485,0.192209,0.266652,0.055556,0.055556,0.180000,0.100416,8,8,8
82,8_8_8,seq_ABC,static,1,S=8,14,0.000000,0.240000,0.173333,0.166667,0.343946,0.226873,0.115646,0.444939,0.477921,0.507975,0.250534,0.055556,0.055556,0.146667,0.135815,8,8,8
83,8_8_8,seq_ABC,static,1,S=8,28,0.000000,0.266667,0.013333,0.000000,0.083636,0.034294,0.102041,0.222814,0.638550,0.278177,0.579431,0.034722,0.027778,0.180000,0.114472,8,8,8
84,8_8_8,seq_ABC,static,1,S=8,29,0.000000,0.353333,0.080000,0.015873,0.201660,0.106337,0.156463,0.456223,0.286833,0.370754,0.515963,0.062500,0.055556,0.106667,0.134141,8,8,8
85,8_8_8,seq_ABC,static,1,S=8,44,0.000000,0.433333,0.280000,0.222222,0.467635,0.327034,0.115646,0.450309,0.169786,-0.076029,0.316025,0.034722,0.034722,0.073333,0.128606,8,8,8
86,8_8_8,seq_ABC,static,1,S=8,46,0.000000,0.120000,0.013333,0.000000,0.141374,0.038547,0.095238,0.251055,0.155948,0.227464,0.471488,0.027778,0.027778,0.240000,0.092579,8,8,8
87,8_8_8,seq_ABC,static,1,S=8,26,0.000000,0.153333,0.080000,0.069444,0.200964,0.110242,0.068027,0.286666,0.362359,-0.054128,0.173725,0.027778,0.027778,0.080000,0.075721,8,8,8
88,8_8_8,seq_ABC,static,1,S=8,42,0.000000,0.706667,0.706667,0.416667,2.295390,0.979114,0.326531,0.175525,0.143219,0.125693,0.125749,0.152778,0.152778,0.166667,0.145249,8,8,8
89,8_8_8,seq_ABC,static,1,S=8,5,0.000000,0.046667,0.000000,0.007407,0.025780,0.004530,0.040816,0.434470,-0.024144,nan,0.127910,0.006944,0.006944,0.180000,0.055106,8,8,8
90,8_8_8,seq_ABC,static,1,S=8,48,0.000000,0.166667,0.040000,0.000000,0.240677,0.070582,0.102041,0.041787,0.023703,0.214963,0.400846,0.034722,0.034722,0.280000,0.098575,8,8,8
91,8_8_8,seq_ABC,static,1,S=8,11,0.000000,0.126667,0.000000,0.008547,0.038331,0.004511,0.074830,0.362355,0.268074,0.282623,0.480656,0.020833,0.013889,0.020000,0.099317,8,8,8
92,8_8_8,seq_ABC,static,1,S=8,17,0.000000,0.033333,0.013333,0.010101,0.136352,0.068025,0.047619,0.019252,-0.032830,0.325848,-0.031054,0.006944,0.006944,0.233333,0.054642,8,8,8
93,8_8_8,seq_ABC,static,1,S=8,37,0.000000,0.280000,0.066667,0.051282,0.260689,0.134965,0.149660,0.212999,0.367527,0.028979,0.327845,0.062500,0.055556,0.346667,0.128601,8,8,8
94,8_8_8,seq_ABC,static,1,S=8,5,0.000000,0.106667,0.000000,0.044444,0.045711,0.014619,0.040816,0.780260,0.587332,nan,0.620601,0.006944,0.006944,0.020000,0.089586,8,8,8
95,8_8_8,seq_ABC,static,1,S=8,27,0.000000,0.573333,0.413333,0.391304,1.230257,0.695504,0.238095,0.611980,0.517391,0.248973,0.346904,0.104167,0.104167,0.020000,0.261359,8,8,8
96,8_8_8,seq_ABC,static,1,S=8,25,0.000000,0.153333,0.000000,0.000000,0.035598,0.005500,0.081633,0.322381,0.214047,-0.034563,0.385970,0.027778,0.020833,0.106667,0.081814,8,8,8
97,8_8_8,seq_ABC,static,1,S=8,33,0.000000,0.773333,0.706667,0.686275,1.742665,1.013289,0.238095,0.659315,0.652682,0.516487,0.206531,0.083333,0.083333,0.020000,0.329768,8,8,8
98,8_8_8,seq_ABC,static,1,S=8,49,0.000000,0.080000,0.013333,0.000000,0.122515,0.026748,0.054422,0.427412,-0.034514,-0.036902,0.073572,0.013889,0.013889,0.180000,0.059216,8,8,8
99,8_8_8,seq_ABC,static,1,S=8,6,0.000000,0.246667,0.213333,0.181818,0.355163,0.252505,0.061224,0.614942,0.326477,0.980407,0.465045,0.006944,0.006944,0.020000,0.106800,8,8,8
100,8_8_8,seq_ABC,static,1,S=8,23,0.000000,0.306667,0.306667,0.308642,0.394379,0.298371,0.102041,-0.045293,-0.012001,-0.049556,0.098338,0.048611,0.048611,0.500000,0.090129,8,8,8
101,8_8_8,seq_ABC,static,1,S=8,25,0.000000,0.293333,0.146667,0.146667,0.278821,0.187865,0.108844,0.411343,0.267387,0.112321,0.588731,0.034722,0.027778,0.026667,0.100560,8,8,8
102,8_8_8,seq_ABC,static,1,S=8,19,0.000000,0.313333,0.040000,0.107527,0.174132,0.099441,0.163265,0.350928,0.347784,0.511206,0.600205,0.069444,0.062500,0.020000,0.159956,8,8,8
103,8_8_8,seq_ABC,static,0,no_conv,,0.222222,0.573333,0.480000,,1.719767,0.729674,0.278912,0.331682,0.384628,0.322959,0.332350,0.125000,0.125000,0.046667,0.205351,8,8,7
104,8_8_8,seq_ABC,static,1,S=8,47,0.000000,0.093333,0.026667,0.000000,0.236891,0.079299,0.054422,0.398350,0.426728,-0.044023,0.292230,0.013889,0.013889,0.180000,0.079786,8,8,8
105,8_8_8,seq_ABC,static,1,S=8,30,0.000000,0.520000,0.440000,0.400000,0.838993,0.583003,0.170068,-0.057159,0.213991,0.113131,0.098492,0.097222,0.090278,0.446667,0.102554,8,8,8
106,8_8_8,seq_ABC,static,1,S=8,16,0.000000,0.300000,0.213333,0.205882,0.416244,0.239670,0.115646,0.337430,0.266945,0.166240,0.297714,0.048611,0.041667,0.020000,0.107137,8,8,8
107,8_8_8,seq_ABC,static,1,S=8,16,0.000000,0.086667,0.000000,0.000000,0.009337,0.000405,0.095238,0.179239,0.423267,0.592444,0.272817,0.041667,0.034722,0.240000,0.085728,8,8,8
108,8_8_8,seq_ABC,static,1,S=8,47,0.000000,0.480000,0.333333,0.222222,0.699276,0.422992,0.156463,0.159940,0.206137,-0.085981,0.289812,0.055556,0.048611,0.106667,0.088841,8,8,8
109,8_8_8,seq_ABC,static,0,no_conv,,0.222222,0.493333,0.280000,,0.541872,0.368115,0.156463,0.255582,0.350783,0.103803,0.647672,0.062500,0.055556,0.173333,0.145671,7,8,8
110,8_8_8,seq_ABC,static,1,S=8,23,0.000000,0.133333,0.026667,0.024691,0.059239,0.032288,0.068027,0.447490,-0.073127,0.509559,0.322865,0.013889,0.013889,0.073333,0.055309,8,8,8
111,8_8_8,seq_ABC,static,1,S=8,20,0.000000,0.573333,0.426667,0.500000,0.799706,0.542693,0.176871,0.308290,0.312771,0.182919,0.424696,0.097222,0.097222,0.153333,0.164898,8,8,8
112,8_8_8,seq_ABC,static,1,S=8,35,0.000000,0.453333,0.266667,0.177778,0.752230,0.404034,0.142857,0.119415,0.282343,0.300842,0.510009,0.048611,0.041667,0.226667,0.099777,8,8,8
113,8_8_8,seq_ABC,static,1,S=8,29,0.000000,0.586667,0.386667,0.349206,1.059918,0.650196,0.163265,0.318646,0.252638,0.116903,0.372477,0.062500,0.055556,0.086667,0.139268,8,8,8
114,8_8_8,seq_ABC,static,1,S=8,44,0.000000,0.413333,0.186667,0.111111,0.359100,0.229386,0.115646,-0.027339,-0.056662,0.146994,0.557805,0.041667,0.041667,0.320000,0.088963,8,8,8
115,8_8_8,seq_ABC,static,1,S=8,37,0.000000,0.420000,0.360000,0.333333,0.901293,0.551734,0.095238,0.250052,0.284136,0.447725,0.213649,0.041667,0.041667,0.240000,0.104153,8,8,8
116,8_8_8,seq_ABC,static,1,S=8,10,0.000000,0.073333,0.000000,0.008333,0.034713,0.012490,0.040816,0.418111,0.394769,-0.025795,0.489621,0.006944,0.006944,0.086667,0.067200,8,8,8
117,8_8_8,seq_ABC,static,1,S=8,12,0.000000,0.086667,0.000000,0.035088,0.016734,0.003516,0.047619,-0.049488,-0.050572,0.250343,0.029556,0.013889,0.013889,0.073333,0.061601,8,8,8
118,8_8_8,seq_ABC,static,1,S=8,27,0.000000,0.366667,0.306667,0.304348,0.698719,0.436655,0.074830,-0.030820,0.002803,-0.029518,0.411542,0.034722,0.034722,0.500000,0.066510,8,8,8
119,8_8_8,seq_ABC,static,1,S=8,20,0.000000,0.333333,0.413333,0.366667,0.654629,0.485943,0.068027,0.737884,0.289189,0.104803,0.313772,0.013889,0.013889,0.033333,0.098029,8,8,8
120,8_8_8,seq_ABC,static,1,S=8,33,0.000000,0.433333,0.213333,0.098039,0.419265,0.284743,0.163265,0.138655,0.005253,0.048899,0.515750,0.055556,0.055556,0.233333,0.104110,8,8,8
121,8_8_8,seq_ABC,static,1,S=8,46,0.000000,0.400000,0.346667,0.333333,1.277673,0.626648,0.108844,0.189148,-0.047931,-0.056157,0.051624,0.041667,0.041667,0.273333,0.085993,8,8,8
122,8_8_8,seq_ABC,static,1,S=8,7,0.000000,0.066667,0.000000,0.000000,0.008428,0.000981,0.054422,0.368180,0.334526,-0.025795,0.389680,0.020833,0.020833,0.180000,0.080700,8,8,8
123,8_8_8,seq_ABC,static,1,S=8,49,0.000000,0.253333,0.053333,0.000000,0.356774,0.144394,0.129252,-0.021011,0.266050,0.249787,0.294985,0.055556,0.048611,0.213333,0.089303,8,8,8
124,8_8_8,seq_ABC,static,1,S=8,19,0.000000,0.146667,0.000000,0.021505,0.024874,0.002960,0.088435,0.067543,-0.002873,0.315224,0.463665,0.020833,0.020833,0.046667,0.068058,8,8,8
125,8_8_8,seq_ABC,static,1,S=8,26,0.000000,0.240000,0.200000,0.180556,0.265886,0.193215,0.081633,0.260576,0.569653,0.536458,0.084113,0.034722,0.027778,0.306667,0.081171,8,8,8
126,8_8_8,seq_ABC,static,1,S=8,22,0.000000,0.286667,0.160000,0.214286,0.312063,0.195494,0.095238,0.339683,0.015143,0.095341,0.454885,0.041667,0.041667,0.046667,0.050376,8,8,8
127,8_8_8,seq_ABC,static,1,S=8,42,0.000000,0.326667,0.053333,0.000000,0.231167,0.104220,0.170068,0.017348,0.145669,0.066828,0.610706,0.083333,0.076389,0.073333,0.100119,8,8,8
128,8_8_8,seq_ABC,static,1,S=8,9,0.000000,0.233333,0.026667,0.121951,0.129205,0.056732,0.081633,0.309324,0.016571,0.246610,0.483153,0.027778,0.027778,0.106667,0.079506,8,8,8
129,8_8_8,seq_ABC,static,1,S=8,15,0.000000,0.146667,0.000000,0.000000,0.027333,0.003883,0.068027,0.420482,0.031649,0.536458,0.356869,0.027778,0.027778,0.153333,0.061661,8,8,8
130,8_8_8,seq_ABC,static,1,S=8,38,0.000000,0.513333,0.640000,0.583333,1.520346,0.889197,0.095238,0.131650,-0.048352,0.434388,0.386145,0.020833,0.020833,0.280000,0.075869,8,8,8
131,8_8_8,seq_ABC,static,1,S=8,39,0.000000,0.453333,0.320000,0.454545,0.567777,0.403170,0.156463,0.531677,0.442379,0.354497,0.445983,0.055556,0.055556,0.073333,0.229035,8,8,8
132,8_8_8,seq_ABC,static,1,S=8,46,0.000000,0.660000,0.680000,0.666667,1.294609,0.846091,0.170068,0.088954,0.074992,0.060503,0.380231,0.055556,0.048611,0.226667,0.083919,8,8,8
133,8_8_8,seq_ABC,static,1,S=8,40,0.000000,0.200000,0.053333,0.000000,0.228310,0.110979,0.122449,0.413380,0.328016,0.060408,0.600461,0.048611,0.048611,0.020000,0.115033,8,8,8
134,8_8_8,seq_ABC,static,1,S=8,44,0.000000,0.506667,0.320000,0.000000,0.600399,0.401483,0.197279,0.292636,0.398971,0.406683,0.692944,0.097222,0.083333,0.026667,0.161422,8,8,8
135,8_8_8,seq_ABC,static,1,S=8,34,0.000000,0.520000,0.440000,0.458333,0.920772,0.566040,0.197279,0.593112,0.542067,0.258161,0.194967,0.083333,0.083333,0.026667,0.141878,8,8,8
136,8_8_8,seq_ABC,static,1,S=8,16,0.000000,0.113333,0.000000,0.009804,0.021609,0.004493,0.081633,0.289412,0.001429,-0.043621,0.346039,0.034722,0.034722,0.293333,0.070193,8,8,8
137,8_8_8,seq_ABC,static,1,S=8,34,0.000000,0.313333,0.080000,0.000000,0.227050,0.122659,0.156463,0.141437,0.139353,-0.025589,0.604852,0.055556,0.041667,0.066667,0.128123,8,8,8
138,8_8_8,seq_ABC,static,1,S=8,33,0.000000,0.086667,0.053333,0.019608,0.217660,0.088697,0.081633,0.267457,0.292254,0.111323,0.373653,0.034722,0.027778,0.186667,0.071028,8,8,8
139,8_8_8,seq_ABC,static,1,S=8,36,0.000000,0.693333,0.653333,0.690476,2.157940,1.018406,0.238095,0.162312,0.060537,0.255882,0.204931,0.097222,0.090278,0.053333,0.108538,8,8,8
140,8_8_8,seq_ABC,static,1,S=8,21,0.000000,0.506667,0.493333,0.482759,1.007330,0.693790,0.129252,0.050284,0.281799,-0.055596,0.371047,0.055556,0.041667,0.166667,0.101815,8,8,8
141,8_8_8,seq_ABC,static,1,S=8,26,0.000000,0.213333,0.120000,0.111111,0.316449,0.185421,0.081633,0.252982,0.271628,-0.047690,0.351633,0.027778,0.027778,0.140000,0.088552,8,8,8
142,8_8_8,seq_ABC,static,1,S=8,24,0.000000,0.053333,0.000000,0.000000,0.013186,0.000912,0.061224,-0.026115,-0.026674,0.310057,-0.049884,0.020833,0.020833,0.186667,0.063300,8,8,8
143,8_8_8,seq_ABC,static,1,S=8,22,0.000000,0.133333,0.000000,0.000000,0.043121,0.009103,0.081633,0.490975,0.390970,-0.037454,0.343255,0.020833,0.020833,0.060000,0.075913,8,8,8
144,8_8_8,seq_ABC,static,1,S=8,24,0.000000,0.206667,0.040000,0.051282,0.077212,0.044467,0.068027,0.208997,-0.027620,-0.029859,0.306662,0.020833,0.020833,0.153333,0.067420,8,8,8
145,8_8_8,seq_ABC,static,1,S=8,14,0.000000,0.166667,0.000000,0.064815,0.020465,0.003183,0.115646,0.622004,0.688084,0.469157,0.332421,0.062500,0.048611,0.020000,0.159149,8,8,8
146,8_8_8,seq_ABC,static,1,S=8,30,0.000000,0.533333,0.440000,0.383333,0.975902,0.650451,0.170068,0.202444,0.152364,0.347944,0.335435,0.069444,0.062500,0.226667,0.183142,8,8,8
147,8_8_8,seq_ABC,static,1,S=8,45,0.000000,0.593333,0.440000,0.333333,0.994837,0.600080,0.190476,0.327286,0.283373,0.464247,0.391732,0.076389,0.076389,0.120000,0.132947,8,8,8
148,8_8_8,seq_ABC,static,1,S=8,11,0.000000,0.326667,0.226667,0.273504,0.431590,0.295533,0.088435,0.703870,0.475929,0.489086,0.589020,0.020833,0.020833,0.020000,0.137666,8,8,8
149,8_8_8,seq_ABC,static,1,S=8,10,0.000000,0.180000,0.000000,0.033333,0.010164,0.000576,0.088435,0.462233,0.425451,0.022468,0.516448,0.041667,0.041667,0.020000,0.104311,8,8,8
150,8_8_8,seq_ABC,static,1,S=8,15,0.000000,0.433333,0.333333,0.380952,0.580977,0.423112,0.088435,0.548723,0.335844,0.406987,0.424929,0.034722,0.027778,0.040000,0.103354,8,8,8
151,8_8_8,seq_ABC,static,1,S=8,27,0.000000,0.193333,0.026667,0.000000,0.119881,0.056318,0.129252,0.546008,0.443418,0.120375,0.261582,0.034722,0.034722,0.040000,0.135329,8,8,8
152,8_8_8,seq_ABC,static,1,S=8,17,0.000000,0.353333,0.320000,0.323232,0.697810,0.458934,0.081633,0.332392,0.249865,0.555047,0.411224,0.027778,0.027778,0.020000,0.101795,8,8,8
153,8_8_8,seq_ABC,static,1,S=8,21,0.000000,0.213333,0.026667,0.068966,0.094641,0.050369,0.074830,-0.044428,-0.045405,-0.048612,0.468880,0.027778,0.027778,0.133333,0.063075,8,8,8
154,8_8_8,seq_ABC,static,1,S=8,46,0.000000,0.106667,0.040000,0.083333,0.179316,0.088868,0.074830,0.531612,0.277318,-0.051806,0.126040,0.020833,0.020833,0.046667,0.103850,8,8,8
155,8_8_8,seq_ABC,static,1,S=8,34,0.000000,0.540000,0.506667,0.395833,1.240228,0.778323,0.156463,0.448472,0.463117,0.285639,0.091488,0.076389,0.069444,0.040000,0.192451,8,8,8
156,8_8_8,seq_ABC,static,1,S=8,10,0.000000,0.126667,0.000000,0.041667,0.114519,0.050156,0.047619,-0.025079,-0.025615,0.480472,0.159234,0.013889,0.013889,0.146667,0.052387,8,8,8
157,8_8_8,seq_ABC,static,1,S=8,30,0.000000,0.286667,0.080000,0.033333,0.255503,0.132154,0.108844,0.325934,0.291281,0.042669,0.378894,0.048611,0.048611,0.153333,0.098282,8,8,8
158,8_8_8,seq_ABC,static,1,S=8,26,0.000000,0.226667,0.013333,0.000000,0.080026,0.033729,0.095238,0.377445,0.325469,0.107092,0.191809,0.034722,0.034722,0.106667,0.116615,8,8,8
159,8_8_8,seq_ABC,static,1,S=8,35,0.000000,0.153333,0.013333,0.000000,0.111925,0.026866,0.054422,0.316779,0.272748,-0.042708,0.529897,0.006944,0.006944,0.206667,0.082288,8,8,8
160,8_8_8,seq_ABC,static,1,S=8,14,0.000000,0.433333,0.226667,0.333333,0.377003,0.257144,0.074830,-0.047491,-0.048529,-0.044449,0.268455,0.027778,0.027778,0.160000,0.076983,8,8,8
161,8_8_8,seq_ABC,static,1,S=8,10,0.000000,0.120000,0.000000,0.016667,0.028205,0.005090,0.061224,0.304562,0.212841,0.320759,0.588554,0.006944,0.000000,0.053333,0.092391,8,8,8
162,8_8_8,seq_ABC,static,1,S=8,13,0.000000,0.100000,0.000000,0.045045,0.014421,0.001243,0.047619,-0.025079,0.461941,-0.025795,0.439344,0.020833,0.013889,0.340000,0.051733,8,8,8
163,8_8_8,seq_ABC,static,1,S=8,31,0.000000,0.420000,0.346667,0.350877,0.943212,0.579893,0.122449,0.277370,0.209250,-0.083908,0.237695,0.048611,0.048611,0.060000,0.100965,8,8,8
164,8_8_8,seq_ABC,static,1,S=8,19,0.000000,0.040000,0.000000,0.000000,0.005282,0.000114,0.034014,-0.028187,-0.028792,-0.030773,0.213384,0.006944,0.006944,0.180000,0.050667,8,8,8
165,8_8_8,seq_ABC,static,1,S=8,35,0.000000,0.640000,0.533333,0.377778,0.953432,0.685975,0.142857,-0.060205,0.318527,0.227882,0.269118,0.076389,0.062500,0.133333,0.098242,8,8,8
166,8_8_8,seq_ABC,static,1,S=8,24,0.000000,0.186667,0.000000,0.000000,0.053581,0.023453,0.122449,0.544981,0.457173,0.497096,0.558199,0.048611,0.048611,0.020000,0.134288,8,8,8
167,8_8_8,seq_ABC,static,1,S=8,25,0.000000,0.220000,0.026667,0.026667,0.169773,0.079568,0.115646,0.402301,0.269542,-0.097218,0.548404,0.027778,0.020833,0.040000,0.106464,8,8,8
168,8_8_8,seq_ABC,static,1,S=8,32,0.000000,0.180000,0.200000,0.259259,0.498847,0.291654,0.054422,0.299815,-0.028331,0.477560,0.559470,0.013889,0.013889,0.106667,0.059374,8,8,8
169,8_8_8,seq_ABC,static,1,S=8,27,0.000000,0.153333,0.053333,0.043478,0.177758,0.096765,0.088435,-0.014439,-0.015336,-0.037450,0.416342,0.034722,0.034722,0.186667,0.078185,8,8,8
170,8_8_8,seq_ABC,static,1,S=8,47,0.000000,0.493333,0.413333,0.333333,2.559365,0.749365,0.244898,0.433742,0.404299,0.292702,0.373166,0.125000,0.125000,0.020000,0.238057,8,8,8
171,8_8_8,seq_ABC,static,1,S=8,47,0.000000,0.553333,0.520000,0.666667,1.367778,0.796779,0.238095,0.203522,0.422550,0.360844,0.444612,0.111111,0.097222,0.320000,0.134280,8,8,8
172,8_8_8,seq_ABC,static,1,S=8,49,0.000000,0.780000,0.853333,1.000000,3.177536,1.199321,0.333333,0.055509,0.064924,0.235959,0.054831,0.159722,0.152778,0.246667,0.110390,8,8,8
173,8_8_8,seq_ABC,static,1,S=8,41,0.000000,0.200000,0.040000,0.000000,0.243411,0.097751,0.047619,-0.049488,-0.050572,-0.054128,0.185917,0.013889,0.013889,0.046667,0.061051,8,8,8
174,8_8_8,seq_ABC,static,1,S=8,21,0.000000,0.073333,0.000000,0.000000,0.020706,0.002357,0.054422,0.310884,-0.036975,0.471285,0.330709,0.006944,0.006944,0.046667,0.067993,8,8,8
175,8_8_8,seq_ABC,static,1,S=8,26,0.000000,0.160000,0.013333,0.000000,0.101737,0.037240,0.061224,0.051219,-0.082704,0.436065,0.456464,0.006944,0.006944,0.066667,0.050441,8,8,8
176,8_8_8,seq_ABC,static,1,S=8,19,0.000000,0.100000,0.000000,0.000000,0.039775,0.011350,0.074830,0.121595,0.163966,-0.021311,0.442758,0.013889,0.006944,0.073333,0.078449,8,8,8
177,8_8_8,seq_ABC,static,1,S=8,21,0.000000,0.500000,0.320000,0.379310,0.674022,0.463573,0.095238,0.316609,0.170297,-0.077628,0.514844,0.013889,0.013889,0.193333,0.123261,8,8,8
178,8_8_8,seq_ABC,static,1,S=8,13,0.000000,0.166667,0.120000,0.090090,0.269587,0.168744,0.047619,-0.025913,-0.026468,-0.028284,0.417873,0.013889,0.013889,0.340000,0.054400,8,8,8
179,8_8_8,seq_ABC,static,1,S=8,36,0.000000,0.493333,0.320000,0.095238,0.690613,0.465514,0.149660,0.207098,-0.041920,0.237695,0.495698,0.055556,0.055556,0.086667,0.094023,8,8,8
180,8_8_8,seq_ABC,static,1,S=8,16,0.000000,0.206667,0.000000,0.029412,0.014914,0.002172,0.102041,0.506726,0.462982,0.203138,0.498327,0.034722,0.027778,0.180000,0.168216,8,8,8
181,8_8_8,seq_ABC,static,1,S=8,40,0.000000,0.106667,0.013333,0.000000,0.102242,0.032979,0.081633,0.439718,0.302902,0.465198,0.460387,0.020833,0.020833,0.073333,0.113313,8,8,8
182,8_8_8,seq_ABC,static,1,S=8,28,0.000000,0.406667,0.346667,0.333333,0.905055,0.552496,0.170068,0.053688,0.202981,0.223754,0.080773,0.090278,0.076389,0.160000,0.119381,8,8,8
183,8_8_8,seq_ABC,static,1,S=8,6,0.000000,0.260000,0.226667,0.196970,0.435251,0.309497,0.054422,0.266553,0.182504,0.989890,0.699845,0.020833,0.020833,0.080000,0.067271,8,8,8
184,8_8_8,seq_ABC,static,1,S=8,33,0.000000,0.446667,0.360000,0.333333,1.108355,0.627927,0.122449,0.214438,0.120525,0.256754,0.296627,0.034722,0.034722,0.266667,0.101353,8,8,8
185,8_8_8,seq_ABC,static,1,S=8,45,0.000000,0.380000,0.280000,0.000000,0.667439,0.364134,0.142857,0.115951,0.030066,0.033366,0.337209,0.048611,0.048611,0.226667,0.103092,8,8,8
186,8_8_8,seq_ABC,static,1,S=8,26,0.000000,0.226667,0.066667,0.027778,0.158538,0.089740,0.136054,0.208430,0.380357,0.034956,0.297446,0.062500,0.055556,0.200000,0.117972,8,8,8
187,8_8_8,seq_ABC,static,1,S=8,39,0.000000,0.480000,0.453333,0.212121,0.991372,0.612547,0.170068,0.516778,0.381541,0.009899,0.267720,0.048611,0.048611,0.066667,0.150758,8,8,8
188,8_8_8,seq_ABC,static,1,S=8,22,0.000000,0.373333,0.333333,0.333333,0.677094,0.450214,0.088435,0.030352,0.206959,-0.042929,0.053852,0.034722,0.027778,0.093333,0.071793,8,8,8
189,8_8_8,seq_ABC,static,1,S=8,38,0.000000,0.520000,0.493333,0.416667,1.888404,0.796216,0.142857,0.131976,0.075299,0.251880,0.425327,0.048611,0.048611,0.140000,0.097864,8,8,8
190,8_8_8,seq_ABC,static,1,S=8,48,0.000000,0.166667,0.013333,0.000000,0.134828,0.045241,0.142857,0.171778,0.264821,0.125733,0.360262,0.062500,0.055556,0.180000,0.119351,8,8,8
191,8_8_8,seq_ABC,static,1,S=8,26,0.000000,0.280000,0.040000,0.027778,0.219860,0.114412,0.156463,0.146416,0.051346,0.187684,0.304754,0.055556,0.055556,0.140000,0.143451,8,8,8
192,8_8_8,seq_ABC,static,1,S=8,17,0.000000,0.166667,0.000000,0.000000,0.129909,0.057134,0.074830,0.056614,0.054393,-0.052886,0.669608,0.027778,0.027778,0.180000,0.051321,8,8,8
193,8_8_8,seq_ABC,static,1,S=8,23,0.000000,0.473333,0.240000,0.296296,0.412507,0.276201,0.142857,0.142189,0.359594,0.233631,0.464899,0.048611,0.041667,0.233333,0.093091,8,8,8
194,8_8_8,seq_ABC,static,1,S=8,33,0.000000,0.540000,0.426667,0.313725,0.831313,0.493855,0.163265,0.182280,0.282785,0.038282,0.229111,0.083333,0.076389,0.113333,0.141188,8,8,8
195,8_8_8,seq_ABC,static,1,S=8,15,0.000000,0.286667,0.146667,0.200000,0.278555,0.192013,0.061224,-0.026115,-0.026674,0.310057,0.668363,0.020833,0.020833,0.293333,0.063300,8,8,8
196,8_8_8,seq_ABC,static,1,S=8,22,0.000000,0.240000,0.200000,0.190476,0.309497,0.207649,0.061224,0.002251,-0.040770,-0.043621,0.261985,0.013889,0.013889,0.133333,0.061416,8,8,8
197,8_8_8,seq_ABC,static,1,S=8,25,0.000000,0.180000,0.000000,0.000000,0.173592,0.070024,0.108844,0.204359,0.137904,0.215085,0.288269,0.027778,0.027778,0.133333,0.106771,8,8,8
198,8_8_8,seq_ABC,static,1,S=8,28,0.000000,0.366667,0.146667,0.106061,0.410789,0.235326,0.108844,0.223682,0.238239,0.136680,0.552564,0.055556,0.055556,0.273333,0.126557,8,8,8
199,8_8_8,seq_ABC,static,1,S=8,22,0.000000,0.386667,0.280000,0.261905,0.529002,0.388386,0.122449,0.119402,0.214474,0.079100,0.483987,0.062500,0.055556,0.093333,0.091381,8,8,8
0,8_8_8,seq_ABC,leaky,0,no_conv,,0.222222,0.266667,0.280000,,0.856289,0.420008,0.224490,0.104008,0.040278,-0.091446,-0.043599,0.076389,0.069444,0.146667,0.110296,7,7,8
1,8_8_8,seq_ABC,leaky,1,S=8,47,0.000000,0.293333,0.280000,0.333333,0.896883,0.422497,0.238095,0.076589,0.028670,-0.066726,0.088818,0.104167,0.097222,0.220000,0.099757,8,8,8
2,8_8_8,seq_ABC,leaky,1,S=8,37,0.000000,0.213333,0.173333,0.076923,0.707464,0.341108,0.176871,0.192472,0.134452,-0.022482,0.218209,0.076389,0.076389,0.133333,0.110839,8,8,8
3,8_8_8,seq_ABC,leaky,0,no_conv,,0.222222,0.460000,0.626667,,1.625469,0.744074,0.312925,0.373146,0.076181,-0.029885,0.312210,0.083333,0.083333,0.106667,0.125353,8,8,7
4,8_8_8,seq_ABC,leaky,0,no_conv,,0.222222,0.413333,0.453333,,1.187573,0.589707,0.326531,0.240478,0.175603,-0.036463,-0.055078,0.138889,0.138889,0.106667,0.167067,7,8,7
5,8_8_8,seq_ABC,leaky,0,no_conv,,0.222222,0.453333,0.493333,,1.131862,0.583494,0.204082,0.314776,0.208102,-0.121770,0.545694,0.076389,0.076389,0.033333,0.140483,8,8,7
6,8_8_8,seq_ABC,leaky,1,S=8,47,0.000000,0.486667,0.426667,0.333333,1.136649,0.537986,0.340136,0.261900,0.313653,-0.006882,0.364561,0.152778,0.138889,0.140000,0.141854,8,8,8
7,8_8_8,seq_ABC,leaky,1,S=8,49,0.000000,0.486667,0.666667,0.666667,1.531012,0.749200,0.380952,0.290918,0.251053,-0.073579,0.109738,0.180556,0.173611,0.146667,0.193497,8,8,8
8,8_8_8,seq_ABC,leaky,1,S=8,39,0.000000,0.520000,0.586667,0.272727,1.339891,0.649605,0.285714,0.659997,0.523348,0.185178,0.342067,0.076389,0.069444,0.046667,0.306208,8,8,8
9,8_8_8,seq_ABC,leaky,1,S=8,49,0.000000,0.373333,0.400000,0.000000,1.052645,0.520401,0.326531,0.046595,0.063149,-0.046277,0.168115,0.166667,0.166667,0.293333,0.148639,8,8,8
10,8_8_8,seq_ABC,leaky,0,no_conv,,0.222222,0.300000,0.160000,,0.748405,0.324860,0.156463,0.306419,0.442303,0.137921,0.202382,0.076389,0.062500,0.020000,0.155254,7,8,8
11,8_8_8,seq_ABC,leaky,1,S=8,44,0.000000,0.426667,0.253333,0.055556,0.768542,0.375227,0.251701,-0.014329,-0.033322,-0.078116,0.287083,0.111111,0.111111,0.253333,0.127011,8,8,8
12,8_8_8,seq_ABC,leaky,1,S=8,49,0.000000,0.453333,0.400000,0.333333,1.016912,0.503945,0.319728,0.157115,0.176047,-0.055870,0.070751,0.145833,0.138889,0.300000,0.160511,8,8,8
13,8_8_8,seq_ABC,leaky,0,no_conv,,0.222222,0.313333,0.346667,,1.004497,0.496132,0.231293,0.052560,-0.037677,-0.086728,-0.021509,0.090278,0.083333,0.166667,0.097706,7,8,8
14,8_8_8,seq_ABC,leaky,1,S=8,42,0.000000,0.400000,0.333333,0.291667,0.978688,0.443696,0.238095,0.454474,0.221946,0.205429,0.155892,0.069444,0.069444,0.113333,0.172856,8,8,8
15,8_8_8,seq_ABC,leaky,0,no_conv,,0.222222,0.466667,0.493333,,1.185681,0.623672,0.319728,0.315100,0.041437,-0.020660,0.097361,0.131944,0.131944,0.086667,0.166271,7,8,8
16,8_8_8,seq_ABC,leaky,0,no_conv,,0.222222,0.400000,0.400000,,0.933657,0.491395,0.231293,0.032406,0.139472,-0.114839,0.124904,0.090278,0.083333,0.306667,0.145497,8,8,7
17,8_8_8,seq_ABC,leaky,1,S=8,49,0.000000,0.373333,0.440000,0.666667,1.166446,0.571914,0.265306,0.278298,0.160245,0.014554,0.226047,0.090278,0.083333,0.073333,0.148867,8,8,8
18,8_8_8,seq_ABC,leaky,0,no_conv,,0.222222,0.386667,0.320000,,0.988857,0.489547,0.258503,-0.055403,-0.121477,0.101366,0.203844,0.090278,0.090278,0.280000,0.120602,8,7,8
19,8_8_8,seq_ABC,leaky,0,no_conv,,0.222222,0.360000,0.320000,,0.859039,0.436579,0.278912,0.044946,-0.101792,0.039027,0.036141,0.118056,0.118056,0.193333,0.126061,8,7,7
20,8_8_8,seq_ABC,leaky,0,no_conv,,2.000000,0.453333,0.373333,,1.076194,0.509147,0.367347,0.487602,0.251367,0.081720,0.183805,0.131944,0.131944,0.046667,0.206044,5,8,8
21,8_8_8,seq_ABC,leaky,0,no_conv,,0.222222,0.373333,0.373333,,0.926765,0.467087,0.238095,0.231345,0.044456,-0.005094,0.083110,0.090278,0.090278,0.166667,0.117088,8,7,8
22,8_8_8,seq_ABC,leaky,0,no_conv,,0.888889,0.306667,0.360000,,1.042279,0.499328,0.251701,0.204910,0.144050,0.000457,0.064680,0.104167,0.097222,0.113333,0.128662,8,6,8
23,8_8_8,seq_ABC,leaky,0,no_conv,,0.888889,0.213333,0.133333,,0.627211,0.276031,0.170068,0.076839,0.037645,-0.064150,0.154221,0.055556,0.048611,0.140000,0.099220,6,8,8
24,8_8_8,seq_ABC,leaky,0,no_conv,,0.222222,0.286667,0.213333,,0.687866,0.347548,0.149660,0.017335,-0.021936,0.136397,0.244793,0.055556,0.055556,0.113333,0.101330,8,7,8
25,8_8_8,seq_ABC,leaky,1,S=8,49,0.000000,0.433333,0.360000,0.333333,0.935647,0.498294,0.251701,0.266246,0.144401,0.394228,0.166909,0.111111,0.111111,0.200000,0.166040,8,8,8
26,8_8_8,seq_ABC,leaky,0,no_conv,,0.666667,0.266667,0.173333,,0.671820,0.313165,0.217687,0.220427,0.179384,-0.026230,0.325913,0.097222,0.090278,0.033333,0.111957,7,8,6
27,8_8_8,seq_ABC,leaky,1,S=8,47,0.000000,0.460000,0.333333,0.000000,0.901827,0.451612,0.299320,0.484298,0.156757,-0.000601,0.124092,0.069444,0.069444,0.080000,0.186326,8,8,8
28,8_8_8,seq_ABC,leaky,0,no_conv,,0.888889,0.413333,0.453333,,1.201429,0.583505,0.292517,0.107865,0.087288,0.015089,0.114417,0.131944,0.125000,0.140000,0.145750,8,8,6
29,8_8_8,seq_ABC,leaky,1,S=8,49,0.000000,0.360000,0.426667,0.000000,1.130181,0.561602,0.285714,0.413084,0.246725,0.259746,0.295591,0.104167,0.104167,0.100000,0.240894,8,8,8
30,8_8_8,seq_ABC,leaky,0,no_conv,,0.222222,0.426667,0.306667,,0.856686,0.432852,0.306122,0.219678,0.156204,0.063725,0.310478,0.131944,0.125000,0.040000,0.151733,8,8,7
31,8_8_8,seq_ABC,leaky,0,no_conv,,0.888889,0.306667,0.320000,,0.873042,0.437671,0.197279,0.454463,0.173553,0.074070,0.272545,0.062500,0.062500,0.033333,0.126882,6,8,8
32,8_8_8,seq_ABC,leaky,0,no_conv,,0.222222,0.400000,0.400000,,1.184619,0.599471,0.258503,0.088016,0.095730,0.125941,0.212878,0.097222,0.090278,0.213333,0.108984,7,8,8
33,8_8_8,seq_ABC,leaky,1,S=8,49,0.000000,0.293333,0.093333,0.000000,0.457589,0.191865,0.183673,0.151316,0.283198,0.098969,0.373568,0.069444,0.062500,0.246667,0.126924,8,8,8
34,8_8_8,seq_ABC,leaky,1,S=8,46,0.000000,0.346667,0.160000,0.000000,0.703125,0.339550,0.265306,0.095908,0.214083,-0.050914,0.364991,0.138889,0.131944,0.186667,0.106750,8,8,8
35,8_8_8,seq_ABC,leaky,1,S=8,44,0.000000,0.440000,0.280000,0.000000,0.829533,0.423214,0.299320,0.454733,0.318048,0.061148,0.186770,0.111111,0.104167,0.046667,0.176923,8,8,8
36,8_8_8,seq_ABC,leaky,1,S=8,43,0.000000,0.420000,0.280000,0.095238,0.891733,0.449237,0.326531,0.550432,0.343878,0.106676,0.224158,0.104167,0.104167,0.080000,0.171887,8,8,8
37,8_8_8,seq_ABC,leaky,1,S=8,47,0.000000,0.220000,0.146667,0.000000,0.595151,0.299314,0.183673,-0.078974,-0.080769,0.009327,0.280558,0.083333,0.083333,0.480000,0.096298,8,8,8
38,8_8_8,seq_ABC,leaky,0,no_conv,,0.222222,0.346667,0.320000,,0.849575,0.448649,0.224490,0.184888,-0.039883,0.078472,0.103701,0.083333,0.083333,0.086667,0.107381,7,8,8
39,8_8_8,seq_ABC,leaky,0,no_conv,,0.888889,0.353333,0.213333,,0.751083,0.364116,0.224490,0.044916,-0.113001,-0.056423,0.239378,0.069444,0.069444,0.193333,0.108490,6,8,8
40,8_8_8,seq_ABC,leaky,0,no_conv,,0.888889,0.613333,0.626667,,1.366233,0.666250,0.326531,0.366836,0.223524,0.002094,0.196421,0.118056,0.111111,0.040000,0.192609,8,6,8
41,8_8_8,seq_ABC,leaky,1,S=8,43,0.000000,0.186667,0.146667,0.095238,0.659910,0.293925,0.170068,-0.005230,0.090155,-0.088743,0.000722,0.076389,0.069444,0.346667,0.126997,8,8,8
42,8_8_8,seq_ABC,leaky,0,no_conv,,0.222222,0.346667,0.306667,,0.927005,0.448082,0.217687,0.047725,0.056394,-0.094432,0.278853,0.083333,0.076389,0.133333,0.125077,8,7,8
43,8_8_8,seq_ABC,leaky,1,S=8,43,0.000000,0.246667,0.280000,0.095238,0.909744,0.437960,0.190476,0.402414,0.200997,-0.048234,0.272644,0.062500,0.062500,0.086667,0.142388,8,8,8
44,8_8_8,seq_ABC,leaky,0,no_conv,,0.666667,0.360000,0.280000,,0.791656,0.379050,0.278912,0.298174,0.145418,0.011885,0.078381,0.097222,0.097222,0.073333,0.197362,6,8,7
45,8_8_8,seq_ABC,leaky,1,S=8,45,0.000000,0.400000,0.386667,0.200000,1.087921,0.542696,0.231293,0.301325,0.244737,-0.031521,0.208368,0.090278,0.090278,0.066667,0.143311,8,8,8
46,8_8_8,seq_ABC,leaky,0,no_conv,,1.555556,0.426667,0.426667,,1.097863,0.541362,0.278912,0.097788,0.065289,0.181328,0.233820,0.111111,0.104167,0.173333,0.114214,5,8,7
47,8_8_8,seq_ABC,leaky,1,S=8,46,0.000000,0.440000,0.360000,0.083333,0.872902,0.459017,0.306122,0.420172,0.286975,0.101471,0.086445,0.118056,0.111111,0.093333,0.206487,8,8,8
48,8_8_8,seq_ABC,leaky,0,no_conv,,0.888889,0.313333,0.320000,,1.012353,0.485419,0.285714,0.121409,-0.084749,-0.022282,0.169852,0.111111,0.111111,0.120000,0.122185,6,8,8
49,8_8_8,seq_ABC,leaky,1,S=8,48,0.000000,0.406667,0.213333,0.166667,0.729808,0.344341,0.312925,0.733352,0.549690,0.209382,0.250477,0.076389,0.076389,0.033333,0.292100,8,8,8
50,8_8_8,seq_ABC,leaky,1,S=8,47,0.000000,0.380000,0.253333,0.111111,0.879988,0.409057,0.278912,0.172715,0.047342,-0.003209,0.048079,0.104167,0.097222,0.233333,0.123585,8,8,8
51,8_8_8,seq_ABC,leaky,0,no_conv,,0.222222,0.500000,0.573333,,1.222363,0.658187,0.353741,0.295332,0.092201,-0.151365,0.173015,0.118056,0.118056,0.146667,0.156730,7,7,8
52,8_8_8,seq_ABC,leaky,1,S=8,47,0.000000,0.480000,0.546667,0.000000,1.295251,0.636986,0.299320,0.409252,0.381983,-0.013870,0.304561,0.131944,0.131944,0.180000,0.183245,8,8,8
53,8_8_8,seq_ABC,leaky,1,S=8,48,0.000000,0.646667,0.653333,0.500000,1.313136,0.686012,0.598639,0.828931,0.730034,0.547536,0.055150,0.222222,0.208333,0.020000,0.641231,8,8,8
54,8_8_8,seq_ABC,leaky,0,no_conv,,0.222222,0.360000,0.320000,,0.936790,0.469594,0.244898,0.199041,0.073705,-0.074538,0.260389,0.090278,0.083333,0.146667,0.127383,8,8,7
55,8_8_8,seq_ABC,leaky,1,S=8,49,0.000000,0.406667,0.373333,0.333333,1.036634,0.524797,0.231293,0.183501,0.090867,0.014352,0.188836,0.111111,0.111111,0.126667,0.104969,8,8,8
56,8_8_8,seq_ABC,leaky,1,S=8,47,0.000000,0.340000,0.346667,0.555556,0.949624,0.463198,0.204082,0.132653,0.021961,-0.072783,-0.019349,0.069444,0.069444,0.193333,0.096386,8,8,8
57,8_8_8,seq_ABC,leaky,1,S=8,49,0.000000,0.306667,0.173333,0.333333,0.664970,0.316721,0.190476,0.267180,0.171441,0.162841,0.229338,0.062500,0.062500,0.180000,0.137074,8,8,8
58,8_8_8,seq_ABC,leaky,0,no_conv,,0.222222,0.326667,0.240000,,0.857832,0.391323,0.231293,0.265199,0.183984,0.079044,0.188013,0.069444,0.062500,0.086667,0.145783,8,7,8
59,8_8_8,seq_ABC,leaky,0,no_conv,,0.222222,0.380000,0.186667,,0.726536,0.369749,0.333333,0.129665,0.051669,0.177480,0.272800,0.159722,0.159722,0.240000,0.166839,8,7,8
60,8_8_8,seq_ABC,leaky,0,no_conv,,0.222222,0.406667,0.333333,,0.850875,0.449937,0.265306,0.196929,0.006159,0.212790,0.247799,0.090278,0.090278,0.100000,0.126853,7,8,8
61,8_8_8,seq_ABC,leaky,0,no_conv,,0.222222,0.406667,0.400000,,1.090836,0.524348,0.285714,0.254489,0.055998,-0.035452,0.150948,0.104167,0.104167,0.140000,0.116289,7,8,8
62,8_8_8,seq_ABC,leaky,0,no_conv,,0.222222,0.306667,0.173333,,0.757823,0.351497,0.258503,0.123376,-0.013445,-0.071150,0.084973,0.111111,0.111111,0.060000,0.162768,7,7,8
63,8_8_8,seq_ABC,leaky,1,S=8,47,0.000000,0.266667,0.186667,0.222222,0.711047,0.340697,0.265306,0.076058,-0.049259,0.036206,0.024717,0.104167,0.097222,0.280000,0.119394,8,8,8
64,8_8_8,seq_ABC,leaky,0,no_conv,,0.222222,0.306667,0.373333,,1.052700,0.525360,0.210884,0.149966,0.010573,0.010520,0.261028,0.090278,0.090278,0.093333,0.102259,8,7,8
65,8_8_8,seq_ABC,leaky,1,S=8,49,0.000000,0.373333,0.333333,0.333333,0.936635,0.455751,0.238095,0.110475,0.050526,-0.093592,0.279773,0.083333,0.083333,0.200000,0.161975,8,8,8
66,8_8_8,seq_ABC,leaky,0,no_conv,,0.222222,0.360000,0.466667,,1.129292,0.560167,0.285714,-0.063620,-0.036952,0.170398,0.117186,0.125000,0.118056,0.313333,0.120796,8,7,8
67,8_8_8,seq_ABC,leaky,0,no_conv,,0.222222,0.393333,0.346667,,1.109004,0.477552,0.251701,0.475983,0.315678,0.051407,0.382877,0.055556,0.055556,0.066667,0.199387,8,8,7
68,8_8_8,seq_ABC,leaky,0,no_conv,,0.222222,0.493333,0.466667,,1.006056,0.540137,0.394558,0.449176,0.264749,-0.011263,0.249358,0.152778,0.145833,0.040000,0.177921,7,8,8
69,8_8_8,seq_ABC,leaky,0,no_conv,,0.222222,0.426667,0.373333,,0.914187,0.479279,0.299320,0.197377,0.075190,0.067503,0.135096,0.118056,0.118056,0.140000,0.136573,7,8,8
70,8_8_8,seq_ABC,leaky,0,no_conv,,0.222222,0.473333,0.440000,,1.108851,0.560692,0.272109,0.233614,0.244807,-0.020124,0.217533,0.111111,0.097222,0.073333,0.166684,7,8,8
71,8_8_8,seq_ABC,leaky,1,S=8,45,0.000000,0.480000,0.373333,0.266667,1.057698,0.521571,0.285714,0.167454,-0.005038,-0.101962,0.179434,0.104167,0.104167,0.173333,0.143900,8,8,8
72,8_8_8,seq_ABC,leaky,1,S=8,49,0.000000,0.360000,0.306667,0.333333,0.838782,0.413545,0.163265,0.164068,0.125129,0.085432,0.165604,0.062500,0.062500,0.306667,0.108957,8,8,8
73,8_8_8,seq_ABC,leaky,0,no_conv,,0.222222,0.386667,0.306667,,0.925994,0.449484,0.204082,0.267598,0.259344,-0.100928,0.139115,0.090278,0.083333,0.206667,0.139586,8,7,8
74,8_8_8,seq_ABC,leaky,1,S=8,48,0.000000,0.500000,0.546667,0.500000,1.272589,0.639036,0.367347,0.093287,-0.138061,0.043290,-0.023676,0.118056,0.118056,0.153333,0.181468,8,8,8
75,8_8_8,seq_ABC,leaky,1,S=8,49,0.000000,0.313333,0.173333,0.000000,0.754715,0.363445,0.258503,0.203135,0.105928,-0.045126,0.205511,0.131944,0.131944,0.186667,0.123151,8,8,8
76,8_8_8,seq_ABC,leaky,0,no_conv,,0.222222,0.340000,0.306667,,0.932821,0.457452,0.224490,0.250027,-0.071433,0.005196,0.206507,0.062500,0.062500,0.053333,0.160913,8,7,8
77,8_8_8,seq_ABC,leaky,0,no_conv,,1.555556,0.380000,0.280000,,0.825049,0.398213,0.312925,0.204567,0.224464,0.129908,0.162482,0.145833,0.138889,0.033333,0.173326,5,7,8
78,8_8_8,seq_ABC,leaky,0,no_conv,,0.222222,0.313333,0.213333,,0.741424,0.350233,0.183673,0.178733,0.056089,0.169119,0.140781,0.069444,0.069444,0.140000,0.111950,7,8,8
79,8_8_8,seq_ABC,leaky,0,no_conv,,0.222222,0.433333,0.506667,,1.193749,0.600504,0.251701,0.103462,0.140124,0.034464,0.167624,0.097222,0.090278,0.060000,0.106370,7,8,7
80,8_8_8,seq_ABC,leaky,0,no_conv,,0.222222,0.393333,0.386667,,1.135942,0.523083,0.326531,0.095165,0.101467,0.030718,0.088539,0.152778,0.152778,0.206667,0.154936,8,7,8
81,8_8_8,seq_ABC,leaky,1,S=8,41,0.000000,0.440000,0.266667,0.074074,0.893374,0.426094,0.285714,0.455331,0.331081,-0.091224,0.356653,0.118056,0.118056,0.053333,0.160425,8,8,8
82,8_8_8,seq_ABC,leaky,1,S=8,44,0.000000,0.440000,0.480000,0.500000,1.092775,0.582036,0.238095,0.429449,0.253823,-0.025711,0.165984,0.083333,0.083333,0.173333,0.147834,8,8,8
83,8_8_8,seq_ABC,leaky,1,S=8,47,0.000000,0.286667,0.173333,0.111111,0.709127,0.315965,0.170068,0.158665,0.183549,0.034081,0.228563,0.062500,0.055556,0.066667,0.148593,8,8,8
84,8_8_8,seq_ABC,leaky,0,no_conv,,0.222222,0.386667,0.253333,,0.808473,0.379945,0.224490,0.289240,0.029953,0.116893,0.231707,0.062500,0.062500,0.153333,0.184042,7,7,8
85,8_8_8,seq_ABC,leaky,0,no_conv,,0.222222,0.453333,0.360000,,0.951622,0.497064,0.272109,0.386282,0.093008,-0.147921,0.256794,0.076389,0.076389,0.066667,0.154701,8,7,8
86,8_8_8,seq_ABC,leaky,0,no_conv,,0.222222,0.380000,0.373333,,0.978821,0.484521,0.265306,0.229844,0.103637,-0.119426,0.074544,0.104167,0.104167,0.200000,0.157335,7,8,8
87,8_8_8,seq_ABC,leaky,1,S=8,47,0.000000,0.340000,0.280000,0.000000,0.886951,0.473061,0.204082,0.244392,0.098786,-0.108387,0.157108,0.083333,0.083333,0.146667,0.101297,8,8,8
88,8_8_8,seq_ABC,leaky,1,S=8,45,0.000000,0.566667,0.546667,0.333333,1.429184,0.658488,0.394558,0.343575,0.245782,0.012779,0.158788,0.159722,0.159722,0.153333,0.213424,8,8,8
89,8_8_8,seq_ABC,leaky,1,S=8,45,0.000000,0.300000,0.320000,0.000000,0.932993,0.458944,0.204082,0.413244,-0.036945,-0.120309,0.185531,0.062500,0.062500,0.126667,0.130002,8,8,8
90,8_8_8,seq_ABC,leaky,1,S=8,49,0.000000,0.366667,0.346667,0.333333,1.039532,0.532765,0.224490,0.080970,0.016545,0.138751,0.146261,0.090278,0.090278,0.246667,0.096725,8,8,8
91,8_8_8,seq_ABC,leaky,0,no_conv,,0.222222,0.373333,0.466667,,1.224421,0.590930,0.238095,0.206594,0.105714,0.265766,0.254719,0.104167,0.097222,0.146667,0.195471,7,8,7
92,8_8_8,seq_ABC,leaky,1,S=8,49,0.000000,0.300000,0.373333,0.666667,0.988293,0.494046,0.142857,-0.029977,-0.068890,0.089481,0.170348,0.048611,0.048611,0.313333,0.106923,8,8,8
93,8_8_8,seq_ABC,leaky,1,S=8,48,0.000000,0.540000,0.520000,0.500000,1.287421,0.608952,0.299320,0.285422,0.276045,-0.056140,0.099691,0.125000,0.118056,0.186667,0.152498,8,8,8
94,8_8_8,seq_ABC,leaky,1,S=8,48,0.000000,0.293333,0.266667,0.666667,0.818682,0.402487,0.204082,0.203316,0.066368,-0.087867,0.116341,0.083333,0.083333,0.160000,0.148471,8,8,8
95,8_8_8,seq_ABC,leaky,0,no_conv,,0.222222,0.393333,0.306667,,0.766735,0.401739,0.285714,0.538349,0.368567,0.222940,0.243523,0.097222,0.097222,0.026667,0.193180,8,8,7
96,8_8_8,seq_ABC,leaky,1,S=8,47,0.000000,0.380000,0.453333,0.333333,1.092408,0.536214,0.258503,0.252004,0.017814,-0.008656,0.175683,0.104167,0.097222,0.246667,0.165645,8,8,8
97,8_8_8,seq_ABC,leaky,1,other_conv,49,0.000000,0.533333,0.573333,0.666667,1.293297,0.679374,0.380952,0.378408,0.177165,-0.001256,0.139556,0.125000,0.125000,0.093333,0.204657,7,7,7
98,8_8_8,seq_ABC,leaky,1,S=8,48,0.000000,0.313333,0.346667,0.333333,0.991480,0.481245,0.272109,0.093022,0.070591,-0.058387,0.034806,0.125000,0.125000,0.100000,0.135183,8,8,8
99,8_8_8,seq_ABC,leaky,1,S=8,48,0.000000,0.333333,0.373333,0.000000,0.967336,0.503509,0.251701,0.288085,0.053314,0.113060,0.184221,0.090278,0.090278,0.193333,0.122699,8,8,8
100,8_8_8,seq_ABC,leaky,1,S=8,47,0.000000,0.380000,0.413333,0.333333,1.091648,0.514789,0.278912,0.233806,0.067366,-0.079359,0.062682,0.104167,0.104167,0.146667,0.134938,8,8,8
101,8_8_8,seq_ABC,leaky,1,S=8,47,0.000000,0.446667,0.386667,0.444444,0.899864,0.463825,0.272109,0.200920,0.111070,-0.043109,0.255630,0.111111,0.104167,0.126667,0.128405,8,8,8
102,8_8_8,seq_ABC,leaky,1,S=8,25,0.000000,0.233333,0.120000,0.120000,0.569532,0.233780,0.149660,0.206240,0.232128,0.294492,0.128816,0.055556,0.048611,0.093333,0.107276,8,8,8
103,8_8_8,seq_ABC,leaky,0,no_conv,,0.222222,0.353333,0.253333,,0.819617,0.406588,0.299320,0.177594,-0.029451,0.054650,0.090705,0.090278,0.090278,0.153333,0.135711,8,7,7
104,8_8_8,seq_ABC,leaky,1,S=8,46,0.000000,0.400000,0.493333,0.416667,1.262859,0.640528,0.190476,0.126416,0.038862,-0.056531,0.278589,0.069444,0.069444,0.166667,0.109433,8,8,8
105,8_8_8,seq_ABC,leaky,1,S=8,49,0.000000,0.366667,0.240000,0.000000,0.777813,0.374815,0.292517,0.047876,0.006675,-0.000457,0.213787,0.118056,0.111111,0.180000,0.107871,8,8,8
106,8_8_8,seq_ABC,leaky,1,S=8,49,0.000000,0.346667,0.386667,0.333333,1.138762,0.546138,0.238095,0.148050,0.090661,-0.105671,0.085250,0.111111,0.104167,0.133333,0.133365,8,8,8
107,8_8_8,seq_ABC,leaky,0,no_conv,,0.222222,0.273333,0.320000,,0.934692,0.432916,0.197279,0.060655,0.136894,0.051427,0.051006,0.097222,0.090278,0.340000,0.145619,8,7,8
108,8_8_8,seq_ABC,leaky,1,S=8,47,0.000000,0.373333,0.186667,0.000000,0.699083,0.340169,0.197279,0.071853,0.126357,-0.059371,0.290675,0.083333,0.076389,0.066667,0.099173,8,8,8
109,8_8_8,seq_ABC,leaky,0,no_conv,,0.222222,0.540000,0.546667,,1.332587,0.665735,0.326531,0.447865,0.345488,0.046189,-0.042259,0.131944,0.125000,0.026667,0.213254,7,7,8
110,8_8_8,seq_ABC,leaky,1,S=8,49,0.000000,0.293333,0.253333,0.000000,0.912755,0.459300,0.244898,0.125712,-0.072371,0.077115,0.031801,0.097222,0.097222,0.380000,0.095673,8,8,8
111,8_8_8,seq_ABC,leaky,1,S=8,49,0.000000,0.480000,0.386667,0.000000,1.111100,0.534592,0.285714,0.357658,0.312240,0.003291,0.303102,0.125000,0.125000,0.020000,0.185794,8,8,8
112,8_8_8,seq_ABC,leaky,0,no_conv,,0.888889,0.466667,0.386667,,1.026616,0.494347,0.319728,0.094680,0.077043,-0.183615,0.326175,0.131944,0.125000,0.166667,0.160295,6,8,6
113,8_8_8,seq_ABC,leaky,0,no_conv,,0.222222,0.553333,0.400000,,0.938694,0.478055,0.292517,0.207548,0.273392,-0.019341,0.148304,0.131944,0.118056,0.100000,0.109806,8,7,8
114,8_8_8,seq_ABC,leaky,0,no_conv,,0.222222,0.453333,0.333333,,0.808625,0.424013,0.244898,0.053711,-0.045950,0.024766,0.164415,0.111111,0.111111,0.333333,0.114532,8,8,7
115,8_8_8,seq_ABC,leaky,1,S=8,48,0.000000,0.446667,0.386667,0.166667,1.004458,0.494882,0.258503,0.143812,-0.001823,0.022140,0.123193,0.097222,0.097222,0.226667,0.133469,8,8,8
116,8_8_8,seq_ABC,leaky,0,no_conv,,0.222222,0.313333,0.306667,,0.839907,0.400790,0.231293,0.236921,0.110554,-0.071487,0.217551,0.083333,0.083333,0.106667,0.157715,7,8,7
117,8_8_8,seq_ABC,leaky,0,no_conv,,0.222222,0.253333,0.280000,,0.814103,0.404032,0.163265,-0.029944,0.000141,-0.055832,0.111755,0.062500,0.062500,0.233333,0.104531,8,8,7
118,8_8_8,seq_ABC,leaky,1,S=8,49,0.000000,0.386667,0.360000,0.333333,1.065629,0.506735,0.170068,0.078759,0.002855,-0.049616,0.226745,0.062500,0.062500,0.240000,0.112425,8,8,8
119,8_8_8,seq_ABC,leaky,0,no_conv,,0.666667,0.386667,0.440000,,1.200298,0.579818,0.265306,0.514863,0.278375,0.023407,0.162797,0.069444,0.069444,0.033333,0.213655,6,8,7
120,8_8_8,seq_ABC,leaky,1,S=8,44,0.000000,0.320000,0.200000,0.000000,0.743248,0.362761,0.272109,0.158118,0.019173,-0.073592,0.203083,0.118056,0.118056,0.093333,0.149720,8,8,8
121,8_8_8,seq_ABC,leaky,0,no_conv,,0.222222,0.453333,0.440000,,1.089637,0.535023,0.265306,0.401523,0.047901,-0.147606,0.225416,0.076389,0.076389,0.080000,0.145477,8,7,8
122,8_8_8,seq_ABC,leaky,0,no_conv,,0.222222,0.266667,0.253333,,0.818238,0.395963,0.170068,0.268148,0.075232,-0.033402,0.257843,0.055556,0.055556,0.100000,0.124807,8,7,8
123,8_8_8,seq_ABC,leaky,0,no_conv,,0.222222,0.440000,0.440000,,1.213576,0.572139,0.292517,0.115553,0.063499,-0.115629,0.130525,0.118056,0.111111,0.186667,0.133505,7,8,7
124,8_8_8,seq_ABC,leaky,1,S=8,49,0.000000,0.340000,0.360000,0.333333,1.020160,0.520500,0.251701,0.021695,-0.053482,0.173723,-0.060205,0.090278,0.090278,0.086667,0.114985,8,8,8
125,8_8_8,seq_ABC,leaky,0,no_conv,,0.222222,0.366667,0.426667,,1.138033,0.551979,0.265306,0.194326,0.423515,-0.005170,0.092280,0.159722,0.152778,0.026667,0.146992,8,7,8
126,8_8_8,seq_ABC,leaky,0,no_conv,,0.222222,0.373333,0.240000,,0.810864,0.387082,0.251701,0.215203,-0.013558,-0.056230,0.317658,0.090278,0.090278,0.140000,0.132899,8,8,7
127,8_8_8,seq_ABC,leaky,0,no_conv,,2.000000,0.473333,0.360000,,1.026682,0.494703,0.312925,0.329776,0.099847,0.072882,0.452055,0.111111,0.104167,0.140000,0.147487,8,5,8
128,8_8_8,seq_ABC,leaky,0,no_conv,,0.222222,0.453333,0.560000,,1.358885,0.647713,0.367347,0.307753,-0.047143,0.079894,0.189314,0.118056,0.118056,0.066667,0.156098,7,8,7
129,8_8_8,seq_ABC,leaky,1,S=8,44,0.000000,0.220000,0.146667,0.000000,0.680509,0.319770,0.136054,0.083661,-0.064279,-0.046739,0.178063,0.048611,0.048611,0.320000,0.084680,8,8,8
130,8_8_8,seq_ABC,leaky,0,no_conv,,0.222222,0.513333,0.560000,,1.313837,0.645822,0.319728,0.428501,0.196418,0.106561,0.088333,0.104167,0.104167,0.040000,0.179550,7,8,8
131,8_8_8,seq_ABC,leaky,0,no_conv,,0.222222,0.440000,0.360000,,0.896083,0.470224,0.244898,0.456426,0.340476,0.276258,0.102668,0.083333,0.083333,0.046667,0.186075,7,8,8
132,8_8_8,seq_ABC,leaky,0,no_conv,,0.222222,0.660000,0.640000,,1.550945,0.729260,0.496599,0.298697,0.100583,-0.150006,-0.098152,0.201389,0.194444,0.086667,0.199664,8,7,7
133,8_8_8,seq_ABC,leaky,1,S=8,47,0.000000,0.346667,0.266667,0.333333,0.878641,0.440146,0.244898,0.212409,0.143570,-0.059109,0.321415,0.097222,0.097222,0.053333,0.159393,8,8,8
134,8_8_8,seq_ABC,leaky,1,S=8,48,0.000000,0.393333,0.253333,0.000000,0.851398,0.419472,0.292517,0.230018,0.213695,0.266884,0.223865,0.125000,0.111111,0.026667,0.139060,8,8,8
135,8_8_8,seq_ABC,leaky,0,no_conv,,0.222222,0.440000,0.266667,,0.768036,0.391903,0.244898,0.554033,0.396198,0.076074,0.258519,0.069444,0.069444,0.053333,0.156681,8,8,7
136,8_8_8,seq_ABC,leaky,0,no_conv,,0.666667,0.386667,0.373333,,1.116612,0.515592,0.251701,0.426321,0.215227,0.096504,0.223152,0.097222,0.097222,0.066667,0.197538,7,6,8
137,8_8_8,seq_ABC,leaky,1,S=8,47,0.000000,0.313333,0.120000,0.000000,0.651735,0.300804,0.251701,0.217442,0.142749,-0.064542,0.414840,0.104167,0.090278,0.106667,0.142683,8,8,8
138,8_8_8,seq_ABC,leaky,1,S=8,49,0.000000,0.393333,0.533333,0.666667,1.209458,0.597548,0.326531,0.440761,0.225364,-0.162053,0.301102,0.118056,0.118056,0.093333,0.160700,8,8,8
139,8_8_8,seq_ABC,leaky,1,S=8,49,0.000000,0.560000,0.466667,0.333333,1.144217,0.580596,0.251701,0.159234,0.058285,0.056422,0.223961,0.097222,0.090278,0.133333,0.149521,8,8,8
140,8_8_8,seq_ABC,leaky,0,no_conv,,0.222222,0.460000,0.466667,,1.089649,0.556595,0.299320,-0.039451,0.078635,-0.050652,0.094447,0.125000,0.111111,0.240000,0.140330,7,8,8
141,8_8_8,seq_ABC,leaky,1,S=8,49,0.000000,0.386667,0.266667,0.000000,0.920294,0.429415,0.217687,0.243860,0.123645,0.107450,0.202529,0.083333,0.083333,0.086667,0.134690,8,8,8
142,8_8_8,seq_ABC,leaky,0,no_conv,,0.222222,0.300000,0.360000,,1.033230,0.505126,0.210884,0.215145,0.098159,-0.090957,0.311913,0.062500,0.062500,0.153333,0.138305,7,8,7
143,8_8_8,seq_ABC,leaky,1,S=8,49,0.000000,0.373333,0.333333,0.000000,1.002133,0.495404,0.272109,0.131888,0.020924,-0.045460,0.191901,0.104167,0.104167,0.073333,0.117405,8,8,8
144,8_8_8,seq_ABC,leaky,1,S=8,49,0.000000,0.380000,0.346667,0.000000,1.069046,0.501426,0.285714,0.128925,-0.005398,-0.019821,0.150288,0.104167,0.104167,0.266667,0.142382,8,8,8
145,8_8_8,seq_ABC,leaky,0,no_conv,,0.222222,0.380000,0.373333,,0.903976,0.475134,0.312925,0.406903,0.272339,-0.071258,0.259542,0.145833,0.131944,0.046667,0.144765,7,8,8
146,8_8_8,seq_ABC,leaky,0,no_conv,,0.222222,0.406667,0.306667,,0.873411,0.445938,0.258503,0.165648,0.058170,0.212608,0.157300,0.090278,0.083333,0.080000,0.136614,8,7,8
147,8_8_8,seq_ABC,leaky,1,S=8,47,0.000000,0.493333,0.333333,0.222222,0.885981,0.433602,0.326531,0.249589,0.195655,0.226991,0.201291,0.131944,0.125000,0.086667,0.156948,8,8,8
148,8_8_8,seq_ABC,leaky,0,no_conv,,0.888889,0.360000,0.346667,,1.082679,0.517023,0.265306,0.357037,0.060905,0.057675,0.268102,0.090278,0.090278,0.100000,0.184329,8,6,8
149,8_8_8,seq_ABC,leaky,1,S=8,48,0.000000,0.280000,0.253333,0.333333,0.762551,0.359499,0.210884,0.193356,0.121387,0.016016,0.298747,0.090278,0.090278,0.193333,0.145431,8,8,8
150,8_8_8,seq_ABC,leaky,1,S=8,49,0.000000,0.393333,0.360000,0.000000,0.901676,0.449089,0.224490,0.220355,0.108479,-0.123789,0.005631,0.090278,0.083333,0.166667,0.127751,8,8,8
151,8_8_8,seq_ABC,leaky,0,no_conv,,0.888889,0.400000,0.280000,,0.875542,0.436549,0.265306,0.485151,0.370984,0.033442,0.132167,0.097222,0.097222,0.053333,0.219528,6,8,8
152,8_8_8,seq_ABC,leaky,1,S=8,49,0.000000,0.466667,0.520000,0.333333,1.296685,0.624374,0.285714,0.221241,0.197324,0.038676,0.177564,0.145833,0.145833,0.106667,0.143859,8,8,8
153,8_8_8,seq_ABC,leaky,0,no_conv,,0.222222,0.346667,0.226667,,0.735784,0.369303,0.190476,0.155089,0.031233,-0.066593,0.131335,0.055556,0.055556,0.120000,0.119460,8,8,7
154,8_8_8,seq_ABC,leaky,0,no_conv,,0.222222,0.413333,0.453333,,1.166357,0.561748,0.231293,0.335785,0.083913,-0.079650,0.081478,0.076389,0.076389,0.126667,0.142339,8,8,7
155,8_8_8,seq_ABC,leaky,0,no_conv,,0.222222,0.460000,0.453333,,1.050141,0.524773,0.285714,0.389381,0.311089,-0.027765,-0.054437,0.104167,0.097222,0.126667,0.220077,8,8,7
156,8_8_8,seq_ABC,leaky,1,S=8,49,0.000000,0.293333,0.186667,0.333333,0.809004,0.379990,0.197279,0.014735,-0.112153,0.112632,0.151376,0.069444,0.069444,0.406667,0.097090,8,8,8
157,8_8_8,seq_ABC,leaky,0,no_conv,,0.222222,0.333333,0.213333,,0.666634,0.346758,0.197279,0.132763,-0.065177,-0.048507,0.226452,0.083333,0.083333,0.066667,0.107594,8,8,7
158,8_8_8,seq_ABC,leaky,1,S=8,48,0.000000,0.220000,0.133333,0.000000,0.604625,0.295329,0.176871,0.050071,-0.076126,-0.038053,0.057368,0.076389,0.076389,0.286667,0.094182,8,8,8
159,8_8_8,seq_ABC,leaky,0,no_conv,,0.222222,0.393333,0.426667,,1.034401,0.540788,0.278912,0.261915,-0.004212,0.091185,0.107136,0.083333,0.083333,0.093333,0.142589,8,7,8
160,8_8_8,seq_ABC,leaky,1,S=8,49,0.000000,0.440000,0.453333,0.333333,1.140383,0.579805,0.210884,0.291603,0.193128,-0.002445,0.198617,0.083333,0.083333,0.026667,0.146443,8,8,8
161,8_8_8,seq_ABC,leaky,0,no_conv,,0.222222,0.286667,0.293333,,0.817916,0.421835,0.136054,0.188702,0.082383,0.009916,0.255698,0.034722,0.027778,0.100000,0.082659,8,8,7
162,8_8_8,seq_ABC,leaky,1,S=8,49,0.000000,0.226667,0.146667,0.000000,0.693798,0.337102,0.170068,-0.015777,0.097829,-0.058872,0.132880,0.076389,0.069444,0.360000,0.104065,8,8,8
163,8_8_8,seq_ABC,leaky,0,no_conv,,0.222222,0.520000,0.480000,,1.146490,0.588822,0.278912,0.390699,0.242287,-0.040403,0.041842,0.097222,0.097222,0.060000,0.201040,8,7,8
164,8_8_8,seq_ABC,leaky,1,S=8,46,0.000000,0.253333,0.280000,0.250000,0.830567,0.395895,0.142857,0.130897,-0.041352,-0.020946,-0.017879,0.055556,0.055556,0.220000,0.085909,8,8,8
165,8_8_8,seq_ABC,leaky,1,S=8,46,0.000000,0.566667,0.453333,0.083333,0.985744,0.541661,0.319728,0.089142,0.158621,-0.046989,0.044235,0.173611,0.159722,0.266667,0.129060,8,8,8
166,8_8_8,seq_ABC,leaky,0,no_conv,,0.222222,0.233333,0.186667,,0.713211,0.331252,0.210884,0.516322,0.380575,0.039258,0.188569,0.055556,0.055556,0.053333,0.223331,8,8,7
167,8_8_8,seq_ABC,leaky,1,S=8,49,0.000000,0.393333,0.426667,0.333333,1.148769,0.550599,0.292517,0.188633,0.171048,-0.067920,0.296691,0.125000,0.118056,0.173333,0.140598,8,8,8
168,8_8_8,seq_ABC,leaky,0,no_conv,,0.222222,0.360000,0.466667,,1.229113,0.585383,0.265306,0.101145,0.079190,0.072750,0.161006,0.118056,0.111111,0.240000,0.153459,8,7,8
169,8_8_8,seq_ABC,leaky,1,S=8,45,0.000000,0.393333,0.466667,0.333333,1.084618,0.519533,0.210884,0.079858,0.021475,-0.022003,0.238596,0.090278,0.090278,0.266667,0.105249,8,8,8
170,8_8_8,seq_ABC,leaky,1,S=8,49,0.000000,0.493333,0.400000,0.333333,0.976343,0.497224,0.326531,0.298862,0.234424,0.257314,0.022587,0.145833,0.145833,0.080000,0.217524,8,8,8
171,8_8_8,seq_ABC,leaky,1,S=8,48,0.000000,0.540000,0.453333,0.500000,1.163582,0.599602,0.374150,0.283403,0.183384,-0.002193,0.300942,0.131944,0.118056,0.113333,0.141519,8,8,8
172,8_8_8,seq_ABC,leaky,1,S=8,49,0.000000,0.613333,0.573333,1.000000,1.401792,0.700694,0.428571,0.154295,-0.025043,-0.004432,0.068318,0.138889,0.131944,0.120000,0.167535,8,8,8
173,8_8_8,seq_ABC,leaky,1,S=8,47,0.000000,0.340000,0.306667,0.111111,0.842866,0.423290,0.210884,0.171312,0.001057,0.003906,0.050712,0.069444,0.069444,0.126667,0.121962,8,8,8
174,8_8_8,seq_ABC,leaky,0,no_conv,,0.222222,0.293333,0.213333,,0.793476,0.370302,0.197279,0.210284,0.059491,0.044872,0.190478,0.076389,0.076389,0.186667,0.143542,8,8,7
175,8_8_8,seq_ABC,leaky,1,S=8,49,0.000000,0.313333,0.253333,0.333333,0.830184,0.415845,0.224490,0.353971,0.122242,-0.068865,0.158311,0.055556,0.055556,0.053333,0.156951,8,8,8
176,8_8_8,seq_ABC,leaky,1,S=8,24,0.000000,0.246667,0.146667,0.141026,0.705872,0.319606,0.156463,0.120112,0.014997,-0.061304,0.071515,0.048611,0.041667,0.153333,0.098055,8,8,8
177,8_8_8,seq_ABC,leaky,1,S=8,49,0.000000,0.566667,0.360000,0.000000,0.849265,0.433625,0.299320,0.183774,0.042376,-0.015758,0.282227,0.118056,0.118056,0.206667,0.116000,8,8,8
178,8_8_8,seq_ABC,leaky,0,no_conv,,0.666667,0.493333,0.706667,,1.630834,0.762173,0.258503,0.399112,0.326860,0.107615,0.405115,0.104167,0.104167,0.033333,0.241982,6,7,8
179,8_8_8,seq_ABC,leaky,0,no_conv,,0.222222,0.413333,0.333333,,0.901673,0.445501,0.183673,0.111515,-0.030608,0.122014,0.276140,0.069444,0.069444,0.153333,0.114183,7,8,8
180,8_8_8,seq_ABC,leaky,1,S=8,43,0.000000,0.286667,0.226667,0.047619,0.761662,0.355977,0.251701,0.547799,0.434115,0.063282,0.320164,0.097222,0.090278,0.060000,0.154360,8,8,8
181,8_8_8,seq_ABC,leaky,0,no_conv,,0.222222,0.286667,0.213333,,0.674490,0.337120,0.306122,0.616190,0.380011,0.113455,0.265680,0.090278,0.090278,0.053333,0.196226,7,8,8
182,8_8_8,seq_ABC,leaky,1,S=8,49,0.000000,0.406667,0.293333,0.000000,0.868507,0.437788,0.292517,0.105882,0.187580,-0.010322,0.136284,0.138889,0.125000,0.240000,0.175407,8,8,8
183,8_8_8,seq_ABC,leaky,1,S=8,45,0.000000,0.340000,0.320000,0.133333,0.871535,0.422441,0.190476,0.116998,0.058079,0.125281,0.213011,0.090278,0.090278,0.260000,0.106407,8,8,8
184,8_8_8,seq_ABC,leaky,1,S=8,49,0.000000,0.446667,0.360000,0.333333,1.060492,0.512819,0.258503,0.246260,0.091003,0.128351,0.081206,0.104167,0.104167,0.133333,0.184519,8,8,8
185,8_8_8,seq_ABC,leaky,1,S=8,46,0.000000,0.480000,0.480000,0.333333,1.037613,0.530775,0.319728,0.128267,-0.083243,0.007965,0.234275,0.111111,0.104167,0.133333,0.124172,8,8,8
186,8_8_8,seq_ABC,leaky,1,S=8,45,0.000000,0.293333,0.160000,0.200000,0.648960,0.289921,0.244898,0.238691,0.355551,0.092066,0.275646,0.111111,0.104167,0.193333,0.134554,8,8,8
187,8_8_8,seq_ABC,leaky,0,no_conv,,0.888889,0.533333,0.586667,,1.189081,0.638805,0.319728,0.376927,0.203757,-0.080420,0.093588,0.118056,0.118056,0.080000,0.171675,8,6,8
188,8_8_8,seq_ABC,leaky,1,S=8,43,0.000000,0.380000,0.333333,0.190476,1.051484,0.493032,0.265306,0.165629,0.045119,-0.072580,0.204798,0.104167,0.097222,0.233333,0.120622,8,8,8
189,8_8_8,seq_ABC,leaky,0,no_conv,,0.222222,0.446667,0.506667,,1.191907,0.602813,0.285714,0.090290,0.024744,0.152496,0.260427,0.125000,0.125000,0.186667,0.111941,8,8,7
190,8_8_8,seq_ABC,leaky,1,S=8,48,0.000000,0.280000,0.280000,0.500000,0.828455,0.389826,0.197279,0.055796,0.162094,0.095225,0.298973,0.090278,0.083333,0.200000,0.122121,8,8,8
191,8_8_8,seq_ABC,leaky,1,S=8,49,0.000000,0.453333,0.506667,0.333333,1.049151,0.575318,0.278912,0.329560,0.145642,-0.080931,0.066711,0.111111,0.111111,0.086667,0.165412,8,8,8
192,8_8_8,seq_ABC,leaky,1,S=8,40,0.000000,0.360000,0.440000,0.333333,0.940954,0.491012,0.183673,0.025360,-0.040668,-0.056138,0.315360,0.083333,0.083333,0.300000,0.094079,8,8,8
193,8_8_8,seq_ABC,leaky,1,S=8,47,0.000000,0.453333,0.293333,0.333333,0.875760,0.431643,0.319728,0.221058,0.311191,0.071570,0.230017,0.152778,0.145833,0.160000,0.151705,8,8,8
194,8_8_8,seq_ABC,leaky,0,no_conv,,0.222222,0.473333,0.346667,,0.993585,0.470353,0.278912,0.361022,0.178633,0.070145,0.297396,0.104167,0.104167,0.033333,0.159366,7,8,8
195,8_8_8,seq_ABC,leaky,1,S=8,47,0.000000,0.373333,0.306667,0.333333,0.942155,0.452295,0.129252,0.060309,-0.070280,0.099954,0.275702,0.041667,0.041667,0.213333,0.101512,8,8,8
196,8_8_8,seq_ABC,leaky,0,no_conv,,0.222222,0.460000,0.480000,,1.063490,0.566441,0.244898,0.055837,0.017284,-0.034247,-0.014374,0.090278,0.090278,0.280000,0.104909,8,8,7
197,8_8_8,seq_ABC,leaky,1,S=8,47,0.000000,0.466667,0.400000,0.333333,0.952226,0.490547,0.217687,0.300216,0.098871,0.055797,0.297578,0.062500,0.062500,0.100000,0.114150,8,8,8
198,8_8_8,seq_ABC,leaky,1,S=8,44,0.000000,0.366667,0.186667,0.111111,0.661480,0.308091,0.285714,0.365920,0.347662,0.146070,0.264768,0.138889,0.138889,0.133333,0.183447,8,8,8
199,8_8_8,seq_ABC,leaky,1,S=8,49,0.000000,0.500000,0.560000,0.333333,1.205765,0.614122,0.244898,0.354459,0.155287,-0.103920,0.273670,0.076389,0.069444,0.026667,0.142527,8,8,8
