seed,env_init,schedule,observer,lambda,alignment_occupancy_half,final20_aligned,longest_aligned_run,terminal_aligned,time_to_permanent_alignment,censored_permanent,misID_act_half,NLL_act_half,Brier_act_half,observer_entropy_half,endpoint_regime,any_full_rsi,terminal_full_rsi,snap_var_final
1000,5_2_6,sync,hard,,0.00000000,0,1,0,,1,0.00000000,0.00000000,0.00000000,0.00000000,not_aligned,0,0,0.22222222
1000,5_2_6,sync,smooth,,0.41000000,0,14,0,,1,0.00000000,0.80632360,0.34466183,1.83838903,not_aligned,0,0,0.22222222
1000,5_2_6,sync,filter_l0.00,0.00,1.00000000,1,154,1,46,0,0.00000000,0.00236509,0.00014884,0.01086358,S=0,0,0,0.00000000
1000,5_2_6,sync,filter_l0.02,0.02,0.89000000,0,38,0,,1,0.07666667,0.28760661,0.12563606,0.41048512,not_aligned,0,0,0.22222222
1000,5_2_6,sync,filter_l0.05,0.05,0.85000000,0,28,0,,1,0.13000000,0.45003322,0.20018850,0.64002535,not_aligned,0,0,0.22222222
1000,5_2_6,sync,filter_l0.10,0.10,0.73000000,0,24,0,,1,0.19333333,0.66540518,0.30868347,0.90532199,not_aligned,0,0,0.22222222
1000,5_2_6,sync,filter_l0.20,0.20,0.61000000,0,17,0,,1,0.27333333,0.89865680,0.41680436,1.17020196,not_aligned,0,0,0.22222222
1000,5_2_6,sync,filter_l0.50,0.50,0.41000000,0,9,1,199,0,0.47000000,1.29795777,0.59866838,1.52284012,other_aligned,0,0,0.22222222
1000,5_2_6,sync,filter_l1.00,1.00,0.11000000,0,4,0,,1,0.60666667,1.69027764,0.72930458,1.77584026,not_aligned,0,0,0.66666667
1000,5_2_6,seq_ABC,hard,,1.00000000,1,194,1,6,0,0.00000000,0.00000000,0.00000000,0.00000000,S=0,0,0,0.00000000
1000,5_2_6,seq_ABC,smooth,,0.55000000,0,15,0,,1,0.00000000,0.80632360,0.34466183,1.83838903,not_aligned,0,0,0.22222222
1000,5_2_6,seq_ABC,filter_l0.00,0.00,0.79000000,1,79,1,121,0,0.55666667,2.76555147,0.97974556,0.25754676,S=0,0,0,0.00000000
1000,5_2_6,seq_ABC,filter_l0.02,0.02,0.89000000,0,38,0,,1,0.07666667,0.29175336,0.12615737,0.40668845,not_aligned,0,0,0.22222222
1000,5_2_6,seq_ABC,filter_l0.05,0.05,0.86000000,0,28,0,,1,0.12666667,0.45450738,0.20121613,0.63916791,not_aligned,0,0,0.22222222
1000,5_2_6,seq_ABC,filter_l0.10,0.10,0.73000000,0,24,1,199,0,0.20000000,0.67080957,0.31038945,0.90282400,S=0,0,0,0.22222222
1000,5_2_6,seq_ABC,filter_l0.20,0.20,0.65000000,0,15,0,,1,0.28000000,0.90762226,0.42268076,1.18461904,not_aligned,0,0,0.22222222
1000,5_2_6,seq_ABC,filter_l0.50,0.50,0.46000000,0,14,1,194,0,0.52000000,1.35409310,0.61076853,1.54119982,S=8,0,0,0.00000000
1000,5_2_6,seq_ABC,filter_l1.00,1.00,0.20000000,0,5,1,199,0,0.62000000,1.75643284,0.74638889,1.77593552,S=8,0,0,0.22222222
1001,5_2_6,sync,hard,,0.00000000,0,1,0,,1,0.00000000,0.00000000,0.00000000,0.00000000,not_aligned,0,0,0.22222222
1001,5_2_6,sync,smooth,,0.32000000,0,10,0,,1,0.00000000,0.80632360,0.34466183,1.83838903,not_aligned,0,0,0.66666667
1001,5_2_6,sync,filter_l0.00,0.00,1.00000000,1,134,1,66,0,0.08666667,0.17692361,0.12050777,0.11167250,S=0,0,0,0.00000000
1001,5_2_6,sync,filter_l0.02,0.02,0.88000000,0,25,1,190,0,0.07333333,0.28789975,0.12797481,0.48031561,S=0,0,0,0.00000000
1001,5_2_6,sync,filter_l0.05,0.05,0.78000000,0,25,0,,1,0.14000000,0.52853314,0.26210653,0.78253071,not_aligned,0,0,0.00000000
1001,5_2_6,sync,filter_l0.10,0.10,0.72000000,0,22,1,194,0,0.20666667,0.71079781,0.35665516,1.01316579,S=0,0,0,0.00000000
1001,5_2_6,sync,filter_l0.20,0.20,0.52000000,0,16,0,,1,0.37333333,1.00262229,0.49943881,1.26047745,not_aligned,0,0,0.00000000
1001,5_2_6,sync,filter_l0.50,0.50,0.27000000,0,11,0,,1,0.52000000,1.38862448,0.64789733,1.59258771,not_aligned,0,0,0.22222222
1001,5_2_6,sync,filter_l1.00,1.00,0.15000000,0,3,0,,1,0.68333333,1.81499935,0.78782927,1.82891143,not_aligned,0,0,0.00000000
1001,5_2_6,seq_ABC,hard,,1.00000000,1,194,1,6,0,0.00000000,0.00000000,0.00000000,0.00000000,S=0,0,0,0.00000000
1001,5_2_6,seq_ABC,smooth,,0.42000000,0,10,1,196,0,0.00000000,0.80632360,0.34466183,1.83838903,S=8,0,0,0.00000000
1001,5_2_6,seq_ABC,filter_l0.00,0.00,1.00000000,1,110,1,90,0,0.05000000,0.09679710,0.06569280,0.09446226,S=0,0,0,0.00000000
1001,5_2_6,seq_ABC,filter_l0.02,0.02,0.87000000,0,18,1,190,0,0.07333333,0.29260883,0.13489255,0.48523576,S=0,0,0,0.00000000
1001,5_2_6,seq_ABC,filter_l0.05,0.05,0.79000000,0,25,0,,1,0.15333333,0.51483591,0.25734209,0.78590188,not_aligned,0,0,0.00000000
1001,5_2_6,seq_ABC,filter_l0.10,0.10,0.75000000,0,22,1,192,0,0.22666667,0.72761987,0.37169405,1.01999091,S=0,0,0,0.00000000
1001,5_2_6,seq_ABC,filter_l0.20,0.20,0.56000000,0,16,0,,1,0.42000000,1.06243434,0.53790902,1.27741934,not_aligned,0,0,0.00000000
1001,5_2_6,seq_ABC,filter_l0.50,0.50,0.47000000,0,6,1,199,0,0.47333333,1.25808118,0.58715826,1.50467589,S=8,0,0,0.22222222
1001,5_2_6,seq_ABC,filter_l1.00,1.00,0.12000000,0,4,1,198,0,0.65000000,1.75652847,0.76440870,1.81298490,S=8,0,0,0.00000000
1002,5_2_6,sync,hard,,1.00000000,1,186,1,14,0,0.00000000,0.00000000,0.00000000,0.00000000,S=0,0,0,0.00000000
1002,5_2_6,sync,smooth,,0.39000000,0,13,0,,1,0.00000000,0.80632360,0.34466183,1.83838903,not_aligned,0,0,0.22222222
1002,5_2_6,sync,filter_l0.00,0.00,1.00000000,1,168,1,32,0,0.00000000,0.01960780,0.00842281,0.04265034,S=0,0,0,0.00000000
1002,5_2_6,sync,filter_l0.02,0.02,0.85000000,0,36,1,190,0,0.09333333,0.38374569,0.16503531,0.48706975,S=0,0,0,0.00000000
1002,5_2_6,sync,filter_l0.05,0.05,0.77000000,0,30,1,190,0,0.16666667,0.58650277,0.26981059,0.74149753,S=0,0,0,0.00000000
1002,5_2_6,sync,filter_l0.10,0.10,0.68000000,0,16,1,184,0,0.27666667,0.83288475,0.39569009,1.04095353,S=0,0,0,0.00000000
1002,5_2_6,sync,filter_l0.20,0.20,0.58000000,0,11,1,199,0,0.37666667,1.05236881,0.50115466,1.26686670,S=0,0,0,0.22222222
1002,5_2_6,sync,filter_l0.50,0.50,0.34000000,0,7,1,199,0,0.55333333,1.45651419,0.66149666,1.58672314,S=0,0,0,0.22222222
1002,5_2_6,sync,filter_l1.00,1.00,0.15000000,0,5,0,,1,0.69000000,1.85099155,0.78744850,1.81015326,not_aligned,0,0,0.22222222
1002,5_2_6,seq_ABC,hard,,1.00000000,1,181,1,19,0,0.00000000,0.00000000,0.00000000,0.00000000,S=0,0,0,0.00000000
1002,5_2_6,seq_ABC,smooth,,0.52000000,0,17,0,,1,0.00000000,0.80632360,0.34466183,1.83838903,not_aligned,0,0,0.22222222
1002,5_2_6,seq_ABC,filter_l0.00,0.00,1.00000000,1,180,1,20,0,0.00000000,0.00781858,0.00180885,0.02447699,S=0,0,0,0.00000000
1002,5_2_6,seq_ABC,filter_l0.02,0.02,0.85000000,0,36,1,181,0,0.09333333,0.38600799,0.16476033,0.48335295,S=0,0,0,0.00000000
1002,5_2_6,seq_ABC,filter_l0.05,0.05,0.72000000,0,15,1,199,0,0.18666667,0.62433806,0.29765320,0.77163409,S=0,0,0,0.22222222
1002,5_2_6,seq_ABC,filter_l0.10,0.10,0.63000000,0,12,1,190,0,0.27000000,0.86603208,0.40755747,1.03145058,S=0,0,0,0.00000000
1002,5_2_6,seq_ABC,filter_l0.20,0.20,0.59000000,0,12,1,199,0,0.36000000,1.04493314,0.49691528,1.26779610,S=0,0,0,0.22222222
1002,5_2_6,seq_ABC,filter_l0.50,0.50,0.41000000,0,8,1,199,0,0.53666667,1.44073291,0.65273020,1.58909778,S=0,0,0,0.22222222
1002,5_2_6,seq_ABC,filter_l1.00,1.00,0.15000000,0,5,1,199,0,0.69333333,1.86337730,0.79742394,1.81323935,other_aligned,0,0,0.22222222
1003,5_2_6,sync,hard,,0.00000000,0,1,0,,1,0.00000000,0.00000000,0.00000000,0.00000000,not_aligned,0,0,0.22222222
1003,5_2_6,sync,smooth,,0.33000000,0,15,0,,1,0.00000000,0.80632360,0.34466183,1.83838903,not_aligned,1,0,0.00000000
1003,5_2_6,sync,filter_l0.00,0.00,1.00000000,1,131,1,69,0,0.00000000,0.00002435,0.00000001,0.00023824,S=0,1,0,0.00000000
1003,5_2_6,sync,filter_l0.02,0.02,0.90000000,0,23,1,196,0,0.03333333,0.22820291,0.08004566,0.35869640,S=0,1,0,0.00000000
1003,5_2_6,sync,filter_l0.05,0.05,0.87000000,0,20,1,195,0,0.06000000,0.38373437,0.15474788,0.62971951,S=0,1,0,0.00000000
1003,5_2_6,sync,filter_l0.10,0.10,0.73000000,0,13,1,197,0,0.15666667,0.63406204,0.28867472,0.90047593,S=0,1,0,0.00000000
1003,5_2_6,sync,filter_l0.20,0.20,0.53000000,0,9,1,199,0,0.33000000,0.95450963,0.45486264,1.19469147,S=0,1,0,0.22222222
1003,5_2_6,sync,filter_l0.50,0.50,0.31000000,0,9,0,,1,0.49666667,1.34842361,0.62425850,1.53146293,not_aligned,1,0,0.66666667
1003,5_2_6,sync,filter_l1.00,1.00,0.18000000,0,3,0,,1,0.62666667,1.69584545,0.73516028,1.76361816,not_aligned,1,0,0.00000000
1003,5_2_6,seq_ABC,hard,,1.00000000,1,189,1,11,0,0.00000000,0.00000000,0.00000000,0.00000000,S=0,0,0,0.00000000
1003,5_2_6,seq_ABC,smooth,,0.20000000,0,12,0,,1,0.00000000,0.80632360,0.34466183,1.83838903,not_aligned,1,0,0.66666667
1003,5_2_6,seq_ABC,filter_l0.00,0.00,1.00000000,1,131,1,69,0,0.00000000,0.00004727,0.00000005,0.00042751,S=0,1,0,0.00000000
1003,5_2_6,seq_ABC,filter_l0.02,0.02,0.91000000,0,23,1,196,0,0.03000000,0.21873595,0.07451910,0.35700930,S=0,1,0,0.00000000
1003,5_2_6,seq_ABC,filter_l0.05,0.05,0.92000000,1,29,1,171,0,0.03666667,0.29522276,0.11244450,0.62082173,S=0,1,0,0.00000000
1003,5_2_6,seq_ABC,filter_l0.10,0.10,0.70000000,0,15,1,197,0,0.16333333,0.63926486,0.29530015,0.91847555,S=0,1,0,0.00000000
1003,5_2_6,seq_ABC,filter_l0.20,0.20,0.48000000,0,11,1,199,0,0.33333333,0.97073602,0.46620157,1.19900464,S=0,1,0,0.22222222
1003,5_2_6,seq_ABC,filter_l0.50,0.50,0.27000000,0,5,0,,1,0.56333333,1.42154399,0.65992453,1.54346461,not_aligned,1,0,0.66666667
1003,5_2_6,seq_ABC,filter_l1.00,1.00,0.16000000,0,4,0,,1,0.67333333,1.79266262,0.78134905,1.80693656,not_aligned,1,0,0.22222222
1004,5_2_6,sync,hard,,0.00000000,0,1,0,,1,0.00000000,0.00000000,0.00000000,0.00000000,not_aligned,0,0,0.22222222
1004,5_2_6,sync,smooth,,0.17000000,0,5,0,,1,0.00000000,0.80632360,0.34466183,1.83838903,not_aligned,0,0,2.00000000
1004,5_2_6,sync,filter_l0.00,0.00,1.00000000,1,143,1,57,0,0.03666667,0.10455776,0.06185505,0.06492374,S=0,0,0,0.00000000
1004,5_2_6,sync,filter_l0.02,0.02,0.89000000,0,18,1,192,0,0.04000000,0.23774484,0.09675802,0.38968477,S=0,0,0,0.00000000
1004,5_2_6,sync,filter_l0.05,0.05,0.82000000,0,20,1,192,0,0.08666667,0.38899475,0.17880350,0.68952177,S=0,0,0,0.00000000
1004,5_2_6,sync,filter_l0.10,0.10,0.68000000,0,14,0,,1,0.23000000,0.68987950,0.35471749,0.95648928,not_aligned,0,0,0.00000000
1004,5_2_6,sync,filter_l0.20,0.20,0.55000000,0,10,0,,1,0.30000000,0.93560330,0.46312862,1.21989042,not_aligned,0,0,0.00000000
1004,5_2_6,sync,filter_l0.50,0.50,0.36000000,0,6,0,,1,0.50666667,1.32458264,0.61951994,1.54255274,not_aligned,0,0,0.22222222
1004,5_2_6,sync,filter_l1.00,1.00,0.17000000,0,6,0,,1,0.68000000,1.75320388,0.76262433,1.79083583,not_aligned,0,0,0.00000000
1004,5_2_6,seq_ABC,hard,,1.00000000,1,195,1,5,0,0.00000000,0.00000000,0.00000000,0.00000000,S=0,0,0,0.00000000
1004,5_2_6,seq_ABC,smooth,,0.09000000,0,5,0,,1,0.00000000,0.80632360,0.34466183,1.83838903,not_aligned,0,0,0.22222222
1004,5_2_6,seq_ABC,filter_l0.00,0.00,1.00000000,1,145,1,55,0,0.08333333,0.24534360,0.13169584,0.10013524,S=0,0,0,0.00000000
1004,5_2_6,seq_ABC,filter_l0.02,0.02,0.89000000,0,18,1,192,0,0.04333333,0.23471465,0.09756088,0.39472439,S=0,0,0,0.00000000
1004,5_2_6,seq_ABC,filter_l0.05,0.05,0.83000000,0,20,1,192,0,0.08000000,0.38017890,0.17461190,0.68326098,S=0,0,0,0.00000000
1004,5_2_6,seq_ABC,filter_l0.10,0.10,0.69000000,0,19,0,,1,0.17666667,0.60972035,0.29783033,0.95747715,not_aligned,0,0,0.00000000
1004,5_2_6,seq_ABC,filter_l0.20,0.20,0.55000000,0,14,0,,1,0.31666667,0.93616028,0.46782601,1.22765844,not_aligned,0,0,0.00000000
1004,5_2_6,seq_ABC,filter_l0.50,0.50,0.36000000,0,7,0,,1,0.49000000,1.31928152,0.61855505,1.54841768,not_aligned,0,0,0.22222222
1004,5_2_6,seq_ABC,filter_l1.00,1.00,0.15000000,0,6,0,,1,0.62333333,1.72403727,0.74441507,1.77864309,not_aligned,0,0,0.22222222
1005,5_2_6,sync,hard,,1.00000000,1,187,1,13,0,0.00000000,0.00000000,0.00000000,0.00000000,S=0,0,0,0.00000000
1005,5_2_6,sync,smooth,,0.04000000,0,2,0,,1,0.00000000,0.80632360,0.34466183,1.83838903,not_aligned,0,0,0.22222222
1005,5_2_6,sync,filter_l0.00,0.00,1.00000000,1,156,1,44,0,0.00000000,0.00222021,0.00015022,0.01046284,S=0,0,0,0.00000000
1005,5_2_6,sync,filter_l0.02,0.02,0.90000000,0,32,1,196,0,0.04000000,0.27944848,0.10946193,0.47784370,S=0,0,0,0.00000000
1005,5_2_6,sync,filter_l0.05,0.05,0.75000000,0,19,0,,1,0.13000000,0.57539237,0.27261555,0.79299475,not_aligned,0,0,0.88888889
1005,5_2_6,sync,filter_l0.10,0.10,0.72000000,0,18,1,198,0,0.26000000,0.78596494,0.39649647,1.04435497,S=0,0,0,0.00000000
1005,5_2_6,sync,filter_l0.20,0.20,0.60000000,0,12,0,,1,0.39333333,1.03681014,0.51650518,1.28243451,not_aligned,0,0,0.22222222
1005,5_2_6,sync,filter_l0.50,0.50,0.42000000,0,10,0,,1,0.53000000,1.40110715,0.64461840,1.56169953,not_aligned,0,0,0.22222222
1005,5_2_6,sync,filter_l1.00,1.00,0.21000000,0,4,1,199,0,0.64666667,1.77534735,0.75610855,1.78727449,S=0,0,0,0.22222222
1005,5_2_6,seq_ABC,hard,,1.00000000,1,184,1,16,0,0.00000000,0.00000000,0.00000000,0.00000000,S=0,0,0,0.00000000
1005,5_2_6,seq_ABC,smooth,,0.33000000,0,8,1,199,0,0.00000000,0.80632360,0.34466183,1.83838903,S=0,0,0,0.22222222
1005,5_2_6,seq_ABC,filter_l0.00,0.00,1.00000000,1,156,1,44,0,0.00000000,0.00099318,0.00002159,0.00596236,S=0,0,0,0.00000000
1005,5_2_6,seq_ABC,filter_l0.02,0.02,0.90000000,0,32,1,196,0,0.04000000,0.27193439,0.10585784,0.47495282,S=0,0,0,0.00000000
1005,5_2_6,seq_ABC,filter_l0.05,0.05,0.78000000,0,22,1,197,0,0.11333333,0.53704094,0.25115700,0.80039001,S=0,0,0,0.00000000
1005,5_2_6,seq_ABC,filter_l0.10,0.10,0.73000000,0,19,1,198,0,0.25000000,0.77485441,0.38797181,1.04088747,S=0,0,0,0.00000000
1005,5_2_6,seq_ABC,filter_l0.20,0.20,0.62000000,0,12,1,199,0,0.38333333,1.03721043,0.51065616,1.28655223,S=0,0,0,0.22222222
1005,5_2_6,seq_ABC,filter_l0.50,0.50,0.39000000,0,5,1,198,0,0.50666667,1.40445318,0.64408173,1.56056294,S=0,0,0,0.00000000
1005,5_2_6,seq_ABC,filter_l1.00,1.00,0.16000000,0,7,0,,1,0.65333333,1.77505960,0.75736112,1.78374949,not_aligned,0,0,2.00000000
1006,5_2_6,sync,hard,,0.00000000,0,1,0,,1,0.00000000,0.00000000,0.00000000,0.00000000,not_aligned,0,0,0.22222222
1006,5_2_6,sync,smooth,,0.33000000,0,13,1,195,0,0.00000000,0.80632360,0.34466183,1.83838903,S=0,0,0,0.00000000
1006,5_2_6,sync,filter_l0.00,0.00,1.00000000,1,125,1,75,0,0.00000000,0.00654988,0.00118588,0.02336576,S=0,0,0,0.00000000
1006,5_2_6,sync,filter_l0.02,0.02,0.90000000,0,26,1,194,0,0.03333333,0.24447680,0.09857432,0.43413491,S=0,0,0,0.00000000
1006,5_2_6,sync,filter_l0.05,0.05,0.78000000,0,25,1,195,0,0.14000000,0.47579188,0.24241012,0.73071956,S=0,0,0,0.00000000
1006,5_2_6,sync,filter_l0.10,0.10,0.67000000,0,16,1,198,0,0.23666667,0.72000687,0.36569543,0.97032739,S=0,0,0,0.00000000
1006,5_2_6,sync,filter_l0.20,0.20,0.51000000,0,11,1,199,0,0.48333333,1.08476133,0.56412050,1.21907446,S=0,0,0,0.22222222
1006,5_2_6,sync,filter_l0.50,0.50,0.40000000,0,7,1,198,0,0.50666667,1.29703760,0.61405929,1.50280378,S=0,0,0,0.00000000
1006,5_2_6,sync,filter_l1.00,1.00,0.21000000,0,5,0,,1,0.60333333,1.65205000,0.72449285,1.77648113,not_aligned,0,0,0.22222222
1006,5_2_6,seq_ABC,hard,,1.00000000,1,195,1,5,0,0.00000000,0.00000000,0.00000000,0.00000000,S=0,0,0,0.00000000
1006,5_2_6,seq_ABC,smooth,,0.51000000,0,16,1,199,0,0.00000000,0.80632360,0.34466183,1.83838903,S=0,0,0,0.22222222
1006,5_2_6,seq_ABC,filter_l0.00,0.00,1.00000000,1,125,1,75,0,0.00000000,0.00654153,0.00118587,0.02328103,S=0,0,0,0.00000000
1006,5_2_6,seq_ABC,filter_l0.02,0.02,0.89000000,0,26,1,194,0,0.03666667,0.24093824,0.09755743,0.43462389,S=0,0,0,0.00000000
1006,5_2_6,seq_ABC,filter_l0.05,0.05,0.80000000,0,25,1,195,0,0.13333333,0.44510619,0.22509505,0.73679162,S=0,0,0,0.00000000
1006,5_2_6,seq_ABC,filter_l0.10,0.10,0.63000000,0,27,1,198,0,0.28666667,0.75713223,0.39735830,0.99021297,S=0,0,0,0.00000000
1006,5_2_6,seq_ABC,filter_l0.20,0.20,0.55000000,0,13,1,196,0,0.42000000,0.98594185,0.50199777,1.20889889,S=0,0,0,0.00000000
1006,5_2_6,seq_ABC,filter_l0.50,0.50,0.40000000,0,10,1,196,0,0.52000000,1.31958443,0.62413120,1.52172612,S=0,0,0,0.00000000
1006,5_2_6,seq_ABC,filter_l1.00,1.00,0.18000000,0,6,0,,1,0.62666667,1.65401806,0.72808495,1.77010251,not_aligned,0,0,0.22222222
1007,5_2_6,sync,hard,,0.00000000,0,1,0,,1,0.00000000,0.00000000,0.00000000,0.00000000,not_aligned,0,0,0.22222222
1007,5_2_6,sync,smooth,,0.41000000,0,15,1,197,0,0.00000000,0.80632360,0.34466183,1.83838903,S=0,0,0,0.00000000
1007,5_2_6,sync,filter_l0.00,0.00,0.45000000,0,10,1,190,0,0.34333333,3.87658646,0.62236414,0.08411597,other_aligned,0,0,0.00000000
1007,5_2_6,sync,filter_l0.02,0.02,0.86000000,0,15,1,199,0,0.17333333,0.51095625,0.26231983,0.63433755,S=8,0,0,0.22222222
1007,5_2_6,sync,filter_l0.05,0.05,0.89000000,0,42,1,194,0,0.05000000,0.31109465,0.12710182,0.59681601,S=0,0,0,0.00000000
1007,5_2_6,sync,filter_l0.10,0.10,0.72000000,0,19,1,199,0,0.25000000,0.72903382,0.36386647,1.00078222,S=8,0,0,0.22222222
1007,5_2_6,sync,filter_l0.20,0.20,0.72000000,0,11,1,195,0,0.24000000,0.82130848,0.40007295,1.13680636,S=0,0,0,0.00000000
1007,5_2_6,sync,filter_l0.50,0.50,0.41000000,0,6,1,199,0,0.46333333,1.27270309,0.59666423,1.50335890,S=0,0,0,0.22222222
1007,5_2_6,sync,filter_l1.00,1.00,0.23000000,0,5,1,199,0,0.63666667,1.69554329,0.73659499,1.76786628,S=0,0,0,0.22222222
1007,5_2_6,seq_ABC,hard,,1.00000000,1,188,1,12,0,0.00000000,0.00000000,0.00000000,0.00000000,S=0,0,0,0.00000000
1007,5_2_6,seq_ABC,smooth,,0.25000000,0,10,1,194,0,0.00000000,0.80632360,0.34466183,1.83838903,S=0,0,0,0.00000000
1007,5_2_6,seq_ABC,filter_l0.00,0.00,0.12000000,0,4,0,,1,0.47000000,3.97156057,0.88143095,0.14408249,not_aligned,0,0,0.22222222
1007,5_2_6,seq_ABC,filter_l0.02,0.02,0.88000000,0,16,1,198,0,0.08666667,0.36419018,0.17213653,0.55083654,S=8,0,0,0.00000000
1007,5_2_6,seq_ABC,filter_l0.05,0.05,0.79000000,0,17,1,199,0,0.16333333,0.54956915,0.26879693,0.78429898,S=8,0,0,0.22222222
1007,5_2_6,seq_ABC,filter_l0.10,0.10,0.79000000,0,23,1,194,0,0.14000000,0.56995106,0.27924617,0.86959539,S=0,0,0,0.00000000
1007,5_2_6,seq_ABC,filter_l0.20,0.20,0.68000000,0,9,1,195,0,0.27333333,0.86566059,0.43205624,1.13891287,S=0,0,0,0.00000000
1007,5_2_6,seq_ABC,filter_l0.50,0.50,0.44000000,0,7,1,198,0,0.48666667,1.31901269,0.62092019,1.50674092,S=0,0,0,0.00000000
1007,5_2_6,seq_ABC,filter_l1.00,1.00,0.22000000,0,6,0,,1,0.62666667,1.67259621,0.72561158,1.75623356,not_aligned,0,0,0.22222222
1008,5_2_6,sync,hard,,0.00000000,0,1,0,,1,0.00000000,0.00000000,0.00000000,0.00000000,not_aligned,0,0,0.22222222
1008,5_2_6,sync,smooth,,0.55000000,0,9,0,,1,0.00000000,0.80632360,0.34466183,1.83838903,not_aligned,0,0,0.00000000
1008,5_2_6,sync,filter_l0.00,0.00,1.00000000,1,138,1,62,0,0.01666667,0.06792846,0.03423091,0.12626760,S=0,0,0,0.00000000
1008,5_2_6,sync,filter_l0.02,0.02,0.88000000,0,25,1,197,0,0.06333333,0.36128173,0.15531459,0.55606482,S=0,0,0,0.00000000
1008,5_2_6,sync,filter_l0.05,0.05,0.85000000,0,25,1,195,0,0.19666667,0.59688853,0.30250127,0.84484111,S=0,0,0,0.00000000
1008,5_2_6,sync,filter_l0.10,0.10,0.61000000,0,10,0,,1,0.41000000,0.97928633,0.51218924,1.08212007,not_aligned,0,0,0.22222222
1008,5_2_6,sync,filter_l0.20,0.20,0.56000000,0,7,1,197,0,0.48000000,1.16612559,0.58520959,1.30791541,S=0,0,0,0.00000000
1008,5_2_6,sync,filter_l0.50,0.50,0.26000000,0,6,1,198,0,0.59333333,1.52377001,0.69087168,1.64208655,S=0,0,0,0.00000000
1008,5_2_6,sync,filter_l1.00,1.00,0.18000000,0,3,0,,1,0.71666667,1.83381270,0.78281613,1.79511102,not_aligned,0,0,2.88888889
1008,5_2_6,seq_ABC,hard,,1.00000000,1,188,1,12,0,0.00000000,0.00000000,0.00000000,0.00000000,S=0,0,0,0.00000000
1008,5_2_6,seq_ABC,smooth,,0.60000000,0,12,0,,1,0.00000000,0.80632360,0.34466183,1.83838903,not_aligned,0,0,0.22222222
1008,5_2_6,seq_ABC,filter_l0.00,0.00,1.00000000,1,138,1,62,0,0.00000000,0.00972383,0.00137502,0.03659890,S=0,0,0,0.00000000
1008,5_2_6,seq_ABC,filter_l0.02,0.02,0.87000000,0,19,1,197,0,0.06666667,0.37283208,0.16311047,0.56584014,S=0,0,0,0.00000000
1008,5_2_6,seq_ABC,filter_l0.05,0.05,0.86000000,0,17,1,197,0,0.19000000,0.59375263,0.30216513,0.85456332,S=0,0,0,0.00000000
1008,5_2_6,seq_ABC,filter_l0.10,0.10,0.62000000,0,9,0,,1,0.43000000,1.00551949,0.53138318,1.09525317,not_aligned,0,0,0.22222222
1008,5_2_6,seq_ABC,filter_l0.20,0.20,0.55000000,0,8,1,197,0,0.45666667,1.17374529,0.58172000,1.33314196,S=0,0,0,0.00000000
1008,5_2_6,seq_ABC,filter_l0.50,0.50,0.22000000,0,7,1,198,0,0.60333333,1.52784146,0.69960773,1.65085227,S=0,0,0,0.00000000
1008,5_2_6,seq_ABC,filter_l1.00,1.00,0.15000000,0,3,0,,1,0.70000000,1.81997643,0.77875186,1.80689124,not_aligned,0,0,2.88888889
1009,5_2_6,sync,hard,,0.00000000,0,1,0,,1,0.00000000,0.00000000,0.00000000,0.00000000,not_aligned,0,0,0.22222222
1009,5_2_6,sync,smooth,,0.26000000,0,8,0,,1,0.00000000,0.80632360,0.34466183,1.83838903,not_aligned,0,0,0.88888889
1009,5_2_6,sync,filter_l0.00,0.00,1.00000000,1,143,1,57,0,0.00000000,0.03537670,0.01099303,0.09609657,S=0,0,0,0.00000000
1009,5_2_6,sync,filter_l0.02,0.02,0.69000000,0,19,1,197,0,0.21000000,0.63845131,0.32343123,0.61981776,S=0,0,0,0.00000000
1009,5_2_6,sync,filter_l0.05,0.05,0.77000000,0,17,1,197,0,0.27333333,0.71120768,0.38140157,0.85051639,S=0,0,0,0.00000000
1009,5_2_6,sync,filter_l0.10,0.10,0.57000000,0,12,0,,1,0.40666667,1.04501957,0.53696508,1.09570208,not_aligned,0,0,0.00000000
1009,5_2_6,sync,filter_l0.20,0.20,0.40000000,0,8,0,,1,0.49333333,1.24218781,0.62627214,1.32188007,not_aligned,0,0,0.22222222
1009,5_2_6,sync,filter_l0.50,0.50,0.26000000,0,5,0,,1,0.60666667,1.53807673,0.71362877,1.62351760,not_aligned,0,0,0.22222222
1009,5_2_6,sync,filter_l1.00,1.00,0.10000000,0,3,1,199,0,0.66333333,1.80204648,0.78339267,1.81579168,S=8,0,0,0.22222222
1009,5_2_6,seq_ABC,hard,,1.00000000,1,192,1,8,0,0.00000000,0.00000000,0.00000000,0.00000000,S=0,0,0,0.00000000
1009,5_2_6,seq_ABC,smooth,,0.16000000,0,6,1,198,0,0.00000000,0.80632360,0.34466183,1.83838903,S=8,0,0,0.00000000
1009,5_2_6,seq_ABC,filter_l0.00,0.00,0.81000000,1,81,1,119,0,0.06666667,0.73750204,0.13332489,0.00026473,other_aligned,0,0,0.00000000
1009,5_2_6,seq_ABC,filter_l0.02,0.02,0.71000000,0,23,1,197,0,0.20666667,0.65007533,0.32898881,0.62458672,S=0,0,0,0.00000000
1009,5_2_6,seq_ABC,filter_l0.05,0.05,0.81000000,0,18,1,197,0,0.24000000,0.65840982,0.34890537,0.83414406,S=0,0,0,0.00000000
1009,5_2_6,seq_ABC,filter_l0.10,0.10,0.60000000,0,8,0,,1,0.38000000,0.99855900,0.51271634,1.09059310,not_aligned,0,0,0.00000000
1009,5_2_6,seq_ABC,filter_l0.20,0.20,0.47000000,0,8,0,,1,0.49666667,1.21457506,0.60608153,1.32847011,not_aligned,0,0,0.22222222
1009,5_2_6,seq_ABC,filter_l0.50,0.50,0.26000000,0,8,0,,1,0.59000000,1.51558615,0.70250224,1.61744478,not_aligned,0,0,0.22222222
1009,5_2_6,seq_ABC,filter_l1.00,1.00,0.06000000,0,3,0,,1,0.68666667,1.93359146,0.83107542,1.88002206,not_aligned,0,0,0.88888889
1010,5_2_6,sync,hard,,0.00000000,0,1,0,,1,0.00000000,0.00000000,0.00000000,0.00000000,not_aligned,0,0,0.22222222
1010,5_2_6,sync,smooth,,0.69000000,0,18,1,198,0,0.00000000,0.80632360,0.34466183,1.83838903,S=8,0,0,0.00000000
1010,5_2_6,sync,filter_l0.00,0.00,0.59000000,0,24,1,198,0,0.88000000,8.13587586,1.66650545,0.12641049,S=0,0,0,0.00000000
1010,5_2_6,sync,filter_l0.02,0.02,0.85000000,0,22,1,198,0,0.09333333,0.39495445,0.17829671,0.54396639,S=0,0,0,0.00000000
1010,5_2_6,sync,filter_l0.05,0.05,0.77000000,0,22,1,198,0,0.20333333,0.63564675,0.31691754,0.81667778,S=0,0,0,0.00000000
1010,5_2_6,sync,filter_l0.10,0.10,0.68000000,0,10,1,198,0,0.31333333,0.86743519,0.44051022,1.04593403,S=0,0,0,0.00000000
1010,5_2_6,sync,filter_l0.20,0.20,0.41000000,0,11,1,198,0,0.49333333,1.22307722,0.60677155,1.30316748,S=0,0,0,0.00000000
1010,5_2_6,sync,filter_l0.50,0.50,0.32000000,0,5,1,198,0,0.55000000,1.39442979,0.64702522,1.56156002,S=0,0,0,0.00000000
1010,5_2_6,sync,filter_l1.00,1.00,0.17000000,0,2,1,198,0,0.63666667,1.70360574,0.73551056,1.78276374,S=0,0,0,0.00000000
1010,5_2_6,seq_ABC,hard,,1.00000000,1,190,1,10,0,0.00000000,0.00000000,0.00000000,0.00000000,S=0,0,0,0.00000000
1010,5_2_6,seq_ABC,smooth,,0.35000000,0,10,0,,1,0.00000000,0.80632360,0.34466183,1.83838903,not_aligned,0,0,0.66666667
1010,5_2_6,seq_ABC,filter_l0.00,0.00,0.45000000,1,25,1,175,0,0.18666667,2.05617855,0.36525933,0.03061695,other_aligned,0,0,0.00000000
1010,5_2_6,seq_ABC,filter_l0.02,0.02,0.88000000,0,28,1,198,0,0.09000000,0.36499575,0.16428911,0.53466101,S=0,0,0,0.00000000
1010,5_2_6,seq_ABC,filter_l0.05,0.05,0.79000000,0,18,1,198,0,0.19333333,0.62552883,0.30108874,0.80920906,S=0,0,0,0.00000000
1010,5_2_6,seq_ABC,filter_l0.10,0.10,0.72000000,0,22,1,198,0,0.29000000,0.79155283,0.39030807,1.01473030,S=0,0,0,0.00000000
1010,5_2_6,seq_ABC,filter_l0.20,0.20,0.45000000,0,12,1,198,0,0.47666667,1.16308873,0.57968169,1.28813469,S=0,0,0,0.00000000
1010,5_2_6,seq_ABC,filter_l0.50,0.50,0.65000000,0,9,0,,1,0.42333333,1.15354854,0.54719940,1.42686715,not_aligned,0,0,0.22222222
1010,5_2_6,seq_ABC,filter_l1.00,1.00,0.22000000,0,2,1,198,0,0.62000000,1.68939736,0.73263554,1.78391740,S=0,0,0,0.00000000
1011,5_2_6,sync,hard,,0.00000000,0,1,0,,1,0.00000000,0.00000000,0.00000000,0.00000000,not_aligned,0,0,0.22222222
1011,5_2_6,sync,smooth,,0.52000000,0,12,1,194,0,0.00000000,0.80632360,0.34466183,1.83838903,S=8,0,0,0.00000000
1011,5_2_6,sync,filter_l0.00,0.00,0.99000000,1,69,1,131,0,0.17333333,0.48997795,0.29742389,0.25073135,S=0,0,0,0.00000000
1011,5_2_6,sync,filter_l0.02,0.02,0.88000000,0,38,1,198,0,0.10666667,0.35531399,0.17658181,0.50597835,S=0,0,0,0.00000000
1011,5_2_6,sync,filter_l0.05,0.05,0.85000000,0,30,1,198,0,0.20666667,0.55889138,0.29941692,0.73294395,S=0,0,0,0.00000000
1011,5_2_6,sync,filter_l0.10,0.10,0.76000000,0,22,1,198,0,0.35333333,0.82212845,0.44135468,0.94614211,S=0,0,0,0.00000000
1011,5_2_6,sync,filter_l0.20,0.20,0.54000000,0,11,0,,1,0.43666667,1.09815240,0.55676352,1.24045675,not_aligned,0,0,0.22222222
1011,5_2_6,sync,filter_l0.50,0.50,0.45000000,0,8,1,198,0,0.50000000,1.32172074,0.62144668,1.53867093,S=0,0,0,0.00000000
1011,5_2_6,sync,filter_l1.00,1.00,0.16000000,0,3,0,,1,0.65000000,1.67280263,0.73510323,1.78271394,not_aligned,0,0,0.66666667
1011,5_2_6,seq_ABC,hard,,1.00000000,1,188,1,12,0,0.00000000,0.00000000,0.00000000,0.00000000,S=0,0,0,0.00000000
1011,5_2_6,seq_ABC,smooth,,0.36000000,0,8,0,,1,0.00000000,0.80632360,0.34466183,1.83838903,not_aligned,0,0,0.22222222
1011,5_2_6,seq_ABC,filter_l0.00,0.00,0.51000000,1,24,1,176,0,0.16333333,3.16552257,0.32761368,0.01462437,other_aligned,0,0,0.00000000
1011,5_2_6,seq_ABC,filter_l0.02,0.02,0.79000000,0,17,1,198,0,0.23666667,0.69181086,0.38411508,0.61818754,S=0,0,0,0.00000000
1011,5_2_6,seq_ABC,filter_l0.05,0.05,0.85000000,0,21,1,198,0,0.17000000,0.53548115,0.27646663,0.73250429,S=0,0,0,0.00000000
1011,5_2_6,seq_ABC,filter_l0.10,0.10,0.76000000,0,26,1,194,0,0.13000000,0.57721596,0.27164708,0.87191812,S=8,0,0,0.00000000
1011,5_2_6,seq_ABC,filter_l0.20,0.20,0.60000000,0,11,0,,1,0.37666667,1.00877334,0.51314585,1.18687400,not_aligned,0,0,0.22222222
1011,5_2_6,seq_ABC,filter_l0.50,0.50,0.20000000,0,6,0,,1,0.58000000,1.44550413,0.67744101,1.60213815,not_aligned,0,0,0.22222222
1011,5_2_6,seq_ABC,filter_l1.00,1.00,0.16000000,0,6,1,199,0,0.64666667,1.66669301,0.73013453,1.78701378,S=0,0,0,0.22222222
1012,5_2_6,sync,hard,,0.00000000,0,1,0,,1,0.00000000,0.00000000,0.00000000,0.00000000,not_aligned,0,0,0.22222222
1012,5_2_6,sync,smooth,,0.58000000,0,24,0,,1,0.00000000,0.80632360,0.34466183,1.83838903,not_aligned,0,0,0.00000000
1012,5_2_6,sync,filter_l0.00,0.00,1.00000000,1,141,1,59,0,0.12666667,0.17577940,0.13201321,0.12663434,S=0,0,0,0.00000000
1012,5_2_6,sync,filter_l0.02,0.02,0.91000000,0,38,1,195,0,0.04333333,0.24179887,0.09373615,0.35477114,S=0,0,0,0.00000000
1012,5_2_6,sync,filter_l0.05,0.05,0.84000000,0,28,0,,1,0.08666667,0.38870459,0.17040312,0.59997415,not_aligned,0,0,0.00000000
1012,5_2_6,sync,filter_l0.10,0.10,0.78000000,0,17,0,,1,0.15666667,0.56807114,0.27272831,0.83799569,not_aligned,0,0,0.00000000
1012,5_2_6,sync,filter_l0.20,0.20,0.65000000,0,14,0,,1,0.25666667,0.83667078,0.40160009,1.10082116,not_aligned,0,0,0.22222222
1012,5_2_6,sync,filter_l0.50,0.50,0.46000000,0,11,0,,1,0.48333333,1.23187838,0.58888629,1.47651443,not_aligned,0,0,0.22222222
1012,5_2_6,sync,filter_l1.00,1.00,0.22000000,0,5,0,,1,0.60000000,1.59805865,0.71161623,1.76655025,not_aligned,0,0,0.22222222
1012,5_2_6,seq_ABC,hard,,1.00000000,1,185,1,15,0,0.00000000,0.00000000,0.00000000,0.00000000,S=0,0,0,0.00000000
1012,5_2_6,seq_ABC,smooth,,0.61000000,0,24,0,,1,0.00000000,0.80632360,0.34466183,1.83838903,not_aligned,0,0,0.00000000
1012,5_2_6,seq_ABC,filter_l0.00,0.00,1.00000000,1,121,1,79,0,0.15333333,0.30546397,0.21901876,0.12087195,S=0,0,0,0.00000000
1012,5_2_6,seq_ABC,filter_l0.02,0.02,0.91000000,0,38,1,195,0,0.04666667,0.25440327,0.09979717,0.36904072,S=0,0,0,0.00000000
1012,5_2_6,seq_ABC,filter_l0.05,0.05,0.84000000,0,28,0,,1,0.10333333,0.40408483,0.17507913,0.61570758,not_aligned,0,0,0.00000000
1012,5_2_6,seq_ABC,filter_l0.10,0.10,0.71000000,0,17,0,,1,0.20000000,0.65925780,0.31398603,0.90860831,not_aligned,0,0,0.00000000
1012,5_2_6,seq_ABC,filter_l0.20,0.20,0.73000000,0,14,0,,1,0.28333333,0.82482635,0.40916531,1.12272710,not_aligned,0,0,0.00000000
1012,5_2_6,seq_ABC,filter_l0.50,0.50,0.47000000,0,11,0,,1,0.49666667,1.22471528,0.58614801,1.47761501,not_aligned,0,0,0.22222222
1012,5_2_6,seq_ABC,filter_l1.00,1.00,0.20000000,0,9,0,,1,0.61666667,1.59643270,0.71213943,1.76657338,not_aligned,0,0,0.22222222
1013,5_2_6,sync,hard,,0.00000000,0,1,0,,1,0.00000000,0.00000000,0.00000000,0.00000000,not_aligned,0,0,0.22222222
1013,5_2_6,sync,smooth,,0.59000000,0,16,0,,1,0.00000000,0.80632360,0.34466183,1.83838903,not_aligned,0,0,0.22222222
1013,5_2_6,sync,filter_l0.00,0.00,1.00000000,1,178,1,22,0,0.00000000,0.00000030,0.00000000,0.00000417,S=0,0,0,0.00000000
1013,5_2_6,sync,filter_l0.02,0.02,0.90000000,0,24,1,195,0,0.03666667,0.19666362,0.07523791,0.31032848,S=0,0,0,0.00000000
1013,5_2_6,sync,filter_l0.05,0.05,0.92000000,0,30,1,190,0,0.03000000,0.25007047,0.09653387,0.55719905,S=0,0,0,0.00000000
1013,5_2_6,sync,filter_l0.10,0.10,0.91000000,0,28,1,195,0,0.05666667,0.40223350,0.17199551,0.81502017,S=0,0,0,0.00000000
1013,5_2_6,sync,filter_l0.20,0.20,0.82000000,0,16,1,194,0,0.18000000,0.69940934,0.33039883,1.11226525,S=0,0,0,0.00000000
1013,5_2_6,sync,filter_l0.50,0.50,0.55000000,0,12,0,,1,0.41666667,1.18503210,0.55169283,1.47568210,not_aligned,0,0,0.88888889
1013,5_2_6,sync,filter_l1.00,1.00,0.30000000,0,7,1,198,0,0.58333333,1.61878945,0.69494800,1.73712125,S=0,0,0,0.00000000
1013,5_2_6,seq_ABC,hard,,1.00000000,1,194,1,6,0,0.00000000,0.00000000,0.00000000,0.00000000,S=0,0,0,0.00000000
1013,5_2_6,seq_ABC,smooth,,0.43000000,0,10,1,195,0,0.00000000,0.80632360,0.34466183,1.83838903,S=0,0,0,0.00000000
1013,5_2_6,seq_ABC,filter_l0.00,0.00,1.00000000,1,178,1,22,0,0.00000000,0.00000030,0.00000000,0.00000417,S=0,0,0,0.00000000
1013,5_2_6,seq_ABC,filter_l0.02,0.02,0.90000000,0,24,1,195,0,0.03666667,0.19564827,0.07527948,0.31234917,S=0,0,0,0.00000000
1013,5_2_6,seq_ABC,filter_l0.05,0.05,0.91000000,0,30,1,195,0,0.03333333,0.25541573,0.10038545,0.56028577,S=0,0,0,0.00000000
1013,5_2_6,seq_ABC,filter_l0.10,0.10,0.92000000,0,21,1,195,0,0.05333333,0.39348609,0.16612009,0.81621548,S=0,0,0,0.00000000
1013,5_2_6,seq_ABC,filter_l0.20,0.20,0.80000000,0,12,1,198,0,0.18000000,0.70604526,0.33775237,1.13258996,S=0,0,0,0.00000000
1013,5_2_6,seq_ABC,filter_l0.50,0.50,0.61000000,0,12,1,199,0,0.38000000,1.16307980,0.53913732,1.47255098,S=0,0,0,0.22222222
1013,5_2_6,seq_ABC,filter_l1.00,1.00,0.40000000,0,7,0,,1,0.59666667,1.62260337,0.69796275,1.73468207,not_aligned,0,0,0.00000000
1014,5_2_6,sync,hard,,1.00000000,1,183,1,17,0,0.00000000,0.00000000,0.00000000,0.00000000,S=0,0,0,0.00000000
1014,5_2_6,sync,smooth,,0.62000000,1,21,1,179,0,0.00000000,0.80632360,0.34466183,1.83838903,S=0,0,0,0.00000000
1014,5_2_6,sync,filter_l0.00,0.00,1.00000000,1,148,1,52,0,0.00000000,0.00398936,0.00097525,0.01248953,S=0,0,0,0.00000000
1014,5_2_6,sync,filter_l0.02,0.02,0.94000000,1,53,1,147,0,0.02333333,0.14682514,0.05383386,0.28409300,S=0,0,0,0.00000000
1014,5_2_6,sync,filter_l0.05,0.05,0.93000000,1,39,1,161,0,0.02666667,0.23119394,0.08971642,0.51652751,S=0,0,0,0.00000000
1014,5_2_6,sync,filter_l0.10,0.10,0.85000000,1,30,1,170,0,0.09000000,0.41795588,0.19039590,0.77931373,S=0,0,0,0.00000000
1014,5_2_6,sync,filter_l0.20,0.20,0.86000000,1,21,1,179,0,0.15000000,0.61941832,0.29163751,1.06141165,S=0,0,0,0.00000000
1014,5_2_6,sync,filter_l0.50,0.50,0.64000000,0,17,1,199,0,0.36666667,1.09053384,0.51728796,1.44308754,S=0,0,0,0.22222222
1014,5_2_6,sync,filter_l1.00,1.00,0.39000000,0,6,0,,1,0.60333333,1.56480285,0.68876771,1.73254265,not_aligned,0,0,1.55555556
1014,5_2_6,seq_ABC,hard,,1.00000000,1,191,1,9,0,0.00000000,0.00000000,0.00000000,0.00000000,S=0,0,0,0.00000000
1014,5_2_6,seq_ABC,smooth,,0.46000000,0,13,1,187,0,0.00000000,0.80632360,0.34466183,1.83838903,S=0,0,0,0.00000000
1014,5_2_6,seq_ABC,filter_l0.00,0.00,0.66000000,1,27,1,173,0,0.13666667,0.94592833,0.21095948,0.15598545,other_aligned,0,0,0.00000000
1014,5_2_6,seq_ABC,filter_l0.02,0.02,0.84000000,0,23,0,,1,0.07000000,0.32479401,0.13900457,0.48699762,not_aligned,0,0,0.00000000
1014,5_2_6,seq_ABC,filter_l0.05,0.05,0.91000000,1,39,1,161,0,0.04000000,0.25604662,0.10581946,0.53423863,S=0,0,0,0.00000000
1014,5_2_6,seq_ABC,filter_l0.10,0.10,0.83000000,1,30,1,170,0,0.10666667,0.44722995,0.20735266,0.78013187,S=0,0,0,0.00000000
1014,5_2_6,seq_ABC,filter_l0.20,0.20,0.85000000,1,27,1,173,0,0.15000000,0.62716288,0.29521546,1.05466911,S=0,0,0,0.00000000
1014,5_2_6,seq_ABC,filter_l0.50,0.50,0.68000000,0,17,1,197,0,0.38000000,1.09726820,0.52155570,1.44820029,S=0,0,0,0.00000000
1014,5_2_6,seq_ABC,filter_l1.00,1.00,0.40000000,0,7,0,,1,0.61333333,1.58094694,0.69854068,1.73277297,not_aligned,0,0,1.55555556
1015,5_2_6,sync,hard,,0.00000000,0,1,0,,1,0.00000000,0.00000000,0.00000000,0.00000000,not_aligned,0,0,0.22222222
1015,5_2_6,sync,smooth,,0.51000000,0,12,0,,1,0.00000000,0.80632360,0.34466183,1.83838903,not_aligned,0,0,1.55555556
1015,5_2_6,sync,filter_l0.00,0.00,0.77000000,1,33,1,167,0,0.23000000,1.70558239,0.43103025,0.05759154,other_aligned,0,0,0.00000000
1015,5_2_6,sync,filter_l0.02,0.02,0.95000000,1,41,1,159,0,0.02000000,0.17225071,0.06073316,0.38786681,S=8,0,0,0.00000000
1015,5_2_6,sync,filter_l0.05,0.05,0.83000000,0,17,1,199,0,0.14000000,0.50815155,0.23818182,0.70489146,S=0,0,0,0.22222222
1015,5_2_6,sync,filter_l0.10,0.10,0.70000000,0,13,0,,1,0.21333333,0.75446694,0.37115874,0.98396300,not_aligned,0,0,0.22222222
1015,5_2_6,sync,filter_l0.20,0.20,0.46000000,0,13,0,,1,0.47000000,1.10959031,0.55958250,1.28120814,not_aligned,0,0,0.22222222
1015,5_2_6,sync,filter_l0.50,0.50,0.47000000,0,15,0,,1,0.44000000,1.26383878,0.58882236,1.50029915,not_aligned,0,0,0.22222222
1015,5_2_6,sync,filter_l1.00,1.00,0.15000000,0,6,0,,1,0.70000000,1.78742850,0.77331630,1.80528950,not_aligned,0,0,0.00000000
1015,5_2_6,seq_ABC,hard,,1.00000000,1,182,1,18,0,0.00000000,0.00000000,0.00000000,0.00000000,S=0,0,0,0.00000000
1015,5_2_6,seq_ABC,smooth,,0.19000000,0,4,0,,1,0.00000000,0.80632360,0.34466183,1.83838903,not_aligned,0,0,0.22222222
1015,5_2_6,seq_ABC,filter_l0.00,0.00,0.92000000,1,54,1,146,0,0.58000000,3.14511756,1.05384226,0.20941059,S=8,0,0,0.00000000
1015,5_2_6,seq_ABC,filter_l0.02,0.02,0.96000000,1,38,1,162,0,0.01333333,0.16011090,0.05205909,0.37380587,S=8,0,0,0.00000000
1015,5_2_6,seq_ABC,filter_l0.05,0.05,0.88000000,0,19,1,181,0,0.08000000,0.38576006,0.17417702,0.67585881,S=8,0,0,0.00000000
1015,5_2_6,seq_ABC,filter_l0.10,0.10,0.82000000,0,24,1,185,0,0.13000000,0.55354950,0.25515371,0.89033895,S=8,0,0,0.00000000
1015,5_2_6,seq_ABC,filter_l0.20,0.20,0.60000000,0,9,1,196,0,0.29666667,0.90657024,0.43328711,1.16737512,S=8,0,0,0.00000000
1015,5_2_6,seq_ABC,filter_l0.50,0.50,0.27000000,0,10,0,,1,0.48333333,1.32377200,0.61816050,1.53134889,not_aligned,0,0,0.22222222
1015,5_2_6,seq_ABC,filter_l1.00,1.00,0.21000000,0,4,0,,1,0.66666667,1.73510044,0.74725849,1.78475053,not_aligned,0,0,0.22222222
1016,5_2_6,sync,hard,,1.00000000,1,180,1,20,0,0.00000000,0.00000000,0.00000000,0.00000000,S=0,0,0,0.00000000
1016,5_2_6,sync,smooth,,0.37000000,0,9,0,,1,0.00000000,0.80632360,0.34466183,1.83838903,not_aligned,0,0,1.55555556
1016,5_2_6,sync,filter_l0.00,0.00,1.00000000,1,146,1,54,0,0.00000000,0.00130466,0.00002583,0.00755700,S=0,0,0,0.00000000
1016,5_2_6,sync,filter_l0.02,0.02,0.89000000,1,29,1,180,0,0.04000000,0.25390483,0.10577021,0.42633872,S=0,0,0,0.00000000
1016,5_2_6,sync,filter_l0.05,0.05,0.77000000,0,14,1,199,0,0.16000000,0.51683638,0.25584315,0.69847405,S=0,0,0,0.22222222
1016,5_2_6,sync,filter_l0.10,0.10,0.71000000,0,14,1,199,0,0.28000000,0.71921011,0.36865722,0.94333691,S=0,0,0,0.22222222
1016,5_2_6,sync,filter_l0.20,0.20,0.51000000,0,11,0,,1,0.46333333,1.07000973,0.53240931,1.22203470,not_aligned,0,0,0.22222222
1016,5_2_6,sync,filter_l0.50,0.50,0.48000000,0,11,0,,1,0.46666667,1.28932860,0.59098471,1.50880872,not_aligned,0,0,0.22222222
1016,5_2_6,sync,filter_l1.00,1.00,0.20000000,0,5,0,,1,0.60666667,1.64853267,0.71132145,1.75176873,not_aligned,0,0,0.22222222
1016,5_2_6,seq_ABC,hard,,1.00000000,1,194,1,6,0,0.00000000,0.00000000,0.00000000,0.00000000,S=0,0,0,0.00000000
1016,5_2_6,seq_ABC,smooth,,0.31000000,0,15,1,198,0,0.00000000,0.80632360,0.34466183,1.83838903,S=8,0,0,0.00000000
1016,5_2_6,seq_ABC,filter_l0.00,0.00,0.92000000,1,76,1,124,0,0.59333333,2.51675034,1.06142657,0.19428548,S=0,0,0,0.00000000
1016,5_2_6,seq_ABC,filter_l0.02,0.02,0.88000000,1,20,1,180,0,0.04333333,0.25671761,0.10320077,0.41601158,S=0,0,0,0.00000000
1016,5_2_6,seq_ABC,filter_l0.05,0.05,0.82000000,0,16,1,199,0,0.11666667,0.45046800,0.21623946,0.69717864,S=0,0,0,0.22222222
1016,5_2_6,seq_ABC,filter_l0.10,0.10,0.72000000,0,18,1,199,0,0.25000000,0.70060963,0.34926972,0.95419288,S=0,0,0,0.22222222
1016,5_2_6,seq_ABC,filter_l0.20,0.20,0.58000000,0,11,0,,1,0.39333333,1.02365107,0.50603123,1.22155801,not_aligned,0,0,0.22222222
1016,5_2_6,seq_ABC,filter_l0.50,0.50,0.44000000,0,7,0,,1,0.47333333,1.30067278,0.59488677,1.50873302,not_aligned,0,0,0.22222222
1016,5_2_6,seq_ABC,filter_l1.00,1.00,0.24000000,0,5,1,199,0,0.62666667,1.67306657,0.72538311,1.75703253,S=0,0,0,0.22222222
1017,5_2_6,sync,hard,,0.00000000,0,1,0,,1,0.00000000,0.00000000,0.00000000,0.00000000,not_aligned,0,0,0.22222222
1017,5_2_6,sync,smooth,,0.49000000,0,12,1,198,0,0.00000000,0.80632360,0.34466183,1.83838903,S=0,0,0,0.00000000
1017,5_2_6,sync,filter_l0.00,0.00,0.99000000,1,86,1,114,0,0.00333333,0.02082236,0.00915364,0.02638833,S=0,0,0,0.00000000
1017,5_2_6,sync,filter_l0.02,0.02,0.87000000,0,15,1,197,0,0.10000000,0.35943759,0.16255080,0.41597255,S=0,0,0,0.00000000
1017,5_2_6,sync,filter_l0.05,0.05,0.87000000,0,13,1,197,0,0.12333333,0.48178640,0.22773900,0.65862014,S=0,0,0,0.00000000
1017,5_2_6,sync,filter_l0.10,0.10,0.81000000,0,13,1,197,0,0.18333333,0.66156047,0.32206149,0.89477303,S=0,0,0,0.00000000
1017,5_2_6,sync,filter_l0.20,0.20,0.69000000,0,12,1,197,0,0.28000000,0.85066262,0.42192997,1.15525816,S=0,0,0,0.00000000
1017,5_2_6,sync,filter_l0.50,0.50,0.38000000,0,10,1,198,0,0.51000000,1.31941475,0.63164527,1.51909818,S=0,0,0,0.00000000
1017,5_2_6,sync,filter_l1.00,1.00,0.32000000,0,7,1,197,0,0.64333333,1.65550482,0.72497179,1.75752019,S=0,0,0,0.00000000
1017,5_2_6,seq_ABC,hard,,1.00000000,1,190,1,10,0,0.00000000,0.00000000,0.00000000,0.00000000,S=0,0,0,0.00000000
1017,5_2_6,seq_ABC,smooth,,0.34000000,0,11,1,197,0,0.00000000,0.80632360,0.34466183,1.83838903,S=0,0,0,0.00000000
1017,5_2_6,seq_ABC,filter_l0.00,0.00,0.99000000,1,86,1,114,0,0.00333333,0.02082234,0.00915364,0.02638797,S=0,0,0,0.00000000
1017,5_2_6,seq_ABC,filter_l0.02,0.02,0.88000000,0,16,1,197,0,0.09666667,0.35639937,0.16144044,0.41314327,S=0,0,0,0.00000000
1017,5_2_6,seq_ABC,filter_l0.05,0.05,0.86000000,0,12,1,197,0,0.12666667,0.49232463,0.23470658,0.65430951,S=0,0,0,0.00000000
1017,5_2_6,seq_ABC,filter_l0.10,0.10,0.74000000,0,12,1,197,0,0.20333333,0.66804750,0.33118035,0.89808386,S=0,0,0,0.00000000
1017,5_2_6,seq_ABC,filter_l0.20,0.20,0.72000000,0,12,1,197,0,0.31000000,0.89746704,0.45133389,1.14729325,S=0,0,0,0.00000000
1017,5_2_6,seq_ABC,filter_l0.50,0.50,0.46000000,0,6,1,198,0,0.47000000,1.28740550,0.61236651,1.50466193,S=0,0,0,0.00000000
1017,5_2_6,seq_ABC,filter_l1.00,1.00,0.38000000,0,7,1,197,0,0.62666667,1.64097393,0.71283794,1.76024748,S=0,0,0,0.00000000
1018,5_2_6,sync,hard,,0.00000000,0,1,0,,1,0.00000000,0.00000000,0.00000000,0.00000000,not_aligned,0,0,0.22222222
1018,5_2_6,sync,smooth,,0.24000000,0,15,0,,1,0.00000000,0.80632360,0.34466183,1.83838903,not_aligned,0,0,2.00000000
1018,5_2_6,sync,filter_l0.00,0.00,1.00000000,1,145,1,55,0,0.00000000,0.00115246,0.00001404,0.00737479,S=0,0,0,0.00000000
1018,5_2_6,sync,filter_l0.02,0.02,0.85000000,0,41,1,192,0,0.06000000,0.33235416,0.14581744,0.51111292,S=0,0,0,0.00000000
1018,5_2_6,sync,filter_l0.05,0.05,0.79000000,0,15,1,192,0,0.18666667,0.55060266,0.28179185,0.79519199,S=0,0,0,0.00000000
1018,5_2_6,sync,filter_l0.10,0.10,0.67000000,0,13,1,192,0,0.26333333,0.76679303,0.39065936,1.02881012,S=0,0,0,0.00000000
1018,5_2_6,sync,filter_l0.20,0.20,0.47000000,0,9,1,198,0,0.38000000,1.11510220,0.54014953,1.31239139,S=0,0,0,0.00000000
1018,5_2_6,sync,filter_l0.50,0.50,0.23000000,0,7,1,199,0,0.55000000,1.43476140,0.66769566,1.59386542,S=0,0,0,0.22222222
1018,5_2_6,sync,filter_l1.00,1.00,0.11000000,0,3,0,,1,0.66666667,1.76199281,0.75914706,1.80059834,not_aligned,0,0,0.22222222
1018,5_2_6,seq_ABC,hard,,1.00000000,1,190,1,10,0,0.00000000,0.00000000,0.00000000,0.00000000,S=0,0,0,0.00000000
1018,5_2_6,seq_ABC,smooth,,0.47000000,0,11,0,,1,0.00000000,0.80632360,0.34466183,1.83838903,not_aligned,0,0,0.00000000
1018,5_2_6,seq_ABC,filter_l0.00,0.00,1.00000000,1,145,1,55,0,0.00000000,0.00061795,0.00000294,0.00453135,S=0,0,0,0.00000000
1018,5_2_6,seq_ABC,filter_l0.02,0.02,0.86000000,0,41,1,192,0,0.06666667,0.34317718,0.15828385,0.52687748,S=0,0,0,0.00000000
1018,5_2_6,seq_ABC,filter_l0.05,0.05,0.78000000,0,41,1,192,0,0.22000000,0.56066880,0.29613073,0.81503894,S=0,0,0,0.00000000
1018,5_2_6,seq_ABC,filter_l0.10,0.10,0.69000000,0,13,1,192,0,0.29333333,0.77350565,0.40405793,1.04716827,S=0,0,0,0.00000000
1018,5_2_6,seq_ABC,filter_l0.20,0.20,0.52000000,0,10,0,,1,0.39000000,1.10662730,0.53549628,1.29812177,not_aligned,0,0,0.00000000
1018,5_2_6,seq_ABC,filter_l0.50,0.50,0.30000000,0,7,0,,1,0.54333333,1.42833423,0.65974051,1.58584745,not_aligned,0,0,0.00000000
1018,5_2_6,seq_ABC,filter_l1.00,1.00,0.15000000,0,3,0,,1,0.66000000,1.76585284,0.76101194,1.79474982,not_aligned,0,0,0.00000000
1019,5_2_6,sync,hard,,0.00000000,0,1,0,,1,0.00000000,0.00000000,0.00000000,0.00000000,not_aligned,0,0,0.22222222
1019,5_2_6,sync,smooth,,0.57000000,0,9,1,193,0,0.00000000,0.80632360,0.34466183,1.83838903,S=8,0,0,0.00000000
1019,5_2_6,sync,filter_l0.00,0.00,1.00000000,1,104,1,96,0,0.00000000,0.00097965,0.00002344,0.00577676,other_aligned,0,0,0.00000000
1019,5_2_6,sync,filter_l0.02,0.02,0.92000000,0,27,1,194,0,0.09666667,0.28748398,0.14420260,0.45197978,S=8,0,0,0.00000000
1019,5_2_6,sync,filter_l0.05,0.05,0.81000000,0,14,1,194,0,0.11666667,0.46060483,0.22036593,0.66837118,S=8,0,0,0.00000000
1019,5_2_6,sync,filter_l0.10,0.10,0.67000000,0,18,0,,1,0.38000000,0.88974845,0.46564410,1.01831492,not_aligned,0,0,2.00000000
1019,5_2_6,sync,filter_l0.20,0.20,0.69000000,0,18,1,197,0,0.27000000,0.86769885,0.41367884,1.12891043,S=8,0,0,0.00000000
1019,5_2_6,sync,filter_l0.50,0.50,0.45000000,0,10,1,198,0,0.41666667,1.22584760,0.57182937,1.46587496,S=8,0,0,0.00000000
1019,5_2_6,sync,filter_l1.00,1.00,0.27000000,0,7,1,198,0,0.60000000,1.62154610,0.71010900,1.75168957,S=8,0,0,0.00000000
1019,5_2_6,seq_ABC,hard,,1.00000000,1,194,1,6,0,0.00000000,0.00000000,0.00000000,0.00000000,S=0,0,0,0.00000000
1019,5_2_6,seq_ABC,smooth,,0.30000000,0,9,0,,1,0.00000000,0.80632360,0.34466183,1.83838903,not_aligned,0,0,2.00000000
1019,5_2_6,seq_ABC,filter_l0.00,0.00,0.97000000,1,84,1,116,0,0.27000000,0.63620285,0.38700488,0.24630269,S=8,0,0,0.00000000
1019,5_2_6,seq_ABC,filter_l0.02,0.02,0.91000000,0,21,1,194,0,0.06666667,0.25485855,0.11463410,0.40942457,S=8,0,0,0.00000000
1019,5_2_6,seq_ABC,filter_l0.05,0.05,0.79000000,0,17,0,,1,0.13666667,0.46827359,0.22107294,0.65515813,not_aligned,0,0,0.00000000
1019,5_2_6,seq_ABC,filter_l0.10,0.10,0.67000000,0,19,1,194,0,0.23000000,0.70100006,0.35270680,0.91968754,S=8,0,0,0.00000000
1019,5_2_6,seq_ABC,filter_l0.20,0.20,0.61000000,0,11,1,197,0,0.26666667,0.87348534,0.42019661,1.13993796,S=8,0,0,0.00000000
1019,5_2_6,seq_ABC,filter_l0.50,0.50,0.49000000,0,11,1,198,0,0.41000000,1.22474779,0.56992927,1.45202736,S=8,0,0,0.00000000
1019,5_2_6,seq_ABC,filter_l1.00,1.00,0.32000000,0,9,1,199,0,0.61666667,1.65770819,0.72732885,1.75941725,S=8,0,0,0.22222222
1020,5_2_6,sync,hard,,0.00000000,0,1,0,,1,0.00000000,0.00000000,0.00000000,0.00000000,not_aligned,0,0,0.22222222
1020,5_2_6,sync,smooth,,0.49000000,0,14,1,194,0,0.00000000,0.80632360,0.34466183,1.83838903,S=0,0,0,0.00000000
1020,5_2_6,sync,filter_l0.00,0.00,1.00000000,1,158,1,42,0,0.00000000,0.00001046,0.00000000,0.00011373,S=0,0,0,0.00000000
1020,5_2_6,sync,filter_l0.02,0.02,0.89000000,0,33,1,194,0,0.05000000,0.26810755,0.11286186,0.43125983,S=0,0,0,0.00000000
1020,5_2_6,sync,filter_l0.05,0.05,0.79000000,0,24,0,,1,0.11000000,0.47165033,0.22264280,0.70758746,not_aligned,0,0,0.22222222
1020,5_2_6,sync,filter_l0.10,0.10,0.67000000,0,16,0,,1,0.26333333,0.76431304,0.37897325,0.95548159,not_aligned,0,0,0.22222222
1020,5_2_6,sync,filter_l0.20,0.20,0.54000000,0,16,0,,1,0.38000000,1.00895761,0.49586951,1.21413994,not_aligned,0,0,0.88888889
1020,5_2_6,sync,filter_l0.50,0.50,0.31000000,0,15,0,,1,0.53333333,1.38072315,0.64296572,1.56009881,not_aligned,0,0,0.66666667
1020,5_2_6,sync,filter_l1.00,1.00,0.21000000,0,4,0,,1,0.67000000,1.70863063,0.74443701,1.76896537,not_aligned,0,0,0.22222222
1020,5_2_6,seq_ABC,hard,,1.00000000,1,193,1,7,0,0.00000000,0.00000000,0.00000000,0.00000000,S=0,0,0,0.00000000
1020,5_2_6,seq_ABC,smooth,,0.06000000,0,16,0,,1,0.00000000,0.80632360,0.34466183,1.83838903,not_aligned,0,0,0.66666667
1020,5_2_6,seq_ABC,filter_l0.00,0.00,1.00000000,1,168,1,32,0,0.00000000,0.00002116,0.00000000,0.00021953,S=0,0,0,0.00000000
1020,5_2_6,seq_ABC,filter_l0.02,0.02,0.88000000,0,33,1,194,0,0.05333333,0.27775907,0.11844727,0.43284795,S=0,0,0,0.00000000
1020,5_2_6,seq_ABC,filter_l0.05,0.05,0.80000000,0,26,0,,1,0.11333333,0.47399714,0.22349070,0.69259337,not_aligned,0,0,0.22222222
1020,5_2_6,seq_ABC,filter_l0.10,0.10,0.69000000,0,20,0,,1,0.23333333,0.72236881,0.34827671,0.96373780,not_aligned,0,0,0.22222222
1020,5_2_6,seq_ABC,filter_l0.20,0.20,0.52000000,0,16,0,,1,0.35666667,0.99297232,0.47439377,1.21998710,not_aligned,0,0,0.88888889
1020,5_2_6,seq_ABC,filter_l0.50,0.50,0.40000000,0,15,1,198,0,0.52666667,1.34734795,0.62007187,1.54409664,S=0,0,0,0.00000000
1020,5_2_6,seq_ABC,filter_l1.00,1.00,0.24000000,0,4,0,,1,0.64666667,1.71076880,0.74049240,1.77368488,not_aligned,0,0,0.88888889
1021,5_2_6,sync,hard,,0.00000000,0,1,0,,1,0.00000000,0.00000000,0.00000000,0.00000000,not_aligned,0,0,0.22222222
1021,5_2_6,sync,smooth,,0.47000000,0,9,1,194,0,0.00000000,0.80632360,0.34466183,1.83838903,S=8,0,0,0.00000000
1021,5_2_6,sync,filter_l0.00,0.00,1.00000000,1,170,1,30,0,0.00000000,0.00145201,0.00002000,0.00894307,S=0,0,0,0.00000000
1021,5_2_6,sync,filter_l0.02,0.02,0.92000000,0,48,1,193,0,0.04000000,0.26103157,0.11070238,0.48953932,S=0,0,0,0.00000000
1021,5_2_6,sync,filter_l0.05,0.05,0.89000000,0,25,1,193,0,0.13666667,0.45445444,0.23318743,0.76895050,S=0,0,0,0.00000000
1021,5_2_6,sync,filter_l0.10,0.10,0.71000000,0,22,1,193,0,0.28666667,0.74914823,0.39061402,1.03331175,S=0,0,0,0.00000000
1021,5_2_6,sync,filter_l0.20,0.20,0.64000000,0,14,1,195,0,0.38333333,0.98176756,0.49998711,1.24607448,S=0,0,0,0.00000000
1021,5_2_6,sync,filter_l0.50,0.50,0.36000000,0,7,1,195,0,0.54333333,1.37341230,0.65024261,1.55465733,S=0,0,0,0.00000000
1021,5_2_6,sync,filter_l1.00,1.00,0.22000000,0,4,0,,1,0.65000000,1.70152141,0.74115597,1.78592173,not_aligned,0,0,0.88888889
1021,5_2_6,seq_ABC,hard,,1.00000000,1,189,1,11,0,0.00000000,0.00000000,0.00000000,0.00000000,S=0,0,0,0.00000000
1021,5_2_6,seq_ABC,smooth,,0.41000000,0,11,0,,1,0.00000000,0.80632360,0.34466183,1.83838903,not_aligned,0,0,2.88888889
1021,5_2_6,seq_ABC,filter_l0.00,0.00,1.00000000,1,178,1,22,0,0.00000000,0.00145293,0.00002000,0.00895400,S=0,0,0,0.00000000
1021,5_2_6,seq_ABC,filter_l0.02,0.02,0.89000000,0,29,1,193,0,0.10000000,0.34481672,0.16688402,0.51363321,S=0,0,0,0.00000000
1021,5_2_6,seq_ABC,filter_l0.05,0.05,0.82000000,0,22,1,198,0,0.20666667,0.59285172,0.32730273,0.79144849,S=0,0,0,0.00000000
1021,5_2_6,seq_ABC,filter_l0.10,0.10,0.77000000,0,26,1,198,0,0.34000000,0.80923639,0.44190542,0.99077372,S=0,0,0,0.00000000
1021,5_2_6,seq_ABC,filter_l0.20,0.20,0.59000000,0,14,1,193,0,0.42000000,1.02307255,0.51891014,1.25651548,S=0,0,0,0.00000000
1021,5_2_6,seq_ABC,filter_l0.50,0.50,0.44000000,0,7,1,198,0,0.54000000,1.36107716,0.64188589,1.55184192,S=0,0,0,0.00000000
1021,5_2_6,seq_ABC,filter_l1.00,1.00,0.17000000,0,3,1,198,0,0.66000000,1.71163966,0.75209606,1.79124637,S=0,0,0,0.00000000
1022,5_2_6,sync,hard,,0.00000000,0,1,0,,1,0.00000000,0.00000000,0.00000000,0.00000000,not_aligned,0,0,0.22222222
1022,5_2_6,sync,smooth,,0.16000000,0,14,1,199,0,0.00000000,0.80632360,0.34466183,1.83838903,S=0,0,0,0.22222222
1022,5_2_6,sync,filter_l0.00,0.00,0.99000000,1,97,1,103,0,0.10666667,0.36831475,0.18765763,0.06221016,S=0,0,0,0.00000000
1022,5_2_6,sync,filter_l0.02,0.02,0.85000000,0,31,1,198,0,0.14333333,0.41838252,0.21825821,0.38839480,S=0,0,0,0.00000000
1022,5_2_6,sync,filter_l0.05,0.05,0.81000000,0,34,1,195,0,0.16333333,0.49706627,0.25162889,0.62057926,S=0,0,0,0.00000000
1022,5_2_6,sync,filter_l0.10,0.10,0.64000000,0,24,1,199,0,0.27000000,0.75022986,0.38303297,0.86805705,S=0,0,0,0.22222222
1022,5_2_6,sync,filter_l0.20,0.20,0.55000000,0,18,1,199,0,0.38000000,0.92880258,0.46532198,1.11830164,S=0,0,0,0.22222222
1022,5_2_6,sync,filter_l0.50,0.50,0.29000000,0,6,0,,1,0.56333333,1.36112345,0.65069946,1.50647710,not_aligned,0,0,0.22222222
1022,5_2_6,sync,filter_l1.00,1.00,0.16000000,0,3,0,,1,0.66000000,1.68971818,0.75034813,1.79711065,not_aligned,0,0,0.22222222
1022,5_2_6,seq_ABC,hard,,1.00000000,1,190,1,10,0,0.00000000,0.00000000,0.00000000,0.00000000,S=0,0,0,0.00000000
1022,5_2_6,seq_ABC,smooth,,0.47000000,0,15,1,199,0,0.00000000,0.80632360,0.34466183,1.83838903,S=0,0,0,0.22222222
1022,5_2_6,seq_ABC,filter_l0.00,0.00,1.00000000,1,158,1,42,0,0.09000000,0.23402125,0.14795102,0.05870774,S=0,0,0,0.00000000
1022,5_2_6,seq_ABC,filter_l0.02,0.02,0.88000000,0,48,1,198,0,0.14000000,0.41061279,0.21756956,0.37990799,S=0,0,0,0.00000000
1022,5_2_6,seq_ABC,filter_l0.05,0.05,0.81000000,0,34,1,195,0,0.15666667,0.48356770,0.24637082,0.61562236,S=0,0,0,0.00000000
1022,5_2_6,seq_ABC,filter_l0.10,0.10,0.72000000,0,26,0,,1,0.22666667,0.66446358,0.34003166,0.86869954,not_aligned,0,0,0.00000000
1022,5_2_6,seq_ABC,filter_l0.20,0.20,0.54000000,0,18,1,199,0,0.36000000,0.92823780,0.46216883,1.12268725,S=0,0,0,0.22222222
1022,5_2_6,seq_ABC,filter_l0.50,0.50,0.34000000,0,6,0,,1,0.54333333,1.31837950,0.63453173,1.48997148,not_aligned,0,0,1.55555556
1022,5_2_6,seq_ABC,filter_l1.00,1.00,0.22000000,0,6,0,,1,0.64666667,1.60607777,0.71747517,1.77139751,not_aligned,0,0,0.22222222
1023,5_2_6,sync,hard,,0.00000000,0,1,0,,1,0.00000000,0.00000000,0.00000000,0.00000000,not_aligned,0,0,0.22222222
1023,5_2_6,sync,smooth,,0.36000000,0,7,0,,1,0.00000000,0.80632360,0.34466183,1.83838903,not_aligned,0,0,0.88888889
1023,5_2_6,sync,filter_l0.00,0.00,0.70000000,1,63,1,137,0,0.12333333,2.71157921,0.24664361,0.00401395,other_aligned,0,0,0.00000000
1023,5_2_6,sync,filter_l0.02,0.02,0.79000000,0,18,1,184,0,0.10000000,0.42170954,0.19203810,0.45139071,S=0,0,0,0.00000000
1023,5_2_6,sync,filter_l0.05,0.05,0.76000000,0,21,0,,1,0.12666667,0.47200362,0.23068596,0.68264939,not_aligned,0,0,0.88888889
1023,5_2_6,sync,filter_l0.10,0.10,0.66000000,0,24,1,197,0,0.26666667,0.79667976,0.39013506,0.95454041,S=0,0,0,0.00000000
1023,5_2_6,sync,filter_l0.20,0.20,0.61000000,0,11,1,197,0,0.38000000,1.02146573,0.50174025,1.18693350,S=0,0,0,0.00000000
1023,5_2_6,sync,filter_l0.50,0.50,0.35000000,0,13,1,199,0,0.52333333,1.32527636,0.61753600,1.52791878,S=0,0,0,0.22222222
1023,5_2_6,sync,filter_l1.00,1.00,0.27000000,0,4,0,,1,0.61333333,1.63990683,0.71066529,1.76134655,not_aligned,0,0,0.22222222
1023,5_2_6,seq_ABC,hard,,1.00000000,1,190,1,10,0,0.00000000,0.00000000,0.00000000,0.00000000,S=0,0,0,0.00000000
1023,5_2_6,seq_ABC,smooth,,0.47000000,0,17,0,,1,0.00000000,0.80632360,0.34466183,1.83838903,not_aligned,0,0,0.66666667
1023,5_2_6,seq_ABC,filter_l0.00,0.00,0.44000000,1,28,1,172,0,0.25000000,3.04886361,0.49218031,0.06577484,other_aligned,0,0,0.00000000
1023,5_2_6,seq_ABC,filter_l0.02,0.02,0.79000000,0,21,1,185,0,0.19666667,0.52290974,0.26976243,0.56123565,S=8,0,0,0.00000000
1023,5_2_6,seq_ABC,filter_l0.05,0.05,0.79000000,0,17,0,,1,0.13666667,0.45935880,0.22030154,0.67803741,not_aligned,0,0,0.88888889
1023,5_2_6,seq_ABC,filter_l0.10,0.10,0.64000000,0,14,1,197,0,0.25666667,0.80107977,0.39784675,0.94116324,S=0,0,0,0.00000000
1023,5_2_6,seq_ABC,filter_l0.20,0.20,0.64000000,0,12,1,197,0,0.34666667,0.95062362,0.46957180,1.17635719,S=0,0,0,0.00000000
1023,5_2_6,seq_ABC,filter_l0.50,0.50,0.46000000,0,9,1,199,0,0.51000000,1.30897961,0.61027620,1.51994445,S=0,0,0,0.22222222
1023,5_2_6,seq_ABC,filter_l1.00,1.00,0.24000000,0,3,0,,1,0.66666667,1.70729087,0.74525973,1.77126610,not_aligned,0,0,0.22222222
1024,5_2_6,sync,hard,,0.00000000,0,1,0,,1,0.00000000,0.00000000,0.00000000,0.00000000,not_aligned,0,0,0.22222222
1024,5_2_6,sync,smooth,,0.55000000,0,14,1,197,0,0.00000000,0.80632360,0.34466183,1.83838903,S=0,0,0,0.00000000
1024,5_2_6,sync,filter_l0.00,0.00,0.98000000,1,54,1,146,0,0.03333333,0.13451074,0.05660919,0.12525703,S=0,0,0,0.00000000
1024,5_2_6,sync,filter_l0.02,0.02,0.89000000,0,22,1,190,0,0.04000000,0.25335182,0.09836413,0.38203558,S=0,0,0,0.00000000
1024,5_2_6,sync,filter_l0.05,0.05,0.83000000,0,16,1,196,0,0.09333333,0.40393450,0.17986633,0.63146077,S=0,0,0,0.00000000
1024,5_2_6,sync,filter_l0.10,0.10,0.77000000,0,19,1,197,0,0.19666667,0.61243964,0.30185850,0.88496057,S=0,0,0,0.00000000
1024,5_2_6,sync,filter_l0.20,0.20,0.63000000,0,16,1,198,0,0.29333333,0.88424620,0.42984713,1.17390712,S=0,0,0,0.00000000
1024,5_2_6,sync,filter_l0.50,0.50,0.35000000,0,10,1,198,0,0.46333333,1.30378653,0.60421433,1.53101543,S=0,0,0,0.00000000
1024,5_2_6,sync,filter_l1.00,1.00,0.29000000,0,6,1,196,0,0.61333333,1.66361322,0.71586036,1.74728559,S=0,0,0,0.00000000
1024,5_2_6,seq_ABC,hard,,1.00000000,1,190,1,10,0,0.00000000,0.00000000,0.00000000,0.00000000,S=0,0,0,0.00000000
1024,5_2_6,seq_ABC,smooth,,0.36000000,0,12,0,,1,0.00000000,0.80632360,0.34466183,1.83838903,not_aligned,0,0,0.00000000
1024,5_2_6,seq_ABC,filter_l0.00,0.00,0.70000000,1,56,1,144,0,0.51000000,2.26433790,0.85942423,0.24830904,S=0,0,0,0.00000000
1024,5_2_6,seq_ABC,filter_l0.02,0.02,0.91000000,0,24,1,190,0,0.03333333,0.22237786,0.08710229,0.38223411,S=0,0,0,0.00000000
1024,5_2_6,seq_ABC,filter_l0.05,0.05,0.82000000,0,16,1,196,0,0.09666667,0.42255831,0.18676137,0.63346861,S=0,0,0,0.00000000
1024,5_2_6,seq_ABC,filter_l0.10,0.10,0.81000000,0,19,1,196,0,0.16000000,0.56921948,0.27193455,0.88966033,S=0,0,0,0.00000000
1024,5_2_6,seq_ABC,filter_l0.20,0.20,0.65000000,0,12,1,198,0,0.30333333,0.89128996,0.43605800,1.17712745,S=0,0,0,0.00000000
1024,5_2_6,seq_ABC,filter_l0.50,0.50,0.41000000,0,10,1,199,0,0.45000000,1.27486240,0.58692113,1.51889401,S=0,0,0,0.22222222
1024,5_2_6,seq_ABC,filter_l1.00,1.00,0.15000000,0,4,1,199,0,0.61333333,1.69110122,0.72716306,1.76793765,S=0,0,0,0.22222222
1025,5_2_6,sync,hard,,0.00000000,0,1,0,,1,0.00000000,0.00000000,0.00000000,0.00000000,not_aligned,0,0,0.22222222
1025,5_2_6,sync,smooth,,0.71000000,0,15,1,195,0,0.00000000,0.80632360,0.34466183,1.83838903,S=0,0,0,0.00000000
1025,5_2_6,sync,filter_l0.00,0.00,1.00000000,1,114,1,86,0,0.00000000,0.01328084,0.00228154,0.04448636,S=0,0,0,0.00000000
1025,5_2_6,sync,filter_l0.02,0.02,0.94000000,0,46,1,198,0,0.02666667,0.21523064,0.08555819,0.41521595,S=0,0,0,0.00000000
1025,5_2_6,sync,filter_l0.05,0.05,0.86000000,0,28,1,198,0,0.10000000,0.44789840,0.20775846,0.67404026,S=0,0,0,0.00000000
1025,5_2_6,sync,filter_l0.10,0.10,0.84000000,0,26,1,198,0,0.18666667,0.61102451,0.30237181,0.90192015,S=0,0,0,0.00000000
1025,5_2_6,sync,filter_l0.20,0.20,0.69000000,0,17,1,199,0,0.31333333,0.87698328,0.43098123,1.15697971,S=0,0,0,0.22222222
1025,5_2_6,sync,filter_l0.50,0.50,0.54000000,0,8,1,198,0,0.48333333,1.25950278,0.58925836,1.50478018,S=0,0,0,0.00000000
1025,5_2_6,sync,filter_l1.00,1.00,0.35000000,0,5,0,,1,0.63333333,1.64238454,0.71487509,1.75380741,not_aligned,0,0,0.22222222
1025,5_2_6,seq_ABC,hard,,1.00000000,1,193,1,7,0,0.00000000,0.00000000,0.00000000,0.00000000,S=0,0,0,0.00000000
1025,5_2_6,seq_ABC,smooth,,0.61000000,0,21,0,,1,0.00000000,0.80632360,0.34466183,1.83838903,not_aligned,0,0,0.22222222
1025,5_2_6,seq_ABC,filter_l0.00,0.00,1.00000000,1,114,1,86,0,0.00000000,0.01328785,0.00228155,0.04455239,S=0,0,0,0.00000000
1025,5_2_6,seq_ABC,filter_l0.02,0.02,0.93000000,0,32,1,198,0,0.02666667,0.21094080,0.08412571,0.41476994,S=0,0,0,0.00000000
1025,5_2_6,seq_ABC,filter_l0.05,0.05,0.85000000,0,18,1,198,0,0.10333333,0.44794694,0.21005764,0.67619183,S=0,0,0,0.00000000
1025,5_2_6,seq_ABC,filter_l0.10,0.10,0.83000000,0,22,1,198,0,0.18666667,0.60755015,0.30345605,0.90520074,S=0,0,0,0.00000000
1025,5_2_6,seq_ABC,filter_l0.20,0.20,0.67000000,0,13,1,199,0,0.34000000,0.89504352,0.44512463,1.16506474,S=0,0,0,0.22222222
1025,5_2_6,seq_ABC,filter_l0.50,0.50,0.59000000,0,8,1,198,0,0.49666667,1.27171348,0.59748005,1.49550639,S=0,0,0,0.00000000
1025,5_2_6,seq_ABC,filter_l1.00,1.00,0.39000000,0,5,1,198,0,0.61000000,1.62069364,0.70367775,1.75120399,S=0,0,0,0.00000000
1026,5_2_6,sync,hard,,1.00000000,1,179,1,21,0,0.00000000,0.00000000,0.00000000,0.00000000,other_aligned,0,0,0.00000000
1026,5_2_6,sync,smooth,,0.30000000,0,13,0,,1,0.00000000,0.80632360,0.34466183,1.83838903,not_aligned,0,0,0.88888889
1026,5_2_6,sync,filter_l0.00,0.00,1.00000000,1,163,1,37,0,0.00000000,0.00001574,0.00000002,0.00014348,S=0,0,0,0.00000000
1026,5_2_6,sync,filter_l0.02,0.02,0.87000000,0,18,1,192,0,0.06333333,0.28692290,0.11964405,0.42070658,S=0,0,0,0.00000000
1026,5_2_6,sync,filter_l0.05,0.05,0.83000000,0,36,1,190,0,0.13666667,0.43858023,0.20143156,0.67568666,S=0,0,0,0.00000000
1026,5_2_6,sync,filter_l0.10,0.10,0.72000000,0,18,1,199,0,0.20666667,0.67120906,0.31587724,0.91883854,S=0,0,0,0.22222222
1026,5_2_6,sync,filter_l0.20,0.20,0.62000000,0,13,1,199,0,0.29333333,0.91517073,0.44042544,1.16261549,S=0,0,0,0.22222222
1026,5_2_6,sync,filter_l0.50,0.50,0.32000000,0,7,0,,1,0.52000000,1.36512130,0.64051521,1.53102199,not_aligned,0,0,0.22222222
1026,5_2_6,sync,filter_l1.00,1.00,0.21000000,0,3,0,,1,0.65333333,1.71312119,0.75280948,1.78095980,not_aligned,0,0,0.00000000
1026,5_2_6,seq_ABC,hard,,1.00000000,1,190,1,10,0,0.00000000,0.00000000,0.00000000,0.00000000,S=0,0,0,0.00000000
1026,5_2_6,seq_ABC,smooth,,0.39000000,0,18,1,198,0,0.00000000,0.80632360,0.34466183,1.83838903,S=8,0,0,0.00000000
1026,5_2_6,seq_ABC,filter_l0.00,0.00,1.00000000,1,111,1,89,0,0.00000000,0.02422879,0.00677364,0.06869502,S=0,0,0,0.00000000
1026,5_2_6,seq_ABC,filter_l0.02,0.02,0.86000000,0,36,1,192,0,0.07333333,0.28696728,0.12250617,0.43633687,S=0,0,0,0.00000000
1026,5_2_6,seq_ABC,filter_l0.05,0.05,0.82000000,0,18,1,196,0,0.13333333,0.44665739,0.20507678,0.67559737,S=0,0,0,0.00000000
1026,5_2_6,seq_ABC,filter_l0.10,0.10,0.72000000,0,19,1,199,0,0.21333333,0.66667585,0.32520948,0.93011342,S=0,0,0,0.22222222
1026,5_2_6,seq_ABC,filter_l0.20,0.20,0.62000000,0,15,1,199,0,0.32666667,0.93891734,0.45764190,1.17325776,S=0,0,0,0.22222222
1026,5_2_6,seq_ABC,filter_l0.50,0.50,0.26000000,0,6,0,,1,0.54333333,1.38665547,0.65178079,1.54917778,not_aligned,0,0,0.22222222
1026,5_2_6,seq_ABC,filter_l1.00,1.00,0.21000000,0,4,0,,1,0.61333333,1.66058112,0.72385849,1.76818605,not_aligned,0,0,0.66666667
1027,5_2_6,sync,hard,,1.00000000,1,182,1,18,0,0.00000000,0.00000000,0.00000000,0.00000000,S=0,0,0,0.00000000
1027,5_2_6,sync,smooth,,0.42000000,0,22,1,198,0,0.00000000,0.80632360,0.34466183,1.83838903,S=0,0,0,0.00000000
1027,5_2_6,sync,filter_l0.00,0.00,1.00000000,1,124,1,76,0,0.06666667,0.15412538,0.09244941,0.21631950,S=0,0,0,0.00000000
1027,5_2_6,sync,filter_l0.02,0.02,0.84000000,0,18,1,191,0,0.23333333,0.55430961,0.30832434,0.55344484,S=0,0,0,0.00000000
1027,5_2_6,sync,filter_l0.05,0.05,0.77000000,0,18,1,196,0,0.28666667,0.68718302,0.35905773,0.78705402,S=0,0,0,0.00000000
1027,5_2_6,sync,filter_l0.10,0.10,0.59000000,0,10,0,,1,0.36666667,0.96011489,0.47167512,1.04914566,not_aligned,0,0,0.00000000
1027,5_2_6,sync,filter_l0.20,0.20,0.66000000,0,11,1,198,0,0.37666667,1.03020775,0.49323200,1.22071362,S=0,0,0,0.00000000
1027,5_2_6,sync,filter_l0.50,0.50,0.40000000,0,6,1,198,0,0.50333333,1.37546509,0.62472399,1.54400685,S=0,0,0,0.00000000
1027,5_2_6,sync,filter_l1.00,1.00,0.20000000,0,4,0,,1,0.65333333,1.71108152,0.73797763,1.77629591,not_aligned,0,0,0.88888889
1027,5_2_6,seq_ABC,hard,,1.00000000,1,194,1,6,0,0.00000000,0.00000000,0.00000000,0.00000000,S=0,0,0,0.00000000
1027,5_2_6,seq_ABC,smooth,,0.22000000,0,13,0,,1,0.00000000,0.80632360,0.34466183,1.83838903,not_aligned,0,0,0.22222222
1027,5_2_6,seq_ABC,filter_l0.00,0.00,1.00000000,1,145,1,55,0,0.04333333,0.09648183,0.05663890,0.14428012,S=0,0,0,0.00000000
1027,5_2_6,seq_ABC,filter_l0.02,0.02,0.85000000,0,19,1,191,0,0.21666667,0.53193910,0.28102996,0.53967897,S=0,0,0,0.00000000
1027,5_2_6,seq_ABC,filter_l0.05,0.05,0.75000000,0,19,1,194,0,0.26000000,0.68619484,0.34383497,0.77147279,S=0,0,0,0.00000000
1027,5_2_6,seq_ABC,filter_l0.10,0.10,0.56000000,0,11,0,,1,0.34666667,0.95946074,0.45915078,1.01055249,not_aligned,0,0,0.88888889
1027,5_2_6,seq_ABC,filter_l0.20,0.20,0.59000000,0,7,0,,1,0.37666667,1.06300413,0.50562031,1.22769804,not_aligned,0,0,0.22222222
1027,5_2_6,seq_ABC,filter_l0.50,0.50,0.36000000,0,6,0,,1,0.52000000,1.40916315,0.64157785,1.54714992,not_aligned,0,0,0.22222222
1027,5_2_6,seq_ABC,filter_l1.00,1.00,0.25000000,0,4,0,,1,0.65666667,1.72662356,0.74427927,1.78086304,not_aligned,0,0,0.00000000
1028,5_2_6,sync,hard,,1.00000000,1,184,1,16,0,0.00000000,0.00000000,0.00000000,0.00000000,other_aligned,0,0,0.00000000
1028,5_2_6,sync,smooth,,0.14000000,0,6,0,,1,0.00000000,0.80632360,0.34466183,1.83838903,not_aligned,0,0,2.00000000
1028,5_2_6,sync,filter_l0.00,0.00,1.00000000,1,185,1,15,0,0.00000000,0.00007047,0.00000008,0.00062713,S=0,0,0,0.00000000
1028,5_2_6,sync,filter_l0.02,0.02,0.85000000,0,15,1,190,0,0.07666667,0.33396623,0.15591184,0.56681536,S=0,0,0,0.00000000
1028,5_2_6,sync,filter_l0.05,0.05,0.73000000,0,11,1,193,0,0.21000000,0.64246426,0.32434741,0.87920127,S=0,0,0,0.00000000
1028,5_2_6,sync,filter_l0.10,0.10,0.51000000,0,7,1,197,0,0.35666667,0.95221508,0.46842148,1.11562147,S=0,0,0,0.00000000
1028,5_2_6,sync,filter_l0.20,0.20,0.39000000,0,6,1,199,0,0.47666667,1.25423436,0.60330648,1.35977034,S=0,0,0,0.22222222
1028,5_2_6,sync,filter_l0.50,0.50,0.21000000,0,3,1,199,0,0.57333333,1.49481116,0.67996299,1.59563991,S=0,0,0,0.22222222
1028,5_2_6,sync,filter_l1.00,1.00,0.10000000,0,4,0,,1,0.72000000,1.90008741,0.81587675,1.81892072,not_aligned,0,0,0.22222222
1028,5_2_6,seq_ABC,hard,,1.00000000,1,195,1,5,0,0.00000000,0.00000000,0.00000000,0.00000000,S=0,0,0,0.00000000
1028,5_2_6,seq_ABC,smooth,,0.28000000,0,12,0,,1,0.00000000,0.80632360,0.34466183,1.83838903,not_aligned,0,0,0.88888889
1028,5_2_6,seq_ABC,filter_l0.00,0.00,1.00000000,1,185,1,15,0,0.00000000,0.00092401,0.00002958,0.00497802,S=0,0,0,0.00000000
1028,5_2_6,seq_ABC,filter_l0.02,0.02,0.83000000,0,10,1,190,0,0.08000000,0.33401131,0.15392780,0.56403787,S=0,0,0,0.00000000
1028,5_2_6,seq_ABC,filter_l0.05,0.05,0.78000000,0,16,1,191,0,0.16666667,0.57957161,0.28431489,0.85782714,S=0,0,0,0.00000000
1028,5_2_6,seq_ABC,filter_l0.10,0.10,0.60000000,0,8,1,193,0,0.29333333,0.88991248,0.43722168,1.10564324,S=0,0,0,0.00000000
1028,5_2_6,seq_ABC,filter_l0.20,0.20,0.42000000,0,5,1,198,0,0.43666667,1.17801253,0.56911365,1.32065264,S=0,0,0,0.00000000
1028,5_2_6,seq_ABC,filter_l0.50,0.50,0.30000000,0,4,1,199,0,0.54666667,1.44332965,0.65773766,1.57857329,S=0,0,0,0.22222222
1028,5_2_6,seq_ABC,filter_l1.00,1.00,0.18000000,0,6,0,,1,0.65000000,1.78680908,0.76131885,1.78413086,not_aligned,0,0,0.22222222
1029,5_2_6,sync,hard,,0.00000000,0,1,0,,1,0.00000000,0.00000000,0.00000000,0.00000000,not_aligned,0,0,0.22222222
1029,5_2_6,sync,smooth,,0.06000000,0,8,0,,1,0.00000000,0.80632360,0.34466183,1.83838903,not_aligned,0,0,0.66666667
1029,5_2_6,sync,filter_l0.00,0.00,1.00000000,1,127,1,73,0,0.14666667,0.29846987,0.19541050,0.22235986,S=0,0,0,0.00000000
1029,5_2_6,sync,filter_l0.02,0.02,0.89000000,0,24,1,193,0,0.08666667,0.33119926,0.14372891,0.45565982,S=0,0,0,0.00000000
1029,5_2_6,sync,filter_l0.05,0.05,0.81000000,0,21,1,194,0,0.17333333,0.56278753,0.28054952,0.73874465,S=0,0,0,0.00000000
1029,5_2_6,sync,filter_l0.10,0.10,0.58000000,0,18,1,199,0,0.35333333,0.92219947,0.46435138,1.01427637,S=0,0,0,0.22222222
1029,5_2_6,sync,filter_l0.20,0.20,0.49000000,0,13,0,,1,0.42666667,1.09981055,0.53767555,1.23650946,not_aligned,0,0,0.88888889
1029,5_2_6,sync,filter_l0.50,0.50,0.30000000,0,8,1,199,0,0.57333333,1.45965820,0.67510302,1.60571367,S=0,0,0,0.22222222
1029,5_2_6,sync,filter_l1.00,1.00,0.24000000,0,4,1,199,0,0.66333333,1.66498094,0.73233371,1.77834139,S=0,0,0,0.22222222
1029,5_2_6,seq_ABC,hard,,1.00000000,1,184,1,16,0,0.00000000,0.00000000,0.00000000,0.00000000,S=0,0,0,0.00000000
1029,5_2_6,seq_ABC,smooth,,0.39000000,0,13,0,,1,0.00000000,0.80632360,0.34466183,1.83838903,not_aligned,0,0,2.88888889
1029,5_2_6,seq_ABC,filter_l0.00,0.00,0.25000000,0,5,1,196,0,0.37666667,1.72766474,0.63103289,0.17686277,other_aligned,0,0,0.00000000
1029,5_2_6,seq_ABC,filter_l0.02,0.02,0.90000000,0,35,1,193,0,0.08666667,0.31045042,0.13532134,0.44394794,S=0,0,0,0.00000000
1029,5_2_6,seq_ABC,filter_l0.05,0.05,0.84000000,0,17,1,193,0,0.15000000,0.51959703,0.24893851,0.71209841,S=0,0,0,0.00000000
1029,5_2_6,seq_ABC,filter_l0.10,0.10,0.77000000,0,25,1,198,0,0.24333333,0.74311560,0.36464056,0.97384816,S=0,0,0,0.00000000
1029,5_2_6,seq_ABC,filter_l0.20,0.20,0.48000000,0,13,1,199,0,0.41333333,1.12932153,0.55916470,1.26802090,S=0,0,0,0.22222222
1029,5_2_6,seq_ABC,filter_l0.50,0.50,0.30000000,0,6,0,,1,0.57333333,1.43450225,0.67460391,1.57468038,not_aligned,0,0,0.88888889
1029,5_2_6,seq_ABC,filter_l1.00,1.00,0.13000000,0,4,0,,1,0.60666667,1.73655905,0.75351421,1.80590433,not_aligned,0,0,0.22222222
1030,5_2_6,sync,hard,,0.00000000,0,1,0,,1,0.00000000,0.00000000,0.00000000,0.00000000,not_aligned,0,0,0.22222222
1030,5_2_6,sync,smooth,,0.44000000,0,16,0,,1,0.00000000,0.80632360,0.34466183,1.83838903,not_aligned,0,0,0.22222222
1030,5_2_6,sync,filter_l0.00,0.00,1.00000000,1,164,1,36,0,0.00000000,0.00002295,0.00000001,0.00023028,S=0,0,0,0.00000000
1030,5_2_6,sync,filter_l0.02,0.02,0.90000000,1,25,1,175,0,0.03666667,0.22458798,0.08986634,0.42707627,S=0,0,0,0.00000000
1030,5_2_6,sync,filter_l0.05,0.05,0.85000000,0,22,0,,1,0.07666667,0.38869448,0.17629635,0.69895677,not_aligned,0,0,0.22222222
1030,5_2_6,sync,filter_l0.10,0.10,0.78000000,0,16,0,,1,0.18000000,0.63265322,0.31063952,0.94204946,not_aligned,0,0,0.22222222
1030,5_2_6,sync,filter_l0.20,0.20,0.59000000,0,11,0,,1,0.32000000,0.94567760,0.45973590,1.21086983,not_aligned,0,0,0.22222222
1030,5_2_6,sync,filter_l0.50,0.50,0.33000000,0,10,0,,1,0.49000000,1.32062524,0.61324544,1.53141856,not_aligned,0,0,0.00000000
1030,5_2_6,sync,filter_l1.00,1.00,0.31000000,0,5,0,,1,0.59666667,1.61722713,0.70399536,1.76336058,not_aligned,0,0,0.22222222
1030,5_2_6,seq_ABC,hard,,1.00000000,1,195,1,5,0,0.00000000,0.00000000,0.00000000,0.00000000,S=0,0,0,0.00000000
1030,5_2_6,seq_ABC,smooth,,0.60000000,0,20,1,192,0,0.00000000,0.80632360,0.34466183,1.83838903,S=8,0,0,0.00000000
1030,5_2_6,seq_ABC,filter_l0.00,0.00,1.00000000,1,161,1,39,0,0.00000000,0.00024858,0.00000175,0.00180903,S=0,0,0,0.00000000
1030,5_2_6,seq_ABC,filter_l0.02,0.02,0.92000000,1,40,1,160,0,0.03000000,0.21427278,0.08102575,0.42486792,S=0,0,0,0.00000000
1030,5_2_6,seq_ABC,filter_l0.05,0.05,0.87000000,0,22,0,,1,0.07666667,0.39839817,0.17667087,0.69751149,not_aligned,0,0,0.22222222
1030,5_2_6,seq_ABC,filter_l0.10,0.10,0.79000000,0,19,0,,1,0.19333333,0.65911169,0.32772182,0.95823799,not_aligned,0,0,0.22222222
1030,5_2_6,seq_ABC,filter_l0.20,0.20,0.66000000,0,11,0,,1,0.32666667,0.96582448,0.47630568,1.22168395,not_aligned,0,0,0.22222222
1030,5_2_6,seq_ABC,filter_l0.50,0.50,0.42000000,0,7,0,,1,0.53333333,1.35790490,0.63705875,1.54096759,not_aligned,0,0,0.22222222
1030,5_2_6,seq_ABC,filter_l1.00,1.00,0.21000000,0,4,0,,1,0.64666667,1.65760982,0.72582028,1.76829705,not_aligned,0,0,0.22222222
1031,5_2_6,sync,hard,,1.00000000,1,180,1,20,0,0.00000000,0.00000000,0.00000000,0.00000000,S=0,0,0,0.00000000
1031,5_2_6,sync,smooth,,0.08000000,0,2,0,,1,0.00000000,0.80632360,0.34466183,1.83838903,not_aligned,0,0,1.55555556
1031,5_2_6,sync,filter_l0.00,0.00,0.86000000,1,68,1,132,0,0.10333333,0.75757475,0.17359947,0.05136574,other_aligned,0,0,0.00000000
1031,5_2_6,sync,filter_l0.02,0.02,0.87000000,0,28,0,,1,0.05000000,0.22711077,0.09767481,0.35277428,not_aligned,0,0,0.22222222
1031,5_2_6,sync,filter_l0.05,0.05,0.81000000,0,28,0,,1,0.06666667,0.37077085,0.16124319,0.57486489,not_aligned,0,0,0.22222222
1031,5_2_6,sync,filter_l0.10,0.10,0.78000000,0,26,0,,1,0.11333333,0.53514487,0.24118159,0.82373845,not_aligned,0,0,0.00000000
1031,5_2_6,sync,filter_l0.20,0.20,0.44000000,0,12,0,,1,0.52000000,1.19615852,0.61103538,1.29827156,not_aligned,0,0,0.22222222
1031,5_2_6,sync,filter_l0.50,0.50,0.42000000,0,10,0,,1,0.40666667,1.21770819,0.56708540,1.47953591,not_aligned,0,0,0.00000000
1031,5_2_6,sync,filter_l1.00,1.00,0.25000000,0,6,0,,1,0.66666667,1.68638755,0.73375093,1.77641424,not_aligned,0,0,0.22222222
1031,5_2_6,seq_ABC,hard,,1.00000000,1,194,1,6,0,0.00000000,0.00000000,0.00000000,0.00000000,S=0,0,0,0.00000000
1031,5_2_6,seq_ABC,smooth,,0.41000000,0,8,0,,1,0.00000000,0.80632360,0.34466183,1.83838903,not_aligned,0,0,0.22222222
1031,5_2_6,seq_ABC,filter_l0.00,0.00,0.97000000,1,58,1,142,0,0.01333333,0.08814912,0.02658943,0.00325691,other_aligned,0,0,0.00000000
1031,5_2_6,seq_ABC,filter_l0.02,0.02,0.70000000,0,23,1,193,0,0.33000000,0.82480701,0.49243935,0.61643060,S=8,0,0,0.00000000
1031,5_2_6,seq_ABC,filter_l0.05,0.05,0.83000000,0,28,0,,1,0.06333333,0.34727355,0.15360351,0.59682160,not_aligned,0,0,0.22222222
1031,5_2_6,seq_ABC,filter_l0.10,0.10,0.77000000,0,26,0,,1,0.12000000,0.54147974,0.25560702,0.85273933,not_aligned,0,0,0.00000000
1031,5_2_6,seq_ABC,filter_l0.20,0.20,0.53000000,0,12,0,,1,0.45000000,1.08905860,0.55362511,1.26846247,not_aligned,0,0,0.22222222
1031,5_2_6,seq_ABC,filter_l0.50,0.50,0.48000000,0,7,0,,1,0.52666667,1.34293868,0.63697450,1.53657614,not_aligned,0,0,0.22222222
1031,5_2_6,seq_ABC,filter_l1.00,1.00,0.24000000,0,4,1,199,0,0.66333333,1.69921580,0.73912298,1.77651630,S=8,0,0,0.22222222
1032,5_2_6,sync,hard,,0.00000000,0,1,0,,1,0.00000000,0.00000000,0.00000000,0.00000000,not_aligned,0,0,0.22222222
1032,5_2_6,sync,smooth,,0.64000000,0,12,1,197,0,0.00000000,0.80632360,0.34466183,1.83838903,S=0,0,0,0.00000000
1032,5_2_6,sync,filter_l0.00,0.00,1.00000000,1,173,1,27,0,0.00000000,0.00099413,0.00002750,0.00575229,S=0,0,0,0.00000000
1032,5_2_6,sync,filter_l0.02,0.02,0.89000000,0,25,1,186,0,0.04000000,0.24795957,0.09733236,0.33517051,S=0,0,0,0.00000000
1032,5_2_6,sync,filter_l0.05,0.05,0.79000000,0,19,1,197,0,0.11666667,0.43797592,0.20824620,0.58893507,S=0,0,0,0.00000000
1032,5_2_6,sync,filter_l0.10,0.10,0.74000000,0,18,1,189,0,0.17000000,0.55686123,0.27489565,0.82104508,S=0,0,0,0.00000000
1032,5_2_6,sync,filter_l0.20,0.20,0.73000000,0,14,1,186,0,0.19666667,0.70312918,0.34038811,1.08915608,S=0,0,0,0.00000000
1032,5_2_6,sync,filter_l0.50,0.50,0.49000000,0,9,1,199,0,0.40666667,1.15735019,0.55565263,1.47772033,S=0,0,0,0.22222222
1032,5_2_6,sync,filter_l1.00,1.00,0.20000000,0,8,0,,1,0.62000000,1.62618281,0.72012237,1.76552334,not_aligned,0,0,0.22222222
1032,5_2_6,seq_ABC,hard,,1.00000000,1,194,1,6,0,0.00000000,0.00000000,0.00000000,0.00000000,S=0,0,0,0.00000000
1032,5_2_6,seq_ABC,smooth,,0.49000000,0,11,1,197,0,0.00000000,0.80632360,0.34466183,1.83838903,S=0,0,0,0.00000000
1032,5_2_6,seq_ABC,filter_l0.00,0.00,1.00000000,1,122,1,78,0,0.00000000,0.00618158,0.00110698,0.02263428,S=0,0,0,0.00000000
1032,5_2_6,seq_ABC,filter_l0.02,0.02,0.90000000,0,18,1,183,0,0.04333333,0.24802266,0.10107544,0.34698398,S=0,0,0,0.00000000
1032,5_2_6,seq_ABC,filter_l0.05,0.05,0.80000000,0,22,1,189,0,0.11666667,0.42661550,0.20669162,0.59049108,S=0,0,0,0.00000000
1032,5_2_6,seq_ABC,filter_l0.10,0.10,0.76000000,0,15,1,197,0,0.16666667,0.55907570,0.27503051,0.82648336,S=0,0,0,0.00000000
1032,5_2_6,seq_ABC,filter_l0.20,0.20,0.72000000,0,14,1,186,0,0.20333333,0.70886061,0.34422988,1.09948619,S=0,0,0,0.00000000
1032,5_2_6,seq_ABC,filter_l0.50,0.50,0.52000000,0,6,1,199,0,0.42666667,1.17326297,0.56118866,1.48791426,S=0,0,0,0.22222222
1032,5_2_6,seq_ABC,filter_l1.00,1.00,0.29000000,0,7,0,,1,0.61000000,1.59184030,0.70153380,1.75464349,not_aligned,0,0,0.22222222
1033,5_2_6,sync,hard,,1.00000000,1,182,1,18,0,0.00000000,0.00000000,0.00000000,0.00000000,S=0,0,0,0.00000000
1033,5_2_6,sync,smooth,,0.45000000,0,9,1,199,0,0.00000000,0.80632360,0.34466183,1.83838903,other_aligned,0,0,0.22222222
1033,5_2_6,sync,filter_l0.00,0.00,1.00000000,1,114,1,86,0,0.30333333,0.67540138,0.43702728,0.25102482,S=0,0,0,0.00000000
1033,5_2_6,sync,filter_l0.02,0.02,0.81000000,0,21,1,190,0,0.09666667,0.34556061,0.16611189,0.49895744,S=0,0,0,0.00000000
1033,5_2_6,sync,filter_l0.05,0.05,0.71000000,0,16,1,192,0,0.18666667,0.56816948,0.28815138,0.77755794,S=0,0,0,0.00000000
1033,5_2_6,sync,filter_l0.10,0.10,0.69000000,0,13,1,192,0,0.25666667,0.72069290,0.36739159,0.98339262,S=0,0,0,0.00000000
1033,5_2_6,sync,filter_l0.20,0.20,0.53000000,0,13,1,193,0,0.38333333,0.96897578,0.49182153,1.23447022,S=0,0,0,0.00000000
1033,5_2_6,sync,filter_l0.50,0.50,0.44000000,0,15,1,195,0,0.49333333,1.31145589,0.61041519,1.53894975,S=0,0,0,0.00000000
1033,5_2_6,sync,filter_l1.00,1.00,0.22000000,0,4,1,196,0,0.65000000,1.69922204,0.74031864,1.77470869,S=0,0,0,0.00000000
1033,5_2_6,seq_ABC,hard,,1.00000000,1,191,1,9,0,0.00000000,0.00000000,0.00000000,0.00000000,S=0,0,0,0.00000000
1033,5_2_6,seq_ABC,smooth,,0.19000000,0,10,1,194,0,0.00000000,0.80632360,0.34466183,1.83838903,S=0,0,0,0.00000000
1033,5_2_6,seq_ABC,filter_l0.00,0.00,0.91000000,1,52,1,148,0,0.74666667,3.20871109,1.24710134,0.23261671,S=0,0,0,0.00000000
1033,5_2_6,seq_ABC,filter_l0.02,0.02,0.83000000,0,21,1,190,0,0.12000000,0.37032326,0.18827800,0.51489378,S=0,0,0,0.00000000
1033,5_2_6,seq_ABC,filter_l0.05,0.05,0.77000000,0,22,1,192,0,0.17666667,0.53412163,0.27504460,0.76605932,S=0,0,0,0.00000000
1033,5_2_6,seq_ABC,filter_l0.10,0.10,0.71000000,0,13,1,192,0,0.23333333,0.69713271,0.35170661,0.96624449,S=0,0,0,0.00000000
1033,5_2_6,seq_ABC,filter_l0.20,0.20,0.55000000,0,13,1,193,0,0.37000000,0.95307087,0.47566402,1.23074932,S=0,0,0,0.00000000
1033,5_2_6,seq_ABC,filter_l0.50,0.50,0.44000000,0,12,1,195,0,0.47000000,1.29546759,0.60294784,1.53400527,S=0,0,0,0.00000000
1033,5_2_6,seq_ABC,filter_l1.00,1.00,0.29000000,0,5,1,196,0,0.65333333,1.69674201,0.73717807,1.77208894,S=0,0,0,0.00000000
1034,5_2_6,sync,hard,,0.00000000,0,1,0,,1,0.00000000,0.00000000,0.00000000,0.00000000,not_aligned,0,0,0.22222222
1034,5_2_6,sync,smooth,,0.35000000,0,14,1,199,0,0.00000000,0.80632360,0.34466183,1.83838903,S=0,0,0,0.22222222
1034,5_2_6,sync,filter_l0.00,0.00,1.00000000,1,177,1,23,0,0.00000000,0.00005795,0.00000008,0.00051459,S=0,0,0,0.00000000
1034,5_2_6,sync,filter_l0.02,0.02,0.84000000,0,15,1,198,0,0.11333333,0.40157006,0.18939017,0.53394476,S=0,0,0,0.00000000
1034,5_2_6,sync,filter_l0.05,0.05,0.77000000,0,20,1,198,0,0.20666667,0.63608109,0.32106633,0.78190368,S=0,0,0,0.00000000
1034,5_2_6,sync,filter_l0.10,0.10,0.65000000,0,11,0,,1,0.33666667,0.89056322,0.45379723,1.02601526,not_aligned,0,0,0.88888889
1034,5_2_6,sync,filter_l0.20,0.20,0.53000000,0,9,0,,1,0.41000000,1.12353479,0.54784609,1.26052518,not_aligned,0,0,0.66666667
1034,5_2_6,sync,filter_l0.50,0.50,0.36000000,0,8,0,,1,0.55000000,1.46068175,0.66441288,1.58225549,not_aligned,0,0,0.66666667
1034,5_2_6,sync,filter_l1.00,1.00,0.27000000,0,4,1,199,0,0.63333333,1.74252488,0.74503736,1.78199804,S=0,0,0,0.22222222
1034,5_2_6,seq_ABC,hard,,1.00000000,1,189,1,11,0,0.00000000,0.00000000,0.00000000,0.00000000,S=0,0,0,0.00000000
1034,5_2_6,seq_ABC,smooth,,0.01000000,0,12,0,,1,0.00000000,0.80632360,0.34466183,1.83838903,not_aligned,0,0,2.00000000
1034,5_2_6,seq_ABC,filter_l0.00,0.00,1.00000000,1,185,1,15,0,0.00000000,0.00005795,0.00000008,0.00051459,S=0,0,0,0.00000000
1034,5_2_6,seq_ABC,filter_l0.02,0.02,0.84000000,0,15,1,198,0,0.10666667,0.38511854,0.17924443,0.51812337,S=0,0,0,0.00000000
1034,5_2_6,seq_ABC,filter_l0.05,0.05,0.78000000,0,20,1,198,0,0.19000000,0.60759539,0.29833746,0.78030427,S=0,0,0,0.00000000
1034,5_2_6,seq_ABC,filter_l0.10,0.10,0.64000000,0,8,1,198,0,0.37000000,0.90807472,0.46962490,1.05377895,S=0,0,0,0.00000000
1034,5_2_6,seq_ABC,filter_l0.20,0.20,0.59000000,0,10,1,198,0,0.39666667,1.07593881,0.52286446,1.26138450,S=0,0,0,0.00000000
1034,5_2_6,seq_ABC,filter_l0.50,0.50,0.39000000,0,8,0,,1,0.55333333,1.43316966,0.66353167,1.56883068,not_aligned,0,0,0.66666667
1034,5_2_6,seq_ABC,filter_l1.00,1.00,0.29000000,0,7,1,198,0,0.61666667,1.71818171,0.73517148,1.77251234,S=0,0,0,0.00000000
1035,5_2_6,sync,hard,,1.00000000,1,184,1,16,0,0.00000000,0.00000000,0.00000000,0.00000000,other_aligned,0,0,0.00000000
1035,5_2_6,sync,smooth,,0.62000000,0,18,1,197,0,0.00000000,0.80632360,0.34466183,1.83838903,S=0,0,0,0.00000000
1035,5_2_6,sync,filter_l0.00,0.00,0.32000000,1,22,1,178,0,0.70333333,5.69370368,1.29832526,0.17518334,S=0,0,0,0.00000000
1035,5_2_6,sync,filter_l0.02,0.02,0.93000000,0,35,1,194,0,0.03000000,0.20153140,0.07578396,0.38726444,S=0,0,0,0.00000000
1035,5_2_6,sync,filter_l0.05,0.05,0.91000000,0,20,1,194,0,0.06333333,0.36890696,0.16090177,0.66897430,S=0,0,0,0.00000000
1035,5_2_6,sync,filter_l0.10,0.10,0.72000000,0,16,1,199,0,0.20333333,0.70224449,0.34386048,0.92653129,S=0,0,0,0.22222222
1035,5_2_6,sync,filter_l0.20,0.20,0.71000000,0,16,1,197,0,0.27000000,0.88011202,0.42438041,1.18672324,S=0,0,0,0.00000000
1035,5_2_6,sync,filter_l0.50,0.50,0.45000000,0,6,0,,1,0.47666667,1.31082589,0.60506787,1.52118462,not_aligned,0,0,2.00000000
1035,5_2_6,sync,filter_l1.00,1.00,0.20000000,0,6,0,,1,0.62666667,1.68364939,0.72223440,1.76025933,not_aligned,0,0,0.88888889
1035,5_2_6,seq_ABC,hard,,1.00000000,1,194,1,6,0,0.00000000,0.00000000,0.00000000,0.00000000,S=0,0,0,0.00000000
1035,5_2_6,seq_ABC,smooth,,0.54000000,0,11,1,199,0,0.00000000,0.80632360,0.34466183,1.83838903,S=0,0,0,0.22222222
1035,5_2_6,seq_ABC,filter_l0.00,0.00,0.08000000,0,4,0,,1,0.58333333,7.19849644,1.13133684,0.09439577,not_aligned,0,0,0.22222222
1035,5_2_6,seq_ABC,filter_l0.02,0.02,0.92000000,0,32,1,194,0,0.04666667,0.24753662,0.10575085,0.40769196,S=0,0,0,0.00000000
1035,5_2_6,seq_ABC,filter_l0.05,0.05,0.91000000,0,20,1,194,0,0.05333333,0.35239434,0.15175656,0.67020482,S=0,0,0,0.00000000
1035,5_2_6,seq_ABC,filter_l0.10,0.10,0.77000000,0,16,1,194,0,0.17333333,0.65107618,0.32117316,0.92356265,S=0,0,0,0.00000000
1035,5_2_6,seq_ABC,filter_l0.20,0.20,0.70000000,0,16,1,199,0,0.26666667,0.92167293,0.45302084,1.17242374,S=0,0,0,0.22222222
1035,5_2_6,seq_ABC,filter_l0.50,0.50,0.49000000,0,6,1,199,0,0.48333333,1.30437663,0.60927592,1.50201196,S=0,0,0,0.22222222
1035,5_2_6,seq_ABC,filter_l1.00,1.00,0.30000000,0,7,1,199,0,0.61666667,1.65675575,0.71511773,1.75543909,S=0,0,0,0.22222222
1036,5_2_6,sync,hard,,0.00000000,0,1,0,,1,0.00000000,0.00000000,0.00000000,0.00000000,not_aligned,0,0,0.22222222
1036,5_2_6,sync,smooth,,0.15000000,0,13,1,198,0,0.00000000,0.80632360,0.34466183,1.83838903,S=0,0,0,0.00000000
1036,5_2_6,sync,filter_l0.00,0.00,1.00000000,1,142,1,58,0,0.05333333,0.11648776,0.07342184,0.14134636,S=0,0,0,0.00000000
1036,5_2_6,sync,filter_l0.02,0.02,0.92000000,0,44,1,197,0,0.04000000,0.23095006,0.09314198,0.47142000,S=0,0,0,0.00000000
1036,5_2_6,sync,filter_l0.05,0.05,0.84000000,0,18,1,197,0,0.11666667,0.47296648,0.22861190,0.75664177,S=0,0,0,0.00000000
1036,5_2_6,sync,filter_l0.10,0.10,0.79000000,0,18,1,198,0,0.19000000,0.65553860,0.31839285,0.97879554,S=0,0,0,0.00000000
1036,5_2_6,sync,filter_l0.20,0.20,0.72000000,0,14,1,198,0,0.33333333,0.92546008,0.44317534,1.22157109,S=0,0,0,0.00000000
1036,5_2_6,sync,filter_l0.50,0.50,0.37000000,0,9,1,198,0,0.50000000,1.35154222,0.61891969,1.55298484,S=0,0,0,0.00000000
1036,5_2_6,sync,filter_l1.00,1.00,0.18000000,0,6,0,,1,0.68333333,1.74366360,0.75198233,1.78198675,not_aligned,0,0,0.22222222
1036,5_2_6,seq_ABC,hard,,1.00000000,1,190,1,10,0,0.00000000,0.00000000,0.00000000,0.00000000,S=0,0,0,0.00000000
1036,5_2_6,seq_ABC,smooth,,0.38000000,0,16,1,198,0,0.00000000,0.80632360,0.34466183,1.83838903,S=0,0,0,0.00000000
1036,5_2_6,seq_ABC,filter_l0.00,0.00,1.00000000,1,153,1,47,0,0.28000000,0.62418934,0.40169168,0.16420619,S=0,0,0,0.00000000
1036,5_2_6,seq_ABC,filter_l0.02,0.02,0.91000000,0,37,1,197,0,0.07333333,0.30005214,0.14389521,0.50898502,S=0,0,0,0.00000000
1036,5_2_6,seq_ABC,filter_l0.05,0.05,0.84000000,0,18,1,197,0,0.11000000,0.46207273,0.22008407,0.74867556,S=0,0,0,0.00000000
1036,5_2_6,seq_ABC,filter_l0.10,0.10,0.79000000,0,14,1,198,0,0.21333333,0.67124858,0.33157626,0.97460525,S=0,0,0,0.00000000
1036,5_2_6,seq_ABC,filter_l0.20,0.20,0.73000000,0,14,1,198,0,0.32000000,0.92008527,0.44457553,1.22107965,S=0,0,0,0.00000000
1036,5_2_6,seq_ABC,filter_l0.50,0.50,0.43000000,0,11,1,198,0,0.52000000,1.34387858,0.62040405,1.54689508,S=0,0,0,0.00000000
1036,5_2_6,seq_ABC,filter_l1.00,1.00,0.18000000,0,5,0,,1,0.68000000,1.73849929,0.75109731,1.78151303,not_aligned,0,0,0.66666667
1037,5_2_6,sync,hard,,0.00000000,0,1,0,,1,0.00000000,0.00000000,0.00000000,0.00000000,not_aligned,0,0,0.22222222
1037,5_2_6,sync,smooth,,0.52000000,0,17,0,,1,0.00000000,0.80632360,0.34466183,1.83838903,not_aligned,0,0,0.00000000
1037,5_2_6,sync,filter_l0.00,0.00,1.00000000,1,150,1,50,0,0.00000000,0.00861229,0.00198126,0.02755931,S=0,0,0,0.00000000
1037,5_2_6,sync,filter_l0.02,0.02,0.89000000,0,25,1,182,0,0.09333333,0.31301446,0.15305933,0.44712709,S=0,0,0,0.00000000
1037,5_2_6,sync,filter_l0.05,0.05,0.85000000,0,18,1,182,0,0.13000000,0.49627973,0.24900916,0.71800408,S=0,0,0,0.00000000
1037,5_2_6,sync,filter_l0.10,0.10,0.77000000,0,22,1,182,0,0.22000000,0.73799344,0.37140498,0.97575172,S=0,0,0,0.00000000
1037,5_2_6,sync,filter_l0.20,0.20,0.63000000,0,11,0,,1,0.36333333,1.04790299,0.52248414,1.24911360,not_aligned,0,0,0.88888889
1037,5_2_6,sync,filter_l0.50,0.50,0.48000000,0,8,1,199,0,0.52666667,1.36934734,0.63485072,1.54946343,S=0,0,0,0.22222222
1037,5_2_6,sync,filter_l1.00,1.00,0.21000000,0,5,0,,1,0.66333333,1.72615934,0.74649338,1.77292520,not_aligned,0,0,0.22222222
1037,5_2_6,seq_ABC,hard,,1.00000000,1,190,1,10,0,0.00000000,0.00000000,0.00000000,0.00000000,S=0,0,0,0.00000000
1037,5_2_6,seq_ABC,smooth,,0.51000000,0,14,1,186,0,0.00000000,0.80632360,0.34466183,1.83838903,S=0,0,0,0.00000000
1037,5_2_6,seq_ABC,filter_l0.00,0.00,1.00000000,1,133,1,67,0,0.01000000,0.02662765,0.01426634,0.04855926,S=0,0,0,0.00000000
1037,5_2_6,seq_ABC,filter_l0.02,0.02,0.89000000,0,25,1,182,0,0.09000000,0.30890261,0.15250698,0.45185775,S=0,0,0,0.00000000
1037,5_2_6,seq_ABC,filter_l0.05,0.05,0.85000000,0,18,1,182,0,0.12666667,0.49006538,0.24774017,0.72866674,S=0,0,0,0.00000000
1037,5_2_6,seq_ABC,filter_l0.10,0.10,0.77000000,0,18,1,182,0,0.21333333,0.73805208,0.37616136,0.98114556,S=0,0,0,0.00000000
1037,5_2_6,seq_ABC,filter_l0.20,0.20,0.64000000,0,11,0,,1,0.35000000,1.02865961,0.52051175,1.25111844,not_aligned,0,0,0.00000000
1037,5_2_6,seq_ABC,filter_l0.50,0.50,0.53000000,0,6,1,199,0,0.53333333,1.37477796,0.64394289,1.54424638,S=0,0,0,0.22222222
1037,5_2_6,seq_ABC,filter_l1.00,1.00,0.08000000,0,5,0,,1,0.69333333,1.78129048,0.77297167,1.79363365,not_aligned,0,0,0.22222222
1038,5_2_6,sync,hard,,1.00000000,1,180,1,20,0,0.00000000,0.00000000,0.00000000,0.00000000,S=0,0,0,0.00000000
1038,5_2_6,sync,smooth,,0.40000000,0,9,1,198,0,0.00000000,0.80632360,0.34466183,1.83838903,S=8,0,0,0.00000000
1038,5_2_6,sync,filter_l0.00,0.00,1.00000000,1,163,1,37,0,0.00000000,0.00000405,0.00000000,0.00004566,S=0,0,0,0.00000000
1038,5_2_6,sync,filter_l0.02,0.02,0.85000000,0,20,1,197,0,0.05000000,0.27459548,0.11962122,0.40362375,S=0,0,0,0.00000000
1038,5_2_6,sync,filter_l0.05,0.05,0.83000000,0,14,1,197,0,0.12333333,0.42643723,0.21463729,0.68561213,S=0,0,0,0.00000000
1038,5_2_6,sync,filter_l0.10,0.10,0.70000000,0,14,0,,1,0.26000000,0.66500009,0.35492689,0.92820496,not_aligned,0,0,0.00000000
1038,5_2_6,sync,filter_l0.20,0.20,0.63000000,0,7,1,197,0,0.33333333,0.86093108,0.44099414,1.16349575,S=0,0,0,0.00000000
1038,5_2_6,sync,filter_l0.50,0.50,0.40000000,0,4,0,,1,0.47333333,1.25596598,0.59715420,1.51789574,not_aligned,0,0,0.00000000
1038,5_2_6,sync,filter_l1.00,1.00,0.16000000,0,5,0,,1,0.64333333,1.65039781,0.73454257,1.78171930,not_aligned,0,0,0.22222222
1038,5_2_6,seq_ABC,hard,,1.00000000,1,194,1,6,0,0.00000000,0.00000000,0.00000000,0.00000000,S=0,0,0,0.00000000
1038,5_2_6,seq_ABC,smooth,,0.51000000,0,8,1,194,0,0.00000000,0.80632360,0.34466183,1.83838903,S=8,0,0,0.00000000
1038,5_2_6,seq_ABC,filter_l0.00,0.00,1.00000000,1,163,1,37,0,0.00000000,0.00000383,0.00000000,0.00004298,S=0,0,0,0.00000000
1038,5_2_6,seq_ABC,filter_l0.02,0.02,0.83000000,0,14,1,197,0,0.06666667,0.31013071,0.14252014,0.41899703,S=0,0,0,0.00000000
1038,5_2_6,seq_ABC,filter_l0.05,0.05,0.79000000,0,14,1,197,0,0.13000000,0.45060199,0.23471031,0.68317065,S=0,0,0,0.00000000
1038,5_2_6,seq_ABC,filter_l0.10,0.10,0.71000000,0,14,0,,1,0.19000000,0.60529907,0.31267284,0.91030006,not_aligned,0,0,0.00000000
1038,5_2_6,seq_ABC,filter_l0.20,0.20,0.59000000,0,8,1,197,0,0.36000000,0.88184510,0.45393535,1.16452446,S=0,0,0,0.00000000
1038,5_2_6,seq_ABC,filter_l0.50,0.50,0.38000000,0,6,1,196,0,0.48000000,1.26672373,0.60735091,1.52338473,S=0,0,0,0.00000000
1038,5_2_6,seq_ABC,filter_l1.00,1.00,0.20000000,0,5,0,,1,0.65333333,1.65650587,0.73608633,1.77912343,not_aligned,0,0,0.00000000
1039,5_2_6,sync,hard,,0.00000000,0,1,0,,1,0.00000000,0.00000000,0.00000000,0.00000000,not_aligned,0,0,0.22222222
1039,5_2_6,sync,smooth,,0.53000000,0,7,1,193,0,0.00000000,0.80632360,0.34466183,1.83838903,S=0,0,0,0.00000000
1039,5_2_6,sync,filter_l0.00,0.00,1.00000000,1,147,1,53,0,0.00000000,0.00006225,0.00000015,0.00051187,S=0,0,0,0.00000000
1039,5_2_6,sync,filter_l0.02,0.02,0.84000000,0,27,1,193,0,0.10000000,0.35742388,0.16454891,0.43953394,S=0,0,0,0.00000000
1039,5_2_6,sync,filter_l0.05,0.05,0.81000000,0,11,1,193,0,0.14333333,0.51200173,0.24866432,0.67099151,S=0,0,0,0.00000000
1039,5_2_6,sync,filter_l0.10,0.10,0.69000000,0,14,1,194,0,0.26666667,0.80933080,0.41295446,0.94075034,S=0,0,0,0.00000000
1039,5_2_6,sync,filter_l0.20,0.20,0.61000000,0,9,1,195,0,0.37000000,1.01764186,0.51106022,1.19335972,S=0,0,0,0.00000000
1039,5_2_6,sync,filter_l0.50,0.50,0.36000000,0,7,0,,1,0.55000000,1.34522727,0.64120472,1.54420184,not_aligned,0,0,0.00000000
1039,5_2_6,sync,filter_l1.00,1.00,0.30000000,0,5,0,,1,0.62666667,1.67138540,0.72875777,1.78615305,not_aligned,0,0,0.00000000
1039,5_2_6,seq_ABC,hard,,1.00000000,1,188,1,12,0,0.00000000,0.00000000,0.00000000,0.00000000,S=0,0,0,0.00000000
1039,5_2_6,seq_ABC,smooth,,0.18000000,0,6,1,198,0,0.00000000,0.80632360,0.34466183,1.83838903,S=0,0,0,0.00000000
1039,5_2_6,seq_ABC,filter_l0.00,0.00,1.00000000,1,143,1,57,0,0.00000000,0.00067178,0.00001031,0.00423425,S=0,0,0,0.00000000
1039,5_2_6,seq_ABC,filter_l0.02,0.02,0.87000000,0,27,1,193,0,0.08333333,0.32051442,0.14428123,0.42748860,S=0,0,0,0.00000000
1039,5_2_6,seq_ABC,filter_l0.05,0.05,0.81000000,0,13,1,193,0,0.14333333,0.53099680,0.26157982,0.69979320,S=0,0,0,0.00000000
1039,5_2_6,seq_ABC,filter_l0.10,0.10,0.74000000,0,9,1,194,0,0.24000000,0.72748073,0.37138090,0.92449097,S=0,0,0,0.00000000
1039,5_2_6,seq_ABC,filter_l0.20,0.20,0.55000000,0,9,1,195,0,0.38666667,1.00608461,0.50392900,1.18633180,S=0,0,0,0.00000000
1039,5_2_6,seq_ABC,filter_l0.50,0.50,0.43000000,0,8,0,,1,0.50666667,1.30378340,0.61724241,1.52266603,not_aligned,0,0,0.00000000
1039,5_2_6,seq_ABC,filter_l1.00,1.00,0.21000000,0,6,0,,1,0.64333333,1.67257820,0.73526682,1.77568450,not_aligned,0,0,0.00000000
1040,5_2_6,sync,hard,,0.22000000,1,22,1,178,0,0.00000000,0.00000000,0.00000000,0.00000000,S=0,0,0,0.00000000
1040,5_2_6,sync,smooth,,0.30000000,0,6,0,,1,0.00000000,0.80632360,0.34466183,1.83838903,not_aligned,0,0,0.22222222
1040,5_2_6,sync,filter_l0.00,0.00,1.00000000,1,150,1,50,0,0.00000000,0.00001797,0.00000002,0.00016286,S=0,0,0,0.00000000
1040,5_2_6,sync,filter_l0.02,0.02,0.73000000,0,24,1,197,0,0.10333333,0.44625017,0.18726143,0.45841136,S=0,0,0,0.00000000
1040,5_2_6,sync,filter_l0.05,0.05,0.79000000,0,14,0,,1,0.09333333,0.44425310,0.18916286,0.67928955,not_aligned,0,0,0.00000000
1040,5_2_6,sync,filter_l0.10,0.10,0.71000000,0,13,0,,1,0.20333333,0.66942328,0.31010267,0.94913723,not_aligned,0,0,0.00000000
1040,5_2_6,sync,filter_l0.20,0.20,0.46000000,0,10,1,198,0,0.38666667,1.06370666,0.50699324,1.27182568,S=0,0,0,0.00000000
1040,5_2_6,sync,filter_l0.50,0.50,0.40000000,0,9,1,198,0,0.48000000,1.31877971,0.59837878,1.54542633,S=0,0,0,0.00000000
1040,5_2_6,sync,filter_l1.00,1.00,0.12000000,0,4,0,,1,0.63000000,1.74293023,0.74589515,1.78086380,not_aligned,0,0,0.88888889
1040,5_2_6,seq_ABC,hard,,1.00000000,1,189,1,11,0,0.00000000,0.00000000,0.00000000,0.00000000,S=0,0,0,0.00000000
1040,5_2_6,seq_ABC,smooth,,0.52000000,0,10,0,,1,0.00000000,0.80632360,0.34466183,1.83838903,not_aligned,0,0,4.66666667
1040,5_2_6,seq_ABC,filter_l0.00,0.00,1.00000000,1,172,1,28,0,0.00000000,0.00000815,0.00000000,0.00008334,S=0,0,0,0.00000000
1040,5_2_6,seq_ABC,filter_l0.02,0.02,0.82000000,0,30,1,197,0,0.07000000,0.34028997,0.13585776,0.42866921,S=0,0,0,0.00000000
1040,5_2_6,seq_ABC,filter_l0.05,0.05,0.78000000,0,23,0,,1,0.09666667,0.44924502,0.19489175,0.67765910,not_aligned,0,0,0.00000000
1040,5_2_6,seq_ABC,filter_l0.10,0.10,0.69000000,0,13,0,,1,0.20000000,0.67432130,0.31706552,0.95072993,not_aligned,0,0,0.00000000
1040,5_2_6,seq_ABC,filter_l0.20,0.20,0.52000000,0,12,1,198,0,0.33333333,0.98671768,0.46372360,1.25304621,S=0,0,0,0.00000000
1040,5_2_6,seq_ABC,filter_l0.50,0.50,0.41000000,0,10,1,198,0,0.47666667,1.33743938,0.60911307,1.54430598,S=0,0,0,0.00000000
1040,5_2_6,seq_ABC,filter_l1.00,1.00,0.25000000,0,7,0,,1,0.60666667,1.70190566,0.72363959,1.76539974,not_aligned,0,0,0.66666667
1041,5_2_6,sync,hard,,0.00000000,0,1,0,,1,0.00000000,0.00000000,0.00000000,0.00000000,not_aligned,0,0,0.22222222
1041,5_2_6,sync,smooth,,0.39000000,0,15,1,199,0,0.00000000,0.80632360,0.34466183,1.83838903,S=8,0,0,0.22222222
1041,5_2_6,sync,filter_l0.00,0.00,1.00000000,1,100,1,100,0,0.07333333,0.16507025,0.10124356,0.11584905,S=0,0,0,0.00000000
1041,5_2_6,sync,filter_l0.02,0.02,0.83000000,0,18,1,187,0,0.15000000,0.44895700,0.23122095,0.53248742,S=0,0,0,0.00000000
1041,5_2_6,sync,filter_l0.05,0.05,0.82000000,0,13,1,196,0,0.17000000,0.56623462,0.29646632,0.74164637,S=0,0,0,0.00000000
1041,5_2_6,sync,filter_l0.10,0.10,0.73000000,0,11,1,196,0,0.27333333,0.75674654,0.39210962,0.95429452,S=0,0,0,0.00000000
1041,5_2_6,sync,filter_l0.20,0.20,0.57000000,0,9,1,194,0,0.41333333,1.01910834,0.51329514,1.21876154,S=0,0,0,0.00000000
1041,5_2_6,sync,filter_l0.50,0.50,0.32000000,0,6,0,,1,0.52333333,1.35433391,0.63350790,1.52772491,not_aligned,0,0,0.00000000
1041,5_2_6,sync,filter_l1.00,1.00,0.26000000,0,7,0,,1,0.58666667,1.66086412,0.71488475,1.76670501,not_aligned,0,0,0.00000000
1041,5_2_6,seq_ABC,hard,,1.00000000,1,190,1,10,0,0.00000000,0.00000000,0.00000000,0.00000000,S=0,0,0,0.00000000
1041,5_2_6,seq_ABC,smooth,,0.22000000,0,15,0,,1,0.00000000,0.80632360,0.34466183,1.83838903,not_aligned,0,0,0.00000000
1041,5_2_6,seq_ABC,filter_l0.00,0.00,0.13000000,0,6,0,,1,0.64000000,7.74349301,1.25515807,0.04418240,not_aligned,0,0,0.22222222
1041,5_2_6,seq_ABC,filter_l0.02,0.02,0.83000000,0,14,1,187,0,0.12000000,0.40485666,0.19624640,0.50737467,S=0,0,0,0.00000000
1041,5_2_6,seq_ABC,filter_l0.05,0.05,0.80000000,0,11,1,196,0,0.16666667,0.57342880,0.28526830,0.73369743,S=0,0,0,0.00000000
1041,5_2_6,seq_ABC,filter_l0.10,0.10,0.69000000,0,10,1,196,0,0.26333333,0.76040934,0.39344464,0.96619319,S=0,0,0,0.00000000
1041,5_2_6,seq_ABC,filter_l0.20,0.20,0.58000000,0,9,1,197,0,0.37666667,0.98985850,0.49562357,1.20295963,S=0,0,0,0.00000000
1041,5_2_6,seq_ABC,filter_l0.50,0.50,0.24000000,0,10,0,,1,0.53000000,1.36024768,0.64310459,1.52199240,not_aligned,0,0,0.22222222
1041,5_2_6,seq_ABC,filter_l1.00,1.00,0.20000000,0,7,0,,1,0.63000000,1.68086163,0.72968314,1.76585224,not_aligned,0,0,0.66666667
1042,5_2_6,sync,hard,,0.00000000,0,1,0,,1,0.00000000,0.00000000,0.00000000,0.00000000,not_aligned,0,0,0.22222222
1042,5_2_6,sync,smooth,,0.37000000,0,14,0,,1,0.00000000,0.80632360,0.34466183,1.83838903,not_aligned,0,0,0.22222222
1042,5_2_6,sync,filter_l0.00,0.00,0.92000000,1,41,1,178,0,0.55000000,1.82479621,0.93786153,0.27215251,S=0,0,0,0.00000000
1042,5_2_6,sync,filter_l0.02,0.02,0.77000000,0,44,1,189,0,0.11333333,0.46923758,0.22083756,0.52210797,S=0,0,0,0.00000000
1042,5_2_6,sync,filter_l0.05,0.05,0.71000000,0,18,1,197,0,0.24666667,0.67860593,0.35874300,0.79770768,S=0,0,0,0.00000000
1042,5_2_6,sync,filter_l0.10,0.10,0.65000000,0,22,1,199,0,0.27000000,0.81477330,0.41119108,1.02310971,S=0,0,0,0.22222222
1042,5_2_6,sync,filter_l0.20,0.20,0.54000000,0,11,1,199,0,0.37333333,1.04392775,0.51629335,1.25874450,S=0,0,0,0.22222222
1042,5_2_6,sync,filter_l0.50,0.50,0.28000000,0,9,1,199,0,0.58333333,1.42909603,0.66712069,1.58972240,S=0,0,0,0.22222222
1042,5_2_6,sync,filter_l1.00,1.00,0.23000000,0,6,0,,1,0.69000000,1.70892857,0.74515866,1.78283431,not_aligned,0,0,0.88888889
1042,5_2_6,seq_ABC,hard,,1.00000000,1,190,1,10,0,0.00000000,0.00000000,0.00000000,0.00000000,S=0,0,0,0.00000000
1042,5_2_6,seq_ABC,smooth,,0.15000000,0,7,0,,1,0.00000000,0.80632360,0.34466183,1.83838903,not_aligned,0,0,0.22222222
1042,5_2_6,seq_ABC,filter_l0.00,0.00,1.00000000,1,170,1,30,0,0.06000000,0.12439728,0.08031955,0.12874537,S=0,0,0,0.00000000
1042,5_2_6,seq_ABC,filter_l0.02,0.02,0.78000000,0,33,1,189,0,0.14000000,0.48683501,0.23525432,0.53326846,S=0,0,0,0.00000000
1042,5_2_6,seq_ABC,filter_l0.05,0.05,0.72000000,0,18,1,189,0,0.17666667,0.62593222,0.30848907,0.78027663,S=0,0,0,0.00000000
1042,5_2_6,seq_ABC,filter_l0.10,0.10,0.65000000,0,12,1,199,0,0.25666667,0.79516274,0.40408895,1.00233225,S=0,0,0,0.22222222
1042,5_2_6,seq_ABC,filter_l0.20,0.20,0.55000000,0,16,1,199,0,0.42000000,1.05856887,0.54151974,1.24952913,S=0,0,0,0.22222222
1042,5_2_6,seq_ABC,filter_l0.50,0.50,0.31000000,0,7,0,,1,0.58666667,1.41716977,0.67038833,1.56419993,not_aligned,0,0,0.22222222
1042,5_2_6,seq_ABC,filter_l1.00,1.00,0.26000000,0,5,0,,1,0.68666667,1.68400851,0.73607570,1.76776870,not_aligned,0,0,0.22222222
1043,5_2_6,sync,hard,,1.00000000,1,180,1,20,0,0.00000000,0.00000000,0.00000000,0.00000000,S=0,0,0,0.00000000
1043,5_2_6,sync,smooth,,0.41000000,0,13,0,,1,0.00000000,0.80632360,0.34466183,1.83838903,not_aligned,0,0,0.22222222
1043,5_2_6,sync,filter_l0.00,0.00,0.34000000,0,6,0,,1,0.26000000,2.40433449,0.49457178,0.13098224,not_aligned,0,0,0.22222222
1043,5_2_6,sync,filter_l0.02,0.02,0.90000000,0,33,1,181,0,0.04333333,0.22896317,0.09403714,0.46170858,S=0,0,0,0.00000000
1043,5_2_6,sync,filter_l0.05,0.05,0.76000000,0,33,1,192,0,0.13666667,0.50627904,0.24639916,0.79201226,S=0,0,0,0.00000000
1043,5_2_6,sync,filter_l0.10,0.10,0.65000000,0,32,0,,1,0.24000000,0.76369907,0.39027096,1.07496433,not_aligned,0,0,0.00000000
1043,5_2_6,sync,filter_l0.20,0.20,0.56000000,0,18,0,,1,0.36666667,1.01732643,0.50914499,1.30136115,not_aligned,0,0,0.00000000
1043,5_2_6,sync,filter_l0.50,0.50,0.27000000,0,13,0,,1,0.53333333,1.42890813,0.65998612,1.60878298,not_aligned,0,0,0.22222222
1043,5_2_6,sync,filter_l1.00,1.00,0.24000000,0,4,0,,1,0.69000000,1.78974062,0.75933034,1.77531906,not_aligned,0,0,0.00000000
1043,5_2_6,seq_ABC,hard,,1.00000000,1,194,1,6,0,0.00000000,0.00000000,0.00000000,0.00000000,S=0,0,0,0.00000000
1043,5_2_6,seq_ABC,smooth,,0.47000000,0,24,0,,1,0.00000000,0.80632360,0.34466183,1.83838903,not_aligned,0,0,0.88888889
1043,5_2_6,seq_ABC,filter_l0.00,0.00,0.18000000,0,6,0,,1,0.54000000,5.37220719,0.91362352,0.22718381,not_aligned,0,0,0.22222222
1043,5_2_6,seq_ABC,filter_l0.02,0.02,0.85000000,0,31,1,191,0,0.06333333,0.29391906,0.13237356,0.50535318,S=0,0,0,0.00000000
1043,5_2_6,seq_ABC,filter_l0.05,0.05,0.76000000,0,33,1,192,0,0.14333333,0.50809990,0.25644199,0.80975261,S=0,0,0,0.00000000
1043,5_2_6,seq_ABC,filter_l0.10,0.10,0.67000000,0,32,0,,1,0.27666667,0.77768413,0.41146122,1.08809921,not_aligned,0,0,0.00000000
1043,5_2_6,seq_ABC,filter_l0.20,0.20,0.59000000,0,12,0,,1,0.35666667,1.02651357,0.50828237,1.31103755,not_aligned,0,0,0.00000000
1043,5_2_6,seq_ABC,filter_l0.50,0.50,0.33000000,0,8,0,,1,0.52333333,1.40906477,0.64451381,1.58157775,not_aligned,0,0,0.22222222
1043,5_2_6,seq_ABC,filter_l1.00,1.00,0.15000000,0,5,0,,1,0.69666667,1.82105642,0.77578463,1.79283859,not_aligned,0,0,0.22222222
1044,5_2_6,sync,hard,,0.00000000,0,1,0,,1,0.00000000,0.00000000,0.00000000,0.00000000,not_aligned,0,0,0.22222222
1044,5_2_6,sync,smooth,,0.39000000,0,8,0,,1,0.00000000,0.80632360,0.34466183,1.83838903,not_aligned,0,0,0.22222222
1044,5_2_6,sync,filter_l0.00,0.00,0.47000000,0,13,0,,1,0.45333333,4.44271813,0.73180349,0.16463469,not_aligned,0,0,0.22222222
1044,5_2_6,sync,filter_l0.02,0.02,0.82000000,0,36,1,198,0,0.18666667,0.58648665,0.26737186,0.61164713,S=0,0,0,0.00000000
1044,5_2_6,sync,filter_l0.05,0.05,0.76000000,0,29,1,193,0,0.27333333,0.77918669,0.36125929,0.82299441,S=0,0,0,0.00000000
1044,5_2_6,sync,filter_l0.10,0.10,0.50000000,0,18,1,198,0,0.38000000,1.11125480,0.50728579,1.09996106,S=0,0,0,0.00000000
1044,5_2_6,sync,filter_l0.20,0.20,0.46000000,0,7,1,198,0,0.39666667,1.19526966,0.53993647,1.29653477,S=0,0,0,0.00000000
1044,5_2_6,sync,filter_l0.50,0.50,0.29000000,0,6,1,199,0,0.57000000,1.50855442,0.67241264,1.57879658,S=0,0,0,0.22222222
1044,5_2_6,sync,filter_l1.00,1.00,0.17000000,0,6,0,,1,0.68333333,1.82563928,0.77159407,1.78272230,not_aligned,0,0,0.22222222
1044,5_2_6,seq_ABC,hard,,1.00000000,1,195,1,5,0,0.00000000,0.00000000,0.00000000,0.00000000,S=0,0,0,0.00000000
1044,5_2_6,seq_ABC,smooth,,0.45000000,0,10,1,199,0,0.00000000,0.80632360,0.34466183,1.83838903,S=0,0,0,0.22222222
1044,5_2_6,seq_ABC,filter_l0.00,0.00,0.11000000,0,8,0,,1,0.60000000,6.60219831,1.16683953,0.11921965,not_aligned,0,0,0.00000000
1044,5_2_6,seq_ABC,filter_l0.02,0.02,0.10000000,0,3,1,197,0,0.73000000,2.09892639,0.92638669,1.09224353,S=0,0,0,0.00000000
1044,5_2_6,seq_ABC,filter_l0.05,0.05,0.65000000,0,26,1,198,0,0.37666667,0.96894194,0.47035280,0.87088254,S=0,0,0,0.00000000
1044,5_2_6,seq_ABC,filter_l0.10,0.10,0.59000000,0,18,1,197,0,0.37666667,1.06826844,0.49502936,1.08619224,S=0,0,0,0.00000000
1044,5_2_6,seq_ABC,filter_l0.20,0.20,0.52000000,0,12,1,199,0,0.40333333,1.16956427,0.53364088,1.28414675,S=0,0,0,0.22222222
1044,5_2_6,seq_ABC,filter_l0.50,0.50,0.30000000,0,5,1,199,0,0.54000000,1.47020672,0.64913561,1.56676787,S=0,0,0,0.22222222
1044,5_2_6,seq_ABC,filter_l1.00,1.00,0.08000000,0,2,1,199,0,0.66333333,1.82284510,0.76859358,1.79346028,S=0,0,0,0.22222222
1045,5_2_6,sync,hard,,0.00000000,0,1,0,,1,0.00000000,0.00000000,0.00000000,0.00000000,not_aligned,0,0,0.22222222
1045,5_2_6,sync,smooth,,0.41000000,0,10,0,,1,0.00000000,0.80632360,0.34466183,1.83838903,not_aligned,0,0,0.00000000
1045,5_2_6,sync,filter_l0.00,0.00,1.00000000,1,128,1,72,0,0.00000000,0.00013029,0.00000017,0.00113696,S=0,0,0,0.00000000
1045,5_2_6,sync,filter_l0.02,0.02,0.87000000,0,29,0,,1,0.07333333,0.30335567,0.13368786,0.45040653,not_aligned,0,0,0.00000000
1045,5_2_6,sync,filter_l0.05,0.05,0.77000000,0,26,0,,1,0.17000000,0.51737696,0.25869076,0.74962926,not_aligned,0,0,0.00000000
1045,5_2_6,sync,filter_l0.10,0.10,0.63000000,0,15,0,,1,0.29000000,0.82010539,0.43194720,0.97582376,not_aligned,0,0,0.00000000
1045,5_2_6,sync,filter_l0.20,0.20,0.55000000,0,19,0,,1,0.38000000,1.03418372,0.51659591,1.23177370,not_aligned,0,0,0.22222222
1045,5_2_6,sync,filter_l0.50,0.50,0.45000000,0,12,1,199,0,0.54666667,1.37306092,0.64883108,1.54722537,S=0,0,0,0.22222222
1045,5_2_6,sync,filter_l1.00,1.00,0.22000000,0,4,0,,1,0.67333333,1.73081292,0.75292475,1.77983294,not_aligned,0,0,0.22222222
1045,5_2_6,seq_ABC,hard,,1.00000000,1,195,1,5,0,0.00000000,0.00000000,0.00000000,0.00000000,S=0,0,0,0.00000000
1045,5_2_6,seq_ABC,smooth,,0.43000000,0,24,0,,1,0.00000000,0.80632360,0.34466183,1.83838903,not_aligned,0,0,1.55555556
1045,5_2_6,seq_ABC,filter_l0.00,0.00,1.00000000,1,128,1,72,0,0.00000000,0.00018371,0.00000045,0.00150791,S=0,0,0,0.00000000
1045,5_2_6,seq_ABC,filter_l0.02,0.02,0.89000000,0,35,0,,1,0.07000000,0.28027718,0.12452843,0.45086074,not_aligned,0,0,0.00000000
1045,5_2_6,seq_ABC,filter_l0.05,0.05,0.75000000,0,26,0,,1,0.19000000,0.55866301,0.28422828,0.74876877,not_aligned,0,0,0.00000000
1045,5_2_6,seq_ABC,filter_l0.10,0.10,0.63000000,0,15,0,,1,0.25666667,0.79990867,0.40701023,0.98886466,not_aligned,0,0,0.00000000
1045,5_2_6,seq_ABC,filter_l0.20,0.20,0.53000000,0,12,0,,1,0.41333333,1.04970629,0.53294468,1.23644273,not_aligned,0,0,0.00000000
1045,5_2_6,seq_ABC,filter_l0.50,0.50,0.37000000,0,12,0,,1,0.56666667,1.38611231,0.65989824,1.55616970,not_aligned,0,0,0.22222222
1045,5_2_6,seq_ABC,filter_l1.00,1.00,0.15000000,0,3,0,,1,0.67000000,1.73499362,0.75586891,1.78214733,not_aligned,0,0,0.22222222
1046,5_2_6,sync,hard,,0.00000000,0,1,0,,1,0.00000000,0.00000000,0.00000000,0.00000000,not_aligned,0,0,0.22222222
1046,5_2_6,sync,smooth,,0.39000000,0,5,0,,1,0.00000000,0.80632360,0.34466183,1.83838903,not_aligned,0,0,0.22222222
1046,5_2_6,sync,filter_l0.00,0.00,0.07000000,0,5,0,,1,0.54000000,5.51227847,0.95037253,0.22259381,not_aligned,0,0,1.55555556
1046,5_2_6,sync,filter_l0.02,0.02,0.94000000,1,46,1,154,0,0.02666667,0.18019049,0.06465963,0.36629585,S=0,0,0,0.00000000
1046,5_2_6,sync,filter_l0.05,0.05,0.89000000,0,26,1,189,0,0.05666667,0.33628079,0.14638068,0.63014575,S=0,0,0,0.00000000
1046,5_2_6,sync,filter_l0.10,0.10,0.79000000,0,25,1,189,0,0.19333333,0.63565255,0.31563118,0.89738408,S=0,0,0,0.00000000
1046,5_2_6,sync,filter_l0.20,0.20,0.64000000,0,9,1,197,0,0.32333333,0.90865095,0.45936556,1.14744404,S=0,0,0,0.00000000
1046,5_2_6,sync,filter_l0.50,0.50,0.53000000,0,6,0,,1,0.46666667,1.24435244,0.58416143,1.48859127,not_aligned,0,0,0.00000000
1046,5_2_6,sync,filter_l1.00,1.00,0.26000000,0,4,0,,1,0.63000000,1.67251087,0.73039658,1.76202357,not_aligned,0,0,0.22222222
1046,5_2_6,seq_ABC,hard,,1.00000000,1,190,1,10,0,0.00000000,0.00000000,0.00000000,0.00000000,S=0,0,0,0.00000000
1046,5_2_6,seq_ABC,smooth,,0.18000000,0,8,0,,1,0.00000000,0.80632360,0.34466183,1.83838903,not_aligned,0,0,0.22222222
1046,5_2_6,seq_ABC,filter_l0.00,0.00,0.54000000,1,20,1,180,0,0.16333333,1.94393729,0.32665216,0.00687350,other_aligned,0,0,0.00000000
1046,5_2_6,seq_ABC,filter_l0.02,0.02,0.94000000,1,46,1,154,0,0.02666667,0.18287070,0.06546998,0.36302578,S=0,0,0,0.00000000
1046,5_2_6,seq_ABC,filter_l0.05,0.05,0.89000000,0,26,1,189,0,0.05666667,0.33443937,0.14582776,0.62368191,S=0,0,0,0.00000000
1046,5_2_6,seq_ABC,filter_l0.10,0.10,0.80000000,0,20,1,189,0,0.19333333,0.58798038,0.28890769,0.87978434,S=0,0,0,0.00000000
1046,5_2_6,seq_ABC,filter_l0.20,0.20,0.67000000,0,10,1,197,0,0.27000000,0.85651631,0.42265791,1.15282394,S=0,0,0,0.00000000
1046,5_2_6,seq_ABC,filter_l0.50,0.50,0.52000000,0,8,0,,1,0.48333333,1.26081317,0.58920672,1.49157990,not_aligned,0,0,0.00000000
1046,5_2_6,seq_ABC,filter_l1.00,1.00,0.30000000,0,5,1,199,0,0.62333333,1.66442865,0.72351395,1.76351819,S=0,0,0,0.22222222
1047,5_2_6,sync,hard,,0.00000000,0,1,0,,1,0.00000000,0.00000000,0.00000000,0.00000000,not_aligned,0,0,0.22222222
1047,5_2_6,sync,smooth,,0.52000000,0,13,1,199,0,0.00000000,0.80632360,0.34466183,1.83838903,other_aligned,0,0,0.88888889
1047,5_2_6,sync,filter_l0.00,0.00,0.44000000,1,26,1,174,0,0.81333333,5.27957024,1.50661457,0.13806268,S=0,0,0,0.00000000
1047,5_2_6,sync,filter_l0.02,0.02,0.81000000,0,18,1,196,0,0.24000000,0.63821733,0.35880996,0.64755937,S=0,0,0,0.00000000
1047,5_2_6,sync,filter_l0.05,0.05,0.69000000,0,18,1,196,0,0.35333333,0.86313312,0.46019072,0.87519076,S=0,0,0,0.00000000
1047,5_2_6,sync,filter_l0.10,0.10,0.59000000,0,13,1,198,0,0.42333333,1.10388856,0.57215621,1.06592341,S=0,0,0,0.00000000
1047,5_2_6,sync,filter_l0.20,0.20,0.44000000,0,11,1,198,0,0.45000000,1.21633738,0.58274905,1.32027144,S=0,0,0,0.00000000
1047,5_2_6,sync,filter_l0.50,0.50,0.37000000,0,6,0,,1,0.57000000,1.47602252,0.67287183,1.58881381,not_aligned,0,0,0.00000000
1047,5_2_6,sync,filter_l1.00,1.00,0.22000000,0,5,0,,1,0.61000000,1.64196407,0.71818527,1.74961334,not_aligned,0,0,0.22222222
1047,5_2_6,seq_ABC,hard,,1.00000000,1,189,1,11,0,0.00000000,0.00000000,0.00000000,0.00000000,S=0,0,0,0.00000000
1047,5_2_6,seq_ABC,smooth,,0.51000000,0,11,0,,1,0.00000000,0.80632360,0.34466183,1.83838903,not_aligned,0,0,0.22222222
1047,5_2_6,seq_ABC,filter_l0.00,0.00,0.38000000,0,16,1,184,0,0.53333333,4.08602237,0.90826368,0.16754715,other_aligned,0,0,0.00000000
1047,5_2_6,seq_ABC,filter_l0.02,0.02,0.85000000,0,22,1,196,0,0.11000000,0.43038620,0.20802243,0.62504948,S=0,0,0,0.00000000
1047,5_2_6,seq_ABC,filter_l0.05,0.05,0.75000000,0,21,1,196,0,0.29666667,0.74892267,0.37880860,0.85463093,S=0,0,0,0.00000000
1047,5_2_6,seq_ABC,filter_l0.10,0.10,0.66000000,0,19,1,198,0,0.36666667,0.98457975,0.48356144,1.09133297,S=0,0,0,0.00000000
1047,5_2_6,seq_ABC,filter_l0.20,0.20,0.48000000,0,13,0,,1,0.47000000,1.20761233,0.58474224,1.30894673,not_aligned,0,0,0.00000000
1047,5_2_6,seq_ABC,filter_l0.50,0.50,0.30000000,0,9,1,198,0,0.60666667,1.52145171,0.69321597,1.59988589,S=0,0,0,0.00000000
1047,5_2_6,seq_ABC,filter_l1.00,1.00,0.19000000,0,6,0,,1,0.57666667,1.63238175,0.70768397,1.75620446,not_aligned,0,0,0.88888889
1048,5_2_6,sync,hard,,0.00000000,0,1,0,,1,0.00000000,0.00000000,0.00000000,0.00000000,not_aligned,0,0,0.22222222
1048,5_2_6,sync,smooth,,0.31000000,0,13,0,,1,0.00000000,0.80632360,0.34466183,1.83838903,not_aligned,0,0,0.88888889
1048,5_2_6,sync,filter_l0.00,0.00,0.51000000,1,35,1,165,0,0.68666667,4.59579786,1.20979812,0.19757075,S=0,0,0,0.00000000
1048,5_2_6,sync,filter_l0.02,0.02,0.80000000,0,28,0,,1,0.10666667,0.38622155,0.17791923,0.48933564,not_aligned,0,0,0.00000000
1048,5_2_6,sync,filter_l0.05,0.05,0.70000000,0,24,0,,1,0.19666667,0.66202405,0.32022085,0.74784789,not_aligned,0,0,0.00000000
1048,5_2_6,sync,filter_l0.10,0.10,0.60000000,0,19,0,,1,0.27333333,0.83058729,0.39915166,0.93526193,not_aligned,0,0,0.00000000
1048,5_2_6,sync,filter_l0.20,0.20,0.57000000,0,18,1,197,0,0.38000000,1.01474747,0.49060779,1.16864898,S=0,0,0,0.00000000
1048,5_2_6,sync,filter_l0.50,0.50,0.32000000,0,14,0,,1,0.51000000,1.41450092,0.64768408,1.54717798,not_aligned,0,0,0.00000000
1048,5_2_6,sync,filter_l1.00,1.00,0.20000000,0,11,0,,1,0.62333333,1.68378590,0.73613257,1.77929256,not_aligned,0,0,0.22222222
1048,5_2_6,seq_ABC,hard,,1.00000000,1,194,1,6,0,0.00000000,0.00000000,0.00000000,0.00000000,S=0,0,0,0.00000000
1048,5_2_6,seq_ABC,smooth,,0.51000000,0,8,0,,1,0.00000000,0.80632360,0.34466183,1.83838903,not_aligned,0,0,0.00000000
1048,5_2_6,seq_ABC,filter_l0.00,0.00,0.35000000,0,15,1,185,0,0.29333333,3.85553795,0.53162552,0.06917459,other_aligned,0,0,0.00000000
1048,5_2_6,seq_ABC,filter_l0.02,0.02,0.77000000,0,25,0,,1,0.11666667,0.42593114,0.19461373,0.49576405,not_aligned,0,0,0.00000000
1048,5_2_6,seq_ABC,filter_l0.05,0.05,0.68000000,0,25,0,,1,0.21666667,0.70676707,0.34317133,0.76313212,not_aligned,0,0,0.00000000
1048,5_2_6,seq_ABC,filter_l0.10,0.10,0.58000000,0,16,0,,1,0.31333333,0.88899929,0.43224477,0.95046786,not_aligned,0,0,0.00000000
1048,5_2_6,seq_ABC,filter_l0.20,0.20,0.52000000,0,16,1,197,0,0.41333333,1.08800428,0.51507107,1.19634132,S=0,0,0,0.00000000
1048,5_2_6,seq_ABC,filter_l0.50,0.50,0.36000000,0,14,0,,1,0.47000000,1.35832068,0.61566659,1.54189755,not_aligned,0,0,0.00000000
1048,5_2_6,seq_ABC,filter_l1.00,1.00,0.22000000,0,4,0,,1,0.64000000,1.68613182,0.73752030,1.77635071,not_aligned,0,0,0.22222222
1049,5_2_6,sync,hard,,1.00000000,1,185,1,15,0,0.00000000,0.00000000,0.00000000,0.00000000,S=0,0,0,0.00000000
1049,5_2_6,sync,smooth,,0.48000000,0,9,0,,1,0.00000000,0.80632360,0.34466183,1.83838903,not_aligned,0,0,0.22222222
1049,5_2_6,sync,filter_l0.00,0.00,1.00000000,1,116,1,84,0,0.10333333,0.21509493,0.14666307,0.14297725,S=0,0,0,0.00000000
1049,5_2_6,sync,filter_l0.02,0.02,0.89000000,1,33,1,175,0,0.03666667,0.23128834,0.08880484,0.38424160,S=0,0,0,0.00000000
1049,5_2_6,sync,filter_l0.05,0.05,0.88000000,0,33,1,192,0,0.06333333,0.36906385,0.16093366,0.64203674,S=0,0,0,0.00000000
1049,5_2_6,sync,filter_l0.10,0.10,0.72000000,0,16,1,192,0,0.25000000,0.69509710,0.34823112,0.93701242,S=0,0,0,0.00000000
1049,5_2_6,sync,filter_l0.20,0.20,0.62000000,0,12,1,188,0,0.33666667,0.93406868,0.46147425,1.18172437,S=0,0,0,0.00000000
1049,5_2_6,sync,filter_l0.50,0.50,0.21000000,0,8,1,194,0,0.56333333,1.42263595,0.67313353,1.59060949,S=0,0,0,0.00000000
1049,5_2_6,sync,filter_l1.00,1.00,0.14000000,0,3,1,197,0,0.66333333,1.74668353,0.76557506,1.80768283,S=0,0,0,0.00000000
1049,5_2_6,seq_ABC,hard,,1.00000000,1,193,1,7,0,0.00000000,0.00000000,0.00000000,0.00000000,S=0,0,0,0.00000000
1049,5_2_6,seq_ABC,smooth,,0.42000000,0,15,0,,1,0.00000000,0.80632360,0.34466183,1.83838903,not_aligned,0,0,0.22222222
1049,5_2_6,seq_ABC,filter_l0.00,0.00,1.00000000,1,111,1,89,0,0.16000000,0.36084552,0.23332192,0.16098327,S=0,0,0,0.00000000
1049,5_2_6,seq_ABC,filter_l0.02,0.02,0.89000000,1,33,1,175,0,0.03666667,0.22730031,0.08820817,0.38264134,S=0,0,0,0.00000000
1049,5_2_6,seq_ABC,filter_l0.05,0.05,0.86000000,0,33,1,192,0,0.06666667,0.38732524,0.17638524,0.66119047,S=0,0,0,0.00000000
1049,5_2_6,seq_ABC,filter_l0.10,0.10,0.74000000,0,13,1,192,0,0.20333333,0.65131207,0.33202824,0.90388204,S=0,0,0,0.00000000
1049,5_2_6,seq_ABC,filter_l0.20,0.20,0.58000000,0,13,1,188,0,0.34666667,0.96230002,0.48641904,1.21125377,S=0,0,0,0.00000000
1049,5_2_6,seq_ABC,filter_l0.50,0.50,0.27000000,0,8,1,192,0,0.55333333,1.38195102,0.65526495,1.55958094,S=0,0,0,0.00000000
1049,5_2_6,seq_ABC,filter_l1.00,1.00,0.21000000,0,5,0,,1,0.61000000,1.67917119,0.73290755,1.78304074,not_aligned,0,0,0.00000000
1050,5_2_6,sync,hard,,0.00000000,0,1,0,,1,0.00000000,0.00000000,0.00000000,0.00000000,not_aligned,0,0,0.22222222
1050,5_2_6,sync,smooth,,0.37000000,0,14,0,,1,0.00000000,0.80632360,0.34466183,1.83838903,not_aligned,0,0,0.66666667
1050,5_2_6,sync,filter_l0.00,0.00,1.00000000,1,152,1,48,0,0.00000000,0.00000078,0.00000000,0.00001027,S=0,0,0,0.00000000
1050,5_2_6,sync,filter_l0.02,0.02,0.92000000,1,28,1,175,0,0.06000000,0.25156175,0.10735879,0.37275720,S=0,0,0,0.00000000
1050,5_2_6,sync,filter_l0.05,0.05,0.81000000,0,24,1,198,0,0.14666667,0.47838503,0.23161755,0.61105498,S=0,0,0,0.00000000
1050,5_2_6,sync,filter_l0.10,0.10,0.70000000,0,24,1,199,0,0.22666667,0.69941767,0.35239554,0.85132474,S=0,0,0,0.22222222
1050,5_2_6,sync,filter_l0.20,0.20,0.68000000,0,12,0,,1,0.30666667,0.86491108,0.42950863,1.12064903,not_aligned,0,0,0.00000000
1050,5_2_6,sync,filter_l0.50,0.50,0.35000000,0,8,0,,1,0.52000000,1.33240596,0.62949045,1.52648455,not_aligned,0,0,0.22222222
1050,5_2_6,sync,filter_l1.00,1.00,0.18000000,0,6,0,,1,0.62000000,1.67210273,0.72600069,1.76284798,not_aligned,0,0,0.66666667
1050,5_2_6,seq_ABC,hard,,1.00000000,1,190,1,10,0,0.00000000,0.00000000,0.00000000,0.00000000,S=0,0,0,0.00000000
1050,5_2_6,seq_ABC,smooth,,0.35000000,0,12,0,,1,0.00000000,0.80632360,0.34466183,1.83838903,not_aligned,0,0,0.22222222
1050,5_2_6,seq_ABC,filter_l0.00,0.00,1.00000000,1,152,1,48,0,0.00000000,0.00000017,0.00000000,0.00000250,S=0,0,0,0.00000000
1050,5_2_6,seq_ABC,filter_l0.02,0.02,0.92000000,1,28,1,175,0,0.06000000,0.25155745,0.10735761,0.37274548,S=0,0,0,0.00000000
1050,5_2_6,seq_ABC,filter_l0.05,0.05,0.82000000,0,26,1,198,0,0.15000000,0.48171200,0.23378317,0.60916258,S=0,0,0,0.00000000
1050,5_2_6,seq_ABC,filter_l0.10,0.10,0.72000000,0,24,0,,1,0.22333333,0.68933743,0.34463114,0.85242795,not_aligned,0,0,0.00000000
1050,5_2_6,seq_ABC,filter_l0.20,0.20,0.61000000,0,12,0,,1,0.31333333,0.91074808,0.44894640,1.13977385,not_aligned,0,0,0.00000000
1050,5_2_6,seq_ABC,filter_l0.50,0.50,0.35000000,0,12,0,,1,0.49666667,1.32008644,0.61828106,1.51932541,not_aligned,0,0,0.88888889
1050,5_2_6,seq_ABC,filter_l1.00,1.00,0.19000000,0,6,0,,1,0.65000000,1.69504968,0.73759281,1.76443107,not_aligned,0,0,0.22222222
1051,5_2_6,sync,hard,,1.00000000,1,180,1,20,0,0.00000000,0.00000000,0.00000000,0.00000000,S=0,0,0,0.00000000
1051,5_2_6,sync,smooth,,0.42000000,0,7,0,,1,0.00000000,0.80632360,0.34466183,1.83838903,not_aligned,0,0,0.22222222
1051,5_2_6,sync,filter_l0.00,0.00,1.00000000,1,152,1,48,0,0.00000000,0.00005453,0.00000004,0.00049909,S=0,0,0,0.00000000
1051,5_2_6,sync,filter_l0.02,0.02,0.83000000,0,24,1,198,0,0.20333333,0.57750251,0.29953021,0.64602002,S=0,0,0,0.00000000
1051,5_2_6,sync,filter_l0.05,0.05,0.72000000,0,22,0,,1,0.31333333,0.84323747,0.43071534,0.92342827,not_aligned,0,0,0.22222222
1051,5_2_6,sync,filter_l0.10,0.10,0.60000000,0,15,0,,1,0.42000000,1.11883043,0.55298331,1.16470210,not_aligned,0,0,0.00000000
1051,5_2_6,sync,filter_l0.20,0.20,0.49000000,0,12,0,,1,0.51333333,1.31268908,0.61850262,1.36661135,not_aligned,0,0,0.22222222
1051,5_2_6,sync,filter_l0.50,0.50,0.29000000,0,8,0,,1,0.60333333,1.57055116,0.70175142,1.62763394,not_aligned,0,0,0.22222222
1051,5_2_6,sync,filter_l1.00,1.00,0.18000000,0,5,0,,1,0.76000000,1.92754221,0.80955488,1.80507023,not_aligned,0,0,0.22222222
1051,5_2_6,seq_ABC,hard,,1.00000000,1,182,1,18,0,0.00000000,0.00000000,0.00000000,0.00000000,S=0,0,0,0.00000000
1051,5_2_6,seq_ABC,smooth,,0.32000000,0,12,0,,1,0.00000000,0.80632360,0.34466183,1.83838903,not_aligned,0,0,0.22222222
1051,5_2_6,seq_ABC,filter_l0.00,0.00,1.00000000,1,152,1,48,0,0.00000000,0.00006139,0.00000004,0.00057282,S=0,0,0,0.00000000
1051,5_2_6,seq_ABC,filter_l0.02,0.02,0.81000000,0,26,1,198,0,0.21000000,0.57190438,0.30145309,0.64738725,S=0,0,0,0.00000000
1051,5_2_6,seq_ABC,filter_l0.05,0.05,0.72000000,0,42,0,,1,0.31666667,0.87160524,0.45625032,0.93572090,not_aligned,0,0,0.00000000
1051,5_2_6,seq_ABC,filter_l0.10,0.10,0.61000000,0,22,0,,1,0.41333333,1.10721551,0.54626626,1.16051541,not_aligned,0,0,0.00000000
1051,5_2_6,seq_ABC,filter_l0.20,0.20,0.42000000,0,16,0,,1,0.50333333,1.28753225,0.61888685,1.37955235,not_aligned,0,0,0.00000000
1051,5_2_6,seq_ABC,filter_l0.50,0.50,0.36000000,0,11,0,,1,0.58666667,1.52976345,0.68688224,1.61884385,not_aligned,0,0,0.00000000
1051,5_2_6,seq_ABC,filter_l1.00,1.00,0.24000000,0,5,0,,1,0.74333333,1.89051022,0.79615813,1.78850941,not_aligned,0,0,1.55555556
1052,5_2_6,sync,hard,,0.00000000,0,1,0,,1,0.00000000,0.00000000,0.00000000,0.00000000,not_aligned,0,0,0.22222222
1052,5_2_6,sync,smooth,,0.01000000,0,17,0,,1,0.00000000,0.80632360,0.34466183,1.83838903,not_aligned,0,0,0.22222222
1052,5_2_6,sync,filter_l0.00,0.00,1.00000000,1,172,1,28,0,0.00000000,0.00009429,0.00000014,0.00080682,S=0,0,0,0.00000000
1052,5_2_6,sync,filter_l0.02,0.02,0.88000000,0,23,1,188,0,0.04000000,0.23829407,0.09822204,0.35200500,S=0,0,0,0.00000000
1052,5_2_6,sync,filter_l0.05,0.05,0.80000000,0,22,1,182,0,0.10000000,0.38991152,0.19092447,0.62226105,S=0,0,0,0.00000000
1052,5_2_6,sync,filter_l0.10,0.10,0.69000000,0,22,1,182,0,0.20666667,0.59061470,0.30772662,0.86690478,S=0,0,0,0.00000000
1052,5_2_6,sync,filter_l0.20,0.20,0.58000000,0,12,1,198,0,0.27666667,0.81682788,0.40964925,1.14230369,S=0,0,0,0.00000000
1052,5_2_6,sync,filter_l0.50,0.50,0.43000000,0,9,0,,1,0.45333333,1.21058112,0.58057530,1.49221023,not_aligned,0,0,0.00000000
1052,5_2_6,sync,filter_l1.00,1.00,0.23000000,0,4,0,,1,0.61333333,1.62247383,0.72053247,1.75969326,not_aligned,0,0,0.00000000
1052,5_2_6,seq_ABC,hard,,1.00000000,1,190,1,10,0,0.00000000,0.00000000,0.00000000,0.00000000,S=0,0,0,0.00000000
1052,5_2_6,seq_ABC,smooth,,0.23000000,0,5,0,,1,0.00000000,0.80632360,0.34466183,1.83838903,not_aligned,0,0,0.22222222
1052,5_2_6,seq_ABC,filter_l0.00,0.00,1.00000000,1,107,1,93,0,0.15333333,0.37696851,0.23630128,0.11649356,S=0,0,0,0.00000000
1052,5_2_6,seq_ABC,filter_l0.02,0.02,0.87000000,0,23,1,188,0,0.04333333,0.24856054,0.10354833,0.35468621,S=0,0,0,0.00000000
1052,5_2_6,seq_ABC,filter_l0.05,0.05,0.80000000,0,22,1,182,0,0.10333333,0.40667612,0.19427218,0.61470281,S=0,0,0,0.00000000
1052,5_2_6,seq_ABC,filter_l0.10,0.10,0.72000000,0,22,1,187,0,0.16333333,0.55530689,0.27434765,0.84252386,S=0,0,0,0.00000000
1052,5_2_6,seq_ABC,filter_l0.20,0.20,0.58000000,0,17,0,,1,0.27333333,0.82745349,0.42005270,1.12638557,not_aligned,0,0,0.22222222
1052,5_2_6,seq_ABC,filter_l0.50,0.50,0.39000000,0,7,1,199,0,0.47666667,1.22521162,0.59016969,1.48190544,S=0,0,0,0.22222222
1052,5_2_6,seq_ABC,filter_l1.00,1.00,0.19000000,0,5,0,,1,0.63666667,1.65197956,0.73434668,1.75997786,not_aligned,0,0,0.22222222
1053,5_2_6,sync,hard,,1.00000000,1,180,1,20,0,0.00000000,0.00000000,0.00000000,0.00000000,S=0,0,0,0.00000000
1053,5_2_6,sync,smooth,,0.45000000,0,11,1,192,0,0.00000000,0.80632360,0.34466183,1.83838903,S=0,0,0,0.00000000
1053,5_2_6,sync,filter_l0.00,0.00,1.00000000,1,144,1,56,0,0.00000000,0.00108311,0.00003954,0.00555990,S=0,0,0,0.00000000
1053,5_2_6,sync,filter_l0.02,0.02,0.95000000,1,38,1,175,0,0.02333333,0.21959358,0.08074603,0.42106736,S=0,0,0,0.00000000
1053,5_2_6,sync,filter_l0.05,0.05,0.91000000,1,27,1,175,0,0.06333333,0.38885124,0.16795272,0.69664003,S=0,0,0,0.00000000
1053,5_2_6,sync,filter_l0.10,0.10,0.81000000,0,28,1,190,0,0.20333333,0.68646362,0.32050891,0.94334789,S=0,0,0,0.00000000
1053,5_2_6,sync,filter_l0.20,0.20,0.53000000,0,9,1,192,0,0.37333333,1.04153559,0.49592821,1.24784214,S=0,0,0,0.00000000
1053,5_2_6,sync,filter_l0.50,0.50,0.31000000,0,6,1,199,0,0.52666667,1.40788274,0.64840742,1.55657405,S=0,0,0,0.22222222
1053,5_2_6,sync,filter_l1.00,1.00,0.15000000,0,5,0,,1,0.66666667,1.76785189,0.76175216,1.79603064,not_aligned,0,0,0.22222222
1053,5_2_6,seq_ABC,hard,,1.00000000,1,182,1,18,0,0.00000000,0.00000000,0.00000000,0.00000000,S=0,0,0,0.00000000
1053,5_2_6,seq_ABC,smooth,,0.62000000,0,14,1,186,0,0.00000000,0.80632360,0.34466183,1.83838903,S=0,0,0,0.00000000
1053,5_2_6,seq_ABC,filter_l0.00,0.00,0.51000000,0,41,1,192,0,0.16666667,2.85168422,0.33326608,0.00419451,other_aligned,0,0,0.00000000
1053,5_2_6,seq_ABC,filter_l0.02,0.02,0.95000000,1,38,1,175,0,0.02333333,0.22055066,0.08131615,0.42908057,S=0,0,0,0.00000000
1053,5_2_6,seq_ABC,filter_l0.05,0.05,0.91000000,1,25,1,175,0,0.06333333,0.38886790,0.16772436,0.69857660,S=0,0,0,0.00000000
1053,5_2_6,seq_ABC,filter_l0.10,0.10,0.78000000,0,24,1,190,0,0.19000000,0.69255360,0.32243090,0.95005031,S=0,0,0,0.00000000
1053,5_2_6,seq_ABC,filter_l0.20,0.20,0.62000000,0,8,1,192,0,0.36666667,1.02783566,0.49206159,1.22952602,S=0,0,0,0.00000000
1053,5_2_6,seq_ABC,filter_l0.50,0.50,0.32000000,0,9,1,199,0,0.52666667,1.41578551,0.64596800,1.57168986,S=0,0,0,0.22222222
1053,5_2_6,seq_ABC,filter_l1.00,1.00,0.14000000,0,3,1,199,0,0.64666667,1.77309976,0.75985997,1.79879911,S=0,0,0,0.22222222
1054,5_2_6,sync,hard,,0.00000000,0,1,0,,1,0.00000000,0.00000000,0.00000000,0.00000000,not_aligned,0,0,0.22222222
1054,5_2_6,sync,smooth,,0.36000000,0,7,0,,1,0.00000000,0.80632360,0.34466183,1.83838903,not_aligned,0,0,0.88888889
1054,5_2_6,sync,filter_l0.00,0.00,0.73000000,1,34,1,166,0,0.09333333,1.96139375,0.18648708,0.00640421,other_aligned,0,0,0.00000000
1054,5_2_6,sync,filter_l0.02,0.02,0.74000000,0,16,0,,1,0.27666667,0.70951689,0.38748060,0.68097283,not_aligned,0,0,0.00000000
1054,5_2_6,sync,filter_l0.05,0.05,0.84000000,0,22,1,194,0,0.07666667,0.40950189,0.18478721,0.64435786,S=8,0,0,0.00000000
1054,5_2_6,sync,filter_l0.10,0.10,0.75000000,0,14,1,194,0,0.24333333,0.73042371,0.36730403,0.88982190,S=8,0,0,0.00000000
1054,5_2_6,sync,filter_l0.20,0.20,0.67000000,0,16,1,197,0,0.31000000,0.87514848,0.43996755,1.13182954,S=8,0,0,0.00000000
1054,5_2_6,sync,filter_l0.50,0.50,0.37000000,0,8,0,,1,0.56333333,1.41270801,0.65192636,1.55837993,not_aligned,0,0,0.00000000
1054,5_2_6,sync,filter_l1.00,1.00,0.20000000,0,6,0,,1,0.67666667,1.72158247,0.74908314,1.78279053,not_aligned,0,0,0.22222222
1054,5_2_6,seq_ABC,hard,,1.00000000,1,190,1,10,0,0.00000000,0.00000000,0.00000000,0.00000000,S=0,0,0,0.00000000
1054,5_2_6,seq_ABC,smooth,,0.36000000,0,14,0,,1,0.00000000,0.80632360,0.34466183,1.83838903,not_aligned,0,0,0.00000000
1054,5_2_6,seq_ABC,filter_l0.00,0.00,0.62000000,1,49,1,151,0,0.31333333,3.20943625,0.54140607,0.13023746,other_aligned,0,0,0.00000000
1054,5_2_6,seq_ABC,filter_l0.02,0.02,0.88000000,0,21,1,194,0,0.04333333,0.27500939,0.10872522,0.39669722,S=8,0,0,0.00000000
1054,5_2_6,seq_ABC,filter_l0.05,0.05,0.69000000,0,16,0,,1,0.28333333,0.76213695,0.38706120,0.83428147,not_aligned,0,0,0.00000000
1054,5_2_6,seq_ABC,filter_l0.10,0.10,0.67000000,0,22,0,,1,0.31666667,0.90364802,0.44851298,1.03210522,not_aligned,0,0,0.00000000
1054,5_2_6,seq_ABC,filter_l0.20,0.20,0.56000000,0,10,0,,1,0.49000000,1.17084066,0.57084131,1.26990499,not_aligned,0,0,0.00000000
1054,5_2_6,seq_ABC,filter_l0.50,0.50,0.26000000,0,6,0,,1,0.58666667,1.42932167,0.66082096,1.56462879,not_aligned,0,0,0.22222222
1054,5_2_6,seq_ABC,filter_l1.00,1.00,0.20000000,0,5,0,,1,0.61333333,1.64403514,0.71643707,1.75405214,not_aligned,0,0,0.22222222
1055,5_2_6,sync,hard,,1.00000000,1,187,1,13,0,0.00000000,0.00000000,0.00000000,0.00000000,other_aligned,0,0,0.00000000
1055,5_2_6,sync,smooth,,0.46000000,0,15,0,,1,0.00000000,0.80632360,0.34466183,1.83838903,not_aligned,0,0,0.00000000
1055,5_2_6,sync,filter_l0.00,0.00,1.00000000,1,148,1,52,0,0.00000000,0.00007008,0.00000009,0.00062065,S=0,0,0,0.00000000
1055,5_2_6,sync,filter_l0.02,0.02,0.86000000,0,27,1,198,0,0.06000000,0.31830072,0.12979113,0.45481933,S=0,0,0,0.00000000
1055,5_2_6,sync,filter_l0.05,0.05,0.77000000,0,20,1,198,0,0.13666667,0.55819122,0.25708497,0.74614982,S=0,0,0,0.00000000
1055,5_2_6,sync,filter_l0.10,0.10,0.72000000,0,13,0,,1,0.22666667,0.73533000,0.35580111,0.97544536,not_aligned,0,0,0.00000000
1055,5_2_6,sync,filter_l0.20,0.20,0.42000000,0,13,0,,1,0.45000000,1.14835617,0.55298516,1.30374474,not_aligned,0,0,0.00000000
1055,5_2_6,sync,filter_l0.50,0.50,0.27000000,0,8,1,199,0,0.50000000,1.38403730,0.63407944,1.57589824,S=0,0,0,0.22222222
1055,5_2_6,sync,filter_l1.00,1.00,0.13000000,0,4,0,,1,0.66666667,1.73817141,0.75156450,1.77873409,not_aligned,0,0,0.22222222
1055,5_2_6,seq_ABC,hard,,1.00000000,1,194,1,6,0,0.00000000,0.00000000,0.00000000,0.00000000,S=0,0,0,0.00000000
1055,5_2_6,seq_ABC,smooth,,0.59000000,0,11,0,,1,0.00000000,0.80632360,0.34466183,1.83838903,not_aligned,0,0,0.00000000
1055,5_2_6,seq_ABC,filter_l0.00,0.00,1.00000000,1,148,1,52,0,0.00000000,0.00007008,0.00000009,0.00062065,S=0,0,0,0.00000000
1055,5_2_6,seq_ABC,filter_l0.02,0.02,0.86000000,0,27,1,198,0,0.06000000,0.32183707,0.12973151,0.45942875,S=0,0,0,0.00000000
1055,5_2_6,seq_ABC,filter_l0.05,0.05,0.74000000,0,20,0,,1,0.14333333,0.56462427,0.25805468,0.74870635,not_aligned,0,0,0.00000000
1055,5_2_6,seq_ABC,filter_l0.10,0.10,0.68000000,0,13,1,198,0,0.23666667,0.78271989,0.37403486,0.99615582,S=0,0,0,0.00000000
1055,5_2_6,seq_ABC,filter_l0.20,0.20,0.50000000,0,12,0,,1,0.45333333,1.18498635,0.56980475,1.30562443,not_aligned,0,0,0.00000000
1055,5_2_6,seq_ABC,filter_l0.50,0.50,0.33000000,0,9,1,199,0,0.47666667,1.38485655,0.63304091,1.58481547,S=0,0,0,0.22222222
1055,5_2_6,seq_ABC,filter_l1.00,1.00,0.21000000,0,6,0,,1,0.63666667,1.75621879,0.76186582,1.80025916,not_aligned,0,0,0.88888889
1056,5_2_6,sync,hard,,0.00000000,0,1,0,,1,0.00000000,0.00000000,0.00000000,0.00000000,not_aligned,0,0,0.22222222
1056,5_2_6,sync,smooth,,0.31000000,0,8,1,195,0,0.00000000,0.80632360,0.34466183,1.83838903,S=8,0,0,0.00000000
1056,5_2_6,sync,filter_l0.00,0.00,1.00000000,1,115,1,85,0,0.05666667,0.09398403,0.06618219,0.07204164,S=0,0,0,0.00000000
1056,5_2_6,sync,filter_l0.02,0.02,0.87000000,0,18,1,199,0,0.07666667,0.30219071,0.13563434,0.43153287,S=0,0,0,0.22222222
1056,5_2_6,sync,filter_l0.05,0.05,0.79000000,0,17,1,199,0,0.11333333,0.48756352,0.22428742,0.71196038,S=0,0,0,0.22222222
1056,5_2_6,sync,filter_l0.10,0.10,0.72000000,0,14,1,199,0,0.20333333,0.67789419,0.32487141,0.94887108,S=0,0,0,0.22222222
1056,5_2_6,sync,filter_l0.20,0.20,0.58000000,0,10,1,199,0,0.33000000,0.95488577,0.46429577,1.21616378,S=0,0,0,0.22222222
1056,5_2_6,sync,filter_l0.50,0.50,0.31000000,0,6,0,,1,0.47666667,1.33215947,0.61036494,1.51383242,not_aligned,0,0,0.22222222
1056,5_2_6,sync,filter_l1.00,1.00,0.13000000,0,4,0,,1,0.60000000,1.70263670,0.73646067,1.78754545,not_aligned,0,0,0.22222222
1056,5_2_6,seq_ABC,hard,,1.00000000,1,190,1,10,0,0.00000000,0.00000000,0.00000000,0.00000000,S=0,0,0,0.00000000
1056,5_2_6,seq_ABC,smooth,,0.30000000,0,6,1,199,0,0.00000000,0.80632360,0.34466183,1.83838903,other_aligned,0,0,0.22222222
1056,5_2_6,seq_ABC,filter_l0.00,0.00,1.00000000,1,115,1,85,0,0.14666667,0.38390806,0.21296055,0.11249154,S=0,0,0,0.00000000
1056,5_2_6,seq_ABC,filter_l0.02,0.02,0.83000000,0,18,1,199,0,0.11333333,0.38346037,0.18679890,0.46692442,S=0,0,0,0.22222222
1056,5_2_6,seq_ABC,filter_l0.05,0.05,0.74000000,0,11,1,199,0,0.14000000,0.54531952,0.25934869,0.73433892,S=0,0,0,0.22222222
1056,5_2_6,seq_ABC,filter_l0.10,0.10,0.72000000,0,14,1,199,0,0.17333333,0.65357200,0.31662667,0.93852051,S=0,0,0,0.22222222
1056,5_2_6,seq_ABC,filter_l0.20,0.20,0.59000000,0,10,1,199,0,0.33666667,0.97374137,0.47384744,1.21652833,S=0,0,0,0.22222222
1056,5_2_6,seq_ABC,filter_l0.50,0.50,0.39000000,0,6,0,,1,0.46666667,1.32218318,0.60144138,1.50671903,not_aligned,0,0,0.22222222
1056,5_2_6,seq_ABC,filter_l1.00,1.00,0.33000000,0,5,1,199,0,0.59666667,1.64948416,0.70994022,1.74868298,other_aligned,0,0,0.22222222
1057,5_2_6,sync,hard,,0.00000000,0,1,0,,1,0.00000000,0.00000000,0.00000000,0.00000000,not_aligned,0,0,0.22222222
1057,5_2_6,sync,smooth,,0.30000000,0,6,1,198,0,0.00000000,0.80632360,0.34466183,1.83838903,other_aligned,1,0,0.00000000
1057,5_2_6,sync,filter_l0.00,0.00,1.00000000,1,164,1,36,0,0.01333333,0.02961013,0.01690248,0.04816481,S=0,0,0,0.00000000
1057,5_2_6,sync,filter_l0.02,0.02,0.82000000,0,29,0,,1,0.08333333,0.36165825,0.15524040,0.44776860,not_aligned,0,0,0.00000000
1057,5_2_6,sync,filter_l0.05,0.05,0.79000000,0,18,1,194,0,0.11000000,0.51442591,0.22655588,0.69588947,other_aligned,0,0,0.00000000
1057,5_2_6,sync,filter_l0.10,0.10,0.76000000,0,10,1,194,0,0.16000000,0.70106309,0.32127652,0.92719753,other_aligned,0,0,0.00000000
1057,5_2_6,sync,filter_l0.20,0.20,0.48000000,0,7,1,197,0,0.46666667,1.15828230,0.57183478,1.23988492,other_aligned,0,0,0.00000000
1057,5_2_6,sync,filter_l0.50,0.50,0.45000000,0,6,0,,1,0.47000000,1.31500778,0.59431416,1.51043446,not_aligned,0,0,0.22222222
1057,5_2_6,sync,filter_l1.00,1.00,0.15000000,0,3,0,,1,0.62000000,1.72938811,0.73364614,1.77291839,not_aligned,0,0,0.22222222
1057,5_2_6,seq_ABC,hard,,1.00000000,1,194,1,6,0,0.00000000,0.00000000,0.00000000,0.00000000,S=0,0,0,0.00000000
1057,5_2_6,seq_ABC,smooth,,0.39000000,0,7,0,,1,0.00000000,0.80632360,0.34466183,1.83838903,not_aligned,1,0,0.88888889
1057,5_2_6,seq_ABC,filter_l0.00,0.00,1.00000000,1,164,1,36,0,0.03000000,0.06126644,0.04078044,0.06538157,S=0,0,0,0.00000000
1057,5_2_6,seq_ABC,filter_l0.02,0.02,0.83000000,0,29,0,,1,0.08333333,0.37004811,0.15411905,0.43191200,not_aligned,0,0,0.00000000
1057,5_2_6,seq_ABC,filter_l0.05,0.05,0.78000000,0,18,1,194,0,0.12333333,0.52493917,0.23567608,0.69958022,other_aligned,0,0,0.00000000
1057,5_2_6,seq_ABC,filter_l0.10,0.10,0.69000000,0,14,1,196,0,0.16666667,0.68882456,0.31333524,0.92534232,other_aligned,0,0,0.00000000
1057,5_2_6,seq_ABC,filter_l0.20,0.20,0.45000000,0,11,1,197,0,0.43000000,1.09879500,0.54156207,1.24482837,other_aligned,0,0,0.00000000
1057,5_2_6,seq_ABC,filter_l0.50,0.50,0.51000000,0,10,0,,1,0.46333333,1.31806486,0.59659726,1.52830933,not_aligned,0,0,0.22222222
1057,5_2_6,seq_ABC,filter_l1.00,1.00,0.19000000,0,3,0,,1,0.60000000,1.70941634,0.72578576,1.76565864,not_aligned,0,0,0.66666667
1058,5_2_6,sync,hard,,0.00000000,0,1,0,,1,0.00000000,0.00000000,0.00000000,0.00000000,not_aligned,0,0,0.22222222
1058,5_2_6,sync,smooth,,0.10000000,0,10,0,,1,0.00000000,0.80632360,0.34466183,1.83838903,not_aligned,0,0,0.22222222
1058,5_2_6,sync,filter_l0.00,0.00,1.00000000,1,163,1,37,0,0.00000000,0.00333771,0.00039705,0.01369939,S=0,0,0,0.00000000
1058,5_2_6,sync,filter_l0.02,0.02,0.86000000,0,18,1,199,0,0.06000000,0.28701244,0.12818118,0.43129115,S=0,0,0,0.22222222
1058,5_2_6,sync,filter_l0.05,0.05,0.80000000,0,18,1,199,0,0.12333333,0.45323235,0.22076738,0.73368668,S=0,0,0,0.22222222
1058,5_2_6,sync,filter_l0.10,0.10,0.72000000,0,17,0,,1,0.19333333,0.66786224,0.33417219,0.98816416,not_aligned,0,0,0.22222222
1058,5_2_6,sync,filter_l0.20,0.20,0.56000000,0,13,0,,1,0.37000000,0.98242805,0.49557274,1.25493622,not_aligned,0,0,0.22222222
1058,5_2_6,sync,filter_l0.50,0.50,0.36000000,0,9,0,,1,0.52333333,1.37777777,0.64395130,1.58055762,not_aligned,0,0,0.22222222
1058,5_2_6,sync,filter_l1.00,1.00,0.18000000,0,3,0,,1,0.65000000,1.70282766,0.74048502,1.79420187,not_aligned,0,0,0.22222222
1058,5_2_6,seq_ABC,hard,,1.00000000,1,189,1,11,0,0.00000000,0.00000000,0.00000000,0.00000000,S=0,0,0,0.00000000
1058,5_2_6,seq_ABC,smooth,,0.56000000,0,15,0,,1,0.00000000,0.80632360,0.34466183,1.83838903,not_aligned,0,0,0.66666667
1058,5_2_6,seq_ABC,filter_l0.00,0.00,1.00000000,1,163,1,37,0,0.00000000,0.00333771,0.00039705,0.01369939,S=0,0,0,0.00000000
1058,5_2_6,seq_ABC,filter_l0.02,0.02,0.86000000,0,18,1,199,0,0.06000000,0.30210662,0.12926789,0.42787428,S=0,0,0,0.22222222
1058,5_2_6,seq_ABC,filter_l0.05,0.05,0.83000000,0,18,1,199,0,0.10333333,0.45022341,0.20776901,0.70962634,S=0,0,0,0.22222222
1058,5_2_6,seq_ABC,filter_l0.10,0.10,0.75000000,0,13,0,,1,0.20333333,0.67733254,0.33915675,0.98620469,not_aligned,0,0,0.22222222
1058,5_2_6,seq_ABC,filter_l0.20,0.20,0.62000000,0,13,0,,1,0.36000000,0.97681881,0.49199356,1.25259319,not_aligned,0,0,0.22222222
1058,5_2_6,seq_ABC,filter_l0.50,0.50,0.41000000,0,7,0,,1,0.51333333,1.33447420,0.62859892,1.55676200,not_aligned,0,0,0.22222222
1058,5_2_6,seq_ABC,filter_l1.00,1.00,0.23000000,0,10,0,,1,0.64333333,1.69591835,0.73790043,1.79130647,not_aligned,0,0,0.88888889
1059,5_2_6,sync,hard,,0.00000000,0,1,0,,1,0.00000000,0.00000000,0.00000000,0.00000000,not_aligned,0,0,0.22222222
1059,5_2_6,sync,smooth,,0.42000000,0,11,0,,1,0.00000000,0.80632360,0.34466183,1.83838903,not_aligned,0,0,0.66666667
1059,5_2_6,sync,filter_l0.00,0.00,1.00000000,1,161,1,39,0,0.16333333,0.53473267,0.28539927,0.06569279,S=0,0,0,0.00000000
1059,5_2_6,sync,filter_l0.02,0.02,0.86000000,0,18,1,199,0,0.30333333,0.64369818,0.37225342,0.54047991,S=0,0,0,0.22222222
1059,5_2_6,sync,filter_l0.05,0.05,0.81000000,0,18,1,199,0,0.18666667,0.59455179,0.29875758,0.75850440,S=0,0,0,0.22222222
1059,5_2_6,sync,filter_l0.10,0.10,0.62000000,0,9,1,199,0,0.35000000,0.90673119,0.46184757,1.01892931,S=0,0,0,0.22222222
1059,5_2_6,sync,filter_l0.20,0.20,0.47000000,0,6,1,199,0,0.40666667,1.07466410,0.53626786,1.23525681,S=0,0,0,0.22222222
1059,5_2_6,sync,filter_l0.50,0.50,0.19000000,0,5,0,,1,0.62666667,1.49975876,0.70113016,1.62242037,not_aligned,0,0,0.88888889
1059,5_2_6,sync,filter_l1.00,1.00,0.12000000,0,5,0,,1,0.70666667,1.80692772,0.79077105,1.82919464,not_aligned,0,0,1.55555556
1059,5_2_6,seq_ABC,hard,,1.00000000,1,190,1,10,0,0.00000000,0.00000000,0.00000000,0.00000000,S=0,0,0,0.00000000
1059,5_2_6,seq_ABC,smooth,,0.09000000,0,3,0,,1,0.00000000,0.80632360,0.34466183,1.83838903,not_aligned,0,0,0.22222222
1059,5_2_6,seq_ABC,filter_l0.00,0.00,1.00000000,1,113,1,87,0,0.18000000,0.70515696,0.32136698,0.05608034,S=0,0,0,0.00000000
1059,5_2_6,seq_ABC,filter_l0.02,0.02,0.86000000,0,16,1,199,0,0.19333333,0.51688586,0.27900558,0.51348432,S=0,0,0,0.22222222
1059,5_2_6,seq_ABC,filter_l0.05,0.05,0.80000000,0,18,1,199,0,0.24666667,0.64308771,0.33385185,0.76815657,S=0,0,0,0.22222222
1059,5_2_6,seq_ABC,filter_l0.10,0.10,0.60000000,0,13,1,199,0,0.38333333,0.92138423,0.48212104,1.05290858,S=0,0,0,0.22222222
1059,5_2_6,seq_ABC,filter_l0.20,0.20,0.45000000,0,11,1,199,0,0.43666667,1.11931679,0.55996711,1.24587576,S=0,0,0,0.22222222
1059,5_2_6,seq_ABC,filter_l0.50,0.50,0.33000000,0,5,0,,1,0.52000000,1.34766505,0.63536253,1.56077154,not_aligned,0,0,0.66666667
1059,5_2_6,seq_ABC,filter_l1.00,1.00,0.24000000,0,5,1,197,0,0.68000000,1.75261348,0.76140339,1.80345411,S=8,0,0,0.00000000
1060,5_2_6,sync,hard,,0.00000000,0,1,0,,1,0.00000000,0.00000000,0.00000000,0.00000000,not_aligned,0,0,0.22222222
1060,5_2_6,sync,smooth,,0.48000000,0,8,0,,1,0.00000000,0.80632360,0.34466183,1.83838903,not_aligned,0,0,0.22222222
1060,5_2_6,sync,filter_l0.00,0.00,1.00000000,1,179,1,21,0,0.00000000,0.00000028,0.00000000,0.00000376,S=0,0,0,0.00000000
1060,5_2_6,sync,filter_l0.02,0.02,0.90000000,1,41,1,176,0,0.03333333,0.20973149,0.07410406,0.30883677,S=0,0,0,0.00000000
1060,5_2_6,sync,filter_l0.05,0.05,0.86000000,0,23,0,,1,0.04666667,0.30809393,0.12271502,0.56682236,not_aligned,0,0,0.00000000
1060,5_2_6,sync,filter_l0.10,0.10,0.78000000,0,17,0,,1,0.10333333,0.51392718,0.23271088,0.82687237,not_aligned,0,0,0.00000000
1060,5_2_6,sync,filter_l0.20,0.20,0.68000000,0,14,0,,1,0.27333333,0.83250048,0.40944493,1.14272394,not_aligned,0,0,0.00000000
1060,5_2_6,sync,filter_l0.50,0.50,0.37000000,0,6,0,,1,0.49333333,1.28677109,0.60679595,1.49755970,not_aligned,0,0,0.00000000
1060,5_2_6,sync,filter_l1.00,1.00,0.32000000,0,6,0,,1,0.64333333,1.67514187,0.73195687,1.76058926,not_aligned,0,0,0.00000000
1060,5_2_6,seq_ABC,hard,,1.00000000,1,195,1,5,0,0.00000000,0.00000000,0.00000000,0.00000000,S=0,0,0,0.00000000
1060,5_2_6,seq_ABC,smooth,,0.39000000,0,13,0,,1,0.00000000,0.80632360,0.34466183,1.83838903,not_aligned,0,0,0.00000000
1060,5_2_6,seq_ABC,filter_l0.00,0.00,1.00000000,1,179,1,21,0,0.00000000,0.00000026,0.00000000,0.00000343,S=0,0,0,0.00000000
1060,5_2_6,seq_ABC,filter_l0.02,0.02,0.90000000,1,40,1,176,0,0.03333333,0.21061319,0.07486502,0.31037253,S=0,0,0,0.00000000
1060,5_2_6,seq_ABC,filter_l0.05,0.05,0.86000000,0,23,0,,1,0.04666667,0.31232362,0.12608080,0.57125397,not_aligned,0,0,0.00000000
1060,5_2_6,seq_ABC,filter_l0.10,0.10,0.84000000,0,16,0,,1,0.09000000,0.46321587,0.20721173,0.82871669,not_aligned,0,0,0.00000000
1060,5_2_6,seq_ABC,filter_l0.20,0.20,0.74000000,0,22,0,,1,0.21666667,0.76674713,0.36393439,1.11783491,not_aligned,0,0,0.00000000
1060,5_2_6,seq_ABC,filter_l0.50,0.50,0.50000000,0,8,0,,1,0.45666667,1.26063356,0.59176231,1.49087495,not_aligned,0,0,0.00000000
1060,5_2_6,seq_ABC,filter_l1.00,1.00,0.19000000,0,7,0,,1,0.64666667,1.67801863,0.73407267,1.76097668,not_aligned,0,0,0.22222222
1061,5_2_6,sync,hard,,0.00000000,0,1,0,,1,0.00000000,0.00000000,0.00000000,0.00000000,not_aligned,0,0,0.22222222
1061,5_2_6,sync,smooth,,0.65000000,0,28,0,,1,0.00000000,0.80632360,0.34466183,1.83838903,not_aligned,0,0,0.22222222
1061,5_2_6,sync,filter_l0.00,0.00,0.94000000,1,83,1,117,0,0.42666667,1.95643654,0.73972284,0.19353701,S=0,0,0,0.00000000
1061,5_2_6,sync,filter_l0.02,0.02,0.94000000,1,56,1,180,0,0.04333333,0.21279584,0.08578120,0.40973160,S=0,0,0,0.00000000
1061,5_2_6,sync,filter_l0.05,0.05,0.75000000,0,21,1,198,0,0.22333333,0.60308363,0.31561379,0.71087376,S=0,0,0,0.00000000
1061,5_2_6,sync,filter_l0.10,0.10,0.74000000,0,20,1,198,0,0.21666667,0.69151719,0.32143164,0.92827146,S=0,0,0,0.00000000
1061,5_2_6,sync,filter_l0.20,0.20,0.60000000,0,20,0,,1,0.30666667,0.93007374,0.43991200,1.17117564,not_aligned,0,0,0.22222222
1061,5_2_6,sync,filter_l0.50,0.50,0.43000000,0,9,0,,1,0.46666667,1.31193804,0.60233231,1.52723739,not_aligned,0,0,0.22222222
1061,5_2_6,sync,filter_l1.00,1.00,0.32000000,0,6,0,,1,0.60333333,1.67997072,0.72096099,1.77163179,not_aligned,0,0,0.88888889
1061,5_2_6,seq_ABC,hard,,1.00000000,1,194,1,6,0,0.00000000,0.00000000,0.00000000,0.00000000,S=0,0,0,0.00000000
1061,5_2_6,seq_ABC,smooth,,0.68000000,0,23,0,,1,0.00000000,0.80632360,0.34466183,1.83838903,not_aligned,0,0,1.55555556
1061,5_2_6,seq_ABC,filter_l0.00,0.00,1.00000000,1,112,1,88,0,0.12666667,0.37960243,0.21594504,0.13373118,S=0,0,0,0.00000000
1061,5_2_6,seq_ABC,filter_l0.02,0.02,0.94000000,0,56,1,186,0,0.04333333,0.20807251,0.08502096,0.40399108,S=0,0,0,0.00000000
1061,5_2_6,seq_ABC,filter_l0.05,0.05,0.73000000,0,27,1,198,0,0.22000000,0.68290726,0.31874746,0.76251106,S=0,0,0,0.00000000
1061,5_2_6,seq_ABC,filter_l0.10,0.10,0.80000000,0,20,1,198,0,0.17000000,0.57556964,0.27040567,0.90099925,S=0,0,0,0.00000000
1061,5_2_6,seq_ABC,filter_l0.20,0.20,0.70000000,0,20,0,,1,0.26666667,0.83994054,0.38583438,1.15441338,not_aligned,0,0,0.22222222
1061,5_2_6,seq_ABC,filter_l0.50,0.50,0.49000000,0,8,0,,1,0.43333333,1.24975480,0.56461166,1.50061015,not_aligned,0,0,0.22222222
1061,5_2_6,seq_ABC,filter_l1.00,1.00,0.24000000,0,6,1,199,0,0.67000000,1.79073868,0.77341017,1.80993693,other_aligned,0,0,0.66666667
1062,5_2_6,sync,hard,,0.00000000,0,1,0,,1,0.00000000,0.00000000,0.00000000,0.00000000,not_aligned,0,0,0.22222222
1062,5_2_6,sync,smooth,,0.34000000,0,9,0,,1,0.00000000,0.80632360,0.34466183,1.83838903,not_aligned,0,0,0.00000000
1062,5_2_6,sync,filter_l0.00,0.00,0.73000000,1,54,1,146,0,0.69666667,4.85144929,1.29967751,0.12922437,S=0,0,0,0.00000000
1062,5_2_6,sync,filter_l0.02,0.02,0.92000000,0,27,0,,1,0.06000000,0.27898022,0.12211006,0.41548567,not_aligned,0,0,0.00000000
1062,5_2_6,sync,filter_l0.05,0.05,0.70000000,0,17,1,198,0,0.28666667,0.83770909,0.41594062,0.84973189,S=8,0,0,0.00000000
1062,5_2_6,sync,filter_l0.10,0.10,0.85000000,0,21,0,,1,0.14666667,0.54966698,0.25843973,0.86664503,not_aligned,0,0,0.00000000
1062,5_2_6,sync,filter_l0.20,0.20,0.80000000,0,20,0,,1,0.25000000,0.78040490,0.37896258,1.13975599,not_aligned,0,0,0.00000000
1062,5_2_6,sync,filter_l0.50,0.50,0.43000000,0,8,1,199,0,0.48333333,1.29576803,0.61460208,1.53725175,other_aligned,0,0,0.88888889
1062,5_2_6,sync,filter_l1.00,1.00,0.07000000,0,2,0,,1,0.68666667,1.79312648,0.77837228,1.80070586,not_aligned,0,0,0.00000000
1062,5_2_6,seq_ABC,hard,,1.00000000,1,195,1,5,0,0.00000000,0.00000000,0.00000000,0.00000000,S=0,0,0,0.00000000
1062,5_2_6,seq_ABC,smooth,,0.45000000,0,19,0,,1,0.00000000,0.80632360,0.34466183,1.83838903,not_aligned,0,0,0.22222222
1062,5_2_6,seq_ABC,filter_l0.00,0.00,0.92000000,1,58,1,142,0,0.02666667,0.29567639,0.05334010,0.00253959,other_aligned,1,0,0.00000000
1062,5_2_6,seq_ABC,filter_l0.02,0.02,0.91000000,0,27,0,,1,0.03000000,0.21508521,0.07773430,0.36684568,not_aligned,1,0,0.00000000
1062,5_2_6,seq_ABC,filter_l0.05,0.05,0.88000000,0,21,0,,1,0.06666667,0.38448802,0.16788935,0.63283359,not_aligned,1,0,0.00000000
1062,5_2_6,seq_ABC,filter_l0.10,0.10,0.84000000,0,21,0,,1,0.16000000,0.56218163,0.27125759,0.87440706,not_aligned,1,0,0.00000000
1062,5_2_6,seq_ABC,filter_l0.20,0.20,0.75000000,0,15,1,197,0,0.28000000,0.81852238,0.40241929,1.15142677,S=0,1,0,0.00000000
1062,5_2_6,seq_ABC,filter_l0.50,0.50,0.45000000,0,11,0,,1,0.49333333,1.27899294,0.60802464,1.52744898,not_aligned,1,0,0.00000000
1062,5_2_6,seq_ABC,filter_l1.00,1.00,0.29000000,0,4,0,,1,0.65333333,1.67865158,0.72880909,1.76358434,not_aligned,1,0,0.00000000
1063,5_2_6,sync,hard,,0.00000000,0,1,0,,1,0.00000000,0.00000000,0.00000000,0.00000000,not_aligned,0,0,0.22222222
1063,5_2_6,sync,smooth,,0.22000000,0,15,1,199,0,0.00000000,0.80632360,0.34466183,1.83838903,S=8,0,0,0.22222222
1063,5_2_6,sync,filter_l0.00,0.00,1.00000000,1,175,1,25,0,0.00000000,0.00000311,0.00000000,0.00003662,S=0,0,0,0.00000000
1063,5_2_6,sync,filter_l0.02,0.02,0.85000000,0,20,0,,1,0.08000000,0.35045518,0.15089661,0.42227857,not_aligned,0,0,2.00000000
1063,5_2_6,sync,filter_l0.05,0.05,0.79000000,0,23,0,,1,0.15333333,0.51851393,0.23755222,0.64470975,not_aligned,0,0,2.00000000
1063,5_2_6,sync,filter_l0.10,0.10,0.75000000,0,20,0,,1,0.19000000,0.66457971,0.31211722,0.87427394,not_aligned,0,0,0.22222222
1063,5_2_6,sync,filter_l0.20,0.20,0.58000000,0,14,0,,1,0.34000000,0.97538065,0.46292417,1.16207555,not_aligned,0,0,3.55555556
1063,5_2_6,sync,filter_l0.50,0.50,0.48000000,0,6,0,,1,0.44333333,1.27228476,0.58469752,1.50980017,not_aligned,0,0,3.55555556
1063,5_2_6,sync,filter_l1.00,1.00,0.25000000,0,5,0,,1,0.60666667,1.63615701,0.70879355,1.75531995,not_aligned,0,0,1.55555556
1063,5_2_6,seq_ABC,hard,,1.00000000,1,190,1,10,0,0.00000000,0.00000000,0.00000000,0.00000000,S=0,0,0,0.00000000
1063,5_2_6,seq_ABC,smooth,,0.62000000,0,19,1,197,0,0.00000000,0.80632360,0.34466183,1.83838903,S=0,0,0,0.00000000
1063,5_2_6,seq_ABC,filter_l0.00,0.00,1.00000000,1,183,1,17,0,0.00000000,0.00000139,0.00000000,0.00001783,S=0,0,0,0.00000000
1063,5_2_6,seq_ABC,filter_l0.02,0.02,0.83000000,0,20,0,,1,0.09000000,0.37474437,0.16332189,0.42054661,not_aligned,0,0,2.00000000
1063,5_2_6,seq_ABC,filter_l0.05,0.05,0.76000000,0,24,0,,1,0.17333333,0.54405817,0.25217047,0.65233710,not_aligned,0,0,2.00000000
1063,5_2_6,seq_ABC,filter_l0.10,0.10,0.72000000,0,25,0,,1,0.18333333,0.68079508,0.31437499,0.87175181,not_aligned,0,0,0.22222222
1063,5_2_6,seq_ABC,filter_l0.20,0.20,0.58000000,0,12,0,,1,0.32333333,0.94342750,0.44993228,1.14962951,not_aligned,0,0,3.55555556
1063,5_2_6,seq_ABC,filter_l0.50,0.50,0.37000000,0,6,0,,1,0.48666667,1.30465012,0.61394258,1.50777019,not_aligned,0,0,3.55555556
1063,5_2_6,seq_ABC,filter_l1.00,1.00,0.23000000,0,5,0,,1,0.63666667,1.67207021,0.72907494,1.76837965,not_aligned,0,0,0.88888889
1064,5_2_6,sync,hard,,0.00000000,0,1,0,,1,0.00000000,0.00000000,0.00000000,0.00000000,not_aligned,0,0,0.22222222
1064,5_2_6,sync,smooth,,0.24000000,0,10,0,,1,0.00000000,0.80632360,0.34466183,1.83838903,not_aligned,0,0,0.22222222
1064,5_2_6,sync,filter_l0.00,0.00,1.00000000,1,153,1,47,0,0.05000000,0.08387324,0.05583309,0.10169896,S=0,0,0,0.00000000
1064,5_2_6,sync,filter_l0.02,0.02,0.75000000,1,20,1,180,0,0.28333333,0.71038629,0.35570597,0.68348480,S=0,0,0,0.00000000
1064,5_2_6,sync,filter_l0.05,0.05,0.72000000,1,20,1,180,0,0.27000000,0.77057264,0.36408782,0.85845855,S=0,0,0,0.00000000
1064,5_2_6,sync,filter_l0.10,0.10,0.67000000,1,20,1,180,0,0.32333333,0.95743247,0.45418169,1.06509812,S=0,0,0,0.00000000
1064,5_2_6,sync,filter_l0.20,0.20,0.45000000,0,7,1,198,0,0.48666667,1.25064489,0.59561922,1.32255759,S=0,0,0,0.00000000
1064,5_2_6,sync,filter_l0.50,0.50,0.39000000,0,7,1,193,0,0.55666667,1.48066141,0.66929747,1.58440347,S=0,0,0,0.00000000
1064,5_2_6,sync,filter_l1.00,1.00,0.15000000,0,3,0,,1,0.67666667,1.79229950,0.76925061,1.79725217,not_aligned,0,0,0.88888889
1064,5_2_6,seq_ABC,hard,,1.00000000,1,194,1,6,0,0.00000000,0.00000000,0.00000000,0.00000000,S=0,0,0,0.00000000
1064,5_2_6,seq_ABC,smooth,,0.56000000,0,19,0,,1,0.00000000,0.80632360,0.34466183,1.83838903,not_aligned,0,0,0.88888889
1064,5_2_6,seq_ABC,filter_l0.00,0.00,1.00000000,1,144,1,56,0,0.05000000,0.09950956,0.05991552,0.14357238,S=0,0,0,0.00000000
1064,5_2_6,seq_ABC,filter_l0.02,0.02,0.79000000,1,20,1,180,0,0.32000000,0.72381381,0.38622521,0.68433555,S=0,0,0,0.00000000
1064,5_2_6,seq_ABC,filter_l0.05,0.05,0.72000000,1,20,1,180,0,0.28666667,0.79292876,0.38342533,0.88118711,S=0,0,0,0.00000000
1064,5_2_6,seq_ABC,filter_l0.10,0.10,0.67000000,1,20,1,180,0,0.30333333,0.90489419,0.42378061,1.05818325,S=0,0,0,0.00000000
1064,5_2_6,seq_ABC,filter_l0.20,0.20,0.53000000,0,8,1,195,0,0.45000000,1.21858925,0.57713319,1.28631928,S=0,0,0,0.00000000
1064,5_2_6,seq_ABC,filter_l0.50,0.50,0.40000000,0,7,1,195,0,0.55000000,1.47317396,0.66409969,1.56996914,S=0,0,0,0.00000000
1064,5_2_6,seq_ABC,filter_l1.00,1.00,0.21000000,0,6,1,194,0,0.67000000,1.85290951,0.78994027,1.83680356,S=0,0,0,0.00000000
1065,5_2_6,sync,hard,,1.00000000,1,180,1,20,0,0.00000000,0.00000000,0.00000000,0.00000000,S=0,0,0,0.00000000
1065,5_2_6,sync,smooth,,0.32000000,0,16,1,197,0,0.00000000,0.80632360,0.34466183,1.83838903,S=0,0,0,0.00000000
1065,5_2_6,sync,filter_l0.00,0.00,1.00000000,1,178,1,22,0,0.02333333,0.06315712,0.03666780,0.09568314,S=0,0,0,0.00000000
1065,5_2_6,sync,filter_l0.02,0.02,0.86000000,0,19,1,192,0,0.14000000,0.40532276,0.20420784,0.49085084,S=0,0,0,0.00000000
1065,5_2_6,sync,filter_l0.05,0.05,0.84000000,1,38,1,177,0,0.18333333,0.52438961,0.26529376,0.73425611,S=0,0,0,0.00000000
1065,5_2_6,sync,filter_l0.10,0.10,0.72000000,0,11,1,196,0,0.31333333,0.85175850,0.44118986,1.03374144,S=0,0,0,0.00000000
1065,5_2_6,sync,filter_l0.20,0.20,0.58000000,0,11,1,196,0,0.39333333,1.04760131,0.50609219,1.24952229,S=0,0,0,0.00000000
1065,5_2_6,sync,filter_l0.50,0.50,0.36000000,0,6,1,198,0,0.46666667,1.37043188,0.62695986,1.56638905,S=0,0,0,0.00000000
1065,5_2_6,sync,filter_l1.00,1.00,0.32000000,0,7,1,198,0,0.65000000,1.71119031,0.73905089,1.77383127,S=0,0,0,0.00000000
1065,5_2_6,seq_ABC,hard,,1.00000000,1,191,1,9,0,0.00000000,0.00000000,0.00000000,0.00000000,S=0,0,0,0.00000000
1065,5_2_6,seq_ABC,smooth,,0.15000000,0,14,0,,1,0.00000000,0.80632360,0.34466183,1.83838903,not_aligned,0,0,0.66666667
1065,5_2_6,seq_ABC,filter_l0.00,0.00,1.00000000,1,167,1,33,0,0.02333333,0.06315712,0.03666780,0.09568314,S=0,0,0,0.00000000
1065,5_2_6,seq_ABC,filter_l0.02,0.02,0.86000000,0,30,1,192,0,0.11333333,0.36903971,0.18046575,0.49343657,S=0,0,0,0.00000000
1065,5_2_6,seq_ABC,filter_l0.05,0.05,0.82000000,0,32,1,196,0,0.21000000,0.58047391,0.30227387,0.76536772,S=0,0,0,0.00000000
1065,5_2_6,seq_ABC,filter_l0.10,0.10,0.72000000,0,12,1,196,0,0.31000000,0.89365823,0.45121843,1.00459979,S=0,0,0,0.00000000
1065,5_2_6,seq_ABC,filter_l0.20,0.20,0.55000000,0,11,1,199,0,0.44000000,1.11340184,0.54085417,1.27085019,S=0,0,0,0.22222222
1065,5_2_6,seq_ABC,filter_l0.50,0.50,0.43000000,0,7,1,198,0,0.49333333,1.35717572,0.62684502,1.55420292,S=0,0,0,0.00000000
1065,5_2_6,seq_ABC,filter_l1.00,1.00,0.22000000,0,6,0,,1,0.67333333,1.76102581,0.75746671,1.78643201,not_aligned,0,0,0.88888889
1066,5_2_6,sync,hard,,0.00000000,0,1,0,,1,0.00000000,0.00000000,0.00000000,0.00000000,not_aligned,0,0,0.22222222
1066,5_2_6,sync,smooth,,0.41000000,0,9,0,,1,0.00000000,0.80632360,0.34466183,1.83838903,not_aligned,0,0,0.66666667
1066,5_2_6,sync,filter_l0.00,0.00,1.00000000,1,167,1,33,0,0.00000000,0.00000104,0.00000000,0.00001233,S=0,0,0,0.00000000
1066,5_2_6,sync,filter_l0.02,0.02,0.89000000,0,21,1,194,0,0.04666667,0.26586851,0.10422136,0.40219626,S=0,0,0,0.00000000
1066,5_2_6,sync,filter_l0.05,0.05,0.82000000,0,14,1,193,0,0.10000000,0.45032958,0.20523091,0.67731116,S=0,0,0,0.00000000
1066,5_2_6,sync,filter_l0.10,0.10,0.56000000,0,12,0,,1,0.25333333,0.77591690,0.38310995,0.99141220,not_aligned,0,0,0.00000000
1066,5_2_6,sync,filter_l0.20,0.20,0.44000000,0,12,0,,1,0.34333333,1.04024919,0.50743690,1.25933112,not_aligned,0,0,0.00000000
1066,5_2_6,sync,filter_l0.50,0.50,0.31000000,0,7,0,,1,0.46666667,1.32032732,0.59990765,1.56764405,not_aligned,0,0,0.00000000
1066,5_2_6,sync,filter_l1.00,1.00,0.14000000,0,4,0,,1,0.58333333,1.70091367,0.72743477,1.78795094,not_aligned,0,0,0.22222222
1066,5_2_6,seq_ABC,hard,,1.00000000,1,182,1,18,0,0.00000000,0.00000000,0.00000000,0.00000000,S=0,0,0,0.00000000
1066,5_2_6,seq_ABC,smooth,,0.31000000,0,12,0,,1,0.00000000,0.80632360,0.34466183,1.83838903,not_aligned,0,0,2.66666667
1066,5_2_6,seq_ABC,filter_l0.00,0.00,1.00000000,1,180,1,20,0,0.00000000,0.00000701,0.00000001,0.00006527,S=0,0,0,0.00000000
1066,5_2_6,seq_ABC,filter_l0.02,0.02,0.89000000,0,21,1,194,0,0.04666667,0.26478952,0.10401767,0.40369872,S=0,0,0,0.00000000
1066,5_2_6,seq_ABC,filter_l0.05,0.05,0.81000000,0,14,1,193,0,0.10333333,0.47029761,0.21402214,0.68205867,S=0,0,0,0.00000000
1066,5_2_6,seq_ABC,filter_l0.10,0.10,0.62000000,0,12,0,,1,0.26000000,0.76781239,0.37865800,0.98217697,not_aligned,0,0,0.00000000
1066,5_2_6,seq_ABC,filter_l0.20,0.20,0.47000000,0,10,0,,1,0.33666667,1.00801259,0.48940480,1.24398124,not_aligned,0,0,0.00000000
1066,5_2_6,seq_ABC,filter_l0.50,0.50,0.25000000,0,7,1,198,0,0.47666667,1.35080362,0.61610959,1.55862778,S=0,0,0,0.00000000
1066,5_2_6,seq_ABC,filter_l1.00,1.00,0.17000000,0,4,0,,1,0.57000000,1.68247085,0.71656017,1.77767174,not_aligned,0,0,0.22222222
1067,5_2_6,sync,hard,,0.00000000,0,1,0,,1,0.00000000,0.00000000,0.00000000,0.00000000,not_aligned,0,0,0.22222222
1067,5_2_6,sync,smooth,,0.47000000,0,16,0,,1,0.00000000,0.80632360,0.34466183,1.83838903,not_aligned,0,0,0.22222222
1067,5_2_6,sync,filter_l0.00,0.00,1.00000000,1,166,1,34,0,0.00000000,0.00254274,0.00013279,0.01287778,S=0,0,0,0.00000000
1067,5_2_6,sync,filter_l0.02,0.02,0.89000000,0,40,1,192,0,0.11666667,0.46044311,0.20701728,0.57077283,S=0,0,0,0.00000000
1067,5_2_6,sync,filter_l0.05,0.05,0.72000000,0,26,0,,1,0.27000000,0.76741933,0.36855014,0.82927746,not_aligned,0,0,0.00000000
1067,5_2_6,sync,filter_l0.10,0.10,0.50000000,0,20,0,,1,0.41666667,1.06129180,0.51511778,1.08420673,not_aligned,0,0,0.66666667
1067,5_2_6,sync,filter_l0.20,0.20,0.49000000,0,13,0,,1,0.50333333,1.23619501,0.60600592,1.33285985,not_aligned,0,0,0.00000000
1067,5_2_6,sync,filter_l0.50,0.50,0.28000000,0,8,0,,1,0.66000000,1.56868568,0.71289693,1.62546172,not_aligned,0,0,2.88888889
1067,5_2_6,sync,filter_l1.00,1.00,0.16000000,0,7,0,,1,0.70000000,1.85771237,0.79285113,1.81939114,not_aligned,0,0,0.22222222
1067,5_2_6,seq_ABC,hard,,1.00000000,1,194,1,6,0,0.00000000,0.00000000,0.00000000,0.00000000,S=0,0,0,0.00000000
1067,5_2_6,seq_ABC,smooth,,0.62000000,0,16,1,188,0,0.00000000,0.80632360,0.34466183,1.83838903,S=0,0,0,0.00000000
1067,5_2_6,seq_ABC,filter_l0.00,0.00,1.00000000,1,128,1,72,0,0.00000000,0.01814582,0.00493663,0.05506549,S=0,0,0,0.00000000
1067,5_2_6,seq_ABC,filter_l0.02,0.02,0.87000000,0,40,0,,1,0.15333333,0.50117505,0.23523304,0.58936595,not_aligned,0,0,0.00000000
1067,5_2_6,seq_ABC,filter_l0.05,0.05,0.67000000,0,26,0,,1,0.33666667,0.89571327,0.42448777,0.85419844,not_aligned,0,0,1.55555556
1067,5_2_6,seq_ABC,filter_l0.10,0.10,0.62000000,0,20,0,,1,0.40333333,0.99818918,0.49058856,1.08469241,not_aligned,0,0,0.22222222
1067,5_2_6,seq_ABC,filter_l0.20,0.20,0.50000000,0,13,1,192,0,0.42333333,1.10821830,0.52290035,1.26207628,S=8,0,0,0.00000000
1067,5_2_6,seq_ABC,filter_l0.50,0.50,0.22000000,0,16,0,,1,0.61666667,1.55835693,0.70430088,1.62223948,not_aligned,0,0,1.55555556
1067,5_2_6,seq_ABC,filter_l1.00,1.00,0.18000000,0,4,0,,1,0.69666667,1.82615221,0.77911082,1.79988087,not_aligned,0,0,0.22222222
1068,5_2_6,sync,hard,,0.00000000,0,1,0,,1,0.00000000,0.00000000,0.00000000,0.00000000,not_aligned,0,0,0.22222222
1068,5_2_6,sync,smooth,,0.57000000,0,12,1,199,0,0.00000000,0.80632360,0.34466183,1.83838903,S=0,0,0,0.22222222
1068,5_2_6,sync,filter_l0.00,0.00,1.00000000,1,173,1,27,0,0.00000000,0.00177007,0.00007617,0.00892071,S=0,0,0,0.00000000
1068,5_2_6,sync,filter_l0.02,0.02,0.91000000,0,23,1,196,0,0.05666667,0.28282181,0.11977821,0.43923511,S=0,0,0,0.00000000
1068,5_2_6,sync,filter_l0.05,0.05,0.82000000,0,21,1,196,0,0.14000000,0.52625831,0.25913618,0.71914928,S=0,0,0,0.00000000
1068,5_2_6,sync,filter_l0.10,0.10,0.74000000,0,16,0,,1,0.25333333,0.72269775,0.36131573,0.92408525,not_aligned,0,0,0.22222222
1068,5_2_6,sync,filter_l0.20,0.20,0.53000000,0,9,1,199,0,0.41000000,1.03343417,0.51399326,1.17920911,S=0,0,0,0.22222222
1068,5_2_6,sync,filter_l0.50,0.50,0.48000000,0,8,0,,1,0.49000000,1.30316742,0.61626880,1.51415348,not_aligned,0,0,0.22222222
1068,5_2_6,sync,filter_l1.00,1.00,0.15000000,0,4,0,,1,0.64333333,1.70840319,0.74858514,1.80435040,not_aligned,0,0,0.66666667
1068,5_2_6,seq_ABC,hard,,1.00000000,1,186,1,14,0,0.00000000,0.00000000,0.00000000,0.00000000,S=0,0,0,0.00000000
1068,5_2_6,seq_ABC,smooth,,0.58000000,0,14,1,196,0,0.00000000,0.80632360,0.34466183,1.83838903,S=0,0,0,0.00000000
1068,5_2_6,seq_ABC,filter_l0.00,0.00,1.00000000,1,173,1,27,0,0.00000000,0.00177286,0.00007617,0.00895173,S=0,0,0,0.00000000
1068,5_2_6,seq_ABC,filter_l0.02,0.02,0.91000000,0,23,1,196,0,0.05666667,0.27541812,0.11662776,0.43265652,S=0,0,0,0.00000000
1068,5_2_6,seq_ABC,filter_l0.05,0.05,0.82000000,0,21,1,196,0,0.14000000,0.50979989,0.24423247,0.69715741,S=0,0,0,0.00000000
1068,5_2_6,seq_ABC,filter_l0.10,0.10,0.67000000,0,21,1,199,0,0.27333333,0.74328990,0.37694230,0.94040063,S=0,0,0,0.22222222
1068,5_2_6,seq_ABC,filter_l0.20,0.20,0.60000000,0,11,0,,1,0.38333333,0.99656582,0.49191809,1.18298488,not_aligned,0,0,0.22222222
1068,5_2_6,seq_ABC,filter_l0.50,0.50,0.50000000,0,7,0,,1,0.51333333,1.30163260,0.61441881,1.50580169,not_aligned,0,0,0.22222222
1068,5_2_6,seq_ABC,filter_l1.00,1.00,0.18000000,0,3,0,,1,0.66000000,1.77643799,0.76784359,1.81843492,not_aligned,0,0,0.66666667
1069,5_2_6,sync,hard,,0.00000000,0,1,0,,1,0.00000000,0.00000000,0.00000000,0.00000000,not_aligned,0,0,0.22222222
1069,5_2_6,sync,smooth,,0.61000000,0,17,1,197,0,0.00000000,0.80632360,0.34466183,1.83838903,S=0,0,0,0.00000000
1069,5_2_6,sync,filter_l0.00,0.00,1.00000000,1,192,1,8,0,0.00000000,0.00000175,0.00000000,0.00002167,S=0,0,0,0.00000000
1069,5_2_6,sync,filter_l0.02,0.02,0.89000000,0,30,1,196,0,0.07333333,0.32333174,0.13597435,0.48112276,S=0,0,0,0.00000000
1069,5_2_6,sync,filter_l0.05,0.05,0.79000000,0,22,1,197,0,0.18000000,0.56900828,0.27426177,0.74313171,S=0,0,0,0.00000000
1069,5_2_6,sync,filter_l0.10,0.10,0.69000000,0,22,1,197,0,0.28666667,0.80809618,0.39562227,0.98307171,S=0,0,0,0.00000000
1069,5_2_6,sync,filter_l0.20,0.20,0.60000000,0,11,1,199,0,0.41333333,1.05776446,0.52340851,1.22746580,S=0,0,0,0.22222222
1069,5_2_6,sync,filter_l0.50,0.50,0.36000000,0,8,1,198,0,0.52666667,1.38194174,0.64206160,1.53755303,S=0,0,0,0.00000000
1069,5_2_6,sync,filter_l1.00,1.00,0.21000000,0,4,1,199,0,0.66333333,1.71612487,0.75050125,1.77833441,S=0,0,0,0.22222222
1069,5_2_6,seq_ABC,hard,,1.00000000,1,195,1,5,0,0.00000000,0.00000000,0.00000000,0.00000000,S=0,0,0,0.00000000
1069,5_2_6,seq_ABC,smooth,,0.32000000,0,8,0,,1,0.00000000,0.80632360,0.34466183,1.83838903,not_aligned,0,0,0.22222222
1069,5_2_6,seq_ABC,filter_l0.00,0.00,1.00000000,1,193,1,7,0,0.00000000,0.00000175,0.00000000,0.00002160,S=0,0,0,0.00000000
1069,5_2_6,seq_ABC,filter_l0.02,0.02,0.92000000,0,29,1,196,0,0.06000000,0.27934915,0.11820123,0.46758745,S=0,0,0,0.00000000
1069,5_2_6,seq_ABC,filter_l0.05,0.05,0.77000000,0,22,1,197,0,0.19000000,0.57102070,0.27699826,0.75024263,S=0,0,0,0.00000000
1069,5_2_6,seq_ABC,filter_l0.10,0.10,0.74000000,0,22,1,197,0,0.25666667,0.73563235,0.35567111,0.95537661,S=0,0,0,0.00000000
1069,5_2_6,seq_ABC,filter_l0.20,0.20,0.59000000,0,10,1,199,0,0.37666667,1.04214786,0.51072506,1.22720646,S=0,0,0,0.22222222
1069,5_2_6,seq_ABC,filter_l0.50,0.50,0.40000000,0,8,0,,1,0.51333333,1.37759176,0.64392136,1.53689838,not_aligned,0,0,0.88888889
1069,5_2_6,seq_ABC,filter_l1.00,1.00,0.09000000,0,4,0,,1,0.65333333,1.74309594,0.76171836,1.80254961,not_aligned,0,0,0.66666667
1070,5_2_6,sync,hard,,0.00000000,0,1,0,,1,0.00000000,0.00000000,0.00000000,0.00000000,not_aligned,0,0,0.22222222
1070,5_2_6,sync,smooth,,0.58000000,0,17,1,192,0,0.00000000,0.80632360,0.34466183,1.83838903,S=0,0,0,0.00000000
1070,5_2_6,sync,filter_l0.00,0.00,0.99000000,1,94,1,106,0,0.00666667,0.04614782,0.01879882,0.09739104,S=0,0,0,0.00000000
1070,5_2_6,sync,filter_l0.02,0.02,0.86000000,0,21,1,189,0,0.12000000,0.41441917,0.22122649,0.62703740,S=0,0,0,0.00000000
1070,5_2_6,sync,filter_l0.05,0.05,0.82000000,0,12,1,198,0,0.22000000,0.60353425,0.33465522,0.86762968,S=0,0,0,0.00000000
1070,5_2_6,sync,filter_l0.10,0.10,0.69000000,0,11,0,,1,0.43000000,0.95456601,0.53973355,1.04924184,not_aligned,0,0,0.22222222
1070,5_2_6,sync,filter_l0.20,0.20,0.58000000,0,11,0,,1,0.46000000,1.07444826,0.56532400,1.27202186,not_aligned,0,0,0.22222222
1070,5_2_6,sync,filter_l0.50,0.50,0.38000000,0,8,0,,1,0.54666667,1.38905165,0.65878991,1.55967757,not_aligned,0,0,0.22222222
1070,5_2_6,sync,filter_l1.00,1.00,0.22000000,0,4,0,,1,0.69333333,1.72544911,0.75271063,1.79206085,not_aligned,0,0,0.22222222
1070,5_2_6,seq_ABC,hard,,1.00000000,1,195,1,5,0,0.00000000,0.00000000,0.00000000,0.00000000,S=0,0,0,0.00000000
1070,5_2_6,seq_ABC,smooth,,0.47000000,0,10,1,190,0,0.00000000,0.80632360,0.34466183,1.83838903,S=0,0,0,0.00000000
1070,5_2_6,seq_ABC,filter_l0.00,0.00,0.99000000,1,94,1,106,0,0.00666667,0.04387760,0.01803019,0.09839477,S=0,0,0,0.00000000
1070,5_2_6,seq_ABC,filter_l0.02,0.02,0.86000000,0,24,1,189,0,0.18333333,0.47220761,0.27473385,0.63260549,S=0,0,0,0.00000000
1070,5_2_6,seq_ABC,filter_l0.05,0.05,0.74000000,0,10,1,198,0,0.34333333,0.72949173,0.43511690,0.87284621,S=0,0,0,0.00000000
1070,5_2_6,seq_ABC,filter_l0.10,0.10,0.72000000,0,13,1,198,0,0.38333333,0.84778115,0.47409809,1.06071639,S=0,0,0,0.00000000
1070,5_2_6,seq_ABC,filter_l0.20,0.20,0.58000000,0,11,0,,1,0.43000000,1.05257518,0.54691575,1.27475246,not_aligned,0,0,0.22222222
1070,5_2_6,seq_ABC,filter_l0.50,0.50,0.36000000,0,6,0,,1,0.56333333,1.40297577,0.66506388,1.57050014,not_aligned,0,0,0.22222222
1070,5_2_6,seq_ABC,filter_l1.00,1.00,0.21000000,0,3,0,,1,0.71000000,1.72959225,0.75843393,1.78926227,not_aligned,0,0,0.00000000
1071,5_2_6,sync,hard,,0.00000000,0,1,0,,1,0.00000000,0.00000000,0.00000000,0.00000000,not_aligned,0,0,0.22222222
1071,5_2_6,sync,smooth,,0.36000000,0,7,1,199,0,0.00000000,0.80632360,0.34466183,1.83838903,other_aligned,0,0,0.22222222
1071,5_2_6,sync,filter_l0.00,0.00,1.00000000,1,161,1,39,0,0.00000000,0.00183844,0.00009693,0.00904585,S=0,0,0,0.00000000
1071,5_2_6,sync,filter_l0.02,0.02,0.76000000,0,34,1,195,0,0.15666667,0.48057171,0.24032879,0.47150009,S=0,0,0,0.00000000
1071,5_2_6,sync,filter_l0.05,0.05,0.67000000,0,24,1,197,0,0.25333333,0.71469825,0.37590850,0.74731086,S=0,0,0,0.00000000
1071,5_2_6,sync,filter_l0.10,0.10,0.59000000,0,24,1,195,0,0.31333333,0.86750910,0.43931350,1.00189445,S=0,0,0,0.00000000
1071,5_2_6,sync,filter_l0.20,0.20,0.50000000,0,11,1,197,0,0.38333333,1.00923179,0.50204785,1.23755288,S=0,0,0,0.00000000
1071,5_2_6,sync,filter_l0.50,0.50,0.43000000,0,8,1,197,0,0.50000000,1.32554950,0.61570619,1.53642743,S=0,0,0,0.00000000
1071,5_2_6,sync,filter_l1.00,1.00,0.26000000,0,4,1,198,0,0.64333333,1.70735923,0.73755585,1.77429192,S=0,0,0,0.00000000
1071,5_2_6,seq_ABC,hard,,1.00000000,1,190,1,10,0,0.00000000,0.00000000,0.00000000,0.00000000,S=0,0,0,0.00000000
1071,5_2_6,seq_ABC,smooth,,0.27000000,0,10,0,,1,0.00000000,0.80632360,0.34466183,1.83838903,not_aligned,0,0,4.66666667
1071,5_2_6,seq_ABC,filter_l0.00,0.00,1.00000000,1,152,1,48,0,0.00000000,0.00179616,0.00009685,0.00870704,S=0,0,0,0.00000000
1071,5_2_6,seq_ABC,filter_l0.02,0.02,0.77000000,0,24,1,195,0,0.15666667,0.47633808,0.24053046,0.49321667,S=0,0,0,0.00000000
1071,5_2_6,seq_ABC,filter_l0.05,0.05,0.69000000,0,24,1,197,0,0.23666667,0.66882947,0.35098763,0.74481737,S=0,0,0,0.00000000
1071,5_2_6,seq_ABC,filter_l0.10,0.10,0.70000000,0,24,1,195,0,0.28666667,0.77107967,0.39796727,0.97863953,S=0,0,0,0.00000000
1071,5_2_6,seq_ABC,filter_l0.20,0.20,0.52000000,0,12,1,197,0,0.37000000,0.99561090,0.49254200,1.25183816,S=0,0,0,0.00000000
1071,5_2_6,seq_ABC,filter_l0.50,0.50,0.33000000,0,7,1,197,0,0.51333333,1.34799065,0.63087282,1.56277194,S=0,0,0,0.00000000
1071,5_2_6,seq_ABC,filter_l1.00,1.00,0.29000000,0,5,1,198,0,0.65000000,1.69701994,0.73128071,1.77012564,S=0,0,0,0.00000000
1072,5_2_6,sync,hard,,0.00000000,0,1,0,,1,0.00000000,0.00000000,0.00000000,0.00000000,not_aligned,0,0,0.22222222
1072,5_2_6,sync,smooth,,0.39000000,0,13,1,190,0,0.00000000,0.80632360,0.34466183,1.83838903,S=8,0,0,0.00000000
1072,5_2_6,sync,filter_l0.00,0.00,0.73000000,1,46,1,154,0,0.10333333,1.11135531,0.20941055,0.08796021,other_aligned,0,0,0.00000000
1072,5_2_6,sync,filter_l0.02,0.02,0.84000000,0,33,1,199,0,0.10000000,0.34138106,0.16011898,0.42177598,S=8,0,0,0.22222222
1072,5_2_6,sync,filter_l0.05,0.05,0.72000000,0,26,0,,1,0.16000000,0.55470836,0.27374689,0.68921717,not_aligned,0,0,0.00000000
1072,5_2_6,sync,filter_l0.10,0.10,0.63000000,0,30,0,,1,0.26333333,0.73897817,0.37113764,0.93526923,not_aligned,0,0,0.88888889
1072,5_2_6,sync,filter_l0.20,0.20,0.56000000,0,22,0,,1,0.36000000,0.97807180,0.47095583,1.19246605,not_aligned,0,0,0.00000000
1072,5_2_6,sync,filter_l0.50,0.50,0.41000000,0,10,1,199,0,0.46333333,1.27822993,0.58845776,1.50901125,S=8,0,0,0.22222222
1072,5_2_6,sync,filter_l1.00,1.00,0.26000000,0,4,0,,1,0.61666667,1.66869022,0.71953209,1.76346730,not_aligned,0,0,0.00000000
1072,5_2_6,seq_ABC,hard,,1.00000000,1,195,1,5,0,0.00000000,0.00000000,0.00000000,0.00000000,S=0,0,0,0.00000000
1072,5_2_6,seq_ABC,smooth,,0.63000000,0,15,1,190,0,0.00000000,0.80632360,0.34466183,1.83838903,S=0,0,0,0.00000000
1072,5_2_6,seq_ABC,filter_l0.00,0.00,1.00000000,1,119,1,81,0,0.00000000,0.00204964,0.00007284,0.01069151,other_aligned,0,0,0.00000000
1072,5_2_6,seq_ABC,filter_l0.02,0.02,0.85000000,0,33,1,199,0,0.09666667,0.33813497,0.16798054,0.46654671,S=8,0,0,0.22222222
1072,5_2_6,seq_ABC,filter_l0.05,0.05,0.72000000,0,26,0,,1,0.22000000,0.58472800,0.30505119,0.72277281,not_aligned,0,0,0.22222222
1072,5_2_6,seq_ABC,filter_l0.10,0.10,0.65000000,0,34,0,,1,0.21666667,0.70561618,0.34962599,0.93544406,not_aligned,0,0,0.88888889
1072,5_2_6,seq_ABC,filter_l0.20,0.20,0.60000000,0,22,0,,1,0.36666667,0.99051289,0.47833889,1.21769821,not_aligned,0,0,0.00000000
1072,5_2_6,seq_ABC,filter_l0.50,0.50,0.41000000,0,10,0,,1,0.49666667,1.31272048,0.60522260,1.54153441,not_aligned,0,0,0.00000000
1072,5_2_6,seq_ABC,filter_l1.00,1.00,0.16000000,0,4,0,,1,0.63666667,1.70071376,0.73352555,1.77810271,not_aligned,0,0,0.88888889
1073,5_2_6,sync,hard,,0.00000000,0,1,0,,1,0.00000000,0.00000000,0.00000000,0.00000000,not_aligned,0,0,0.22222222
1073,5_2_6,sync,smooth,,0.55000000,0,17,0,,1,0.00000000,0.80632360,0.34466183,1.83838903,not_aligned,1,0,0.88888889
1073,5_2_6,sync,filter_l0.00,0.00,1.00000000,1,182,1,18,0,0.00000000,0.00000079,0.00000000,0.00000998,S=0,0,0,0.00000000
1073,5_2_6,sync,filter_l0.02,0.02,0.89000000,0,60,1,196,0,0.04000000,0.20740122,0.08385699,0.33342347,S=0,0,0,0.00000000
1073,5_2_6,sync,filter_l0.05,0.05,0.81000000,0,44,1,199,0,0.08333333,0.35371157,0.15751467,0.60272042,S=0,0,0,0.22222222
1073,5_2_6,sync,filter_l0.10,0.10,0.75000000,0,21,1,199,0,0.12666667,0.53686415,0.24522829,0.85506788,S=0,0,0,0.22222222
1073,5_2_6,sync,filter_l0.20,0.20,0.49000000,0,9,1,199,0,0.30666667,0.94867389,0.45638605,1.19679132,S=0,0,0,0.22222222
1073,5_2_6,sync,filter_l0.50,0.50,0.31000000,0,12,0,,1,0.50000000,1.36330545,0.62491977,1.56443792,not_aligned,0,0,1.55555556
1073,5_2_6,sync,filter_l1.00,1.00,0.13000000,0,3,0,,1,0.65666667,1.73674904,0.75123273,1.77998085,not_aligned,0,0,0.88888889
1073,5_2_6,seq_ABC,hard,,1.00000000,1,189,1,11,0,0.00000000,0.00000000,0.00000000,0.00000000,S=0,0,0,0.00000000
1073,5_2_6,seq_ABC,smooth,,0.50000000,0,13,0,,1,0.00000000,0.80632360,0.34466183,1.83838903,not_aligned,1,0,0.22222222
1073,5_2_6,seq_ABC,filter_l0.00,0.00,1.00000000,1,181,1,19,0,0.00000000,0.00000219,0.00000000,0.00002534,S=0,0,0,0.00000000
1073,5_2_6,seq_ABC,filter_l0.02,0.02,0.89000000,0,44,1,196,0,0.04000000,0.21073583,0.08257655,0.32544295,S=0,0,0,0.00000000
1073,5_2_6,seq_ABC,filter_l0.05,0.05,0.83000000,0,44,1,196,0,0.07000000,0.33329452,0.14363238,0.58784481,S=0,0,0,0.00000000
1073,5_2_6,seq_ABC,filter_l0.10,0.10,0.76000000,0,20,1,196,0,0.12000000,0.51762559,0.23897804,0.85621195,S=0,0,0,0.00000000
1073,5_2_6,seq_ABC,filter_l0.20,0.20,0.61000000,0,12,1,197,0,0.27000000,0.85068945,0.41518468,1.16988998,S=0,0,0,0.00000000
1073,5_2_6,seq_ABC,filter_l0.50,0.50,0.39000000,0,12,1,198,0,0.49000000,1.28278482,0.60319430,1.51946819,S=0,0,0,0.00000000
1073,5_2_6,seq_ABC,filter_l1.00,1.00,0.23000000,0,5,0,,1,0.64000000,1.67866664,0.72817173,1.76144721,not_aligned,0,0,0.88888889
1074,5_2_6,sync,hard,,1.00000000,1,184,1,16,0,0.00000000,0.00000000,0.00000000,0.00000000,other_aligned,0,0,0.00000000
1074,5_2_6,sync,smooth,,0.48000000,0,14,1,195,0,0.00000000,0.80632360,0.34466183,1.83838903,S=0,0,0,0.00000000
1074,5_2_6,sync,filter_l0.00,0.00,1.00000000,1,162,1,38,0,0.00000000,0.00002395,0.00000001,0.00022920,S=0,0,0,0.00000000
1074,5_2_6,sync,filter_l0.02,0.02,0.93000000,0,47,1,193,0,0.02333333,0.18890630,0.07001941,0.31175662,S=0,0,0,0.00000000
1074,5_2_6,sync,filter_l0.05,0.05,0.85000000,0,24,1,193,0,0.08000000,0.33693425,0.15220623,0.53416648,S=0,0,0,0.00000000
1074,5_2_6,sync,filter_l0.10,0.10,0.88000000,0,30,1,193,0,0.11000000,0.44582791,0.20778252,0.76395929,S=0,0,0,0.00000000
1074,5_2_6,sync,filter_l0.20,0.20,0.72000000,0,12,1,197,0,0.23000000,0.72537879,0.35779403,1.05790413,S=0,0,0,0.00000000
1074,5_2_6,sync,filter_l0.50,0.50,0.43000000,0,6,0,,1,0.45666667,1.18644712,0.57214023,1.45731747,not_aligned,0,0,0.00000000
1074,5_2_6,sync,filter_l1.00,1.00,0.20000000,0,5,0,,1,0.63666667,1.61181172,0.71543929,1.74509481,not_aligned,0,0,0.22222222
1074,5_2_6,seq_ABC,hard,,1.00000000,1,190,1,10,0,0.00000000,0.00000000,0.00000000,0.00000000,S=0,0,0,0.00000000
1074,5_2_6,seq_ABC,smooth,,0.02000000,0,4,0,,1,0.00000000,0.80632360,0.34466183,1.83838903,not_aligned,0,0,0.66666667
1074,5_2_6,seq_ABC,filter_l0.00,0.00,1.00000000,1,136,1,64,0,0.00000000,0.00099816,0.00002876,0.00544747,S=0,0,0,0.00000000
1074,5_2_6,seq_ABC,filter_l0.02,0.02,0.94000000,0,42,1,193,0,0.02000000,0.17184750,0.06247149,0.30806759,S=0,0,0,0.00000000
1074,5_2_6,seq_ABC,filter_l0.05,0.05,0.85000000,0,32,1,193,0,0.07666667,0.33902912,0.15330746,0.54472697,S=0,0,0,0.00000000
1074,5_2_6,seq_ABC,filter_l0.10,0.10,0.83000000,0,30,1,193,0,0.12666667,0.48240559,0.23530728,0.78573885,S=0,0,0,0.00000000
1074,5_2_6,seq_ABC,filter_l0.20,0.20,0.75000000,0,10,1,193,0,0.21333333,0.71437187,0.34706417,1.04937261,S=0,0,0,0.00000000
1074,5_2_6,seq_ABC,filter_l0.50,0.50,0.26000000,0,4,1,199,0,0.55333333,1.43555042,0.66634037,1.60518976,S=8,0,0,0.22222222
1074,5_2_6,seq_ABC,filter_l1.00,1.00,0.29000000,0,5,1,197,0,0.61000000,1.58909436,0.69955884,1.74159973,other_aligned,0,0,0.00000000
1075,5_2_6,sync,hard,,0.00000000,0,1,0,,1,0.00000000,0.00000000,0.00000000,0.00000000,not_aligned,0,0,0.22222222
1075,5_2_6,sync,smooth,,0.11000000,0,6,0,,1,0.00000000,0.80632360,0.34466183,1.83838903,not_aligned,0,0,0.66666667
1075,5_2_6,sync,filter_l0.00,0.00,0.99000000,1,97,1,103,0,0.01666667,0.06616584,0.03182047,0.12957749,S=0,0,0,0.00000000
1075,5_2_6,sync,filter_l0.02,0.02,0.92000000,0,27,1,187,0,0.11666667,0.33009605,0.17843808,0.43771420,S=0,0,0,0.00000000
1075,5_2_6,sync,filter_l0.05,0.05,0.89000000,0,19,1,187,0,0.15666667,0.45611007,0.24031629,0.63892653,S=0,0,0,0.00000000
1075,5_2_6,sync,filter_l0.10,0.10,0.75000000,0,18,1,187,0,0.24666667,0.67853901,0.35478833,0.88371707,S=0,0,0,0.00000000
1075,5_2_6,sync,filter_l0.20,0.20,0.64000000,0,19,1,192,0,0.36000000,0.90951916,0.45201365,1.14863947,S=0,0,0,0.00000000
1075,5_2_6,sync,filter_l0.50,0.50,0.41000000,0,5,1,198,0,0.51000000,1.29450045,0.61711714,1.49753830,S=0,0,0,0.00000000
1075,5_2_6,sync,filter_l1.00,1.00,0.30000000,0,7,1,199,0,0.60666667,1.60280052,0.71000281,1.76209412,S=0,0,0,0.22222222
1075,5_2_6,seq_ABC,hard,,1.00000000,1,190,1,10,0,0.00000000,0.00000000,0.00000000,0.00000000,S=0,0,0,0.00000000
1075,5_2_6,seq_ABC,smooth,,0.30000000,0,13,1,194,0,0.00000000,0.80632360,0.34466183,1.83838903,S=0,0,0,0.00000000
1075,5_2_6,seq_ABC,filter_l0.00,0.00,0.23000000,0,8,1,195,0,0.61000000,5.34284379,1.19918665,0.04187530,S=0,0,0,0.00000000
1075,5_2_6,seq_ABC,filter_l0.02,0.02,0.91000000,0,27,1,192,0,0.12333333,0.32057270,0.17686308,0.44173596,S=0,0,0,0.00000000
1075,5_2_6,seq_ABC,filter_l0.05,0.05,0.88000000,0,19,1,187,0,0.16333333,0.45838643,0.24230646,0.63565581,S=0,0,0,0.00000000
1075,5_2_6,seq_ABC,filter_l0.10,0.10,0.74000000,0,18,1,194,0,0.25666667,0.68283326,0.35651653,0.88790145,S=0,0,0,0.00000000
1075,5_2_6,seq_ABC,filter_l0.20,0.20,0.59000000,0,12,1,192,0,0.39000000,0.98079975,0.49821806,1.17802923,S=0,0,0,0.00000000
1075,5_2_6,seq_ABC,filter_l0.50,0.50,0.48000000,0,9,1,193,0,0.47666667,1.26475643,0.59924554,1.49909299,S=0,0,0,0.00000000
1075,5_2_6,seq_ABC,filter_l1.00,1.00,0.38000000,0,7,1,199,0,0.62666667,1.59859520,0.70782054,1.75168510,S=0,0,0,0.22222222
1076,5_2_6,sync,hard,,1.00000000,1,184,1,16,0,0.00000000,0.00000000,0.00000000,0.00000000,other_aligned,0,0,0.00000000
1076,5_2_6,sync,smooth,,0.30000000,0,20,1,199,0,0.00000000,0.80632360,0.34466183,1.83838903,S=0,0,0,0.22222222
1076,5_2_6,sync,filter_l0.00,0.00,1.00000000,1,172,1,28,0,0.00000000,0.00134496,0.00003289,0.00775969,S=0,0,0,0.00000000
1076,5_2_6,sync,filter_l0.02,0.02,0.92000000,1,34,1,166,0,0.04666667,0.26381426,0.11218417,0.49545634,S=0,0,0,0.00000000
1076,5_2_6,sync,filter_l0.05,0.05,0.83000000,0,21,1,191,0,0.16000000,0.53721468,0.27150643,0.78675901,S=0,0,0,0.00000000
1076,5_2_6,sync,filter_l0.10,0.10,0.74000000,0,17,1,189,0,0.28666667,0.81532370,0.42388775,1.01297759,S=0,0,0,0.00000000
1076,5_2_6,sync,filter_l0.20,0.20,0.48000000,0,16,1,198,0,0.44333333,1.12661357,0.56242019,1.26127750,S=0,0,0,0.00000000
1076,5_2_6,sync,filter_l0.50,0.50,0.28000000,0,13,1,199,0,0.56666667,1.40079087,0.65937545,1.56206811,S=0,0,0,0.22222222
1076,5_2_6,sync,filter_l1.00,1.00,0.20000000,0,5,0,,1,0.66333333,1.74858075,0.75313023,1.77902214,not_aligned,0,0,2.00000000
1076,5_2_6,seq_ABC,hard,,1.00000000,1,194,1,6,0,0.00000000,0.00000000,0.00000000,0.00000000,S=0,0,0,0.00000000
1076,5_2_6,seq_ABC,smooth,,0.13000000,0,10,0,,1,0.00000000,0.80632360,0.34466183,1.83838903,not_aligned,0,0,1.55555556
1076,5_2_6,seq_ABC,filter_l0.00,0.00,1.00000000,1,154,1,46,0,0.00000000,0.01233204,0.00177853,0.04655536,S=0,0,0,0.00000000
1076,5_2_6,seq_ABC,filter_l0.02,0.02,0.91000000,1,34,1,166,0,0.05000000,0.27276682,0.11842098,0.49473549,S=0,0,0,0.00000000
1076,5_2_6,seq_ABC,filter_l0.05,0.05,0.80000000,0,21,1,185,0,0.21333333,0.60996596,0.31868555,0.80447560,S=0,0,0,0.00000000
1076,5_2_6,seq_ABC,filter_l0.10,0.10,0.68000000,0,21,1,191,0,0.35000000,0.86058311,0.45678477,1.03463565,S=0,0,0,0.00000000
1076,5_2_6,seq_ABC,filter_l0.20,0.20,0.50000000,0,15,0,,1,0.39666667,1.06184351,0.52837581,1.23958936,not_aligned,0,0,0.00000000
1076,5_2_6,seq_ABC,filter_l0.50,0.50,0.33000000,0,13,1,199,0,0.57333333,1.42609099,0.66490523,1.56583669,S=0,0,0,0.22222222
1076,5_2_6,seq_ABC,filter_l1.00,1.00,0.11000000,0,3,0,,1,0.66000000,1.76031423,0.76252271,1.79358407,not_aligned,0,0,0.22222222
1077,5_2_6,sync,hard,,0.00000000,0,1,0,,1,0.00000000,0.00000000,0.00000000,0.00000000,not_aligned,0,0,0.22222222
1077,5_2_6,sync,smooth,,0.38000000,0,5,1,199,0,0.00000000,0.80632360,0.34466183,1.83838903,S=0,0,0,0.22222222
1077,5_2_6,sync,filter_l0.00,0.00,0.29000000,0,3,1,199,0,0.35000000,2.69538968,0.59196833,0.19981924,other_aligned,0,0,0.22222222
1077,5_2_6,sync,filter_l0.02,0.02,0.86000000,0,19,1,187,0,0.15000000,0.40469328,0.20928384,0.55198042,S=8,0,0,0.00000000
1077,5_2_6,sync,filter_l0.05,0.05,0.74000000,0,15,1,191,0,0.20666667,0.56731553,0.28321375,0.79950483,S=8,0,0,0.00000000
1077,5_2_6,sync,filter_l0.10,0.10,0.66000000,0,8,1,194,0,0.30666667,0.83967723,0.42557481,1.03542293,S=8,0,0,0.00000000
1077,5_2_6,sync,filter_l0.20,0.20,0.52000000,0,11,1,199,0,0.28000000,0.87622045,0.42217645,1.16985670,S=0,0,0,0.22222222
1077,5_2_6,sync,filter_l0.50,0.50,0.37000000,0,6,0,,1,0.46333333,1.27798604,0.59054846,1.52294911,not_aligned,0,0,0.22222222
1077,5_2_6,sync,filter_l1.00,1.00,0.18000000,0,3,0,,1,0.62666667,1.69909791,0.73856348,1.77972938,not_aligned,0,0,0.22222222
1077,5_2_6,seq_ABC,hard,,1.00000000,1,190,1,10,0,0.00000000,0.00000000,0.00000000,0.00000000,S=0,0,0,0.00000000
1077,5_2_6,seq_ABC,smooth,,0.44000000,0,9,1,199,0,0.00000000,0.80632360,0.34466183,1.83838903,S=0,0,0,0.22222222
1077,5_2_6,seq_ABC,filter_l0.00,0.00,0.91000000,1,63,1,137,0,0.67666667,3.49482510,1.17385058,0.24042412,S=8,0,0,0.00000000
1077,5_2_6,seq_ABC,filter_l0.02,0.02,0.85000000,0,22,1,194,0,0.18000000,0.41024930,0.21532717,0.55297042,S=8,0,0,0.00000000
1077,5_2_6,seq_ABC,filter_l0.05,0.05,0.81000000,0,17,1,187,0,0.22333333,0.58113007,0.29899191,0.79373924,S=8,0,0,0.00000000
1077,5_2_6,seq_ABC,filter_l0.10,0.10,0.69000000,0,17,1,199,0,0.15333333,0.59012742,0.27852487,0.86280171,S=0,0,0,0.22222222
1077,5_2_6,seq_ABC,filter_l0.20,0.20,0.45000000,0,11,0,,1,0.30666667,0.92975472,0.44516898,1.17704726,not_aligned,0,0,0.22222222
1077,5_2_6,seq_ABC,filter_l0.50,0.50,0.35000000,0,5,0,,1,0.47666667,1.31009194,0.60169100,1.53418499,not_aligned,0,0,0.22222222
1077,5_2_6,seq_ABC,filter_l1.00,1.00,0.19000000,0,4,0,,1,0.60333333,1.76307511,0.74470289,1.79338740,not_aligned,0,0,0.88888889
1078,5_2_6,sync,hard,,0.00000000,0,1,0,,1,0.00000000,0.00000000,0.00000000,0.00000000,not_aligned,0,0,0.22222222
1078,5_2_6,sync,smooth,,0.11000000,0,4,0,,1,0.00000000,0.80632360,0.34466183,1.83838903,not_aligned,0,0,0.88888889
1078,5_2_6,sync,filter_l0.00,0.00,1.00000000,1,153,1,47,0,0.00000000,0.00071498,0.00002387,0.00388641,S=0,0,0,0.00000000
1078,5_2_6,sync,filter_l0.02,0.02,0.90000000,0,37,1,187,0,0.04000000,0.24016356,0.09688720,0.34905587,S=0,0,0,0.00000000
1078,5_2_6,sync,filter_l0.05,0.05,0.80000000,0,18,0,,1,0.10333333,0.41800283,0.18958075,0.58945871,not_aligned,0,0,0.00000000
1078,5_2_6,sync,filter_l0.10,0.10,0.65000000,0,12,1,199,0,0.24333333,0.74465007,0.37565122,0.87067447,S=0,0,0,0.22222222
1078,5_2_6,sync,filter_l0.20,0.20,0.58000000,0,11,0,,1,0.32000000,0.90097806,0.44553097,1.15278602,not_aligned,0,0,0.22222222
1078,5_2_6,sync,filter_l0.50,0.50,0.38000000,0,5,0,,1,0.47333333,1.27162051,0.59956415,1.49747153,not_aligned,0,0,0.88888889
1078,5_2_6,sync,filter_l1.00,1.00,0.19000000,0,3,0,,1,0.62000000,1.64505083,0.72102724,1.76425556,not_aligned,0,0,2.00000000
1078,5_2_6,seq_ABC,hard,,1.00000000,1,193,1,7,0,0.00000000,0.00000000,0.00000000,0.00000000,S=0,0,0,0.00000000
1078,5_2_6,seq_ABC,smooth,,0.20000000,0,14,1,199,0,0.00000000,0.80632360,0.34466183,1.83838903,other_aligned,0,0,0.66666667
1078,5_2_6,seq_ABC,filter_l0.00,0.00,1.00000000,1,134,1,66,0,0.11000000,0.26528738,0.15864937,0.06977866,S=0,0,0,0.00000000
1078,5_2_6,seq_ABC,filter_l0.02,0.02,0.89000000,0,37,0,,1,0.04000000,0.24455610,0.09958668,0.36431441,not_aligned,0,0,0.00000000
1078,5_2_6,seq_ABC,filter_l0.05,0.05,0.80000000,0,18,0,,1,0.10333333,0.43629499,0.19725717,0.59986522,not_aligned,0,0,0.00000000
1078,5_2_6,seq_ABC,filter_l0.10,0.10,0.68000000,0,12,1,199,0,0.20666667,0.69452635,0.34457628,0.86435978,S=0,0,0,0.22222222
1078,5_2_6,seq_ABC,filter_l0.20,0.20,0.53000000,0,7,0,,1,0.36666667,0.98743958,0.49931914,1.18069356,not_aligned,0,0,0.22222222
1078,5_2_6,seq_ABC,filter_l0.50,0.50,0.42000000,0,6,0,,1,0.49666667,1.30008488,0.61878444,1.50207824,not_aligned,0,0,0.22222222
1078,5_2_6,seq_ABC,filter_l1.00,1.00,0.21000000,0,4,0,,1,0.63000000,1.65300396,0.72618736,1.75986104,not_aligned,0,0,0.88888889
1079,5_2_6,sync,hard,,0.00000000,0,1,0,,1,0.00000000,0.00000000,0.00000000,0.00000000,not_aligned,0,0,0.22222222
1079,5_2_6,sync,smooth,,0.28000000,0,4,0,,1,0.00000000,0.80632360,0.34466183,1.83838903,not_aligned,0,0,0.00000000
1079,5_2_6,sync,filter_l0.00,0.00,0.19000000,0,2,0,,1,0.66000000,5.93734322,1.18621315,0.25359629,not_aligned,0,0,0.22222222
1079,5_2_6,sync,filter_l0.02,0.02,0.75000000,0,22,0,,1,0.31666667,0.82958915,0.47706493,0.66770695,not_aligned,0,0,0.00000000
1079,5_2_6,sync,filter_l0.05,0.05,0.61000000,0,13,0,,1,0.35000000,0.87453771,0.47920945,0.91940646,not_aligned,0,0,0.00000000
1079,5_2_6,sync,filter_l0.10,0.10,0.52000000,0,15,0,,1,0.52666667,1.12929132,0.60080614,1.14391904,not_aligned,0,0,0.00000000
1079,5_2_6,sync,filter_l0.20,0.20,0.39000000,0,8,0,,1,0.52333333,1.26331269,0.62036291,1.35260404,not_aligned,0,0,0.00000000
1079,5_2_6,sync,filter_l0.50,0.50,0.32000000,0,5,0,,1,0.53333333,1.43494789,0.65605100,1.56906644,not_aligned,0,0,0.22222222
1079,5_2_6,sync,filter_l1.00,1.00,0.17000000,0,5,0,,1,0.69000000,1.78539881,0.76339404,1.78499783,not_aligned,0,0,0.22222222
1079,5_2_6,seq_ABC,hard,,1.00000000,1,190,1,10,0,0.00000000,0.00000000,0.00000000,0.00000000,S=0,0,0,0.00000000
1079,5_2_6,seq_ABC,smooth,,0.57000000,0,8,0,,1,0.00000000,0.80632360,0.34466183,1.83838903,not_aligned,0,0,0.00000000
1079,5_2_6,seq_ABC,filter_l0.00,0.00,0.65000000,1,50,1,150,0,0.15666667,1.60744809,0.27946104,0.05260386,other_aligned,0,0,0.00000000
1079,5_2_6,seq_ABC,filter_l0.02,0.02,0.91000000,0,26,1,195,0,0.06000000,0.25843626,0.12089846,0.37511085,S=8,0,0,0.00000000
1079,5_2_6,seq_ABC,filter_l0.05,0.05,0.62000000,0,12,0,,1,0.38333333,0.93709977,0.51858973,0.89007898,not_aligned,0,0,0.00000000
1079,5_2_6,seq_ABC,filter_l0.10,0.10,0.61000000,0,18,0,,1,0.43666667,0.98234174,0.50965464,1.10810705,not_aligned,0,0,0.00000000
1079,5_2_6,seq_ABC,filter_l0.20,0.20,0.52000000,0,11,0,,1,0.42000000,1.12599980,0.54269663,1.31516562,not_aligned,0,0,0.00000000
1079,5_2_6,seq_ABC,filter_l0.50,0.50,0.32000000,0,9,0,,1,0.54333333,1.45191158,0.66806763,1.57588686,not_aligned,0,0,0.00000000
1079,5_2_6,seq_ABC,filter_l1.00,1.00,0.30000000,0,3,0,,1,0.59000000,1.57887999,0.69565399,1.74785590,not_aligned,0,0,0.66666667
1080,5_2_6,sync,hard,,0.00000000,0,1,0,,1,0.00000000,0.00000000,0.00000000,0.00000000,not_aligned,0,0,0.22222222
1080,5_2_6,sync,smooth,,0.59000000,0,15,0,,1,0.00000000,0.80632360,0.34466183,1.83838903,not_aligned,0,0,4.66666667
1080,5_2_6,sync,filter_l0.00,0.00,1.00000000,1,144,1,56,0,0.19333333,0.49639472,0.30031678,0.07877989,S=0,0,0,0.00000000
1080,5_2_6,sync,filter_l0.02,0.02,0.86000000,0,47,0,,1,0.04666667,0.30100389,0.13171051,0.43923591,not_aligned,0,0,0.00000000
1080,5_2_6,sync,filter_l0.05,0.05,0.78000000,0,46,0,,1,0.12666667,0.50386340,0.23054565,0.67474350,not_aligned,0,0,0.00000000
1080,5_2_6,sync,filter_l0.10,0.10,0.72000000,0,21,0,,1,0.25333333,0.71634712,0.34536559,0.88956823,not_aligned,0,0,0.00000000
1080,5_2_6,sync,filter_l0.20,0.20,0.62000000,0,10,0,,1,0.32666667,0.93184612,0.44049705,1.13872794,not_aligned,0,0,0.00000000
1080,5_2_6,sync,filter_l0.50,0.50,0.49000000,0,8,0,,1,0.45000000,1.26458755,0.58165993,1.47998433,not_aligned,0,0,0.00000000
1080,5_2_6,sync,filter_l1.00,1.00,0.25000000,0,4,0,,1,0.62333333,1.66749077,0.72037182,1.75978717,not_aligned,0,0,0.22222222
1080,5_2_6,seq_ABC,hard,,1.00000000,1,195,1,5,0,0.00000000,0.00000000,0.00000000,0.00000000,S=0,0,0,0.00000000
1080,5_2_6,seq_ABC,smooth,,0.48000000,0,13,0,,1,0.00000000,0.80632360,0.34466183,1.83838903,not_aligned,0,0,4.22222222
1080,5_2_6,seq_ABC,filter_l0.00,0.00,0.20000000,0,3,0,,1,0.57333333,4.70014068,1.04279536,0.16655176,not_aligned,0,0,0.66666667
1080,5_2_6,seq_ABC,filter_l0.02,0.02,0.88000000,0,17,0,,1,0.04000000,0.27913947,0.11427275,0.41858343,not_aligned,0,0,0.00000000
1080,5_2_6,seq_ABC,filter_l0.05,0.05,0.90000000,0,17,1,186,0,0.09333333,0.39493215,0.18189056,0.70033495,S=8,0,0,0.00000000
1080,5_2_6,seq_ABC,filter_l0.10,0.10,0.71000000,0,21,0,,1,0.24333333,0.69616935,0.33994368,0.89582676,not_aligned,0,0,0.00000000
1080,5_2_6,seq_ABC,filter_l0.20,0.20,0.57000000,0,10,0,,1,0.34333333,0.97562265,0.46940247,1.15453917,not_aligned,0,0,0.00000000
1080,5_2_6,seq_ABC,filter_l0.50,0.50,0.48000000,0,8,0,,1,0.47333333,1.27449122,0.58773167,1.48663055,not_aligned,0,0,0.00000000
1080,5_2_6,seq_ABC,filter_l1.00,1.00,0.25000000,0,4,0,,1,0.63333333,1.71169297,0.73616323,1.77800337,not_aligned,0,0,0.88888889
1081,5_2_6,sync,hard,,0.00000000,0,1,0,,1,0.00000000,0.00000000,0.00000000,0.00000000,not_aligned,0,0,0.22222222
1081,5_2_6,sync,smooth,,0.34000000,0,10,0,,1,0.00000000,0.80632360,0.34466183,1.83838903,not_aligned,0,0,0.66666667
1081,5_2_6,sync,filter_l0.00,0.00,1.00000000,1,134,1,66,0,0.17333333,0.32094411,0.21418962,0.18584229,S=0,0,0,0.00000000
1081,5_2_6,sync,filter_l0.02,0.02,0.84000000,0,19,1,199,0,0.09000000,0.35194347,0.15946808,0.47241915,S=0,0,0,0.22222222
1081,5_2_6,sync,filter_l0.05,0.05,0.75000000,0,16,0,,1,0.15666667,0.55348174,0.26393839,0.71547560,not_aligned,0,0,0.22222222
1081,5_2_6,sync,filter_l0.10,0.10,0.72000000,0,19,1,199,0,0.25666667,0.73952195,0.36986387,0.96173886,S=0,0,0,0.22222222
1081,5_2_6,sync,filter_l0.20,0.20,0.60000000,0,9,1,199,0,0.40666667,1.01782674,0.50721169,1.22876174,S=0,0,0,0.22222222
1081,5_2_6,sync,filter_l0.50,0.50,0.31000000,0,5,0,,1,0.56333333,1.38563385,0.64529015,1.55805455,not_aligned,0,0,0.88888889
1081,5_2_6,sync,filter_l1.00,1.00,0.18000000,0,4,1,199,0,0.66666667,1.72075699,0.74479958,1.77316704,other_aligned,0,0,0.22222222
1081,5_2_6,seq_ABC,hard,,0.00000000,0,1,0,,1,0.00000000,0.00000000,0.00000000,0.00000000,not_aligned,0,0,0.22222222
1081,5_2_6,seq_ABC,smooth,,0.11000000,0,7,1,196,0,0.00000000,0.80632360,0.34466183,1.83838903,S=8,0,0,0.00000000
1081,5_2_6,seq_ABC,filter_l0.00,0.00,1.00000000,1,129,1,71,0,0.10666667,0.22722741,0.15250368,0.18492423,S=0,0,0,0.00000000
1081,5_2_6,seq_ABC,filter_l0.02,0.02,0.85000000,0,19,1,199,0,0.08666667,0.33207534,0.15251638,0.46913516,S=0,0,0,0.22222222
1081,5_2_6,seq_ABC,filter_l0.05,0.05,0.79000000,0,16,1,197,0,0.16000000,0.53320434,0.25516431,0.71230138,S=0,0,0,0.00000000
1081,5_2_6,seq_ABC,filter_l0.10,0.10,0.72000000,0,18,1,199,0,0.26000000,0.73856413,0.37211089,0.95583804,S=0,0,0,0.22222222
1081,5_2_6,seq_ABC,filter_l0.20,0.20,0.61000000,0,16,1,199,0,0.41333333,1.01547075,0.50500570,1.21826415,S=0,0,0,0.22222222
1081,5_2_6,seq_ABC,filter_l0.50,0.50,0.35000000,0,6,0,,1,0.54000000,1.38465385,0.64326389,1.55186914,not_aligned,0,0,0.22222222
1081,5_2_6,seq_ABC,filter_l1.00,1.00,0.15000000,0,4,0,,1,0.66666667,1.76118818,0.76333891,1.79525679,not_aligned,0,0,0.66666667
1082,5_2_6,sync,hard,,0.00000000,0,1,0,,1,0.00000000,0.00000000,0.00000000,0.00000000,not_aligned,0,0,0.22222222
1082,5_2_6,sync,smooth,,0.39000000,0,10,0,,1,0.00000000,0.80632360,0.34466183,1.83838903,not_aligned,0,0,1.55555556
1082,5_2_6,sync,filter_l0.00,0.00,1.00000000,1,138,1,62,0,0.00000000,0.01158905,0.00543302,0.02303274,S=0,0,0,0.00000000
1082,5_2_6,sync,filter_l0.02,0.02,0.87000000,0,34,1,191,0,0.05666667,0.21780755,0.10218399,0.38390142,S=0,0,0,0.00000000
1082,5_2_6,sync,filter_l0.05,0.05,0.82000000,0,14,1,191,0,0.12666667,0.39645581,0.20356819,0.61031872,S=0,0,0,0.00000000
1082,5_2_6,sync,filter_l0.10,0.10,0.75000000,0,11,1,191,0,0.13000000,0.52852953,0.25980693,0.82718392,S=0,0,0,0.00000000
1082,5_2_6,sync,filter_l0.20,0.20,0.58000000,0,7,0,,1,0.29666667,0.87633940,0.44822066,1.12231209,not_aligned,0,0,0.00000000
1082,5_2_6,sync,filter_l0.50,0.50,0.44000000,0,5,0,,1,0.44000000,1.25742707,0.59419191,1.50799657,not_aligned,0,0,0.00000000
1082,5_2_6,sync,filter_l1.00,1.00,0.23000000,0,7,1,199,0,0.59000000,1.63245855,0.70473373,1.75464525,other_aligned,0,0,0.66666667
1082,5_2_6,seq_ABC,hard,,1.00000000,1,195,1,5,0,0.00000000,0.00000000,0.00000000,0.00000000,S=0,0,0,0.00000000
1082,5_2_6,seq_ABC,smooth,,0.55000000,0,15,0,,1,0.00000000,0.80632360,0.34466183,1.83838903,not_aligned,0,0,6.88888889
1082,5_2_6,seq_ABC,filter_l0.00,0.00,1.00000000,1,108,1,92,0,0.01666667,0.02578029,0.01706712,0.03124674,S=0,0,0,0.00000000
1082,5_2_6,seq_ABC,filter_l0.02,0.02,0.87000000,0,34,1,191,0,0.04666667,0.20309831,0.08798001,0.34279848,S=0,0,0,0.00000000
1082,5_2_6,seq_ABC,filter_l0.05,0.05,0.82000000,0,14,1,191,0,0.07000000,0.33407729,0.15427249,0.58990451,S=0,0,0,0.00000000
1082,5_2_6,seq_ABC,filter_l0.10,0.10,0.80000000,0,23,1,191,0,0.10000000,0.47333449,0.22802376,0.81420133,S=0,0,0,0.00000000
1082,5_2_6,seq_ABC,filter_l0.20,0.20,0.59000000,0,9,0,,1,0.29666667,0.85120682,0.43617576,1.13761825,not_aligned,0,0,0.00000000
1082,5_2_6,seq_ABC,filter_l0.50,0.50,0.44000000,0,6,0,,1,0.44666667,1.23349847,0.58288124,1.49572965,not_aligned,0,0,0.00000000
1082,5_2_6,seq_ABC,filter_l1.00,1.00,0.31000000,0,4,0,,1,0.61333333,1.62986278,0.70962536,1.74945492,not_aligned,0,0,0.00000000
1083,5_2_6,sync,hard,,0.00000000,0,1,0,,1,0.00000000,0.00000000,0.00000000,0.00000000,not_aligned,0,0,0.22222222
1083,5_2_6,sync,smooth,,0.32000000,0,6,0,,1,0.00000000,0.80632360,0.34466183,1.83838903,not_aligned,0,0,0.00000000
1083,5_2_6,sync,filter_l0.00,0.00,1.00000000,1,162,1,38,0,0.00000000,0.00090781,0.00001653,0.00544563,S=0,0,0,0.00000000
1083,5_2_6,sync,filter_l0.02,0.02,0.86000000,1,31,1,169,0,0.05666667,0.25018267,0.10757607,0.35380594,S=0,0,0,0.00000000
1083,5_2_6,sync,filter_l0.05,0.05,0.80000000,1,31,1,169,0,0.14333333,0.43676662,0.21807805,0.59986071,S=0,0,0,0.00000000
1083,5_2_6,sync,filter_l0.10,0.10,0.77000000,0,15,1,192,0,0.19333333,0.57151348,0.28760017,0.86377471,S=0,0,0,0.00000000
1083,5_2_6,sync,filter_l0.20,0.20,0.69000000,0,10,0,,1,0.28333333,0.80596534,0.41185488,1.13130388,not_aligned,0,0,0.00000000
1083,5_2_6,sync,filter_l0.50,0.50,0.42000000,0,6,0,,1,0.44333333,1.22395434,0.58989725,1.49599212,not_aligned,0,0,0.00000000
1083,5_2_6,sync,filter_l1.00,1.00,0.23000000,0,3,0,,1,0.60666667,1.63320590,0.72153602,1.78002229,not_aligned,0,0,0.22222222
1083,5_2_6,seq_ABC,hard,,1.00000000,1,190,1,10,0,0.00000000,0.00000000,0.00000000,0.00000000,S=0,0,0,0.00000000
1083,5_2_6,seq_ABC,smooth,,0.50000000,0,12,1,196,0,0.00000000,0.80632360,0.34466183,1.83838903,S=8,0,0,0.00000000
1083,5_2_6,seq_ABC,filter_l0.00,0.00,1.00000000,1,182,1,18,0,0.00000000,0.00076649,0.00001483,0.00456988,S=0,0,0,0.00000000
1083,5_2_6,seq_ABC,filter_l0.02,0.02,0.85000000,0,17,1,187,0,0.05333333,0.25224686,0.10352463,0.33497638,S=0,0,0,0.00000000
1083,5_2_6,seq_ABC,filter_l0.05,0.05,0.80000000,0,17,1,187,0,0.11333333,0.38898797,0.18745476,0.60180716,S=0,0,0,0.00000000
1083,5_2_6,seq_ABC,filter_l0.10,0.10,0.77000000,0,12,1,192,0,0.18333333,0.58096341,0.29091916,0.85448738,S=0,0,0,0.00000000
1083,5_2_6,seq_ABC,filter_l0.20,0.20,0.71000000,0,12,0,,1,0.27666667,0.79169578,0.39980277,1.13014095,not_aligned,0,0,0.00000000
1083,5_2_6,seq_ABC,filter_l0.50,0.50,0.45000000,0,7,0,,1,0.41000000,1.17632384,0.56214658,1.48044196,not_aligned,0,0,0.00000000
1083,5_2_6,seq_ABC,filter_l1.00,1.00,0.26000000,0,3,0,,1,0.60666667,1.61467036,0.71357625,1.76983522,not_aligned,0,0,0.00000000
1084,5_2_6,sync,hard,,0.00000000,0,1,0,,1,0.00000000,0.00000000,0.00000000,0.00000000,not_aligned,0,0,0.22222222
1084,5_2_6,sync,smooth,,0.41000000,0,12,1,193,0,0.00000000,0.80632360,0.34466183,1.83838903,S=0,0,0,0.00000000
1084,5_2_6,sync,filter_l0.00,0.00,1.00000000,1,138,1,62,0,0.00000000,0.00988650,0.00109378,0.04040522,S=0,0,0,0.00000000
1084,5_2_6,sync,filter_l0.02,0.02,0.94000000,0,30,1,187,0,0.02000000,0.15180492,0.05116767,0.29100281,S=0,0,0,0.00000000
1084,5_2_6,sync,filter_l0.05,0.05,0.88000000,0,24,1,193,0,0.04666667,0.28922326,0.11945706,0.54383003,S=0,0,0,0.00000000
1084,5_2_6,sync,filter_l0.10,0.10,0.79000000,0,17,1,193,0,0.12666667,0.48880480,0.23712329,0.80817194,S=0,0,0,0.00000000
1084,5_2_6,sync,filter_l0.20,0.20,0.69000000,0,17,1,193,0,0.24000000,0.73188680,0.36626536,1.07228256,S=0,0,0,0.00000000
1084,5_2_6,sync,filter_l0.50,0.50,0.42000000,0,6,1,198,0,0.46000000,1.20328812,0.57160586,1.48229992,S=0,0,0,0.00000000
1084,5_2_6,sync,filter_l1.00,1.00,0.34000000,0,5,1,199,0,0.55666667,1.53271573,0.67426007,1.74163198,S=0,0,0,0.22222222
1084,5_2_6,seq_ABC,hard,,1.00000000,1,194,1,6,0,0.00000000,0.00000000,0.00000000,0.00000000,S=0,0,0,0.00000000
1084,5_2_6,seq_ABC,smooth,,0.25000000,0,10,1,193,0,0.00000000,0.80632360,0.34466183,1.83838903,S=0,0,0,0.00000000
1084,5_2_6,seq_ABC,filter_l0.00,0.00,1.00000000,1,121,1,79,0,0.00000000,0.00073868,0.00001263,0.00464110,S=0,0,0,0.00000000
1084,5_2_6,seq_ABC,filter_l0.02,0.02,0.94000000,0,30,1,187,0,0.02000000,0.15231442,0.05041752,0.29640853,S=0,0,0,0.00000000
1084,5_2_6,seq_ABC,filter_l0.05,0.05,0.87000000,0,24,1,193,0,0.05333333,0.31523327,0.13705265,0.56782946,S=0,0,0,0.00000000
1084,5_2_6,seq_ABC,filter_l0.10,0.10,0.86000000,0,24,1,193,0,0.10000000,0.46736655,0.21918727,0.79800735,S=0,0,0,0.00000000
1084,5_2_6,seq_ABC,filter_l0.20,0.20,0.68000000,0,15,1,193,0,0.28000000,0.78992332,0.39651926,1.08762418,S=0,0,0,0.00000000
1084,5_2_6,seq_ABC,filter_l0.50,0.50,0.35000000,0,7,1,198,0,0.47666667,1.24386696,0.60043479,1.49026423,S=0,0,0,0.00000000
1084,5_2_6,seq_ABC,filter_l1.00,1.00,0.28000000,0,5,1,199,0,0.58666667,1.57759962,0.69610923,1.75340796,S=0,0,0,0.22222222
1085,5_2_6,sync,hard,,1.00000000,1,180,1,20,0,0.00000000,0.00000000,0.00000000,0.00000000,S=0,0,0,0.00000000
1085,5_2_6,sync,smooth,,0.49000000,0,13,0,,1,0.00000000,0.80632360,0.34466183,1.83838903,not_aligned,0,0,0.00000000
1085,5_2_6,sync,filter_l0.00,0.00,1.00000000,1,173,1,27,0,0.00000000,0.00007667,0.00000010,0.00066202,S=0,0,0,0.00000000
1085,5_2_6,sync,filter_l0.02,0.02,0.92000000,0,32,0,,1,0.03000000,0.21174260,0.08573410,0.37305832,not_aligned,0,0,0.22222222
1085,5_2_6,sync,filter_l0.05,0.05,0.83000000,0,18,1,199,0,0.09000000,0.38974515,0.16681751,0.60771550,S=0,0,0,0.22222222
1085,5_2_6,sync,filter_l0.10,0.10,0.70000000,0,12,0,,1,0.16000000,0.60191311,0.27926520,0.85831109,not_aligned,0,0,0.22222222
1085,5_2_6,sync,filter_l0.20,0.20,0.58000000,0,20,0,,1,0.25333333,0.84389139,0.41245570,1.14048986,not_aligned,0,0,0.22222222
1085,5_2_6,sync,filter_l0.50,0.50,0.38000000,0,6,0,,1,0.48666667,1.26084258,0.60353124,1.49575916,not_aligned,0,0,0.00000000
1085,5_2_6,sync,filter_l1.00,1.00,0.20000000,0,3,1,199,0,0.70666667,1.74991296,0.76538553,1.78449475,S=8,0,0,0.22222222
1085,5_2_6,seq_ABC,hard,,0.00000000,0,1,0,,1,0.00000000,0.00000000,0.00000000,0.00000000,not_aligned,0,0,0.22222222
1085,5_2_6,seq_ABC,smooth,,0.66000000,0,18,0,,1,0.00000000,0.80632360,0.34466183,1.83838903,not_aligned,0,0,0.22222222
1085,5_2_6,seq_ABC,filter_l0.00,0.00,0.97000000,1,81,1,119,0,0.33666667,0.78797172,0.46327829,0.20801097,S=0,0,0,0.00000000
1085,5_2_6,seq_ABC,filter_l0.02,0.02,0.93000000,0,33,0,,1,0.02666667,0.19033919,0.07549252,0.37057532,not_aligned,0,0,0.22222222
1085,5_2_6,seq_ABC,filter_l0.05,0.05,0.85000000,0,18,1,199,0,0.08000000,0.37011316,0.15788787,0.59478611,S=0,0,0,0.22222222
1085,5_2_6,seq_ABC,filter_l0.10,0.10,0.70000000,0,12,0,,1,0.16666667,0.61962217,0.29330744,0.84377298,not_aligned,0,0,0.22222222
1085,5_2_6,seq_ABC,filter_l0.20,0.20,0.60000000,0,12,0,,1,0.26666667,0.85488655,0.41550549,1.12983746,not_aligned,0,0,0.22222222
1085,5_2_6,seq_ABC,filter_l0.50,0.50,0.40000000,0,6,0,,1,0.45000000,1.26058521,0.59556307,1.49093944,not_aligned,0,0,0.00000000
1085,5_2_6,seq_ABC,filter_l1.00,1.00,0.20000000,0,4,0,,1,0.61000000,1.63311481,0.71321904,1.75728388,not_aligned,0,0,0.66666667
1086,5_2_6,sync,hard,,0.00000000,0,1,0,,1,0.00000000,0.00000000,0.00000000,0.00000000,not_aligned,0,0,0.22222222
1086,5_2_6,sync,smooth,,0.45000000,0,9,1,193,0,0.00000000,0.80632360,0.34466183,1.83838903,S=0,0,0,0.00000000
1086,5_2_6,sync,filter_l0.00,0.00,1.00000000,1,152,1,48,0,0.00000000,0.00000297,0.00000000,0.00003431,S=0,0,0,0.00000000
1086,5_2_6,sync,filter_l0.02,0.02,0.92000000,1,35,1,175,0,0.04333333,0.24786647,0.09509331,0.39791991,S=0,0,0,0.00000000
1086,5_2_6,sync,filter_l0.05,0.05,0.75000000,0,28,1,193,0,0.15000000,0.58494876,0.26249015,0.70513412,S=0,0,0,0.00000000
1086,5_2_6,sync,filter_l0.10,0.10,0.58000000,0,10,1,190,0,0.29666667,0.88077715,0.42302518,0.98000039,S=0,0,0,0.00000000
1086,5_2_6,sync,filter_l0.20,0.20,0.56000000,0,8,1,193,0,0.33000000,0.98721958,0.47029668,1.17615321,S=0,0,0,0.00000000
1086,5_2_6,sync,filter_l0.50,0.50,0.27000000,0,6,0,,1,0.54333333,1.42472855,0.64480498,1.54657767,not_aligned,0,0,0.00000000
1086,5_2_6,sync,filter_l1.00,1.00,0.23000000,0,4,0,,1,0.62000000,1.67636491,0.72570745,1.76148788,not_aligned,0,0,0.00000000
1086,5_2_6,seq_ABC,hard,,1.00000000,1,195,1,5,0,0.00000000,0.00000000,0.00000000,0.00000000,S=0,0,0,0.00000000
1086,5_2_6,seq_ABC,smooth,,0.38000000,0,8,1,199,0,0.00000000,0.80632360,0.34466183,1.83838903,S=0,0,0,0.22222222
1086,5_2_6,seq_ABC,filter_l0.00,0.00,1.00000000,1,152,1,48,0,0.00000000,0.00000300,0.00000000,0.00003487,S=0,0,0,0.00000000
1086,5_2_6,seq_ABC,filter_l0.02,0.02,0.94000000,1,35,1,175,0,0.03666667,0.21582031,0.08023234,0.40537180,S=0,0,0,0.00000000
1086,5_2_6,seq_ABC,filter_l0.05,0.05,0.79000000,0,24,1,193,0,0.12000000,0.49033563,0.22068935,0.68072119,S=0,0,0,0.00000000
1086,5_2_6,seq_ABC,filter_l0.10,0.10,0.73000000,0,14,1,193,0,0.18000000,0.67893190,0.31678074,0.91776248,S=0,0,0,0.00000000
1086,5_2_6,seq_ABC,filter_l0.20,0.20,0.57000000,0,13,1,193,0,0.36666667,1.00013304,0.47231486,1.18534774,S=0,0,0,0.00000000
1086,5_2_6,seq_ABC,filter_l0.50,0.50,0.33000000,0,6,0,,1,0.54333333,1.40813690,0.64511968,1.53108544,not_aligned,0,0,0.00000000
1086,5_2_6,seq_ABC,filter_l1.00,1.00,0.24000000,0,7,0,,1,0.65333333,1.70971026,0.74093820,1.76230451,not_aligned,0,0,0.00000000
1087,5_2_6,sync,hard,,0.00000000,0,1,0,,1,0.00000000,0.00000000,0.00000000,0.00000000,not_aligned,0,0,0.22222222
1087,5_2_6,sync,smooth,,0.36000000,0,11,0,,1,0.00000000,0.80632360,0.34466183,1.83838903,not_aligned,0,0,0.88888889
1087,5_2_6,sync,filter_l0.00,0.00,1.00000000,1,158,1,42,0,0.00000000,0.00000080,0.00000000,0.00001022,S=0,0,0,0.00000000
1087,5_2_6,sync,filter_l0.02,0.02,0.88000000,0,17,1,184,0,0.07000000,0.27888710,0.12555462,0.34709945,S=0,0,0,0.00000000
1087,5_2_6,sync,filter_l0.05,0.05,0.85000000,0,17,1,199,0,0.12666667,0.39874469,0.19846928,0.57132795,S=0,0,0,0.22222222
1087,5_2_6,sync,filter_l0.10,0.10,0.78000000,0,19,1,199,0,0.18666667,0.56886304,0.28483987,0.82819049,S=0,0,0,0.22222222
1087,5_2_6,sync,filter_l0.20,0.20,0.69000000,0,15,0,,1,0.27000000,0.79002661,0.39585772,1.12063205,not_aligned,0,0,0.22222222
1087,5_2_6,sync,filter_l0.50,0.50,0.40000000,0,9,0,,1,0.42333333,1.20008859,0.56887933,1.51642396,not_aligned,0,0,0.66666667
1087,5_2_6,sync,filter_l1.00,1.00,0.25000000,0,5,0,,1,0.60666667,1.61172991,0.70534047,1.76297473,not_aligned,0,0,0.66666667
1087,5_2_6,seq_ABC,hard,,1.00000000,1,189,1,11,0,0.00000000,0.00000000,0.00000000,0.00000000,S=0,0,0,0.00000000
1087,5_2_6,seq_ABC,smooth,,0.28000000,0,7,0,,1,0.00000000,0.80632360,0.34466183,1.83838903,not_aligned,0,0,1.55555556
1087,5_2_6,seq_ABC,filter_l0.00,0.00,1.00000000,1,158,1,42,0,0.00000000,0.00000123,0.00000000,0.00001521,S=0,0,0,0.00000000
1087,5_2_6,seq_ABC,filter_l0.02,0.02,0.88000000,0,17,1,184,0,0.07000000,0.28151459,0.12620850,0.35281663,S=0,0,0,0.00000000
1087,5_2_6,seq_ABC,filter_l0.05,0.05,0.83000000,0,17,1,199,0,0.12666667,0.41548655,0.20638586,0.58177350,S=0,0,0,0.22222222
1087,5_2_6,seq_ABC,filter_l0.10,0.10,0.76000000,0,27,1,199,0,0.23000000,0.64221840,0.33472055,0.82173730,S=0,0,0,0.22222222
1087,5_2_6,seq_ABC,filter_l0.20,0.20,0.71000000,0,16,0,,1,0.26666667,0.79382526,0.39851218,1.12791079,not_aligned,0,0,0.22222222
1087,5_2_6,seq_ABC,filter_l0.50,0.50,0.47000000,0,9,0,,1,0.42333333,1.22138092,0.57980695,1.52022085,not_aligned,0,0,0.22222222
1087,5_2_6,seq_ABC,filter_l1.00,1.00,0.31000000,0,5,0,,1,0.61333333,1.61607306,0.70824701,1.75704438,not_aligned,0,0,0.66666667
1088,5_2_6,sync,hard,,0.00000000,0,1,0,,1,0.00000000,0.00000000,0.00000000,0.00000000,not_aligned,0,0,0.22222222
1088,5_2_6,sync,smooth,,0.45000000,0,15,0,,1,0.00000000,0.80632360,0.34466183,1.83838903,not_aligned,0,0,0.22222222
1088,5_2_6,sync,filter_l0.00,0.00,1.00000000,1,125,1,75,0,0.00000000,0.00001822,0.00000001,0.00017194,S=0,0,0,0.00000000
1088,5_2_6,sync,filter_l0.02,0.02,0.89000000,0,25,1,198,0,0.05333333,0.26214139,0.10144605,0.31936432,S=0,0,0,0.00000000
1088,5_2_6,sync,filter_l0.05,0.05,0.86000000,0,17,1,198,0,0.07000000,0.34057372,0.13748818,0.54682913,S=0,0,0,0.00000000
1088,5_2_6,sync,filter_l0.10,0.10,0.80000000,0,16,1,198,0,0.10000000,0.49220328,0.20847862,0.80804907,S=0,0,0,0.00000000
1088,5_2_6,sync,filter_l0.20,0.20,0.67000000,0,10,1,198,0,0.19333333,0.76252869,0.34631890,1.10251900,S=0,0,0,0.00000000
1088,5_2_6,sync,filter_l0.50,0.50,0.25000000,0,6,0,,1,0.55000000,1.39161736,0.65692091,1.59289121,not_aligned,0,0,0.22222222
1088,5_2_6,sync,filter_l1.00,1.00,0.24000000,0,4,0,,1,0.65666667,1.69403521,0.73664372,1.78697961,not_aligned,0,0,0.22222222
1088,5_2_6,seq_ABC,hard,,1.00000000,1,182,1,18,0,0.00000000,0.00000000,0.00000000,0.00000000,S=0,0,0,0.00000000
1088,5_2_6,seq_ABC,smooth,,0.58000000,0,20,0,,1,0.00000000,0.80632360,0.34466183,1.83838903,not_aligned,0,0,0.22222222
1088,5_2_6,seq_ABC,filter_l0.00,0.00,1.00000000,1,125,1,75,0,0.00000000,0.00022041,0.00000338,0.00142986,S=0,0,0,0.00000000
1088,5_2_6,seq_ABC,filter_l0.02,0.02,0.89000000,0,25,1,198,0,0.05333333,0.26650584,0.10240994,0.31651016,S=0,0,0,0.00000000
1088,5_2_6,seq_ABC,filter_l0.05,0.05,0.84000000,0,19,1,198,0,0.07666667,0.36264974,0.14994944,0.54374344,S=0,0,0,0.00000000
1088,5_2_6,seq_ABC,filter_l0.10,0.10,0.79000000,0,16,1,198,0,0.11000000,0.51718143,0.22123068,0.80281432,S=0,0,0,0.00000000
1088,5_2_6,seq_ABC,filter_l0.20,0.20,0.66000000,0,10,0,,1,0.22000000,0.79121113,0.36401617,1.10365332,not_aligned,0,0,0.88888889
1088,5_2_6,seq_ABC,filter_l0.50,0.50,0.37000000,0,10,0,,1,0.46333333,1.29601633,0.59826676,1.51154591,not_aligned,0,0,0.22222222
1088,5_2_6,seq_ABC,filter_l1.00,1.00,0.22000000,0,3,1,198,0,0.65000000,1.69838751,0.73635378,1.78169425,S=8,0,0,0.00000000
1089,5_2_6,sync,hard,,0.00000000,0,1,0,,1,0.00000000,0.00000000,0.00000000,0.00000000,not_aligned,0,0,0.22222222
1089,5_2_6,sync,smooth,,0.42000000,0,14,0,,1,0.00000000,0.80632360,0.34466183,1.83838903,not_aligned,0,0,0.00000000
1089,5_2_6,sync,filter_l0.00,0.00,1.00000000,1,171,1,29,0,0.00000000,0.00006779,0.00000008,0.00060965,S=0,0,0,0.00000000
1089,5_2_6,sync,filter_l0.02,0.02,0.89000000,0,34,1,196,0,0.04333333,0.24440801,0.09636794,0.49423041,S=0,0,0,0.00000000
1089,5_2_6,sync,filter_l0.05,0.05,0.86000000,0,18,1,194,0,0.08000000,0.44942519,0.19257274,0.78766902,S=0,0,0,0.00000000
1089,5_2_6,sync,filter_l0.10,0.10,0.68000000,0,13,0,,1,0.30333333,0.82822469,0.42587168,1.09010494,not_aligned,0,0,0.00000000
1089,5_2_6,sync,filter_l0.20,0.20,0.54000000,0,13,1,198,0,0.41333333,1.08998068,0.53568809,1.32497033,S=0,0,0,0.00000000
1089,5_2_6,sync,filter_l0.50,0.50,0.37000000,0,9,0,,1,0.53666667,1.47728039,0.66381723,1.59950904,not_aligned,0,0,0.88888889
1089,5_2_6,sync,filter_l1.00,1.00,0.33000000,0,5,0,,1,0.65000000,1.80377665,0.75595558,1.78305804,not_aligned,0,0,1.55555556
1089,5_2_6,seq_ABC,hard,,1.00000000,1,195,1,5,0,0.00000000,0.00000000,0.00000000,0.00000000,S=0,0,0,0.00000000
1089,5_2_6,seq_ABC,smooth,,0.46000000,0,10,0,,1,0.00000000,0.80632360,0.34466183,1.83838903,not_aligned,0,0,0.00000000
1089,5_2_6,seq_ABC,filter_l0.00,0.00,1.00000000,1,154,1,46,0,0.00000000,0.00019116,0.00000065,0.00153061,S=0,0,0,0.00000000
1089,5_2_6,seq_ABC,filter_l0.02,0.02,0.89000000,0,34,1,196,0,0.04666667,0.25679520,0.10267193,0.49295445,S=0,0,0,0.00000000
1089,5_2_6,seq_ABC,filter_l0.05,0.05,0.83000000,0,18,1,194,0,0.09000000,0.45419933,0.20029837,0.79419344,S=0,0,0,0.00000000
1089,5_2_6,seq_ABC,filter_l0.10,0.10,0.71000000,0,14,1,198,0,0.27666667,0.79333024,0.40704080,1.08713962,S=0,0,0,0.00000000
1089,5_2_6,seq_ABC,filter_l0.20,0.20,0.57000000,0,12,0,,1,0.42000000,1.07576688,0.52720232,1.32419946,not_aligned,0,0,0.00000000
1089,5_2_6,seq_ABC,filter_l0.50,0.50,0.29000000,0,9,0,,1,0.57000000,1.49615210,0.67699620,1.59783940,not_aligned,0,0,0.66666667
1089,5_2_6,seq_ABC,filter_l1.00,1.00,0.28000000,0,4,0,,1,0.65666667,1.80357576,0.75698510,1.78221946,not_aligned,0,0,2.00000000
1090,5_2_6,sync,hard,,0.00000000,0,1,0,,1,0.00000000,0.00000000,0.00000000,0.00000000,not_aligned,0,0,0.22222222
1090,5_2_6,sync,smooth,,0.62000000,0,15,1,195,0,0.00000000,0.80632360,0.34466183,1.83838903,S=8,0,0,0.00000000
1090,5_2_6,sync,filter_l0.00,0.00,1.00000000,1,169,1,31,0,0.00000000,0.00008886,0.00000051,0.00063594,S=0,0,0,0.00000000
1090,5_2_6,sync,filter_l0.02,0.02,0.87000000,0,21,1,194,0,0.04666667,0.25373242,0.10601136,0.36920615,S=0,0,0,0.00000000
1090,5_2_6,sync,filter_l0.05,0.05,0.88000000,0,21,1,194,0,0.07000000,0.35992784,0.16036516,0.62276232,S=0,0,0,0.00000000
1090,5_2_6,sync,filter_l0.10,0.10,0.75000000,0,12,1,195,0,0.18666667,0.60247480,0.30097908,0.89625183,S=0,0,0,0.00000000
1090,5_2_6,sync,filter_l0.20,0.20,0.63000000,0,10,1,195,0,0.35000000,0.90139337,0.45441831,1.17538133,S=0,0,0,0.00000000
1090,5_2_6,sync,filter_l0.50,0.50,0.46000000,0,10,1,199,0,0.45333333,1.24064005,0.59741466,1.50501178,S=0,0,0,0.22222222
1090,5_2_6,sync,filter_l1.00,1.00,0.16000000,0,3,1,199,0,0.70333333,1.80060309,0.78823438,1.81825375,S=0,0,0,0.22222222
1090,5_2_6,seq_ABC,hard,,1.00000000,1,188,1,12,0,0.00000000,0.00000000,0.00000000,0.00000000,S=0,0,0,0.00000000
1090,5_2_6,seq_ABC,smooth,,0.52000000,0,14,1,191,0,0.00000000,0.80632360,0.34466183,1.83838903,S=8,0,0,0.00000000
1090,5_2_6,seq_ABC,filter_l0.00,0.00,1.00000000,1,159,1,41,0,0.00000000,0.00024117,0.00000392,0.00145982,S=0,0,0,0.00000000
1090,5_2_6,seq_ABC,filter_l0.02,0.02,0.89000000,0,21,1,194,0,0.04000000,0.23458740,0.09404482,0.35772467,S=0,0,0,0.00000000
1090,5_2_6,seq_ABC,filter_l0.05,0.05,0.87000000,0,21,1,194,0,0.07333333,0.36479772,0.16546477,0.61893637,S=0,0,0,0.00000000
1090,5_2_6,seq_ABC,filter_l0.10,0.10,0.77000000,0,16,1,195,0,0.17000000,0.58048735,0.28439694,0.87333695,S=0,0,0,0.00000000
1090,5_2_6,seq_ABC,filter_l0.20,0.20,0.68000000,0,12,1,195,0,0.31666667,0.85154696,0.42511919,1.15437399,S=0,0,0,0.00000000
1090,5_2_6,seq_ABC,filter_l0.50,0.50,0.45000000,0,8,1,198,0,0.43666667,1.24035783,0.59055565,1.51020670,S=0,0,0,0.00000000
1090,5_2_6,seq_ABC,filter_l1.00,1.00,0.27000000,0,4,0,,1,0.64000000,1.78120624,0.75513919,1.79800172,not_aligned,0,0,0.22222222
1091,5_2_6,sync,hard,,1.00000000,1,180,1,20,0,0.00000000,0.00000000,0.00000000,0.00000000,S=0,0,0,0.00000000
1091,5_2_6,sync,smooth,,0.43000000,0,13,0,,1,0.00000000,0.80632360,0.34466183,1.83838903,not_aligned,0,0,0.22222222
1091,5_2_6,sync,filter_l0.00,0.00,1.00000000,1,123,1,77,0,0.00000000,0.03900821,0.01393180,0.09789573,S=0,0,0,0.00000000
1091,5_2_6,sync,filter_l0.02,0.02,0.88000000,0,20,0,,1,0.04666667,0.26847366,0.10403901,0.39905032,not_aligned,0,0,0.22222222
1091,5_2_6,sync,filter_l0.05,0.05,0.82000000,0,21,0,,1,0.09000000,0.46047114,0.20221938,0.66037788,not_aligned,0,0,0.22222222
1091,5_2_6,sync,filter_l0.10,0.10,0.66000000,0,13,0,,1,0.22333333,0.73876574,0.35893026,0.96044801,not_aligned,0,0,0.22222222
1091,5_2_6,sync,filter_l0.20,0.20,0.48000000,0,10,0,,1,0.39666667,1.06098736,0.53128485,1.24880395,not_aligned,0,0,0.22222222
1091,5_2_6,sync,filter_l0.50,0.50,0.38000000,0,6,0,,1,0.51333333,1.28123298,0.61700310,1.51477107,not_aligned,0,0,0.22222222
1091,5_2_6,sync,filter_l1.00,1.00,0.26000000,0,4,1,199,0,0.60666667,1.63382427,0.72362772,1.78436119,other_aligned,0,0,0.66666667
1091,5_2_6,seq_ABC,hard,,1.00000000,1,194,1,6,0,0.00000000,0.00000000,0.00000000,0.00000000,S=0,0,0,0.00000000
1091,5_2_6,seq_ABC,smooth,,0.37000000,0,11,0,,1,0.00000000,0.80632360,0.34466183,1.83838903,not_aligned,0,0,0.22222222
1091,5_2_6,seq_ABC,filter_l0.00,0.00,1.00000000,1,151,1,49,0,0.00000000,0.00026430,0.00000281,0.00177891,S=0,0,0,0.00000000
1091,5_2_6,seq_ABC,filter_l0.02,0.02,0.87000000,0,22,0,,1,0.05000000,0.27977042,0.11360262,0.40426907,not_aligned,0,0,0.22222222
1091,5_2_6,seq_ABC,filter_l0.05,0.05,0.79000000,0,22,0,,1,0.10000000,0.45697574,0.21257982,0.66687959,not_aligned,0,0,0.22222222
1091,5_2_6,seq_ABC,filter_l0.10,0.10,0.63000000,0,13,0,,1,0.28000000,0.80655441,0.41919011,0.99205250,not_aligned,0,0,0.22222222
1091,5_2_6,seq_ABC,filter_l0.20,0.20,0.44000000,0,10,0,,1,0.38666667,1.05469934,0.51767267,1.25518172,not_aligned,0,0,0.22222222
1091,5_2_6,seq_ABC,filter_l0.50,0.50,0.37000000,0,7,0,,1,0.48333333,1.33358847,0.61667500,1.53523051,not_aligned,0,0,0.22222222
1091,5_2_6,seq_ABC,filter_l1.00,1.00,0.17000000,0,5,0,,1,0.62000000,1.62983075,0.72695838,1.77744062,not_aligned,0,0,1.55555556
1092,5_2_6,sync,hard,,0.00000000,0,1,0,,1,0.00000000,0.00000000,0.00000000,0.00000000,not_aligned,0,0,0.22222222
1092,5_2_6,sync,smooth,,0.43000000,0,10,1,196,0,0.00000000,0.80632360,0.34466183,1.83838903,S=0,0,0,0.00000000
1092,5_2_6,sync,filter_l0.00,0.00,1.00000000,1,137,1,63,0,0.16000000,0.42587208,0.21872106,0.09212816,S=0,0,0,0.00000000
1092,5_2_6,sync,filter_l0.02,0.02,0.85000000,0,17,1,185,0,0.09666667,0.38760174,0.16844218,0.41254596,S=0,0,0,0.00000000
1092,5_2_6,sync,filter_l0.05,0.05,0.80000000,0,15,1,185,0,0.11000000,0.47891579,0.21269969,0.64126539,S=0,0,0,0.00000000
1092,5_2_6,sync,filter_l0.10,0.10,0.72000000,0,11,1,198,0,0.15666667,0.63914347,0.29763350,0.87250109,S=0,0,0,0.00000000
1092,5_2_6,sync,filter_l0.20,0.20,0.56000000,0,7,1,198,0,0.26000000,0.89256115,0.42163691,1.13366364,S=0,0,0,0.00000000
1092,5_2_6,sync,filter_l0.50,0.50,0.28000000,0,5,0,,1,0.48333333,1.34041821,0.61844059,1.51119685,not_aligned,0,0,0.22222222
1092,5_2_6,sync,filter_l1.00,1.00,0.11000000,0,2,0,,1,0.64000000,1.79036683,0.76948126,1.80300758,not_aligned,0,0,0.22222222
1092,5_2_6,seq_ABC,hard,,1.00000000,1,186,1,14,0,0.00000000,0.00000000,0.00000000,0.00000000,S=0,0,0,0.00000000
1092,5_2_6,seq_ABC,smooth,,0.58000000,0,7,0,,1,0.00000000,0.80632360,0.34466183,1.83838903,not_aligned,0,0,0.22222222
1092,5_2_6,seq_ABC,filter_l0.00,0.00,0.99000000,1,110,1,145,0,0.06000000,0.14303466,0.09273146,0.08023580,S=0,0,0,0.00000000
1092,5_2_6,seq_ABC,filter_l0.02,0.02,0.83000000,0,20,1,185,0,0.11333333,0.42013854,0.18613677,0.40925269,S=0,0,0,0.00000000
1092,5_2_6,seq_ABC,filter_l0.05,0.05,0.82000000,0,15,1,185,0,0.10666667,0.45544548,0.19910352,0.64134464,S=0,0,0,0.00000000
1092,5_2_6,seq_ABC,filter_l0.10,0.10,0.73000000,0,11,1,198,0,0.16000000,0.65390412,0.30571010,0.89053083,S=0,0,0,0.00000000
1092,5_2_6,seq_ABC,filter_l0.20,0.20,0.58000000,0,7,1,198,0,0.27333333,0.92008146,0.42648842,1.14278390,S=0,0,0,0.00000000
1092,5_2_6,seq_ABC,filter_l0.50,0.50,0.36000000,0,5,0,,1,0.44000000,1.30847502,0.59946660,1.48807383,not_aligned,0,0,0.22222222
1092,5_2_6,seq_ABC,filter_l1.00,1.00,0.22000000,0,4,0,,1,0.59000000,1.63754761,0.70799368,1.74329474,not_aligned,0,0,0.22222222
1093,5_2_6,sync,hard,,0.00000000,0,1,0,,1,0.00000000,0.00000000,0.00000000,0.00000000,not_aligned,0,0,0.22222222
1093,5_2_6,sync,smooth,,0.30000000,0,12,1,195,0,0.00000000,0.80632360,0.34466183,1.83838903,S=8,0,0,0.00000000
1093,5_2_6,sync,filter_l0.00,0.00,0.99000000,1,72,1,128,0,0.03000000,0.09992318,0.05243951,0.09974247,S=0,0,0,0.00000000
1093,5_2_6,sync,filter_l0.02,0.02,0.85000000,0,36,1,192,0,0.06000000,0.33221405,0.12465691,0.40630129,S=0,0,0,0.00000000
1093,5_2_6,sync,filter_l0.05,0.05,0.77000000,0,20,1,192,0,0.11666667,0.50671467,0.23431811,0.68242718,S=0,0,0,0.00000000
1093,5_2_6,sync,filter_l0.10,0.10,0.72000000,0,22,1,192,0,0.21000000,0.67899624,0.33172903,0.91953868,S=0,0,0,0.00000000
1093,5_2_6,sync,filter_l0.20,0.20,0.63000000,0,15,0,,1,0.31000000,0.90058161,0.45127769,1.16986087,not_aligned,0,0,0.22222222
1093,5_2_6,sync,filter_l0.50,0.50,0.45000000,0,22,0,,1,0.49333333,1.34410140,0.62604866,1.51180180,not_aligned,0,0,0.22222222
1093,5_2_6,sync,filter_l1.00,1.00,0.15000000,0,5,0,,1,0.66333333,1.77233941,0.76504183,1.77984033,not_aligned,0,0,0.22222222
1093,5_2_6,seq_ABC,hard,,1.00000000,1,189,1,11,0,0.00000000,0.00000000,0.00000000,0.00000000,S=0,0,0,0.00000000
1093,5_2_6,seq_ABC,smooth,,0.21000000,0,8,0,,1,0.00000000,0.80632360,0.34466183,1.83838903,not_aligned,0,0,0.88888889
1093,5_2_6,seq_ABC,filter_l0.00,0.00,0.20000000,0,7,1,199,0,0.44333333,4.04358371,0.73896243,0.23084002,other_aligned,0,0,0.22222222
1093,5_2_6,seq_ABC,filter_l0.02,0.02,0.83000000,0,34,0,,1,0.06000000,0.31104686,0.12027893,0.39904598,not_aligned,0,0,0.00000000
1093,5_2_6,seq_ABC,filter_l0.05,0.05,0.82000000,0,32,0,,1,0.08333333,0.41825464,0.18162297,0.65658959,not_aligned,0,0,0.00000000
1093,5_2_6,seq_ABC,filter_l0.10,0.10,0.71000000,0,9,0,,1,0.20000000,0.67374708,0.32885291,0.92415269,not_aligned,0,0,0.00000000
1093,5_2_6,seq_ABC,filter_l0.20,0.20,0.61000000,0,14,0,,1,0.31000000,0.91718288,0.45249246,1.17688773,not_aligned,0,0,0.22222222
1093,5_2_6,seq_ABC,filter_l0.50,0.50,0.44000000,0,19,1,199,0,0.49333333,1.33424587,0.61841979,1.52102705,S=0,0,0,0.22222222
1093,5_2_6,seq_ABC,filter_l1.00,1.00,0.22000000,0,5,0,,1,0.62000000,1.70673898,0.73069930,1.76272842,not_aligned,0,0,0.66666667
1094,5_2_6,sync,hard,,0.00000000,0,1,0,,1,0.00000000,0.00000000,0.00000000,0.00000000,not_aligned,0,0,0.22222222
1094,5_2_6,sync,smooth,,0.47000000,0,19,1,199,0,0.00000000,0.80632360,0.34466183,1.83838903,S=0,0,0,0.22222222
1094,5_2_6,sync,filter_l0.00,0.00,1.00000000,1,166,1,34,0,0.00000000,0.00268166,0.00046030,0.00953522,S=0,0,0,0.00000000
1094,5_2_6,sync,filter_l0.02,0.02,0.93000000,1,28,1,174,0,0.02666667,0.17802827,0.06359364,0.29621205,S=0,0,0,0.00000000
1094,5_2_6,sync,filter_l0.05,0.05,0.87000000,0,18,1,192,0,0.07333333,0.33839093,0.15288782,0.54523089,S=0,0,0,0.00000000
1094,5_2_6,sync,filter_l0.10,0.10,0.77000000,0,18,1,192,0,0.15666667,0.53263759,0.26578480,0.80910746,S=0,0,0,0.00000000
1094,5_2_6,sync,filter_l0.20,0.20,0.64000000,0,9,1,199,0,0.25333333,0.76969007,0.39517740,1.11452790,S=0,0,0,0.22222222
1094,5_2_6,sync,filter_l0.50,0.50,0.41000000,0,7,1,199,0,0.44000000,1.19928648,0.57967019,1.50553064,S=0,0,0,0.22222222
1094,5_2_6,sync,filter_l1.00,1.00,0.31000000,0,7,1,199,0,0.59000000,1.59451348,0.69803688,1.74707368,S=0,0,0,0.22222222
1094,5_2_6,seq_ABC,hard,,1.00000000,1,194,1,6,0,0.00000000,0.00000000,0.00000000,0.00000000,S=0,0,0,0.00000000
1094,5_2_6,seq_ABC,smooth,,0.45000000,0,7,1,196,0,0.00000000,0.80632360,0.34466183,1.83838903,S=0,0,0,0.00000000
1094,5_2_6,seq_ABC,filter_l0.00,0.00,1.00000000,1,158,1,42,0,0.00000000,0.00100180,0.00007194,0.00463168,S=0,0,0,0.00000000
1094,5_2_6,seq_ABC,filter_l0.02,0.02,0.94000000,1,52,1,174,0,0.02000000,0.14944643,0.05051774,0.29294323,S=0,0,0,0.00000000
1094,5_2_6,seq_ABC,filter_l0.05,0.05,0.85000000,0,18,1,192,0,0.08333333,0.36066473,0.16445311,0.54085999,S=0,0,0,0.00000000
1094,5_2_6,seq_ABC,filter_l0.10,0.10,0.78000000,0,18,1,192,0,0.15333333,0.52492442,0.25929913,0.78873329,S=0,0,0,0.00000000
1094,5_2_6,seq_ABC,filter_l0.20,0.20,0.60000000,0,9,1,199,0,0.25666667,0.80084527,0.40812806,1.11293949,S=0,0,0,0.22222222
1094,5_2_6,seq_ABC,filter_l0.50,0.50,0.44000000,0,7,1,199,0,0.45333333,1.20678247,0.58060004,1.50135197,S=0,0,0,0.22222222
1094,5_2_6,seq_ABC,filter_l1.00,1.00,0.21000000,0,7,1,199,0,0.56666667,1.59297169,0.69731503,1.74806466,S=0,0,0,0.22222222
1095,5_2_6,sync,hard,,1.00000000,1,194,1,6,0,0.00000000,0.00000000,0.00000000,0.00000000,S=0,0,0,0.00000000
1095,5_2_6,sync,smooth,,0.64000000,0,14,0,,1,0.00000000,0.80632360,0.34466183,1.83838903,not_aligned,0,0,0.22222222
1095,5_2_6,sync,filter_l0.00,0.00,1.00000000,1,122,1,78,0,0.00000000,0.02951472,0.00697020,0.08884280,S=0,0,0,0.00000000
1095,5_2_6,sync,filter_l0.02,0.02,0.92000000,0,31,1,193,0,0.04333333,0.23659858,0.09543828,0.41007643,S=0,0,0,0.00000000
1095,5_2_6,sync,filter_l0.05,0.05,0.87000000,0,23,1,193,0,0.10000000,0.40999597,0.18687812,0.63483502,S=0,0,0,0.00000000
1095,5_2_6,sync,filter_l0.10,0.10,0.84000000,0,13,1,193,0,0.15666667,0.56201368,0.26526566,0.85686916,S=0,0,0,0.00000000
1095,5_2_6,sync,filter_l0.20,0.20,0.74000000,0,12,1,198,0,0.26333333,0.82174587,0.40329337,1.14704449,S=0,0,0,0.00000000
1095,5_2_6,sync,filter_l0.50,0.50,0.55000000,0,9,0,,1,0.42333333,1.18504690,0.55482516,1.48232010,not_aligned,0,0,0.22222222
1095,5_2_6,sync,filter_l1.00,1.00,0.26000000,0,4,0,,1,0.69000000,1.68953498,0.74612410,1.77398442,not_aligned,0,0,0.00000000
1095,5_2_6,seq_ABC,hard,,1.00000000,1,185,1,15,0,0.00000000,0.00000000,0.00000000,0.00000000,S=0,0,0,0.00000000
1095,5_2_6,seq_ABC,smooth,,0.62000000,0,12,0,,1,0.00000000,0.80632360,0.34466183,1.83838903,not_aligned,0,0,0.22222222
1095,5_2_6,seq_ABC,filter_l0.00,0.00,1.00000000,1,118,1,82,0,0.01666667,0.07507576,0.03402146,0.15439868,S=0,0,0,0.00000000
1095,5_2_6,seq_ABC,filter_l0.02,0.02,0.92000000,0,31,1,193,0,0.05000000,0.24210979,0.09995362,0.42568570,S=0,0,0,0.00000000
1095,5_2_6,seq_ABC,filter_l0.05,0.05,0.87000000,0,23,1,193,0,0.09666667,0.41152094,0.18785553,0.64047806,S=0,0,0,0.00000000
1095,5_2_6,seq_ABC,filter_l0.10,0.10,0.85000000,0,16,1,193,0,0.16000000,0.56855154,0.26917758,0.86593952,S=0,0,0,0.00000000
1095,5_2_6,seq_ABC,filter_l0.20,0.20,0.73000000,0,12,1,198,0,0.26333333,0.80777132,0.39197936,1.12740119,S=0,0,0,0.00000000
1095,5_2_6,seq_ABC,filter_l0.50,0.50,0.53000000,0,7,0,,1,0.43000000,1.20569700,0.56620377,1.48687518,not_aligned,0,0,0.00000000
1095,5_2_6,seq_ABC,filter_l1.00,1.00,0.30000000,0,5,0,,1,0.65000000,1.63491181,0.71676873,1.75077909,not_aligned,0,0,0.00000000
1096,5_2_6,sync,hard,,0.00000000,0,1,0,,1,0.00000000,0.00000000,0.00000000,0.00000000,not_aligned,0,0,0.22222222
1096,5_2_6,sync,smooth,,0.46000000,0,7,0,,1,0.00000000,0.80632360,0.34466183,1.83838903,not_aligned,0,0,0.88888889
1096,5_2_6,sync,filter_l0.00,0.00,1.00000000,1,173,1,27,0,0.00000000,0.00047232,0.00000479,0.00313409,S=0,0,0,0.00000000
1096,5_2_6,sync,filter_l0.02,0.02,0.87000000,0,28,0,,1,0.05333333,0.26291368,0.10222196,0.32279581,not_aligned,0,0,0.00000000
1096,5_2_6,sync,filter_l0.05,0.05,0.78000000,0,14,0,,1,0.11666667,0.48586929,0.22536371,0.58872181,not_aligned,0,0,0.00000000
1096,5_2_6,sync,filter_l0.10,0.10,0.76000000,0,14,0,,1,0.16000000,0.59766297,0.28970254,0.80992764,not_aligned,0,0,0.00000000
1096,5_2_6,sync,filter_l0.20,0.20,0.69000000,0,13,1,194,0,0.26666667,0.83362540,0.40552253,1.08255143,S=0,0,0,0.00000000
1096,5_2_6,sync,filter_l0.50,0.50,0.51000000,0,7,0,,1,0.45666667,1.20264000,0.57615024,1.45932958,not_aligned,0,0,0.00000000
1096,5_2_6,sync,filter_l1.00,1.00,0.36000000,0,9,0,,1,0.61666667,1.61013815,0.70484584,1.74795581,not_aligned,0,0,0.00000000
1096,5_2_6,seq_ABC,hard,,0.00000000,0,1,0,,1,0.00000000,0.00000000,0.00000000,0.00000000,not_aligned,0,0,0.22222222
1096,5_2_6,seq_ABC,smooth,,0.38000000,0,7,0,,1,0.00000000,0.80632360,0.34466183,1.83838903,not_aligned,0,0,0.22222222
1096,5_2_6,seq_ABC,filter_l0.00,0.00,1.00000000,1,173,1,27,0,0.00000000,0.00047232,0.00000479,0.00313409,S=0,0,0,0.00000000
1096,5_2_6,seq_ABC,filter_l0.02,0.02,0.88000000,0,28,0,,1,0.05000000,0.25828451,0.10057756,0.32257931,not_aligned,0,0,0.00000000
1096,5_2_6,seq_ABC,filter_l0.05,0.05,0.78000000,0,17,1,195,0,0.11000000,0.47375334,0.21488717,0.57350565,S=0,0,0,0.00000000
1096,5_2_6,seq_ABC,filter_l0.10,0.10,0.74000000,0,14,0,,1,0.13666667,0.58721482,0.28027276,0.79577008,not_aligned,0,0,0.00000000
1096,5_2_6,seq_ABC,filter_l0.20,0.20,0.70000000,0,13,1,194,0,0.25666667,0.80618493,0.39366530,1.07384070,S=0,0,0,0.00000000
1096,5_2_6,seq_ABC,filter_l0.50,0.50,0.45000000,0,7,0,,1,0.48666667,1.23473266,0.59008969,1.46755558,not_aligned,0,0,0.00000000
1096,5_2_6,seq_ABC,filter_l1.00,1.00,0.35000000,0,9,1,199,0,0.60333333,1.60940192,0.70200018,1.75031821,other_aligned,0,0,0.22222222
1097,5_2_6,sync,hard,,0.00000000,0,1,0,,1,0.00000000,0.00000000,0.00000000,0.00000000,not_aligned,0,0,0.22222222
1097,5_2_6,sync,smooth,,0.33000000,0,6,1,199,0,0.00000000,0.80632360,0.34466183,1.83838903,S=0,0,0,0.22222222
1097,5_2_6,sync,filter_l0.00,0.00,1.00000000,1,145,1,55,0,0.00000000,0.00311059,0.00070246,0.01025136,S=0,0,0,0.00000000
1097,5_2_6,sync,filter_l0.02,0.02,0.86000000,0,24,1,191,0,0.05000000,0.26609537,0.10599448,0.36773639,S=0,0,0,0.00000000
1097,5_2_6,sync,filter_l0.05,0.05,0.83000000,0,31,1,191,0,0.09666667,0.37240390,0.16591969,0.64822642,S=0,0,0,0.00000000
1097,5_2_6,sync,filter_l0.10,0.10,0.83000000,0,18,1,191,0,0.11333333,0.51976008,0.23666354,0.88656260,S=0,0,0,0.00000000
1097,5_2_6,sync,filter_l0.20,0.20,0.69000000,0,25,0,,1,0.21333333,0.81455369,0.38605227,1.17272269,not_aligned,0,0,0.00000000
1097,5_2_6,sync,filter_l0.50,0.50,0.37000000,0,9,1,199,0,0.51333333,1.32455946,0.61433077,1.53537547,S=0,0,0,0.22222222
1097,5_2_6,sync,filter_l1.00,1.00,0.27000000,0,6,0,,1,0.60666667,1.66063353,0.70888612,1.75418303,not_aligned,0,0,0.22222222
1097,5_2_6,seq_ABC,hard,,1.00000000,1,190,1,10,0,0.00000000,0.00000000,0.00000000,0.00000000,S=0,0,0,0.00000000
1097,5_2_6,seq_ABC,smooth,,0.41000000,0,12,0,,1,0.00000000,0.80632360,0.34466183,1.83838903,not_aligned,0,0,0.22222222
1097,5_2_6,seq_ABC,filter_l0.00,0.00,1.00000000,1,145,1,55,0,0.00000000,0.00310435,0.00070245,0.01019617,S=0,0,0,0.00000000
1097,5_2_6,seq_ABC,filter_l0.02,0.02,0.85000000,0,24,1,191,0,0.05333333,0.28265987,0.11280221,0.36429353,S=0,0,0,0.00000000
1097,5_2_6,seq_ABC,filter_l0.05,0.05,0.81000000,0,19,1,191,0,0.10666667,0.40273271,0.18144062,0.65066864,S=0,0,0,0.00000000
1097,5_2_6,seq_ABC,filter_l0.10,0.10,0.86000000,0,18,1,191,0,0.11333333,0.50506405,0.22990335,0.88071506,S=0,0,0,0.00000000
1097,5_2_6,seq_ABC,filter_l0.20,0.20,0.69000000,0,15,0,,1,0.23000000,0.82271056,0.39335041,1.16948835,not_aligned,0,0,0.00000000
1097,5_2_6,seq_ABC,filter_l0.50,0.50,0.31000000,0,8,1,199,0,0.52333333,1.34688437,0.63044263,1.54187540,S=0,0,0,0.22222222
1097,5_2_6,seq_ABC,filter_l1.00,1.00,0.23000000,0,4,0,,1,0.65666667,1.72953304,0.74585888,1.76751291,not_aligned,0,0,0.66666667
1098,5_2_6,sync,hard,,0.00000000,0,1,0,,1,0.00000000,0.00000000,0.00000000,0.00000000,not_aligned,0,0,0.22222222
1098,5_2_6,sync,smooth,,0.68000000,0,20,1,197,0,0.00000000,0.80632360,0.34466183,1.83838903,S=8,0,0,0.00000000
1098,5_2_6,sync,filter_l0.00,0.00,1.00000000,1,136,1,64,0,0.00666667,0.04167950,0.01781770,0.09402539,S=0,0,0,0.00000000
1098,5_2_6,sync,filter_l0.02,0.02,0.87000000,0,22,1,198,0,0.05000000,0.24364289,0.10319314,0.34663901,S=0,0,0,0.00000000
1098,5_2_6,sync,filter_l0.05,0.05,0.80000000,0,13,1,198,0,0.10666667,0.39257467,0.18214703,0.60014299,S=0,0,0,0.00000000
1098,5_2_6,sync,filter_l0.10,0.10,0.71000000,0,14,1,198,0,0.17666667,0.58952489,0.29640198,0.88011334,S=0,0,0,0.00000000
1098,5_2_6,sync,filter_l0.20,0.20,0.64000000,0,11,1,198,0,0.26333333,0.79938107,0.40533381,1.16569871,S=0,0,0,0.00000000
1098,5_2_6,sync,filter_l0.50,0.50,0.47000000,0,7,0,,1,0.43000000,1.20458162,0.57962418,1.52296853,not_aligned,0,0,0.88888889
1098,5_2_6,sync,filter_l1.00,1.00,0.31000000,0,4,1,199,0,0.60666667,1.60606531,0.70635513,1.76207104,S=0,0,0,0.22222222
1098,5_2_6,seq_ABC,hard,,1.00000000,1,195,1,5,0,0.00000000,0.00000000,0.00000000,0.00000000,S=0,0,0,0.00000000
1098,5_2_6,seq_ABC,smooth,,0.50000000,0,10,1,191,0,0.00000000,0.80632360,0.34466183,1.83838903,S=8,0,0,0.00000000
1098,5_2_6,seq_ABC,filter_l0.00,0.00,1.00000000,1,147,1,53,0,0.00333333,0.01293647,0.00585497,0.02951482,S=0,0,0,0.00000000
1098,5_2_6,seq_ABC,filter_l0.02,0.02,0.86000000,0,22,1,198,0,0.05333333,0.25775986,0.11204505,0.36559528,S=0,0,0,0.00000000
1098,5_2_6,seq_ABC,filter_l0.05,0.05,0.81000000,0,15,1,198,0,0.10333333,0.38235217,0.18416323,0.62218600,S=0,0,0,0.00000000
1098,5_2_6,seq_ABC,filter_l0.10,0.10,0.73000000,0,13,1,198,0,0.18000000,0.55270012,0.28023282,0.89213479,S=0,0,0,0.00000000
1098,5_2_6,seq_ABC,filter_l0.20,0.20,0.61000000,0,12,1,198,0,0.27666667,0.81872317,0.41682395,1.18876468,S=0,0,0,0.00000000
1098,5_2_6,seq_ABC,filter_l0.50,0.50,0.47000000,0,7,1,196,0,0.44666667,1.28677095,0.60040892,1.54548091,S=8,0,0,0.00000000
1098,5_2_6,seq_ABC,filter_l1.00,1.00,0.27000000,0,4,1,199,0,0.60000000,1.59716087,0.70012861,1.76458583,S=0,0,0,0.22222222
1099,5_2_6,sync,hard,,0.00000000,0,1,0,,1,0.00000000,0.00000000,0.00000000,0.00000000,not_aligned,0,0,0.22222222
1099,5_2_6,sync,smooth,,0.28000000,0,7,0,,1,0.00000000,0.80632360,0.34466183,1.83838903,not_aligned,0,0,0.22222222
1099,5_2_6,sync,filter_l0.00,0.00,1.00000000,1,158,1,42,0,0.00000000,0.00176094,0.00004706,0.00987804,S=0,0,0,0.00000000
1099,5_2_6,sync,filter_l0.02,0.02,0.84000000,0,49,1,188,0,0.05333333,0.26906714,0.12337375,0.39667940,S=0,0,0,0.00000000
1099,5_2_6,sync,filter_l0.05,0.05,0.77000000,0,49,1,194,0,0.13000000,0.46327922,0.23614304,0.66225063,S=0,0,0,0.00000000
1099,5_2_6,sync,filter_l0.10,0.10,0.64000000,0,30,1,194,0,0.26000000,0.71247548,0.37529913,0.91811163,S=0,0,0,0.00000000
1099,5_2_6,sync,filter_l0.20,0.20,0.57000000,0,18,1,195,0,0.35666667,0.92059379,0.47187741,1.14698934,S=0,0,0,0.00000000
1099,5_2_6,sync,filter_l0.50,0.50,0.36000000,0,12,0,,1,0.46666667,1.27079389,0.60430985,1.48784105,not_aligned,0,0,0.00000000
1099,5_2_6,sync,filter_l1.00,1.00,0.30000000,0,6,0,,1,0.62333333,1.60984953,0.70951219,1.74856094,not_aligned,0,0,0.22222222
1099,5_2_6,seq_ABC,hard,,1.00000000,1,182,1,18,0,0.00000000,0.00000000,0.00000000,0.00000000,S=0,0,0,0.00000000
1099,5_2_6,seq_ABC,smooth,,0.49000000,0,8,1,199,0,0.00000000,0.80632360,0.34466183,1.83838903,S=0,0,0,0.22222222
1099,5_2_6,seq_ABC,filter_l0.00,0.00,0.98000000,1,78,1,122,0,0.20000000,0.32258189,0.22742151,0.27203009,S=0,0,0,0.00000000
1099,5_2_6,seq_ABC,filter_l0.02,0.02,0.83000000,0,32,1,188,0,0.05666667,0.28125511,0.13043282,0.39499233,S=0,0,0,0.00000000
1099,5_2_6,seq_ABC,filter_l0.05,0.05,0.77000000,0,48,1,194,0,0.13333333,0.49057164,0.24816791,0.64768687,S=0,0,0,0.00000000
1099,5_2_6,seq_ABC,filter_l0.10,0.10,0.70000000,0,30,1,194,0,0.25666667,0.66368094,0.35336422,0.91524049,S=0,0,0,0.00000000
1099,5_2_6,seq_ABC,filter_l0.20,0.20,0.54000000,0,17,1,195,0,0.37666667,0.94849841,0.49294437,1.15925806,S=0,0,0,0.00000000
1099,5_2_6,seq_ABC,filter_l0.50,0.50,0.40000000,0,10,0,,1,0.50333333,1.30278673,0.62415893,1.49015557,not_aligned,0,0,0.00000000
1099,5_2_6,seq_ABC,filter_l1.00,1.00,0.24000000,0,4,1,199,0,0.64000000,1.64194611,0.72315896,1.76030094,S=0,0,0,0.22222222
1100,5_2_6,sync,hard,,0.00000000,0,1,0,,1,0.00000000,0.00000000,0.00000000,0.00000000,not_aligned,0,0,0.22222222
1100,5_2_6,sync,smooth,,0.42000000,0,12,0,,1,0.00000000,0.80632360,0.34466183,1.83838903,not_aligned,0,0,0.22222222
1100,5_2_6,sync,filter_l0.00,0.00,1.00000000,1,114,1,86,0,0.00000000,0.00067741,0.00001240,0.00425139,S=0,0,0,0.00000000
1100,5_2_6,sync,filter_l0.02,0.02,0.95000000,0,27,1,197,0,0.02333333,0.17924685,0.07110326,0.39227318,S=0,0,0,0.00000000
1100,5_2_6,sync,filter_l0.05,0.05,0.86000000,0,20,1,198,0,0.11000000,0.38117517,0.18244388,0.68337218,S=0,0,0,0.00000000
1100,5_2_6,sync,filter_l0.10,0.10,0.75000000,0,15,1,198,0,0.23666667,0.64076606,0.33088248,0.92885566,S=0,0,0,0.00000000
1100,5_2_6,sync,filter_l0.20,0.20,0.63000000,0,15,0,,1,0.33666667,0.92901000,0.47407426,1.19272938,not_aligned,0,0,0.22222222
1100,5_2_6,sync,filter_l0.50,0.50,0.41000000,0,7,0,,1,0.48666667,1.27980289,0.60622828,1.53195591,not_aligned,0,0,0.22222222
1100,5_2_6,sync,filter_l1.00,1.00,0.23000000,0,7,0,,1,0.66666667,1.67794815,0.73438440,1.77363978,not_aligned,0,0,0.00000000
1100,5_2_6,seq_ABC,hard,,1.00000000,1,195,1,5,0,0.00000000,0.00000000,0.00000000,0.00000000,S=0,0,0,0.00000000
1100,5_2_6,seq_ABC,smooth,,0.53000000,0,20,0,,1,0.00000000,0.80632360,0.34466183,1.83838903,not_aligned,0,0,2.00000000
1100,5_2_6,seq_ABC,filter_l0.00,0.00,1.00000000,1,114,1,86,0,0.00000000,0.00073345,0.00001255,0.00468103,S=0,0,0,0.00000000
1100,5_2_6,seq_ABC,filter_l0.02,0.02,0.95000000,0,27,1,197,0,0.02333333,0.18012949,0.06672630,0.38527491,S=0,0,0,0.00000000
1100,5_2_6,seq_ABC,filter_l0.05,0.05,0.87000000,0,20,1,198,0,0.11000000,0.36826910,0.17093209,0.66074796,S=0,0,0,0.00000000
1100,5_2_6,seq_ABC,filter_l0.10,0.10,0.76000000,0,20,1,198,0,0.21333333,0.63510177,0.31795109,0.91396180,S=0,0,0,0.00000000
1100,5_2_6,seq_ABC,filter_l0.20,0.20,0.66000000,0,13,1,198,0,0.32000000,0.90578080,0.46158913,1.17183066,S=0,0,0,0.00000000
1100,5_2_6,seq_ABC,filter_l0.50,0.50,0.40000000,0,9,1,198,0,0.51333333,1.30162490,0.61929724,1.53756366,S=0,0,0,0.00000000
1100,5_2_6,seq_ABC,filter_l1.00,1.00,0.17000000,0,2,0,,1,0.66333333,1.65835185,0.73143447,1.76865687,not_aligned,0,0,0.22222222
1101,5_2_6,sync,hard,,1.00000000,1,180,1,20,0,0.00000000,0.00000000,0.00000000,0.00000000,S=0,0,0,0.00000000
1101,5_2_6,sync,smooth,,0.31000000,0,10,1,190,0,0.00000000,0.80632360,0.34466183,1.83838903,S=8,0,0,0.00000000
1101,5_2_6,sync,filter_l0.00,0.00,1.00000000,1,113,1,87,0,0.07666667,0.19962716,0.11962196,0.21077800,S=0,0,0,0.00000000
1101,5_2_6,sync,filter_l0.02,0.02,0.84000000,0,21,1,193,0,0.08666667,0.35417474,0.15936605,0.43717755,S=0,0,0,0.00000000
1101,5_2_6,sync,filter_l0.05,0.05,0.77000000,0,20,0,,1,0.18333333,0.54935443,0.27459257,0.70358018,not_aligned,0,0,0.00000000
1101,5_2_6,sync,filter_l0.10,0.10,0.66000000,0,10,0,,1,0.25333333,0.74634696,0.36507299,0.91782969,not_aligned,0,0,0.00000000
1101,5_2_6,sync,filter_l0.20,0.20,0.56000000,0,10,0,,1,0.34666667,0.94569990,0.45488129,1.13622376,not_aligned,0,0,0.22222222
1101,5_2_6,sync,filter_l0.50,0.50,0.31000000,0,7,0,,1,0.51000000,1.31626339,0.62127879,1.50434371,not_aligned,0,0,0.22222222
1101,5_2_6,sync,filter_l1.00,1.00,0.23000000,0,5,1,199,0,0.59000000,1.64541279,0.71680802,1.75820722,other_aligned,0,0,0.66666667
1101,5_2_6,seq_ABC,hard,,1.00000000,1,191,1,9,0,0.00000000,0.00000000,0.00000000,0.00000000,S=0,0,0,0.00000000
1101,5_2_6,seq_ABC,smooth,,0.37000000,0,12,0,,1,0.00000000,0.80632360,0.34466183,1.83838903,not_aligned,0,0,1.55555556
1101,5_2_6,seq_ABC,filter_l0.00,0.00,1.00000000,1,128,1,72,0,0.01000000,0.01903963,0.00985787,0.03797163,S=0,0,0,0.00000000
1101,5_2_6,seq_ABC,filter_l0.02,0.02,0.83000000,0,38,1,193,0,0.09000000,0.35264656,0.15673551,0.41525733,S=0,0,0,0.00000000
1101,5_2_6,seq_ABC,filter_l0.05,0.05,0.77000000,0,15,0,,1,0.13666667,0.50038943,0.24185134,0.68235285,not_aligned,0,0,0.00000000
1101,5_2_6,seq_ABC,filter_l0.10,0.10,0.66000000,0,11,0,,1,0.23000000,0.70872478,0.33820916,0.91231267,not_aligned,0,0,0.00000000
1101,5_2_6,seq_ABC,filter_l0.20,0.20,0.52000000,0,11,0,,1,0.38333333,1.02863446,0.48637674,1.17833789,not_aligned,0,0,0.00000000
1101,5_2_6,seq_ABC,filter_l0.50,0.50,0.40000000,0,9,0,,1,0.46333333,1.26377141,0.59675043,1.47397160,not_aligned,0,0,0.22222222
1101,5_2_6,seq_ABC,filter_l1.00,1.00,0.20000000,0,4,0,,1,0.60000000,1.66730486,0.72762156,1.77359102,not_aligned,0,0,0.88888889
1102,5_2_6,sync,hard,,0.00000000,0,1,0,,1,0.00000000,0.00000000,0.00000000,0.00000000,not_aligned,0,0,0.22222222
1102,5_2_6,sync,smooth,,0.41000000,0,8,0,,1,0.00000000,0.80632360,0.34466183,1.83838903,not_aligned,0,0,0.22222222
1102,5_2_6,sync,filter_l0.00,0.00,0.21000000,0,8,0,,1,0.34000000,5.55941497,0.67713320,0.01909040,not_aligned,0,0,0.88888889
1102,5_2_6,sync,filter_l0.02,0.02,0.90000000,0,25,1,193,0,0.05000000,0.27413340,0.11316486,0.42186190,S=0,0,0,0.00000000
1102,5_2_6,sync,filter_l0.05,0.05,0.82000000,0,20,1,194,0,0.14333333,0.49930303,0.23714201,0.69145913,S=0,0,0,0.00000000
1102,5_2_6,sync,filter_l0.10,0.10,0.65000000,0,17,1,199,0,0.28333333,0.78857418,0.41773868,0.89476902,S=8,0,0,0.22222222
1102,5_2_6,sync,filter_l0.20,0.20,0.62000000,0,11,1,199,0,0.30666667,0.89797063,0.45552630,1.15909616,S=8,0,0,0.22222222
1102,5_2_6,sync,filter_l0.50,0.50,0.45000000,0,8,0,,1,0.50000000,1.31416177,0.62136304,1.53442697,not_aligned,0,0,0.00000000
1102,5_2_6,sync,filter_l1.00,1.00,0.25000000,0,4,0,,1,0.66333333,1.68610108,0.73489341,1.76643616,not_aligned,0,0,0.88888889
1102,5_2_6,seq_ABC,hard,,1.00000000,1,195,1,5,0,0.00000000,0.00000000,0.00000000,0.00000000,S=0,0,0,0.00000000
1102,5_2_6,seq_ABC,smooth,,0.63000000,0,10,0,,1,0.00000000,0.80632360,0.34466183,1.83838903,not_aligned,0,0,0.22222222
1102,5_2_6,seq_ABC,filter_l0.00,0.00,0.24000000,0,11,1,189,0,0.48333333,5.64506977,0.90343279,0.13323122,other_aligned,0,0,0.00000000
1102,5_2_6,seq_ABC,filter_l0.02,0.02,0.74000000,0,12,1,188,0,0.32666667,0.81716180,0.43122759,0.56460347,S=8,0,0,0.00000000
1102,5_2_6,seq_ABC,filter_l0.05,0.05,0.78000000,0,20,0,,1,0.17333333,0.55362374,0.27040656,0.71628934,not_aligned,0,0,0.00000000
1102,5_2_6,seq_ABC,filter_l0.10,0.10,0.68000000,0,17,1,194,0,0.26666667,0.73216788,0.38621638,0.90735580,S=8,0,0,0.00000000
1102,5_2_6,seq_ABC,filter_l0.20,0.20,0.73000000,0,10,0,,1,0.31000000,0.93271341,0.46205175,1.19371473,not_aligned,0,0,0.00000000
1102,5_2_6,seq_ABC,filter_l0.50,0.50,0.44000000,0,11,0,,1,0.51000000,1.31785211,0.61758907,1.52377044,not_aligned,0,0,0.22222222
1102,5_2_6,seq_ABC,filter_l1.00,1.00,0.21000000,0,3,0,,1,0.64333333,1.67137376,0.72880226,1.75485166,not_aligned,0,0,1.55555556
1103,5_2_6,sync,hard,,0.00000000,0,1,0,,1,0.00000000,0.00000000,0.00000000,0.00000000,not_aligned,0,0,0.22222222
1103,5_2_6,sync,smooth,,0.47000000,0,13,0,,1,0.00000000,0.80632360,0.34466183,1.83838903,not_aligned,0,0,0.66666667
1103,5_2_6,sync,filter_l0.00,0.00,1.00000000,1,156,1,44,0,0.00000000,0.00005807,0.00000011,0.00050019,S=0,0,0,0.00000000
1103,5_2_6,sync,filter_l0.02,0.02,0.93000000,0,31,1,188,0,0.03000000,0.18510165,0.06525281,0.32664665,S=0,0,0,0.00000000
1103,5_2_6,sync,filter_l0.05,0.05,0.83000000,0,25,1,188,0,0.07666667,0.37994038,0.16156845,0.59463212,S=0,0,0,0.00000000
1103,5_2_6,sync,filter_l0.10,0.10,0.75000000,0,15,1,188,0,0.13333333,0.56787943,0.26268527,0.87341075,S=0,0,0,0.00000000
1103,5_2_6,sync,filter_l0.20,0.20,0.65000000,0,10,1,190,0,0.24333333,0.83164796,0.38944245,1.14729067,S=0,0,0,0.00000000
1103,5_2_6,sync,filter_l0.50,0.50,0.43000000,0,7,1,199,0,0.47666667,1.31729126,0.61366272,1.51355661,S=0,0,0,0.22222222
1103,5_2_6,sync,filter_l1.00,1.00,0.23000000,0,5,0,,1,0.58333333,1.67337831,0.71234015,1.74607474,not_aligned,0,0,0.22222222
1103,5_2_6,seq_ABC,hard,,1.00000000,1,190,1,10,0,0.00000000,0.00000000,0.00000000,0.00000000,S=0,0,0,0.00000000
1103,5_2_6,seq_ABC,smooth,,0.50000000,0,13,1,196,0,0.00000000,0.80632360,0.34466183,1.83838903,S=8,0,0,0.00000000
1103,5_2_6,seq_ABC,filter_l0.00,0.00,1.00000000,1,172,1,28,0,0.00000000,0.00007131,0.00000013,0.00061370,S=0,0,0,0.00000000
1103,5_2_6,seq_ABC,filter_l0.02,0.02,0.95000000,0,31,1,188,0,0.02333333,0.15941310,0.05381353,0.32739803,S=0,0,0,0.00000000
1103,5_2_6,seq_ABC,filter_l0.05,0.05,0.83000000,0,25,1,189,0,0.08000000,0.38461659,0.16063831,0.59151355,S=0,0,0,0.00000000
1103,5_2_6,seq_ABC,filter_l0.10,0.10,0.72000000,0,15,1,189,0,0.14666667,0.61730467,0.28639185,0.87965051,S=0,0,0,0.00000000
1103,5_2_6,seq_ABC,filter_l0.20,0.20,0.62000000,0,10,1,190,0,0.26666667,0.87828164,0.42488799,1.19552392,S=0,0,0,0.00000000
1103,5_2_6,seq_ABC,filter_l0.50,0.50,0.33000000,0,5,1,199,0,0.50000000,1.33784467,0.62099905,1.52761023,S=0,0,0,0.22222222
1103,5_2_6,seq_ABC,filter_l1.00,1.00,0.30000000,0,4,0,,1,0.64000000,1.65737975,0.72593170,1.77275940,not_aligned,0,0,0.00000000
1104,5_2_6,sync,hard,,0.00000000,0,1,0,,1,0.00000000,0.00000000,0.00000000,0.00000000,not_aligned,0,0,0.22222222
1104,5_2_6,sync,smooth,,0.29000000,0,11,0,,1,0.00000000,0.80632360,0.34466183,1.83838903,not_aligned,0,0,0.22222222
1104,5_2_6,sync,filter_l0.00,0.00,1.00000000,1,177,1,23,0,0.00000000,0.00000842,0.00000000,0.00008942,S=0,0,0,0.00000000
1104,5_2_6,sync,filter_l0.02,0.02,0.90000000,0,35,1,195,0,0.05333333,0.30340808,0.11757394,0.44766488,S=0,0,0,0.00000000
1104,5_2_6,sync,filter_l0.05,0.05,0.82000000,0,26,1,199,0,0.13666667,0.46795990,0.22292850,0.70951697,S=0,0,0,0.22222222
1104,5_2_6,sync,filter_l0.10,0.10,0.77000000,0,25,1,195,0,0.23666667,0.72631557,0.36954084,0.93488444,S=0,0,0,0.00000000
1104,5_2_6,sync,filter_l0.20,0.20,0.63000000,0,15,1,196,0,0.37000000,0.96770668,0.48496114,1.17159873,S=0,0,0,0.00000000
1104,5_2_6,sync,filter_l0.50,0.50,0.46000000,0,11,1,198,0,0.52666667,1.32447364,0.62259979,1.52303378,S=0,0,0,0.00000000
1104,5_2_6,sync,filter_l1.00,1.00,0.29000000,0,7,0,,1,0.66333333,1.69263068,0.73736613,1.76623578,not_aligned,0,0,1.55555556
1104,5_2_6,seq_ABC,hard,,1.00000000,1,190,1,10,0,0.00000000,0.00000000,0.00000000,0.00000000,S=0,0,0,0.00000000
1104,5_2_6,seq_ABC,smooth,,0.36000000,0,11,0,,1,0.00000000,0.80632360,0.34466183,1.83838903,not_aligned,0,0,0.66666667
1104,5_2_6,seq_ABC,filter_l0.00,0.00,1.00000000,1,177,1,23,0,0.00000000,0.00001465,0.00000001,0.00014411,S=0,0,0,0.00000000
1104,5_2_6,seq_ABC,filter_l0.02,0.02,0.91000000,0,50,1,195,0,0.05666667,0.29791057,0.11641606,0.45636944,S=0,0,0,0.00000000
1104,5_2_6,seq_ABC,filter_l0.05,0.05,0.84000000,0,26,1,196,0,0.12666667,0.47285438,0.22235904,0.71451415,S=0,0,0,0.00000000
1104,5_2_6,seq_ABC,filter_l0.10,0.10,0.78000000,0,26,1,195,0,0.23000000,0.69801536,0.34716413,0.93610143,S=0,0,0,0.00000000
1104,5_2_6,seq_ABC,filter_l0.20,0.20,0.58000000,0,14,1,196,0,0.37666667,0.96143279,0.48047716,1.18441011,S=0,0,0,0.00000000
1104,5_2_6,seq_ABC,filter_l0.50,0.50,0.33000000,0,9,1,199,0,0.54333333,1.36059550,0.63815658,1.54122660,S=0,0,0,0.22222222
1104,5_2_6,seq_ABC,filter_l1.00,1.00,0.22000000,0,4,1,198,0,0.65333333,1.69949808,0.74007196,1.78177876,S=0,0,0,0.00000000
1105,5_2_6,sync,hard,,0.00000000,0,1,0,,1,0.00000000,0.00000000,0.00000000,0.00000000,not_aligned,0,0,0.22222222
1105,5_2_6,sync,smooth,,0.26000000,0,8,0,,1,0.00000000,0.80632360,0.34466183,1.83838903,not_aligned,0,0,0.66666667
1105,5_2_6,sync,filter_l0.00,0.00,1.00000000,1,139,1,61,0,0.00000000,0.00310090,0.00017076,0.01511649,S=0,0,0,0.00000000
1105,5_2_6,sync,filter_l0.02,0.02,0.81000000,0,24,1,199,0,0.23000000,0.56992743,0.32760710,0.57926905,S=0,0,0,0.22222222
1105,5_2_6,sync,filter_l0.05,0.05,0.67000000,0,14,1,199,0,0.34666667,0.82626709,0.45153841,0.83703896,S=0,0,0,0.22222222
1105,5_2_6,sync,filter_l0.10,0.10,0.68000000,0,14,1,199,0,0.33666667,0.88461885,0.45376235,1.03067874,S=0,0,0,0.22222222
1105,5_2_6,sync,filter_l0.20,0.20,0.37000000,0,8,1,199,0,0.44333333,1.22823614,0.57696581,1.34294685,S=0,0,0,0.22222222
1105,5_2_6,sync,filter_l0.50,0.50,0.34000000,0,6,1,199,0,0.53666667,1.44392303,0.65722398,1.58772827,S=0,0,0,0.22222222
1105,5_2_6,sync,filter_l1.00,1.00,0.20000000,0,6,0,,1,0.65666667,1.77607980,0.75020156,1.77959342,not_aligned,0,0,0.22222222
1105,5_2_6,seq_ABC,hard,,1.00000000,1,195,1,5,0,0.00000000,0.00000000,0.00000000,0.00000000,S=0,0,0,0.00000000
1105,5_2_6,seq_ABC,smooth,,0.22000000,0,9,0,,1,0.00000000,0.80632360,0.34466183,1.83838903,not_aligned,0,0,0.22222222
1105,5_2_6,seq_ABC,filter_l0.00,0.00,1.00000000,1,156,1,44,0,0.00000000,0.00310271,0.00017076,0.01513688,S=0,0,0,0.00000000
1105,5_2_6,seq_ABC,filter_l0.02,0.02,0.85000000,0,17,1,199,0,0.13333333,0.44906964,0.23311045,0.55960640,S=0,0,0,0.22222222
1105,5_2_6,seq_ABC,filter_l0.05,0.05,0.72000000,0,14,1,199,0,0.25333333,0.69876059,0.36953479,0.82371836,S=0,0,0,0.22222222
1105,5_2_6,seq_ABC,filter_l0.10,0.10,0.68000000,0,14,1,199,0,0.33000000,0.89317755,0.45703530,1.02783209,S=0,0,0,0.22222222
1105,5_2_6,seq_ABC,filter_l0.20,0.20,0.46000000,0,8,1,199,0,0.46333333,1.18362860,0.56790917,1.29567030,S=0,0,0,0.22222222
1105,5_2_6,seq_ABC,filter_l0.50,0.50,0.38000000,0,8,1,199,0,0.50000000,1.41951595,0.64671198,1.57072213,S=0,0,0,0.22222222
1105,5_2_6,seq_ABC,filter_l1.00,1.00,0.16000000,0,4,0,,1,0.66333333,1.75192053,0.76335576,1.79854234,not_aligned,0,0,0.66666667
1106,5_2_6,sync,hard,,0.00000000,0,1,0,,1,0.00000000,0.00000000,0.00000000,0.00000000,not_aligned,0,0,0.22222222
1106,5_2_6,sync,smooth,,0.63000000,0,11,1,199,0,0.00000000,0.80632360,0.34466183,1.83838903,S=0,0,0,0.22222222
1106,5_2_6,sync,filter_l0.00,0.00,1.00000000,1,156,1,44,0,0.00000000,0.00017373,0.00000087,0.00130951,S=0,0,0,0.00000000
1106,5_2_6,sync,filter_l0.02,0.02,0.87000000,0,27,1,199,0,0.05666667,0.25172040,0.10285155,0.34550540,S=0,0,0,0.22222222
1106,5_2_6,sync,filter_l0.05,0.05,0.85000000,0,25,1,198,0,0.08000000,0.37013963,0.16843708,0.60530175,S=0,0,0,0.00000000
1106,5_2_6,sync,filter_l0.10,0.10,0.75000000,0,16,1,198,0,0.15000000,0.56711364,0.27336540,0.84962702,S=0,0,0,0.00000000
1106,5_2_6,sync,filter_l0.20,0.20,0.69000000,0,14,1,199,0,0.25333333,0.78720095,0.38257576,1.10976656,S=0,0,0,0.22222222
1106,5_2_6,sync,filter_l0.50,0.50,0.57000000,0,9,1,199,0,0.38666667,1.14560048,0.53804386,1.47543622,S=0,0,0,0.22222222
1106,5_2_6,sync,filter_l1.00,1.00,0.40000000,0,5,0,,1,0.57000000,1.57948488,0.68586792,1.74990062,not_aligned,0,0,0.88888889
1106,5_2_6,seq_ABC,hard,,1.00000000,1,190,1,10,0,0.00000000,0.00000000,0.00000000,0.00000000,S=0,0,0,0.00000000
1106,5_2_6,seq_ABC,smooth,,0.63000000,0,13,1,199,0,0.00000000,0.80632360,0.34466183,1.83838903,S=0,0,0,0.22222222
1106,5_2_6,seq_ABC,filter_l0.00,0.00,1.00000000,1,158,1,42,0,0.00000000,0.00021954,0.00000112,0.00161555,S=0,0,0,0.00000000
1106,5_2_6,seq_ABC,filter_l0.02,0.02,0.88000000,0,27,1,199,0,0.04666667,0.23418180,0.09776348,0.35007789,S=0,0,0,0.22222222
1106,5_2_6,seq_ABC,filter_l0.05,0.05,0.85000000,0,25,1,199,0,0.08333333,0.37535648,0.16985536,0.60730555,S=0,0,0,0.22222222
1106,5_2_6,seq_ABC,filter_l0.10,0.10,0.80000000,0,17,1,198,0,0.15000000,0.57927414,0.27556606,0.87015157,S=0,0,0,0.00000000
1106,5_2_6,seq_ABC,filter_l0.20,0.20,0.71000000,0,17,1,198,0,0.25333333,0.79158926,0.38292093,1.11897570,S=0,0,0,0.00000000
1106,5_2_6,seq_ABC,filter_l0.50,0.50,0.56000000,0,10,1,199,0,0.39666667,1.16801066,0.54872960,1.47808501,S=0,0,0,0.22222222
1106,5_2_6,seq_ABC,filter_l1.00,1.00,0.44000000,0,4,0,,1,0.59333333,1.58616021,0.69204155,1.74774622,not_aligned,0,0,0.88888889
1107,5_2_6,sync,hard,,1.00000000,1,180,1,20,0,0.00000000,0.00000000,0.00000000,0.00000000,S=0,0,0,0.00000000
1107,5_2_6,sync,smooth,,0.22000000,0,7,0,,1,0.00000000,0.80632360,0.34466183,1.83838903,not_aligned,0,0,0.22222222
1107,5_2_6,sync,filter_l0.00,0.00,1.00000000,1,164,1,36,0,0.00000000,0.00137301,0.00004224,0.00754373,S=0,0,0,0.00000000
1107,5_2_6,sync,filter_l0.02,0.02,0.80000000,0,20,1,197,0,0.16000000,0.54906676,0.25459464,0.63322027,S=0,0,0,0.00000000
1107,5_2_6,sync,filter_l0.05,0.05,0.67000000,0,15,1,199,0,0.30333333,0.88231004,0.40896027,0.91399257,S=0,0,0,0.22222222
1107,5_2_6,sync,filter_l0.10,0.10,0.50000000,0,17,1,199,0,0.44333333,1.15357000,0.56156444,1.14788779,S=0,0,0,0.22222222
1107,5_2_6,sync,filter_l0.20,0.20,0.37000000,0,18,1,199,0,0.52333333,1.36782436,0.63526158,1.35973168,S=0,0,0,0.22222222
1107,5_2_6,sync,filter_l0.50,0.50,0.22000000,0,7,0,,1,0.59666667,1.55889477,0.69287062,1.61833762,not_aligned,0,0,0.22222222
1107,5_2_6,sync,filter_l1.00,1.00,0.04000000,0,5,0,,1,0.73666667,1.96226941,0.83778568,1.83545957,not_aligned,0,0,0.22222222
1107,5_2_6,seq_ABC,hard,,1.00000000,1,194,1,6,0,0.00000000,0.00000000,0.00000000,0.00000000,S=0,0,0,0.00000000
1107,5_2_6,seq_ABC,smooth,,0.41000000,0,12,0,,1,0.00000000,0.80632360,0.34466183,1.83838903,not_aligned,0,0,0.88888889
1107,5_2_6,seq_ABC,filter_l0.00,0.00,1.00000000,1,162,1,38,0,0.00000000,0.00138124,0.00004225,0.00761754,S=0,0,0,0.00000000
1107,5_2_6,seq_ABC,filter_l0.02,0.02,0.75000000,0,20,1,199,0,0.17000000,0.61811466,0.29123245,0.66122412,S=0,0,0,0.22222222
1107,5_2_6,seq_ABC,filter_l0.05,0.05,0.68000000,0,15,1,199,0,0.30666667,0.89693519,0.42429868,0.90471553,S=0,0,0,0.22222222
1107,5_2_6,seq_ABC,filter_l0.10,0.10,0.52000000,0,17,1,198,0,0.41666667,1.14309384,0.55182016,1.12869900,S=0,0,0,0.00000000
1107,5_2_6,seq_ABC,filter_l0.20,0.20,0.39000000,0,20,0,,1,0.49000000,1.30475263,0.60804022,1.34913523,not_aligned,0,0,0.22222222
1107,5_2_6,seq_ABC,filter_l0.50,0.50,0.27000000,0,6,1,199,0,0.60333333,1.56184880,0.70206683,1.62186476,S=0,0,0,0.22222222
1107,5_2_6,seq_ABC,filter_l1.00,1.00,0.14000000,0,4,0,,1,0.68333333,1.87143054,0.79574175,1.80922080,not_aligned,0,0,0.66666667
1108,5_2_6,sync,hard,,0.00000000,0,1,0,,1,0.00000000,0.00000000,0.00000000,0.00000000,not_aligned,0,0,0.22222222
1108,5_2_6,sync,smooth,,0.17000000,0,13,0,,1,0.00000000,0.80632360,0.34466183,1.83838903,not_aligned,0,0,0.22222222
1108,5_2_6,sync,filter_l0.00,0.00,1.00000000,1,124,1,76,0,0.00000000,0.00001502,0.00000000,0.00016029,S=0,0,0,0.00000000
1108,5_2_6,sync,filter_l0.02,0.02,0.90000000,0,41,1,197,0,0.08000000,0.27415224,0.12341419,0.41082696,S=0,0,0,0.00000000
1108,5_2_6,sync,filter_l0.05,0.05,0.77000000,0,16,1,197,0,0.19000000,0.55413778,0.28456083,0.65694940,S=0,0,0,0.00000000
1108,5_2_6,sync,filter_l0.10,0.10,0.71000000,0,16,1,197,0,0.27000000,0.72870181,0.37035825,0.90488670,S=0,0,0,0.00000000
1108,5_2_6,sync,filter_l0.20,0.20,0.58000000,0,7,1,197,0,0.40333333,1.00628565,0.50083318,1.19849271,S=0,0,0,0.00000000
1108,5_2_6,sync,filter_l0.50,0.50,0.36000000,0,8,1,197,0,0.52333333,1.33894841,0.63586279,1.53427043,S=0,0,0,0.00000000
1108,5_2_6,sync,filter_l1.00,1.00,0.31000000,0,4,0,,1,0.66333333,1.69066647,0.74506609,1.77915359,not_aligned,0,0,0.00000000
1108,5_2_6,seq_ABC,hard,,1.00000000,1,189,1,11,0,0.00000000,0.00000000,0.00000000,0.00000000,S=0,0,0,0.00000000
1108,5_2_6,seq_ABC,smooth,,0.39000000,0,15,1,194,0,0.00000000,0.80632360,0.34466183,1.83838903,S=0,0,0,0.00000000
1108,5_2_6,seq_ABC,filter_l0.00,0.00,1.00000000,1,119,1,81,0,0.00000000,0.00009303,0.00000012,0.00080529,S=0,0,0,0.00000000
1108,5_2_6,seq_ABC,filter_l0.02,0.02,0.92000000,0,48,1,197,0,0.06666667,0.24259689,0.10791658,0.40673017,S=0,0,0,0.00000000
1108,5_2_6,seq_ABC,filter_l0.05,0.05,0.78000000,0,16,1,197,0,0.18333333,0.53751904,0.27419588,0.65634479,S=0,0,0,0.00000000
1108,5_2_6,seq_ABC,filter_l0.10,0.10,0.72000000,0,12,1,197,0,0.27333333,0.73571433,0.38032301,0.90619079,S=0,0,0,0.00000000
1108,5_2_6,seq_ABC,filter_l0.20,0.20,0.58000000,0,11,1,197,0,0.37333333,0.94000667,0.46672854,1.19360517,S=0,0,0,0.00000000
1108,5_2_6,seq_ABC,filter_l0.50,0.50,0.24000000,0,7,1,199,0,0.55666667,1.38862117,0.65862010,1.55555119,S=0,0,0,0.22222222
1108,5_2_6,seq_ABC,filter_l1.00,1.00,0.22000000,0,5,1,197,0,0.66000000,1.70152017,0.74182038,1.77595260,S=0,0,0,0.00000000
1109,5_2_6,sync,hard,,0.00000000,0,58,0,,1,0.00000000,0.00000000,0.00000000,0.00000000,not_aligned,0,0,0.22222222
1109,5_2_6,sync,smooth,,0.12000000,0,17,0,,1,0.00000000,0.80632360,0.34466183,1.83838903,not_aligned,0,0,4.66666667
1109,5_2_6,sync,filter_l0.00,0.00,0.04000000,0,2,0,,1,0.80000000,10.94429349,1.46791051,0.17621307,not_aligned,0,0,0.22222222
1109,5_2_6,sync,filter_l0.02,0.02,0.88000000,0,32,0,,1,0.08333333,0.33303947,0.15105043,0.48572008,not_aligned,0,0,0.00000000
1109,5_2_6,sync,filter_l0.05,0.05,0.78000000,0,29,1,199,0,0.17000000,0.57035769,0.27435798,0.78355140,S=8,0,0,0.22222222
1109,5_2_6,sync,filter_l0.10,0.10,0.59000000,0,22,0,,1,0.37666667,0.93161890,0.47773017,1.07813649,not_aligned,0,0,0.22222222
1109,5_2_6,sync,filter_l0.20,0.20,0.51000000,0,16,1,199,0,0.42000000,1.09738001,0.54011979,1.27550572,S=8,0,0,0.22222222
1109,5_2_6,sync,filter_l0.50,0.50,0.32000000,0,8,0,,1,0.52333333,1.45094144,0.66597325,1.58276316,not_aligned,0,0,0.88888889
1109,5_2_6,sync,filter_l1.00,1.00,0.20000000,0,5,0,,1,0.62333333,1.72001164,0.74035866,1.78592430,not_aligned,0,0,0.88888889
1109,5_2_6,seq_ABC,hard,,1.00000000,1,188,1,12,0,0.00000000,0.00000000,0.00000000,0.00000000,S=0,0,0,0.00000000
1109,5_2_6,seq_ABC,smooth,,0.57000000,0,14,1,194,0,0.00000000,0.80632360,0.34466183,1.83838903,S=0,0,0,0.00000000
1109,5_2_6,seq_ABC,filter_l0.00,0.00,0.28000000,0,24,1,199,0,0.42666667,4.48440956,0.85448419,0.02906224,S=8,0,0,0.22222222
1109,5_2_6,seq_ABC,filter_l0.02,0.02,0.88000000,0,34,0,,1,0.08333333,0.33650298,0.15037593,0.48328009,not_aligned,0,0,0.00000000
1109,5_2_6,seq_ABC,filter_l0.05,0.05,0.74000000,0,26,1,184,0,0.22333333,0.66915172,0.33355282,0.81984570,S=8,0,0,0.00000000
1109,5_2_6,seq_ABC,filter_l0.10,0.10,0.63000000,0,36,0,,1,0.33000000,0.89451211,0.45666125,1.07395512,not_aligned,0,0,0.22222222
1109,5_2_6,seq_ABC,filter_l0.20,0.20,0.64000000,0,17,0,,1,0.39333333,1.02291048,0.50557566,1.26533733,not_aligned,0,0,0.22222222
1109,5_2_6,seq_ABC,filter_l0.50,0.50,0.41000000,0,6,0,,1,0.53333333,1.43224873,0.66203350,1.56766617,not_aligned,0,0,0.22222222
1109,5_2_6,seq_ABC,filter_l1.00,1.00,0.19000000,0,6,0,,1,0.64666667,1.76722960,0.75822917,1.80286648,not_aligned,0,0,0.66666667
1110,5_2_6,sync,hard,,0.00000000,0,1,0,,1,0.00000000,0.00000000,0.00000000,0.00000000,not_aligned,0,0,0.22222222
1110,5_2_6,sync,smooth,,0.38000000,0,13,1,198,0,0.00000000,0.80632360,0.34466183,1.83838903,S=0,0,0,0.00000000
1110,5_2_6,sync,filter_l0.00,0.00,1.00000000,1,111,1,89,0,0.00000000,0.02178438,0.00420632,0.07135735,S=0,0,0,0.00000000
1110,5_2_6,sync,filter_l0.02,0.02,0.92000000,0,38,1,198,0,0.03333333,0.23217128,0.08837583,0.43533973,S=0,0,0,0.00000000
1110,5_2_6,sync,filter_l0.05,0.05,0.88000000,0,22,1,198,0,0.10000000,0.41894185,0.19098394,0.72188193,S=0,0,0,0.00000000
1110,5_2_6,sync,filter_l0.10,0.10,0.77000000,0,17,1,198,0,0.21000000,0.71499364,0.34641180,0.98068777,S=0,0,0,0.00000000
1110,5_2_6,sync,filter_l0.20,0.20,0.74000000,0,14,1,198,0,0.27000000,0.93759117,0.45055357,1.21331346,S=0,0,0,0.00000000
1110,5_2_6,sync,filter_l0.50,0.50,0.42000000,0,8,0,,1,0.48333333,1.34602225,0.61899967,1.54735202,not_aligned,0,0,0.22222222
1110,5_2_6,sync,filter_l1.00,1.00,0.22000000,0,6,0,,1,0.68333333,1.74721036,0.75035592,1.78265565,not_aligned,0,0,0.22222222
1110,5_2_6,seq_ABC,hard,,1.00000000,1,190,1,10,0,0.00000000,0.00000000,0.00000000,0.00000000,S=0,0,0,0.00000000
1110,5_2_6,seq_ABC,smooth,,0.65000000,0,19,1,199,0,0.00000000,0.80632360,0.34466183,1.83838903,S=0,0,0,0.22222222
1110,5_2_6,seq_ABC,filter_l0.00,0.00,1.00000000,1,157,1,43,0,0.00000000,0.01435591,0.00250161,0.04937760,S=0,0,0,0.00000000
1110,5_2_6,seq_ABC,filter_l0.02,0.02,0.93000000,0,38,1,198,0,0.03000000,0.21432934,0.07934576,0.43104582,S=0,0,0,0.00000000
1110,5_2_6,seq_ABC,filter_l0.05,0.05,0.89000000,0,22,1,198,0,0.08666667,0.41339618,0.18308217,0.71153556,S=0,0,0,0.00000000
1110,5_2_6,seq_ABC,filter_l0.10,0.10,0.76000000,0,17,1,198,0,0.23000000,0.74490189,0.36063352,0.99007163,S=0,0,0,0.00000000
1110,5_2_6,seq_ABC,filter_l0.20,0.20,0.77000000,0,14,1,198,0,0.27000000,0.92981509,0.44173649,1.21201007,S=0,0,0,0.00000000
1110,5_2_6,seq_ABC,filter_l0.50,0.50,0.39000000,0,6,0,,1,0.51666667,1.37688285,0.63579868,1.56433707,not_aligned,0,0,0.22222222
1110,5_2_6,seq_ABC,filter_l1.00,1.00,0.21000000,0,3,0,,1,0.67333333,1.73028068,0.74215971,1.77670216,not_aligned,0,0,0.22222222
1111,5_2_6,sync,hard,,0.00000000,0,1,0,,1,0.00000000,0.00000000,0.00000000,0.00000000,not_aligned,0,0,0.22222222
1111,5_2_6,sync,smooth,,0.38000000,0,13,0,,1,0.00000000,0.80632360,0.34466183,1.83838903,not_aligned,0,0,0.22222222
1111,5_2_6,sync,filter_l0.00,0.00,1.00000000,1,132,1,68,0,0.00333333,0.02007307,0.00998383,0.03873335,S=0,0,0,0.00000000
1111,5_2_6,sync,filter_l0.02,0.02,0.87000000,0,40,0,,1,0.04000000,0.22801187,0.09397933,0.34968023,not_aligned,0,0,0.22222222
1111,5_2_6,sync,filter_l0.05,0.05,0.80000000,0,22,0,,1,0.08333333,0.41375363,0.19015914,0.59187431,not_aligned,0,0,0.22222222
1111,5_2_6,sync,filter_l0.10,0.10,0.80000000,0,20,0,,1,0.15666667,0.53117958,0.26157380,0.82122106,not_aligned,0,0,0.22222222
1111,5_2_6,sync,filter_l0.20,0.20,0.61000000,0,15,0,,1,0.31000000,0.84908174,0.43857198,1.10461902,not_aligned,0,0,0.22222222
1111,5_2_6,sync,filter_l0.50,0.50,0.41000000,0,10,0,,1,0.44333333,1.20037583,0.57630056,1.46210967,not_aligned,0,0,0.00000000
1111,5_2_6,sync,filter_l1.00,1.00,0.31000000,0,10,0,,1,0.62333333,1.57352626,0.69937541,1.74388238,not_aligned,0,0,0.22222222
1111,5_2_6,seq_ABC,hard,,1.00000000,1,188,1,12,0,0.00000000,0.00000000,0.00000000,0.00000000,S=0,0,0,0.00000000
1111,5_2_6,seq_ABC,smooth,,0.14000000,0,8,0,,1,0.00000000,0.80632360,0.34466183,1.83838903,not_aligned,0,0,2.88888889
1111,5_2_6,seq_ABC,filter_l0.00,0.00,1.00000000,1,132,1,68,0,0.00000000,0.00313171,0.00040115,0.01217832,S=0,0,0,0.00000000
1111,5_2_6,seq_ABC,filter_l0.02,0.02,0.87000000,0,34,0,,1,0.04000000,0.24481996,0.09499863,0.34830312,not_aligned,0,0,0.22222222
1111,5_2_6,seq_ABC,filter_l0.05,0.05,0.82000000,0,22,1,196,0,0.07666667,0.40120277,0.18305288,0.59611284,S=0,0,0,0.00000000
1111,5_2_6,seq_ABC,filter_l0.10,0.10,0.83000000,0,19,1,196,0,0.15333333,0.52736030,0.25809837,0.82099716,S=0,0,0,0.00000000
1111,5_2_6,seq_ABC,filter_l0.20,0.20,0.60000000,0,12,1,196,0,0.31000000,0.86697297,0.44245056,1.10258773,S=0,0,0,0.00000000
1111,5_2_6,seq_ABC,filter_l0.50,0.50,0.52000000,0,9,0,,1,0.48000000,1.19572957,0.58171430,1.46095311,not_aligned,0,0,0.22222222
1111,5_2_6,seq_ABC,filter_l1.00,1.00,0.34000000,0,8,0,,1,0.62666667,1.58335369,0.70533745,1.74948112,not_aligned,0,0,0.22222222
1112,5_2_6,sync,hard,,0.00000000,0,1,0,,1,0.00000000,0.00000000,0.00000000,0.00000000,not_aligned,0,0,0.22222222
1112,5_2_6,sync,smooth,,0.48000000,0,13,0,,1,0.00000000,0.80632360,0.34466183,1.83838903,not_aligned,0,0,0.22222222
1112,5_2_6,sync,filter_l0.00,0.00,1.00000000,1,146,1,54,0,0.00000000,0.00320730,0.00020967,0.01505687,S=0,0,0,0.00000000
1112,5_2_6,sync,filter_l0.02,0.02,0.82000000,0,45,1,182,0,0.07000000,0.35474387,0.15601339,0.47487986,S=0,0,0,0.00000000
1112,5_2_6,sync,filter_l0.05,0.05,0.80000000,0,35,1,184,0,0.12333333,0.48323284,0.23479001,0.73346926,S=0,0,0,0.00000000
1112,5_2_6,sync,filter_l0.10,0.10,0.63000000,0,39,1,185,0,0.32000000,0.81601352,0.42012850,1.02788351,S=0,0,0,0.00000000
1112,5_2_6,sync,filter_l0.20,0.20,0.61000000,0,13,1,199,0,0.37333333,1.00787345,0.48528752,1.25456282,S=0,0,0,0.22222222
1112,5_2_6,sync,filter_l0.50,0.50,0.41000000,0,7,1,199,0,0.52333333,1.40615193,0.62940806,1.58418131,S=0,0,0,0.22222222
1112,5_2_6,sync,filter_l1.00,1.00,0.21000000,0,7,0,,1,0.65666667,1.72986302,0.73997528,1.78253766,not_aligned,0,0,0.66666667
1112,5_2_6,seq_ABC,hard,,1.00000000,1,190,1,10,0,0.00000000,0.00000000,0.00000000,0.00000000,S=0,0,0,0.00000000
1112,5_2_6,seq_ABC,smooth,,0.32000000,0,14,0,,1,0.00000000,0.80632360,0.34466183,1.83838903,not_aligned,0,0,0.66666667
1112,5_2_6,seq_ABC,filter_l0.00,0.00,1.00000000,1,146,1,54,0,0.00000000,0.00329426,0.00021018,0.01566712,S=0,0,0,0.00000000
1112,5_2_6,seq_ABC,filter_l0.02,0.02,0.83000000,0,45,1,182,0,0.06666667,0.34468276,0.15029911,0.46487574,S=0,0,0,0.00000000
1112,5_2_6,seq_ABC,filter_l0.05,0.05,0.76000000,0,35,1,184,0,0.13333333,0.49802725,0.24162777,0.76378757,S=0,0,0,0.00000000
1112,5_2_6,seq_ABC,filter_l0.10,0.10,0.71000000,0,39,1,188,0,0.24333333,0.71370008,0.35788317,1.02131116,S=0,0,0,0.00000000
1112,5_2_6,seq_ABC,filter_l0.20,0.20,0.63000000,0,13,1,197,0,0.36666667,0.99178057,0.47735626,1.25645399,S=0,0,0,0.00000000
1112,5_2_6,seq_ABC,filter_l0.50,0.50,0.30000000,0,7,1,198,0,0.57333333,1.57300672,0.70340435,1.69198912,S=0,0,0,0.00000000
1112,5_2_6,seq_ABC,filter_l1.00,1.00,0.25000000,0,7,1,199,0,0.67000000,1.74536010,0.74691036,1.78603140,other_aligned,0,0,0.88888889
1113,5_2_6,sync,hard,,0.00000000,0,1,0,,1,0.00000000,0.00000000,0.00000000,0.00000000,not_aligned,0,0,0.22222222
1113,5_2_6,sync,smooth,,0.16000000,0,9,0,,1,0.00000000,0.80632360,0.34466183,1.83838903,not_aligned,0,0,0.88888889
1113,5_2_6,sync,filter_l0.00,0.00,1.00000000,1,167,1,33,0,0.00000000,0.00101947,0.00001786,0.00632612,S=0,0,0,0.00000000
1113,5_2_6,sync,filter_l0.02,0.02,0.87000000,0,34,1,196,0,0.06333333,0.31520292,0.13848863,0.50204169,S=0,0,0,0.00000000
1113,5_2_6,sync,filter_l0.05,0.05,0.81000000,0,13,1,199,0,0.16333333,0.52202877,0.25358854,0.80042160,S=0,0,0,0.22222222
1113,5_2_6,sync,filter_l0.10,0.10,0.68000000,0,12,0,,1,0.25666667,0.78291706,0.38778778,1.04369168,not_aligned,0,0,0.22222222
1113,5_2_6,sync,filter_l0.20,0.20,0.61000000,0,8,0,,1,0.37000000,1.03011925,0.50001752,1.28851334,not_aligned,0,0,2.00000000
1113,5_2_6,sync,filter_l0.50,0.50,0.41000000,0,8,0,,1,0.53333333,1.41096131,0.65573089,1.57672584,not_aligned,0,0,0.66666667
1113,5_2_6,sync,filter_l1.00,1.00,0.23000000,0,6,0,,1,0.63666667,1.72366242,0.73296942,1.77482982,not_aligned,0,0,0.66666667
1113,5_2_6,seq_ABC,hard,,1.00000000,1,195,1,5,0,0.00000000,0.00000000,0.00000000,0.00000000,S=0,0,0,0.00000000
1113,5_2_6,seq_ABC,smooth,,0.23000000,0,9,0,,1,0.00000000,0.80632360,0.34466183,1.83838903,not_aligned,0,0,1.55555556
1113,5_2_6,seq_ABC,filter_l0.00,0.00,0.83000000,1,83,1,117,0,0.07666667,0.84749822,0.15136631,0.00461766,other_aligned,0,0,0.00000000
1113,5_2_6,seq_ABC,filter_l0.02,0.02,0.64000000,0,17,1,192,0,0.34000000,0.77308117,0.43791877,0.58482542,S=8,0,0,0.00000000
1113,5_2_6,seq_ABC,filter_l0.05,0.05,0.83000000,0,12,0,,1,0.06666667,0.33164631,0.14665770,0.52978507,not_aligned,0,0,0.00000000
1113,5_2_6,seq_ABC,filter_l0.10,0.10,0.70000000,0,22,1,199,0,0.25666667,0.76973390,0.39298958,1.05053516,S=0,0,0,0.22222222
1113,5_2_6,seq_ABC,filter_l0.20,0.20,0.64000000,0,12,1,199,0,0.35666667,1.01130924,0.50861164,1.28311278,S=0,0,0,0.22222222
1113,5_2_6,seq_ABC,filter_l0.50,0.50,0.34000000,0,7,0,,1,0.55333333,1.46399523,0.67175023,1.60745461,not_aligned,0,0,0.88888889
1113,5_2_6,seq_ABC,filter_l1.00,1.00,0.24000000,0,5,0,,1,0.66333333,1.75933354,0.74975582,1.77543629,not_aligned,0,0,0.66666667
1114,5_2_6,sync,hard,,0.00000000,0,1,0,,1,0.00000000,0.00000000,0.00000000,0.00000000,not_aligned,0,0,0.22222222
1114,5_2_6,sync,smooth,,0.48000000,0,17,0,,1,0.00000000,0.80632360,0.34466183,1.83838903,not_aligned,0,0,1.55555556
1114,5_2_6,sync,filter_l0.00,0.00,1.00000000,1,126,1,74,0,0.20666667,0.29434659,0.21965978,0.21094619,S=0,0,0,0.00000000
1114,5_2_6,sync,filter_l0.02,0.02,0.91000000,0,23,1,195,0,0.03333333,0.22887763,0.08925347,0.41763315,S=0,0,0,0.00000000
1114,5_2_6,sync,filter_l0.05,0.05,0.87000000,0,23,1,195,0,0.07666667,0.39167450,0.18350505,0.68360727,S=0,0,0,0.00000000
1114,5_2_6,sync,filter_l0.10,0.10,0.81000000,0,18,1,191,0,0.18666667,0.59837375,0.30417980,0.92178232,S=0,0,0,0.00000000
1114,5_2_6,sync,filter_l0.20,0.20,0.64000000,0,9,0,,1,0.35000000,0.91180930,0.47583526,1.17680827,not_aligned,0,0,0.22222222
1114,5_2_6,sync,filter_l0.50,0.50,0.40000000,0,7,0,,1,0.51333333,1.27835194,0.61207960,1.52184407,not_aligned,0,0,0.22222222
1114,5_2_6,sync,filter_l1.00,1.00,0.25000000,0,4,1,196,0,0.64666667,1.63712523,0.72179726,1.76389144,S=0,0,0,0.00000000
1114,5_2_6,seq_ABC,hard,,1.00000000,1,188,1,12,0,0.00000000,0.00000000,0.00000000,0.00000000,S=0,0,0,0.00000000
1114,5_2_6,seq_ABC,smooth,,0.40000000,0,15,0,,1,0.00000000,0.80632360,0.34466183,1.83838903,not_aligned,0,0,0.22222222
1114,5_2_6,seq_ABC,filter_l0.00,0.00,0.14000000,0,4,1,198,0,0.78666667,5.89369376,1.37970018,0.18176342,S=0,0,0,0.00000000
1114,5_2_6,seq_ABC,filter_l0.02,0.02,0.88000000,0,22,1,195,0,0.04333333,0.27114212,0.10958869,0.42831538,S=0,0,0,0.00000000
1114,5_2_6,seq_ABC,filter_l0.05,0.05,0.92000000,0,23,1,181,0,0.05000000,0.34161218,0.15113410,0.66842569,S=0,0,0,0.00000000
1114,5_2_6,seq_ABC,filter_l0.10,0.10,0.77000000,0,19,1,199,0,0.22333333,0.65310410,0.33624780,0.92369336,S=0,0,0,0.22222222
1114,5_2_6,seq_ABC,filter_l0.20,0.20,0.59000000,0,9,0,,1,0.35000000,0.91967415,0.47554998,1.19947804,not_aligned,0,0,0.22222222
1114,5_2_6,seq_ABC,filter_l0.50,0.50,0.42000000,0,9,0,,1,0.52000000,1.28666239,0.61939179,1.52440108,not_aligned,0,0,0.22222222
1114,5_2_6,seq_ABC,filter_l1.00,1.00,0.30000000,0,5,0,,1,0.62000000,1.62849404,0.71555659,1.76533650,not_aligned,0,0,0.22222222
1115,5_2_6,sync,hard,,0.00000000,0,1,0,,1,0.00000000,0.00000000,0.00000000,0.00000000,not_aligned,0,0,0.22222222
1115,5_2_6,sync,smooth,,0.25000000,0,11,0,,1,0.00000000,0.80632360,0.34466183,1.83838903,not_aligned,0,0,0.22222222
1115,5_2_6,sync,filter_l0.00,0.00,1.00000000,1,163,1,37,0,0.00000000,0.00552223,0.00155216,0.01750603,S=0,0,0,0.00000000
1115,5_2_6,sync,filter_l0.02,0.02,0.92000000,0,23,1,198,0,0.02666667,0.18436323,0.06978509,0.36510628,S=0,0,0,0.00000000
1115,5_2_6,sync,filter_l0.05,0.05,0.89000000,0,23,1,198,0,0.05666667,0.31224804,0.13684975,0.62548482,S=0,0,0,0.00000000
1115,5_2_6,sync,filter_l0.10,0.10,0.85000000,0,37,1,198,0,0.12666667,0.51367365,0.24393972,0.89009379,S=0,0,0,0.00000000
1115,5_2_6,sync,filter_l0.20,0.20,0.65000000,0,10,0,,1,0.31000000,0.87151366,0.43851655,1.16359368,not_aligned,0,0,0.22222222
1115,5_2_6,sync,filter_l0.50,0.50,0.43000000,0,6,0,,1,0.49666667,1.30216774,0.61894659,1.51692694,not_aligned,0,0,0.00000000
1115,5_2_6,sync,filter_l1.00,1.00,0.24000000,0,6,0,,1,0.63333333,1.64046868,0.72044801,1.75836931,not_aligned,0,0,0.22222222
1115,5_2_6,seq_ABC,hard,,1.00000000,1,185,1,15,0,0.00000000,0.00000000,0.00000000,0.00000000,S=0,0,0,0.00000000
1115,5_2_6,seq_ABC,smooth,,0.28000000,0,13,1,198,0,0.00000000,0.80632360,0.34466183,1.83838903,S=0,0,0,0.00000000
1115,5_2_6,seq_ABC,filter_l0.00,0.00,1.00000000,1,102,1,98,0,0.01333333,0.03261174,0.01701443,0.06289195,S=0,0,0,0.00000000
1115,5_2_6,seq_ABC,filter_l0.02,0.02,0.93000000,0,35,1,198,0,0.02333333,0.17594148,0.06479263,0.36472711,S=0,0,0,0.00000000
1115,5_2_6,seq_ABC,filter_l0.05,0.05,0.89000000,0,23,1,198,0,0.05666667,0.32322195,0.14253115,0.63154292,S=0,0,0,0.00000000
1115,5_2_6,seq_ABC,filter_l0.10,0.10,0.85000000,0,37,1,198,0,0.13333333,0.52501299,0.25153250,0.89526265,S=0,0,0,0.00000000
1115,5_2_6,seq_ABC,filter_l0.20,0.20,0.65000000,0,11,0,,1,0.31000000,0.88165207,0.44333413,1.17416681,not_aligned,0,0,0.22222222
1115,5_2_6,seq_ABC,filter_l0.50,0.50,0.43000000,0,5,0,,1,0.55333333,1.33505282,0.64370774,1.51965600,not_aligned,0,0,0.22222222
1115,5_2_6,seq_ABC,filter_l1.00,1.00,0.15000000,0,3,0,,1,0.61000000,1.74442132,0.73587330,1.76734374,not_aligned,0,0,0.00000000
1116,5_2_6,sync,hard,,1.00000000,1,180,1,20,0,0.00000000,0.00000000,0.00000000,0.00000000,S=0,0,0,0.00000000
1116,5_2_6,sync,smooth,,0.69000000,0,17,0,,1,0.00000000,0.80632360,0.34466183,1.83838903,not_aligned,0,0,0.88888889
1116,5_2_6,sync,filter_l0.00,0.00,1.00000000,1,137,1,63,0,0.00333333,0.05532198,0.02572254,0.10833368,S=0,0,0,0.00000000
1116,5_2_6,sync,filter_l0.02,0.02,0.84000000,0,28,1,196,0,0.21000000,0.68180865,0.35619079,0.47225666,S=0,0,0,0.00000000
1116,5_2_6,sync,filter_l0.05,0.05,0.78000000,0,25,1,196,0,0.25333333,0.71081076,0.37636812,0.72060112,S=0,0,0,0.00000000
1116,5_2_6,sync,filter_l0.10,0.10,0.63000000,0,14,1,196,0,0.33000000,0.89712851,0.44882277,0.95904539,S=0,0,0,0.00000000
1116,5_2_6,sync,filter_l0.20,0.20,0.57000000,0,12,1,196,0,0.42000000,1.11290131,0.53295642,1.22409217,S=0,0,0,0.00000000
1116,5_2_6,sync,filter_l0.50,0.50,0.38000000,0,6,0,,1,0.55333333,1.44945910,0.65614301,1.55711508,not_aligned,0,0,0.00000000
1116,5_2_6,sync,filter_l1.00,1.00,0.16000000,0,5,0,,1,0.65333333,1.76218924,0.75666693,1.78254945,not_aligned,0,0,0.22222222
1116,5_2_6,seq_ABC,hard,,1.00000000,1,194,1,6,0,0.00000000,0.00000000,0.00000000,0.00000000,S=0,0,0,0.00000000
1116,5_2_6,seq_ABC,smooth,,0.56000000,0,15,0,,1,0.00000000,0.80632360,0.34466183,1.83838903,not_aligned,0,0,6.22222222
1116,5_2_6,seq_ABC,filter_l0.00,0.00,1.00000000,1,133,1,67,0,0.00000000,0.02224796,0.00555232,0.06508030,S=0,0,0,0.00000000
1116,5_2_6,seq_ABC,filter_l0.02,0.02,0.84000000,0,28,1,196,0,0.20666667,0.57212362,0.32063396,0.49435983,S=0,0,0,0.00000000
1116,5_2_6,seq_ABC,filter_l0.05,0.05,0.79000000,0,25,1,196,0,0.23666667,0.69149072,0.36390711,0.71419300,S=0,0,0,0.00000000
1116,5_2_6,seq_ABC,filter_l0.10,0.10,0.58000000,0,14,1,196,0,0.35333333,0.95123182,0.46696084,0.98799216,S=0,0,0,0.00000000
1116,5_2_6,seq_ABC,filter_l0.20,0.20,0.56000000,0,12,1,196,0,0.40000000,1.08650222,0.52346980,1.22729856,S=0,0,0,0.00000000
1116,5_2_6,seq_ABC,filter_l0.50,0.50,0.38000000,0,10,0,,1,0.55000000,1.42811386,0.65326574,1.55357090,not_aligned,0,0,0.00000000
1116,5_2_6,seq_ABC,filter_l1.00,1.00,0.25000000,0,5,1,196,0,0.64000000,1.73427887,0.74479831,1.77673690,S=0,0,0,0.00000000
1117,5_2_6,sync,hard,,0.00000000,0,1,0,,1,0.00000000,0.00000000,0.00000000,0.00000000,not_aligned,0,0,0.22222222
1117,5_2_6,sync,smooth,,0.26000000,0,15,1,196,0,0.00000000,0.80632360,0.34466183,1.83838903,S=8,0,0,0.00000000
1117,5_2_6,sync,filter_l0.00,0.00,1.00000000,1,131,1,69,0,0.06333333,0.12438897,0.08510350,0.09318804,S=0,0,0,0.00000000
1117,5_2_6,sync,filter_l0.02,0.02,0.77000000,0,22,1,194,0,0.15000000,0.51902562,0.23925192,0.54996107,S=0,0,0,0.00000000
1117,5_2_6,sync,filter_l0.05,0.05,0.64000000,0,14,0,,1,0.26000000,0.76418948,0.36096280,0.83920630,not_aligned,0,0,0.00000000
1117,5_2_6,sync,filter_l0.10,0.10,0.56000000,0,14,0,,1,0.36000000,1.00023772,0.46207221,1.08545487,not_aligned,0,0,1.55555556
1117,5_2_6,sync,filter_l0.20,0.20,0.52000000,0,12,1,198,0,0.40333333,1.14894902,0.51764952,1.28810772,S=0,0,0,0.00000000
1117,5_2_6,sync,filter_l0.50,0.50,0.10000000,0,8,0,,1,0.64666667,1.75259391,0.77033800,1.75727971,not_aligned,0,0,1.55555556
1117,5_2_6,sync,filter_l1.00,1.00,0.20000000,0,5,0,,1,0.64000000,1.70958415,0.75041336,1.77999138,not_aligned,0,0,0.66666667
1117,5_2_6,seq_ABC,hard,,0.00000000,0,1,0,,1,0.00000000,0.00000000,0.00000000,0.00000000,not_aligned,0,0,0.22222222
1117,5_2_6,seq_ABC,smooth,,0.37000000,0,13,1,198,0,0.00000000,0.80632360,0.34466183,1.83838903,S=0,0,0,0.00000000
1117,5_2_6,seq_ABC,filter_l0.00,0.00,0.15000000,0,2,0,,1,0.56333333,4.51223690,0.84126279,0.37780820,not_aligned,0,0,0.66666667
1117,5_2_6,seq_ABC,filter_l0.02,0.02,0.75000000,0,22,1,198,0,0.14000000,0.48965402,0.22614584,0.54796534,S=0,0,0,0.00000000
1117,5_2_6,seq_ABC,filter_l0.05,0.05,0.66000000,0,14,0,,1,0.25333333,0.74210346,0.34842140,0.85624418,not_aligned,0,0,0.00000000
1117,5_2_6,seq_ABC,filter_l0.10,0.10,0.58000000,0,13,1,199,0,0.35000000,0.94856411,0.44777467,1.08526791,S=0,0,0,0.22222222
1117,5_2_6,seq_ABC,filter_l0.20,0.20,0.47000000,0,12,0,,1,0.44666667,1.22525726,0.55152278,1.32216663,not_aligned,0,0,0.22222222
1117,5_2_6,seq_ABC,filter_l0.50,0.50,0.29000000,0,8,0,,1,0.53333333,1.50174280,0.66766702,1.60170583,not_aligned,0,0,0.88888889
1117,5_2_6,seq_ABC,filter_l1.00,1.00,0.19000000,0,4,0,,1,0.64666667,1.74165037,0.75596427,1.79618150,not_aligned,0,0,0.22222222
1118,5_2_6,sync,hard,,0.00000000,0,1,0,,1,0.00000000,0.00000000,0.00000000,0.00000000,not_aligned,0,0,0.22222222
1118,5_2_6,sync,smooth,,0.50000000,0,10,0,,1,0.00000000,0.80632360,0.34466183,1.83838903,not_aligned,0,0,0.66666667
1118,5_2_6,sync,filter_l0.00,0.00,0.21000000,0,4,0,,1,0.50666667,2.79093226,0.87440059,0.18279713,not_aligned,0,0,0.22222222
1118,5_2_6,sync,filter_l0.02,0.02,0.89000000,0,17,1,199,0,0.09000000,0.31645818,0.15086276,0.49290591,S=0,0,0,0.22222222
1118,5_2_6,sync,filter_l0.05,0.05,0.85000000,0,21,1,199,0,0.08000000,0.41242635,0.19019583,0.67655915,S=0,0,0,0.22222222
1118,5_2_6,sync,filter_l0.10,0.10,0.82000000,0,16,1,193,0,0.18333333,0.60690615,0.30633593,0.93024430,S=0,0,0,0.00000000
1118,5_2_6,sync,filter_l0.20,0.20,0.75000000,0,10,0,,1,0.28333333,0.85918339,0.42363470,1.17129878,not_aligned,0,0,0.22222222
1118,5_2_6,sync,filter_l0.50,0.50,0.50000000,0,6,0,,1,0.46666667,1.25600492,0.59252484,1.49869695,not_aligned,0,0,0.22222222
1118,5_2_6,sync,filter_l1.00,1.00,0.26000000,0,4,0,,1,0.60000000,1.63049922,0.70737031,1.75908934,not_aligned,0,0,0.22222222
1118,5_2_6,seq_ABC,hard,,1.00000000,1,190,1,10,0,0.00000000,0.00000000,0.00000000,0.00000000,S=0,0,0,0.00000000
1118,5_2_6,seq_ABC,smooth,,0.29000000,0,9,0,,1,0.00000000,0.80632360,0.34466183,1.83838903,not_aligned,0,0,0.22222222
1118,5_2_6,seq_ABC,filter_l0.00,0.00,0.29000000,0,20,1,198,0,0.59000000,4.74540430,1.06408680,0.09771231,other_aligned,0,0,0.00000000
1118,5_2_6,seq_ABC,filter_l0.02,0.02,0.90000000,0,21,1,199,0,0.03333333,0.23393526,0.09146243,0.39859830,S=0,0,0,0.22222222
1118,5_2_6,seq_ABC,filter_l0.05,0.05,0.87000000,0,20,1,193,0,0.09333333,0.39823534,0.17998812,0.65578733,S=0,0,0,0.00000000
1118,5_2_6,seq_ABC,filter_l0.10,0.10,0.76000000,0,14,0,,1,0.20666667,0.71783040,0.34699016,0.93748949,not_aligned,0,0,0.00000000
1118,5_2_6,seq_ABC,filter_l0.20,0.20,0.64000000,0,9,0,,1,0.31000000,0.88838310,0.44732485,1.18190073,not_aligned,0,0,0.22222222
1118,5_2_6,seq_ABC,filter_l0.50,0.50,0.55000000,0,6,0,,1,0.43333333,1.21444828,0.56773171,1.48600596,not_aligned,0,0,0.22222222
1118,5_2_6,seq_ABC,filter_l1.00,1.00,0.34000000,0,7,0,,1,0.60333333,1.61903493,0.70360591,1.74670143,not_aligned,0,0,0.22222222
1119,5_2_6,sync,hard,,0.00000000,0,1,0,,1,0.00000000,0.00000000,0.00000000,0.00000000,not_aligned,0,0,0.22222222
1119,5_2_6,sync,smooth,,0.36000000,0,7,1,199,0,0.00000000,0.80632360,0.34466183,1.83838903,other_aligned,0,0,0.88888889
1119,5_2_6,sync,filter_l0.00,0.00,1.00000000,1,146,1,54,0,0.04333333,0.07522240,0.05359885,0.04781721,S=0,0,0,0.00000000
1119,5_2_6,sync,filter_l0.02,0.02,0.93000000,0,29,1,185,0,0.03333333,0.20436942,0.08072413,0.39429217,S=0,0,0,0.00000000
1119,5_2_6,sync,filter_l0.05,0.05,0.85000000,0,25,1,185,0,0.10333333,0.43194855,0.19602413,0.66259490,S=0,0,0,0.00000000
1119,5_2_6,sync,filter_l0.10,0.10,0.79000000,0,19,0,,1,0.17666667,0.62058638,0.29682401,0.90682322,not_aligned,0,0,0.00000000
1119,5_2_6,sync,filter_l0.20,0.20,0.74000000,0,12,0,,1,0.26000000,0.84635530,0.40582665,1.15513287,not_aligned,0,0,0.00000000
1119,5_2_6,sync,filter_l0.50,0.50,0.45000000,0,6,1,198,0,0.46000000,1.30566937,0.60409503,1.53003532,S=0,0,0,0.00000000
1119,5_2_6,sync,filter_l1.00,1.00,0.20000000,0,4,0,,1,0.65666667,1.72367543,0.75443322,1.79383776,not_aligned,0,0,0.88888889
1119,5_2_6,seq_ABC,hard,,1.00000000,1,182,1,18,0,0.00000000,0.00000000,0.00000000,0.00000000,S=0,0,0,0.00000000
1119,5_2_6,seq_ABC,smooth,,0.32000000,0,14,1,199,0,0.00000000,0.80632360,0.34466183,1.83838903,S=0,0,0,0.22222222
1119,5_2_6,seq_ABC,filter_l0.00,0.00,0.10000000,0,2,0,,1,0.71666667,8.41919993,1.24664131,0.24952097,not_aligned,0,0,0.22222222
1119,5_2_6,seq_ABC,filter_l0.02,0.02,0.92000000,0,29,1,185,0,0.04000000,0.23579783,0.09788128,0.42230854,S=0,0,0,0.00000000
1119,5_2_6,seq_ABC,filter_l0.05,0.05,0.86000000,0,16,1,185,0,0.10333333,0.41635866,0.18955186,0.66162529,S=0,0,0,0.00000000
1119,5_2_6,seq_ABC,filter_l0.10,0.10,0.81000000,0,19,0,,1,0.18000000,0.62529792,0.30234518,0.88512783,not_aligned,0,0,0.00000000
1119,5_2_6,seq_ABC,filter_l0.20,0.20,0.71000000,0,12,0,,1,0.27333333,0.85650077,0.41750931,1.14960243,not_aligned,0,0,0.00000000
1119,5_2_6,seq_ABC,filter_l0.50,0.50,0.43000000,0,9,0,,1,0.45333333,1.28811807,0.59626516,1.52394592,not_aligned,0,0,0.00000000
1119,5_2_6,seq_ABC,filter_l1.00,1.00,0.18000000,0,4,1,199,0,0.65000000,1.68940858,0.74074928,1.78723695,other_aligned,0,0,0.88888889
1120,5_2_6,sync,hard,,0.00000000,0,1,0,,1,0.00000000,0.00000000,0.00000000,0.00000000,not_aligned,0,0,0.22222222
1120,5_2_6,sync,smooth,,0.47000000,0,9,1,193,0,0.00000000,0.80632360,0.34466183,1.83838903,S=0,1,0,0.00000000
1120,5_2_6,sync,filter_l0.00,0.00,1.00000000,1,165,1,35,0,0.00000000,0.00002928,0.00000005,0.00025950,S=0,0,0,0.00000000
1120,5_2_6,sync,filter_l0.02,0.02,0.86000000,0,51,1,193,0,0.06666667,0.30371856,0.12259789,0.43975332,S=0,0,0,0.00000000
1120,5_2_6,sync,filter_l0.05,0.05,0.67000000,0,17,1,197,0,0.17000000,0.59470729,0.28061349,0.78535459,S=0,0,0,0.00000000
1120,5_2_6,sync,filter_l0.10,0.10,0.54000000,0,19,1,199,0,0.30666667,0.94166815,0.45081305,1.08782990,S=0,0,0,0.22222222
1120,5_2_6,sync,filter_l0.20,0.20,0.51000000,0,14,1,197,0,0.37666667,1.09351191,0.51858043,1.28549312,S=0,0,0,0.00000000
1120,5_2_6,sync,filter_l0.50,0.50,0.23000000,0,9,0,,1,0.58333333,1.51983993,0.68435795,1.61118677,not_aligned,0,0,0.66666667
1120,5_2_6,sync,filter_l1.00,1.00,0.10000000,0,6,0,,1,0.67000000,1.78115257,0.76704825,1.79484773,not_aligned,0,0,0.22222222
1120,5_2_6,seq_ABC,hard,,1.00000000,1,189,1,11,0,0.00000000,0.00000000,0.00000000,0.00000000,S=0,0,0,0.00000000
1120,5_2_6,seq_ABC,smooth,,0.32000000,0,17,0,,1,0.00000000,0.80632360,0.34466183,1.83838903,not_aligned,1,0,0.22222222
1120,5_2_6,seq_ABC,filter_l0.00,0.00,1.00000000,1,168,1,32,0,0.00000000,0.00000380,0.00000000,0.00004141,S=0,0,0,0.00000000
1120,5_2_6,seq_ABC,filter_l0.02,0.02,0.85000000,0,51,1,193,0,0.07333333,0.32568604,0.13805393,0.45945143,S=0,0,0,0.00000000
1120,5_2_6,seq_ABC,filter_l0.05,0.05,0.72000000,0,17,1,193,0,0.16666667,0.57688574,0.27210448,0.77247899,S=0,0,0,0.00000000
1120,5_2_6,seq_ABC,filter_l0.10,0.10,0.59000000,0,23,1,197,0,0.28000000,0.85681964,0.41427913,1.05609255,S=0,0,0,0.00000000
1120,5_2_6,seq_ABC,filter_l0.20,0.20,0.45000000,0,11,1,197,0,0.42333333,1.15009397,0.54591313,1.30185278,S=0,0,0,0.00000000
1120,5_2_6,seq_ABC,filter_l0.50,0.50,0.33000000,0,9,1,198,0,0.57000000,1.46491228,0.66537789,1.57831553,S=0,0,0,0.00000000
1120,5_2_6,seq_ABC,filter_l1.00,1.00,0.14000000,0,4,1,199,0,0.66666667,1.79777672,0.77206684,1.79628566,S=0,0,0,0.22222222
1121,5_2_6,sync,hard,,1.00000000,1,180,1,20,0,0.00000000,0.00000000,0.00000000,0.00000000,S=0,0,0,0.00000000
1121,5_2_6,sync,smooth,,0.43000000,0,15,1,197,0,0.00000000,0.80632360,0.34466183,1.83838903,S=0,0,0,0.00000000
1121,5_2_6,sync,filter_l0.00,0.00,0.99000000,1,60,1,140,0,0.34666667,1.12169796,0.56917999,0.22283572,S=0,0,0,0.00000000
1121,5_2_6,sync,filter_l0.02,0.02,0.83000000,0,23,1,187,0,0.12000000,0.49751377,0.20451543,0.50936803,S=0,0,0,0.00000000
1121,5_2_6,sync,filter_l0.05,0.05,0.77000000,0,14,1,196,0,0.17666667,0.67287225,0.28875660,0.77499096,S=0,0,0,0.00000000
1121,5_2_6,sync,filter_l0.10,0.10,0.71000000,0,17,1,196,0,0.24000000,0.81238967,0.36754464,1.02157157,S=0,0,0,0.00000000
1121,5_2_6,sync,filter_l0.20,0.20,0.58000000,0,13,1,196,0,0.33000000,1.06630536,0.49320562,1.25780230,S=0,0,0,0.00000000
1121,5_2_6,sync,filter_l0.50,0.50,0.32000000,0,4,1,197,0,0.54333333,1.44862817,0.66530975,1.57014337,S=0,0,0,0.00000000
1121,5_2_6,sync,filter_l1.00,1.00,0.24000000,0,3,0,,1,0.66666667,1.75588031,0.75194433,1.77537160,not_aligned,0,0,0.22222222
1121,5_2_6,seq_ABC,hard,,1.00000000,1,182,1,18,0,0.00000000,0.00000000,0.00000000,0.00000000,S=0,0,0,0.00000000
1121,5_2_6,seq_ABC,smooth,,0.40000000,0,14,1,199,0,0.00000000,0.80632360,0.34466183,1.83838903,S=0,0,0,0.22222222
1121,5_2_6,seq_ABC,filter_l0.00,0.00,0.96000000,1,60,1,140,0,0.45333333,1.67953818,0.73362561,0.22082986,S=0,0,0,0.00000000
1121,5_2_6,seq_ABC,filter_l0.02,0.02,0.82000000,0,23,1,188,0,0.13000000,0.53158409,0.22216649,0.51192552,S=0,0,0,0.00000000
1121,5_2_6,seq_ABC,filter_l0.05,0.05,0.77000000,0,16,1,196,0,0.16000000,0.64114337,0.27028250,0.73993464,S=0,0,0,0.00000000
1121,5_2_6,seq_ABC,filter_l0.10,0.10,0.70000000,0,17,1,196,0,0.22333333,0.77429257,0.35093759,1.00263723,S=0,0,0,0.00000000
1121,5_2_6,seq_ABC,filter_l0.20,0.20,0.63000000,0,12,1,196,0,0.33333333,1.01949982,0.47542583,1.24802983,S=0,0,0,0.00000000
1121,5_2_6,seq_ABC,filter_l0.50,0.50,0.41000000,0,9,1,198,0,0.53666667,1.45310424,0.65409843,1.59522925,S=0,0,0,0.00000000
1121,5_2_6,seq_ABC,filter_l1.00,1.00,0.24000000,0,4,1,198,0,0.67000000,1.76631954,0.75323959,1.78061051,S=0,0,0,0.00000000
1122,5_2_6,sync,hard,,0.00000000,0,1,0,,1,0.00000000,0.00000000,0.00000000,0.00000000,not_aligned,0,0,0.22222222
1122,5_2_6,sync,smooth,,0.64000000,0,13,1,192,0,0.00000000,0.80632360,0.34466183,1.83838903,S=0,0,0,0.00000000
1122,5_2_6,sync,filter_l0.00,0.00,1.00000000,1,144,1,56,0,0.00000000,0.00004300,0.00000002,0.00041507,S=0,0,0,0.00000000
1122,5_2_6,sync,filter_l0.02,0.02,0.81000000,0,55,1,189,0,0.22000000,0.67045537,0.33381974,0.53369760,S=0,0,0,0.00000000
1122,5_2_6,sync,filter_l0.05,0.05,0.88000000,0,37,1,196,0,0.23666667,0.70045768,0.32789830,0.76464816,S=0,0,0,0.00000000
1122,5_2_6,sync,filter_l0.10,0.10,0.78000000,0,36,1,196,0,0.31000000,0.89492606,0.42803631,1.02899823,S=0,0,0,0.00000000
1122,5_2_6,sync,filter_l0.20,0.20,0.65000000,0,10,1,198,0,0.38333333,1.08986300,0.51723356,1.26279114,S=0,0,0,0.00000000
1122,5_2_6,sync,filter_l0.50,0.50,0.42000000,0,6,1,198,0,0.55333333,1.41544274,0.64407353,1.57593720,S=0,0,0,0.00000000
1122,5_2_6,sync,filter_l1.00,1.00,0.20000000,0,6,0,,1,0.71000000,1.79366207,0.76329091,1.77855212,not_aligned,0,0,0.00000000
1122,5_2_6,seq_ABC,hard,,1.00000000,1,190,1,10,0,0.00000000,0.00000000,0.00000000,0.00000000,S=0,0,0,0.00000000
1122,5_2_6,seq_ABC,smooth,,0.64000000,0,15,1,196,0,0.00000000,0.80632360,0.34466183,1.83838903,S=0,0,0,0.00000000
1122,5_2_6,seq_ABC,filter_l0.00,0.00,1.00000000,1,158,1,42,0,0.00000000,0.00010154,0.00000010,0.00091764,S=0,0,0,0.00000000
1122,5_2_6,seq_ABC,filter_l0.02,0.02,0.81000000,0,55,1,189,0,0.22666667,0.68452122,0.34452191,0.53865995,S=0,0,0,0.00000000
1122,5_2_6,seq_ABC,filter_l0.05,0.05,0.86000000,0,37,1,189,0,0.26333333,0.72422145,0.34654301,0.78120417,S=0,0,0,0.00000000
1122,5_2_6,seq_ABC,filter_l0.10,0.10,0.72000000,0,24,1,196,0,0.28333333,0.89504923,0.42332453,1.02696110,S=0,0,0,0.00000000
1122,5_2_6,seq_ABC,filter_l0.20,0.20,0.63000000,0,10,1,198,0,0.40333333,1.09800164,0.52793305,1.26232543,S=0,0,0,0.00000000
1122,5_2_6,seq_ABC,filter_l0.50,0.50,0.49000000,0,7,1,198,0,0.51000000,1.39094134,0.63654795,1.55245020,S=0,0,0,0.00000000
1122,5_2_6,seq_ABC,filter_l1.00,1.00,0.15000000,0,4,1,199,0,0.72333333,1.83034579,0.77894751,1.79644334,S=0,0,0,0.22222222
1123,5_2_6,sync,hard,,1.00000000,1,186,1,14,0,0.00000000,0.00000000,0.00000000,0.00000000,other_aligned,0,0,0.00000000
1123,5_2_6,sync,smooth,,0.45000000,0,26,0,,1,0.00000000,0.80632360,0.34466183,1.83838903,not_aligned,0,0,0.66666667
1123,5_2_6,sync,filter_l0.00,0.00,0.99000000,0,137,1,189,0,0.00333333,0.06476240,0.00948033,0.02564673,S=0,0,0,0.00000000
1123,5_2_6,sync,filter_l0.02,0.02,0.85000000,0,34,1,198,0,0.07333333,0.31283893,0.13358988,0.44467474,S=0,0,0,0.00000000
1123,5_2_6,sync,filter_l0.05,0.05,0.83000000,0,26,1,198,0,0.11666667,0.47413740,0.22471071,0.70388737,S=0,0,0,0.00000000
1123,5_2_6,sync,filter_l0.10,0.10,0.74000000,0,18,1,199,0,0.25333333,0.70470938,0.35249588,0.95713537,S=0,0,0,0.22222222
1123,5_2_6,sync,filter_l0.20,0.20,0.60000000,0,11,1,199,0,0.37333333,1.02292207,0.50961431,1.21681466,S=0,0,0,0.22222222
1123,5_2_6,sync,filter_l0.50,0.50,0.31000000,0,9,0,,1,0.56333333,1.37494215,0.64956327,1.53243602,not_aligned,0,0,0.22222222
1123,5_2_6,sync,filter_l1.00,1.00,0.22000000,0,7,0,,1,0.65000000,1.66285522,0.72517839,1.76590472,not_aligned,0,0,0.00000000
1123,5_2_6,seq_ABC,hard,,1.00000000,1,195,1,5,0,0.00000000,0.00000000,0.00000000,0.00000000,S=0,0,0,0.00000000
1123,5_2_6,seq_ABC,smooth,,0.45000000,0,19,0,,1,0.00000000,0.80632360,0.34466183,1.83838903,not_aligned,0,0,0.22222222
1123,5_2_6,seq_ABC,filter_l0.00,0.00,0.99000000,0,92,1,189,0,0.04666667,0.13367582,0.07390148,0.14995576,S=0,0,0,0.00000000
1123,5_2_6,seq_ABC,filter_l0.02,0.02,0.84000000,0,17,1,198,0,0.08000000,0.33666254,0.14979419,0.46623703,S=0,0,0,0.00000000
1123,5_2_6,seq_ABC,filter_l0.05,0.05,0.83000000,0,26,1,198,0,0.12333333,0.47015223,0.22876208,0.71262717,S=0,0,0,0.00000000
1123,5_2_6,seq_ABC,filter_l0.10,0.10,0.72000000,0,23,1,199,0,0.22666667,0.69319255,0.34832929,0.95365444,S=0,0,0,0.22222222
1123,5_2_6,seq_ABC,filter_l0.20,0.20,0.60000000,0,16,1,199,0,0.36000000,0.98689007,0.49271145,1.22980860,S=0,0,0,0.22222222
1123,5_2_6,seq_ABC,filter_l0.50,0.50,0.41000000,0,7,0,,1,0.52000000,1.32437193,0.62189864,1.53028367,not_aligned,0,0,0.22222222
1123,5_2_6,seq_ABC,filter_l1.00,1.00,0.25000000,0,7,0,,1,0.64000000,1.69111878,0.73197911,1.77688663,not_aligned,0,0,0.22222222
1124,5_2_6,sync,hard,,0.00000000,0,1,0,,1,0.00000000,0.00000000,0.00000000,0.00000000,not_aligned,0,0,0.22222222
1124,5_2_6,sync,smooth,,0.58000000,0,19,0,,1,0.00000000,0.80632360,0.34466183,1.83838903,not_aligned,0,0,0.22222222
1124,5_2_6,sync,filter_l0.00,0.00,1.00000000,1,168,1,32,0,0.00000000,0.00007320,0.00000013,0.00062170,S=0,0,0,0.00000000
1124,5_2_6,sync,filter_l0.02,0.02,0.88000000,0,37,1,193,0,0.04666667,0.24937575,0.09799828,0.39125075,S=0,0,0,0.00000000
1124,5_2_6,sync,filter_l0.05,0.05,0.84000000,0,25,1,193,0,0.07333333,0.38865059,0.17771714,0.65915911,S=0,0,0,0.00000000
1124,5_2_6,sync,filter_l0.10,0.10,0.69000000,0,17,1,193,0,0.20666667,0.65696493,0.33473338,0.94564139,S=0,0,0,0.00000000
1124,5_2_6,sync,filter_l0.20,0.20,0.61000000,0,13,1,197,0,0.29000000,0.89969665,0.45255848,1.20521076,S=0,0,0,0.00000000
1124,5_2_6,sync,filter_l0.50,0.50,0.48000000,0,9,1,197,0,0.47666667,1.28187306,0.60894773,1.52131226,S=0,0,0,0.00000000
1124,5_2_6,sync,filter_l1.00,1.00,0.25000000,0,4,1,199,0,0.66333333,1.65663141,0.72549748,1.76408799,S=0,0,0,0.22222222
1124,5_2_6,seq_ABC,hard,,1.00000000,1,193,1,7,0,0.00000000,0.00000000,0.00000000,0.00000000,S=0,0,0,0.00000000
1124,5_2_6,seq_ABC,smooth,,0.59000000,0,19,1,197,0,0.00000000,0.80632360,0.34466183,1.83838903,S=0,0,0,0.00000000
1124,5_2_6,seq_ABC,filter_l0.00,0.00,1.00000000,1,162,1,38,0,0.00000000,0.00007320,0.00000013,0.00062171,S=0,0,0,0.00000000
1124,5_2_6,seq_ABC,filter_l0.02,0.02,0.90000000,0,37,1,193,0,0.04000000,0.22261346,0.08369865,0.37448384,S=0,0,0,0.00000000
1124,5_2_6,seq_ABC,filter_l0.05,0.05,0.88000000,0,20,1,193,0,0.05333333,0.34650672,0.14674218,0.64084772,S=0,0,0,0.00000000
1124,5_2_6,seq_ABC,filter_l0.10,0.10,0.76000000,0,20,1,193,0,0.17666667,0.60908785,0.30044709,0.93933329,S=0,0,0,0.00000000
1124,5_2_6,seq_ABC,filter_l0.20,0.20,0.67000000,0,16,1,197,0,0.26000000,0.83940487,0.41853103,1.19191271,S=0,0,0,0.00000000
1124,5_2_6,seq_ABC,filter_l0.50,0.50,0.37000000,0,9,1,199,0,0.52666667,1.36551171,0.64925547,1.55407932,S=0,0,0,0.22222222
1124,5_2_6,seq_ABC,filter_l1.00,1.00,0.24000000,0,4,1,199,0,0.64000000,1.64441904,0.71922122,1.76533422,S=0,0,0,0.22222222
1125,5_2_6,sync,hard,,0.00000000,0,1,0,,1,0.00000000,0.00000000,0.00000000,0.00000000,not_aligned,0,0,0.22222222
1125,5_2_6,sync,smooth,,0.20000000,0,7,0,,1,0.00000000,0.80632360,0.34466183,1.83838903,not_aligned,0,0,0.00000000
1125,5_2_6,sync,filter_l0.00,0.00,1.00000000,1,139,1,61,0,0.00000000,0.00026326,0.00000145,0.00195287,S=0,0,0,0.00000000
1125,5_2_6,sync,filter_l0.02,0.02,0.88000000,0,39,1,192,0,0.05000000,0.28716474,0.12072834,0.42607398,S=0,0,0,0.00000000
1125,5_2_6,sync,filter_l0.05,0.05,0.76000000,0,28,1,197,0,0.21333333,0.55123434,0.29210140,0.69435319,S=0,0,0,0.00000000
1125,5_2_6,sync,filter_l0.10,0.10,0.69000000,0,19,1,198,0,0.29333333,0.71597000,0.37531402,0.92727521,S=0,0,0,0.00000000
1125,5_2_6,sync,filter_l0.20,0.20,0.58000000,0,13,1,197,0,0.39666667,0.98311401,0.50079251,1.16995090,S=0,0,0,0.00000000
1125,5_2_6,sync,filter_l0.50,0.50,0.33000000,0,7,1,196,0,0.52666667,1.35717335,0.64090123,1.51701613,S=0,0,0,0.00000000
1125,5_2_6,sync,filter_l1.00,1.00,0.15000000,0,4,0,,1,0.62666667,1.64240350,0.71777416,1.76176308,not_aligned,0,0,0.22222222
1125,5_2_6,seq_ABC,hard,,1.00000000,1,192,1,8,0,0.00000000,0.00000000,0.00000000,0.00000000,S=0,0,0,0.00000000
1125,5_2_6,seq_ABC,smooth,,0.61000000,0,11,1,195,0,0.00000000,0.80632360,0.34466183,1.83838903,S=0,0,0,0.00000000
1125,5_2_6,seq_ABC,filter_l0.00,0.00,1.00000000,1,139,1,61,0,0.00000000,0.00020650,0.00000129,0.00152498,S=0,0,0,0.00000000
1125,5_2_6,seq_ABC,filter_l0.02,0.02,0.88000000,0,39,1,192,0,0.05000000,0.28863497,0.12022255,0.41980960,S=0,0,0,0.00000000
1125,5_2_6,seq_ABC,filter_l0.05,0.05,0.77000000,0,29,1,197,0,0.21333333,0.55731136,0.29292662,0.70033306,S=0,0,0,0.00000000
1125,5_2_6,seq_ABC,filter_l0.10,0.10,0.73000000,0,19,1,197,0,0.29333333,0.70115747,0.36695564,0.92904605,S=0,0,0,0.00000000
1125,5_2_6,seq_ABC,filter_l0.20,0.20,0.62000000,0,13,1,195,0,0.39000000,1.00583617,0.50602583,1.16167268,S=0,0,0,0.00000000
1125,5_2_6,seq_ABC,filter_l0.50,0.50,0.27000000,0,8,0,,1,0.52000000,1.32573182,0.62909137,1.52459499,not_aligned,0,0,0.00000000
1125,5_2_6,seq_ABC,filter_l1.00,1.00,0.14000000,0,5,0,,1,0.64000000,1.68451760,0.73298400,1.77364734,not_aligned,0,0,0.00000000
1126,5_2_6,sync,hard,,0.00000000,0,1,0,,1,0.00000000,0.00000000,0.00000000,0.00000000,not_aligned,0,0,0.22222222
1126,5_2_6,sync,smooth,,0.57000000,0,18,0,,1,0.00000000,0.80632360,0.34466183,1.83838903,not_aligned,0,0,0.00000000
1126,5_2_6,sync,filter_l0.00,0.00,1.00000000,1,165,1,35,0,0.00000000,0.00565058,0.00054943,0.02364841,S=0,0,0,0.00000000
1126,5_2_6,sync,filter_l0.02,0.02,0.83000000,0,33,1,195,0,0.19333333,0.50059740,0.27195929,0.50593829,S=0,0,0,0.00000000
1126,5_2_6,sync,filter_l0.05,0.05,0.78000000,0,18,1,195,0,0.26333333,0.67447792,0.36880962,0.71619504,S=0,0,0,0.00000000
1126,5_2_6,sync,filter_l0.10,0.10,0.69000000,0,18,1,195,0,0.39000000,0.90445146,0.49094716,0.92549039,S=0,0,0,0.00000000
1126,5_2_6,sync,filter_l0.20,0.20,0.45000000,0,18,1,199,0,0.53000000,1.14523223,0.60456116,1.22905943,S=0,0,0,0.22222222
1126,5_2_6,sync,filter_l0.50,0.50,0.33000000,0,6,1,196,0,0.51333333,1.31900665,0.62583346,1.52796202,S=0,0,0,0.00000000
1126,5_2_6,sync,filter_l1.00,1.00,0.22000000,0,8,0,,1,0.62333333,1.66701155,0.72848223,1.78364116,not_aligned,0,0,0.22222222
1126,5_2_6,seq_ABC,hard,,1.00000000,1,190,1,10,0,0.00000000,0.00000000,0.00000000,0.00000000,S=0,0,0,0.00000000
1126,5_2_6,seq_ABC,smooth,,0.47000000,0,16,1,199,0,0.00000000,0.80632360,0.34466183,1.83838903,S=0,0,0,0.22222222
1126,5_2_6,seq_ABC,filter_l0.00,0.00,1.00000000,1,164,1,36,0,0.00000000,0.00221641,0.00007900,0.01182594,S=0,0,0,0.00000000
1126,5_2_6,seq_ABC,filter_l0.02,0.02,0.85000000,0,33,1,196,0,0.17666667,0.46362313,0.25020559,0.50283024,S=0,0,0,0.00000000
1126,5_2_6,seq_ABC,filter_l0.05,0.05,0.80000000,0,18,1,195,0,0.26333333,0.67074010,0.37068970,0.72014861,S=0,0,0,0.00000000
1126,5_2_6,seq_ABC,filter_l0.10,0.10,0.72000000,0,18,1,195,0,0.38666667,0.88336593,0.48395938,0.92864022,S=0,0,0,0.00000000
1126,5_2_6,seq_ABC,filter_l0.20,0.20,0.63000000,0,18,1,198,0,0.43333333,1.02447054,0.52519693,1.17939233,S=0,0,0,0.00000000
1126,5_2_6,seq_ABC,filter_l0.50,0.50,0.44000000,0,6,1,196,0,0.53333333,1.31672644,0.62913610,1.51730633,S=0,0,0,0.00000000
1126,5_2_6,seq_ABC,filter_l1.00,1.00,0.24000000,0,7,0,,1,0.62666667,1.65285430,0.72526115,1.77250448,not_aligned,0,0,0.22222222
1127,5_2_6,sync,hard,,0.00000000,0,1,0,,1,0.00000000,0.00000000,0.00000000,0.00000000,not_aligned,0,0,0.22222222
1127,5_2_6,sync,smooth,,0.29000000,0,5,0,,1,0.00000000,0.80632360,0.34466183,1.83838903,not_aligned,0,0,0.22222222
1127,5_2_6,sync,filter_l0.00,0.00,1.00000000,1,169,1,31,0,0.00000000,0.00013412,0.00000083,0.00097342,S=0,0,0,0.00000000
1127,5_2_6,sync,filter_l0.02,0.02,0.88000000,0,28,0,,1,0.04333333,0.23698603,0.09594914,0.35686083,not_aligned,0,0,0.22222222
1127,5_2_6,sync,filter_l0.05,0.05,0.83000000,0,30,0,,1,0.06666667,0.37513944,0.16860295,0.62060067,not_aligned,0,0,0.22222222
1127,5_2_6,sync,filter_l0.10,0.10,0.59000000,0,17,1,199,0,0.24333333,0.76111764,0.36920260,0.96152755,S=0,0,0,0.22222222
1127,5_2_6,sync,filter_l0.20,0.20,0.61000000,0,13,1,199,0,0.34000000,0.92313573,0.44693561,1.16757313,S=0,0,0,0.22222222
1127,5_2_6,sync,filter_l0.50,0.50,0.40000000,0,8,0,,1,0.49666667,1.32302394,0.62001707,1.51536678,not_aligned,0,0,0.22222222
1127,5_2_6,sync,filter_l1.00,1.00,0.20000000,0,4,0,,1,0.67333333,1.71188199,0.74653136,1.77771138,not_aligned,0,0,0.00000000
1127,5_2_6,seq_ABC,hard,,1.00000000,1,194,1,6,0,0.00000000,0.00000000,0.00000000,0.00000000,S=0,0,0,0.00000000
1127,5_2_6,seq_ABC,smooth,,0.50000000,0,9,1,198,0,0.00000000,0.80632360,0.34466183,1.83838903,S=8,0,0,0.00000000
1127,5_2_6,seq_ABC,filter_l0.00,0.00,1.00000000,1,159,1,41,0,0.00000000,0.00004903,0.00000011,0.00040922,S=0,0,0,0.00000000
1127,5_2_6,seq_ABC,filter_l0.02,0.02,0.86000000,0,28,0,,1,0.05000000,0.27014559,0.11089359,0.35737564,not_aligned,0,0,0.22222222
1127,5_2_6,seq_ABC,filter_l0.05,0.05,0.83000000,0,23,0,,1,0.07333333,0.39112625,0.17802234,0.61911174,not_aligned,0,0,0.22222222
1127,5_2_6,seq_ABC,filter_l0.10,0.10,0.64000000,0,24,1,199,0,0.20333333,0.66456563,0.32852525,0.92152853,S=0,0,0,0.22222222
1127,5_2_6,seq_ABC,filter_l0.20,0.20,0.70000000,0,11,1,199,0,0.27333333,0.84577175,0.41359435,1.14671154,S=0,0,0,0.22222222
1127,5_2_6,seq_ABC,filter_l0.50,0.50,0.29000000,0,9,0,,1,0.48666667,1.31588652,0.61886172,1.51758215,not_aligned,0,0,0.22222222
1127,5_2_6,seq_ABC,filter_l1.00,1.00,0.23000000,0,6,0,,1,0.63333333,1.70455513,0.74587354,1.78032922,not_aligned,0,0,0.22222222
1128,5_2_6,sync,hard,,0.00000000,0,1,0,,1,0.00000000,0.00000000,0.00000000,0.00000000,not_aligned,0,0,0.22222222
1128,5_2_6,sync,smooth,,0.29000000,0,6,0,,1,0.00000000,0.80632360,0.34466183,1.83838903,not_aligned,0,0,0.22222222
1128,5_2_6,sync,filter_l0.00,0.00,0.29000000,0,10,1,193,0,0.26666667,3.44910718,0.52463634,0.07581414,other_aligned,0,0,0.00000000
1128,5_2_6,sync,filter_l0.02,0.02,0.79000000,0,13,1,193,0,0.09666667,0.43940455,0.18914000,0.50098254,S=0,0,0,0.00000000
1128,5_2_6,sync,filter_l0.05,0.05,0.77000000,0,13,1,193,0,0.15333333,0.56550643,0.26424842,0.76282095,S=0,0,0,0.00000000
1128,5_2_6,sync,filter_l0.10,0.10,0.58000000,0,10,1,193,0,0.31666667,0.90750425,0.45584068,1.05165000,S=0,0,0,0.00000000
1128,5_2_6,sync,filter_l0.20,0.20,0.52000000,0,6,0,,1,0.42000000,1.13070680,0.55956013,1.28925983,not_aligned,0,0,0.00000000
1128,5_2_6,sync,filter_l0.50,0.50,0.33000000,0,7,0,,1,0.58666667,1.52799570,0.68630588,1.59723710,not_aligned,0,0,0.00000000
1128,5_2_6,sync,filter_l1.00,1.00,0.12000000,0,4,0,,1,0.65666667,1.86163129,0.79236071,1.81104298,not_aligned,0,0,0.22222222
1128,5_2_6,seq_ABC,hard,,1.00000000,1,194,1,6,0,0.00000000,0.00000000,0.00000000,0.00000000,S=0,0,0,0.00000000
1128,5_2_6,seq_ABC,smooth,,0.47000000,0,8,0,,1,0.00000000,0.80632360,0.34466183,1.83838903,not_aligned,0,0,0.00000000
1128,5_2_6,seq_ABC,filter_l0.00,0.00,0.19000000,0,6,0,,1,0.61333333,5.10311586,1.10658714,0.19538589,not_aligned,0,0,0.88888889
1128,5_2_6,seq_ABC,filter_l0.02,0.02,0.83000000,0,21,1,190,0,0.08333333,0.36078489,0.15217051,0.44354907,S=8,0,0,0.00000000
1128,5_2_6,seq_ABC,filter_l0.05,0.05,0.75000000,0,11,1,193,0,0.19333333,0.62367736,0.30260222,0.80801617,S=0,0,0,0.00000000
1128,5_2_6,seq_ABC,filter_l0.10,0.10,0.52000000,0,8,1,193,0,0.31333333,0.93751541,0.46277688,1.08268689,S=0,0,0,0.00000000
1128,5_2_6,seq_ABC,filter_l0.20,0.20,0.46000000,0,7,0,,1,0.45333333,1.17785191,0.57126983,1.33775543,not_aligned,0,0,0.00000000
1128,5_2_6,seq_ABC,filter_l0.50,0.50,0.56000000,0,8,0,,1,0.48000000,1.27751186,0.60851822,1.49390044,not_aligned,0,0,0.00000000
1128,5_2_6,seq_ABC,filter_l1.00,1.00,0.09000000,0,3,0,,1,0.67333333,1.88793905,0.79272991,1.81629161,not_aligned,0,0,0.88888889
1129,5_2_6,sync,hard,,0.00000000,0,1,0,,1,0.00000000,0.00000000,0.00000000,0.00000000,not_aligned,0,0,0.22222222
1129,5_2_6,sync,smooth,,0.59000000,0,24,0,,1,0.00000000,0.80632360,0.34466183,1.83838903,not_aligned,0,0,0.22222222
1129,5_2_6,sync,filter_l0.00,0.00,1.00000000,1,176,1,24,0,0.00000000,0.00063077,0.00001438,0.00357534,S=0,0,0,0.00000000
1129,5_2_6,sync,filter_l0.02,0.02,0.90000000,0,27,1,190,0,0.06000000,0.28598703,0.11974463,0.40735247,S=0,0,0,0.00000000
1129,5_2_6,sync,filter_l0.05,0.05,0.86000000,0,19,1,199,0,0.09666667,0.44835455,0.19547607,0.65893224,S=0,0,0,0.22222222
1129,5_2_6,sync,filter_l0.10,0.10,0.83000000,0,18,1,199,0,0.13000000,0.61922146,0.27809189,0.92197228,S=0,0,0,0.22222222
1129,5_2_6,sync,filter_l0.20,0.20,0.65000000,0,12,0,,1,0.29666667,0.95844452,0.45347352,1.22112872,not_aligned,0,0,0.22222222
1129,5_2_6,sync,filter_l0.50,0.50,0.45000000,0,11,0,,1,0.52333333,1.35693048,0.62578947,1.54263629,not_aligned,0,0,0.22222222
1129,5_2_6,sync,filter_l1.00,1.00,0.24000000,0,4,0,,1,0.63333333,1.71717860,0.73250563,1.76231282,not_aligned,0,0,0.22222222
1129,5_2_6,seq_ABC,hard,,1.00000000,1,190,1,10,0,0.00000000,0.00000000,0.00000000,0.00000000,S=0,0,0,0.00000000
1129,5_2_6,seq_ABC,smooth,,0.38000000,0,15,0,,1,0.00000000,0.80632360,0.34466183,1.83838903,not_aligned,0,0,0.22222222
1129,5_2_6,seq_ABC,filter_l0.00,0.00,0.99000000,1,99,1,101,0,0.00333333,0.02604387,0.00676317,0.00839546,S=0,0,0,0.00000000
1129,5_2_6,seq_ABC,filter_l0.02,0.02,0.92000000,0,42,1,190,0,0.05333333,0.27422721,0.11361183,0.41049106,S=0,0,0,0.00000000
1129,5_2_6,seq_ABC,filter_l0.05,0.05,0.82000000,0,18,1,199,0,0.11666667,0.51263253,0.22915440,0.68371381,S=0,0,0,0.22222222
1129,5_2_6,seq_ABC,filter_l0.10,0.10,0.82000000,0,16,1,199,0,0.15666667,0.64807944,0.29791603,0.93036851,S=0,0,0,0.22222222
1129,5_2_6,seq_ABC,filter_l0.20,0.20,0.67000000,0,10,0,,1,0.30666667,0.97620204,0.46992609,1.22517402,not_aligned,0,0,0.22222222
1129,5_2_6,seq_ABC,filter_l0.50,0.50,0.39000000,0,8,0,,1,0.52000000,1.40523949,0.64592079,1.55700192,not_aligned,0,0,0.22222222
1129,5_2_6,seq_ABC,filter_l1.00,1.00,0.23000000,0,5,0,,1,0.62000000,1.71346512,0.73033236,1.76243743,not_aligned,0,0,0.22222222
1130,5_2_6,sync,hard,,0.00000000,0,1,0,,1,0.00000000,0.00000000,0.00000000,0.00000000,not_aligned,0,0,0.22222222
1130,5_2_6,sync,smooth,,0.28000000,0,6,0,,1,0.00000000,0.80632360,0.34466183,1.83838903,not_aligned,0,0,0.22222222
1130,5_2_6,sync,filter_l0.00,0.00,1.00000000,1,104,1,96,0,0.06666667,0.21130152,0.12146694,0.22280120,S=0,0,0,0.00000000
1130,5_2_6,sync,filter_l0.02,0.02,0.74000000,0,16,0,,1,0.34333333,0.90893642,0.49275810,0.53411199,not_aligned,0,0,0.00000000
1130,5_2_6,sync,filter_l0.05,0.05,0.74000000,0,22,0,,1,0.27333333,0.68955462,0.36346238,0.76365813,not_aligned,0,0,0.00000000
1130,5_2_6,sync,filter_l0.10,0.10,0.69000000,0,15,0,,1,0.32000000,0.84528740,0.42808267,0.98854958,not_aligned,0,0,0.00000000
1130,5_2_6,sync,filter_l0.20,0.20,0.58000000,0,15,0,,1,0.40000000,1.06043785,0.52112787,1.21473525,not_aligned,0,0,0.00000000
1130,5_2_6,sync,filter_l0.50,0.50,0.33000000,0,6,0,,1,0.53666667,1.39312632,0.64898687,1.53913336,not_aligned,0,0,0.00000000
1130,5_2_6,sync,filter_l1.00,1.00,0.26000000,0,6,0,,1,0.61666667,1.65982041,0.71785486,1.75811486,not_aligned,0,0,0.22222222
1130,5_2_6,seq_ABC,hard,,1.00000000,1,189,1,11,0,0.00000000,0.00000000,0.00000000,0.00000000,S=0,0,0,0.00000000
1130,5_2_6,seq_ABC,smooth,,0.42000000,0,7,1,199,0,0.00000000,0.80632360,0.34466183,1.83838903,other_aligned,0,0,0.22222222
1130,5_2_6,seq_ABC,filter_l0.00,0.00,0.70000000,1,22,1,179,0,0.65666667,5.02111291,1.23421226,0.14499209,S=0,0,0,0.00000000
1130,5_2_6,seq_ABC,filter_l0.02,0.02,0.79000000,0,15,0,,1,0.33000000,0.81671559,0.46556999,0.54040244,not_aligned,0,0,0.00000000
1130,5_2_6,seq_ABC,filter_l0.05,0.05,0.73000000,0,15,0,,1,0.32000000,0.75775022,0.40768237,0.80600582,not_aligned,0,0,0.00000000
1130,5_2_6,seq_ABC,filter_l0.10,0.10,0.67000000,0,15,0,,1,0.34666667,0.91363153,0.45662482,0.99801388,not_aligned,0,0,0.00000000
1130,5_2_6,seq_ABC,filter_l0.20,0.20,0.55000000,0,15,0,,1,0.40000000,1.09640865,0.53848253,1.21415603,not_aligned,0,0,0.00000000
1130,5_2_6,seq_ABC,filter_l0.50,0.50,0.36000000,0,5,0,,1,0.55333333,1.39668935,0.65145441,1.53948534,not_aligned,0,0,0.00000000
1130,5_2_6,seq_ABC,filter_l1.00,1.00,0.20000000,0,4,0,,1,0.64666667,1.73657661,0.74750024,1.77790387,not_aligned,0,0,0.66666667
1131,5_2_6,sync,hard,,1.00000000,1,184,1,16,0,0.00000000,0.00000000,0.00000000,0.00000000,other_aligned,0,0,0.00000000
1131,5_2_6,sync,smooth,,0.53000000,0,17,0,,1,0.00000000,0.80632360,0.34466183,1.83838903,not_aligned,0,0,2.00000000
1131,5_2_6,sync,filter_l0.00,0.00,0.99000000,1,72,1,128,0,0.25666667,0.93623985,0.44553299,0.15501598,S=0,0,0,0.00000000
1131,5_2_6,sync,filter_l0.02,0.02,0.89000000,0,45,1,196,0,0.04000000,0.23321074,0.09174947,0.32124922,S=0,0,0,0.00000000
1131,5_2_6,sync,filter_l0.05,0.05,0.87000000,0,45,1,196,0,0.07000000,0.32231493,0.14223584,0.56047433,S=0,0,0,0.00000000
1131,5_2_6,sync,filter_l0.10,0.10,0.85000000,0,32,0,,1,0.10000000,0.45946630,0.21084315,0.79398030,not_aligned,0,0,0.00000000
1131,5_2_6,sync,filter_l0.20,0.20,0.66000000,0,11,0,,1,0.22666667,0.78645927,0.37251885,1.07989647,not_aligned,0,0,0.22222222
1131,5_2_6,sync,filter_l0.50,0.50,0.42000000,0,8,0,,1,0.44000000,1.22064738,0.56975756,1.46494546,not_aligned,0,0,0.88888889
1131,5_2_6,sync,filter_l1.00,1.00,0.15000000,0,6,0,,1,0.66000000,1.80522863,0.75887716,1.78289706,not_aligned,0,0,0.66666667
1131,5_2_6,seq_ABC,hard,,1.00000000,1,194,1,6,0,0.00000000,0.00000000,0.00000000,0.00000000,S=0,0,0,0.00000000
1131,5_2_6,seq_ABC,smooth,,0.47000000,0,17,0,,1,0.00000000,0.80632360,0.34466183,1.83838903,not_aligned,0,0,2.00000000
1131,5_2_6,seq_ABC,filter_l0.00,0.00,1.00000000,1,155,1,45,0,0.00000000,0.00531261,0.00134134,0.01626958,S=0,0,0,0.00000000
1131,5_2_6,seq_ABC,filter_l0.02,0.02,0.89000000,0,45,1,196,0,0.04000000,0.23440034,0.09186050,0.32441945,S=0,0,0,0.00000000
1131,5_2_6,seq_ABC,filter_l0.05,0.05,0.85000000,0,30,1,196,0,0.08000000,0.35098159,0.15736408,0.56277381,S=0,0,0,0.00000000
1131,5_2_6,seq_ABC,filter_l0.10,0.10,0.83000000,0,18,0,,1,0.11000000,0.48665938,0.22925587,0.80399725,not_aligned,0,0,0.00000000
1131,5_2_6,seq_ABC,filter_l0.20,0.20,0.68000000,0,17,0,,1,0.23666667,0.77418344,0.37127061,1.08735821,not_aligned,0,0,0.22222222
1131,5_2_6,seq_ABC,filter_l0.50,0.50,0.42000000,0,12,0,,1,0.45333333,1.22526395,0.58239434,1.46798552,not_aligned,0,0,0.66666667
1131,5_2_6,seq_ABC,filter_l1.00,1.00,0.28000000,0,5,0,,1,0.61333333,1.60243698,0.70652844,1.74481333,not_aligned,0,0,0.88888889
1132,5_2_6,sync,hard,,0.00000000,0,0,0,,1,0.00000000,0.00000000,0.00000000,0.00000000,not_aligned,0,0,0.22222222
1132,5_2_6,sync,smooth,,0.45000000,0,12,0,,1,0.00000000,0.80632360,0.34466183,1.83838903,not_aligned,0,0,0.00000000
1132,5_2_6,sync,filter_l0.00,0.00,1.00000000,1,153,1,47,0,0.13666667,0.38277090,0.23426610,0.05574819,S=0,0,0,0.00000000
1132,5_2_6,sync,filter_l0.02,0.02,0.88000000,0,29,1,193,0,0.12666667,0.36338668,0.19103431,0.55015672,S=0,0,0,0.00000000
1132,5_2_6,sync,filter_l0.05,0.05,0.71000000,0,13,1,193,0,0.24000000,0.68788450,0.35366464,0.83478958,S=0,0,0,0.00000000
1132,5_2_6,sync,filter_l0.10,0.10,0.63000000,0,9,0,,1,0.34000000,0.91472474,0.45963698,1.02524648,not_aligned,0,0,0.00000000
1132,5_2_6,sync,filter_l0.20,0.20,0.57000000,0,11,0,,1,0.40000000,1.09127189,0.53344505,1.23954878,not_aligned,0,0,0.00000000
1132,5_2_6,sync,filter_l0.50,0.50,0.39000000,0,13,0,,1,0.53333333,1.40504720,0.64042721,1.52794601,not_aligned,0,0,0.00000000
1132,5_2_6,sync,filter_l1.00,1.00,0.26000000,0,4,0,,1,0.66333333,1.73295648,0.74129434,1.76357830,not_aligned,0,0,0.22222222
1132,5_2_6,seq_ABC,hard,,1.00000000,1,190,1,10,0,0.00000000,0.00000000,0.00000000,0.00000000,S=0,0,0,0.00000000
1132,5_2_6,seq_ABC,smooth,,0.62000000,0,16,0,,1,0.00000000,0.80632360,0.34466183,1.83838903,not_aligned,0,0,0.00000000
1132,5_2_6,seq_ABC,filter_l0.00,0.00,1.00000000,1,188,1,12,0,0.13333333,0.25692907,0.18678143,0.07083073,S=0,0,0,0.00000000
1132,5_2_6,seq_ABC,filter_l0.02,0.02,0.87000000,0,31,1,193,0,0.16666667,0.41550938,0.23048395,0.55048413,S=0,0,0,0.00000000
1132,5_2_6,seq_ABC,filter_l0.05,0.05,0.86000000,0,20,1,193,0,0.22333333,0.57012900,0.30621972,0.80381858,S=0,0,0,0.00000000
1132,5_2_6,seq_ABC,filter_l0.10,0.10,0.60000000,0,13,0,,1,0.35000000,0.89724896,0.46235533,1.06053382,not_aligned,0,0,0.00000000
1132,5_2_6,seq_ABC,filter_l0.20,0.20,0.58000000,0,13,0,,1,0.42000000,1.07605381,0.53070519,1.23752083,not_aligned,0,0,0.22222222
1132,5_2_6,seq_ABC,filter_l0.50,0.50,0.36000000,0,17,0,,1,0.55666667,1.42333936,0.64870983,1.52986171,not_aligned,0,0,0.00000000
1132,5_2_6,seq_ABC,filter_l1.00,1.00,0.22000000,0,3,0,,1,0.66666667,1.73744809,0.74447518,1.76161675,not_aligned,0,0,0.00000000
1133,5_2_6,sync,hard,,0.00000000,0,1,0,,1,0.00000000,0.00000000,0.00000000,0.00000000,not_aligned,0,0,0.22222222
1133,5_2_6,sync,smooth,,0.43000000,0,14,0,,1,0.00000000,0.80632360,0.34466183,1.83838903,not_aligned,0,0,0.22222222
1133,5_2_6,sync,filter_l0.00,0.00,1.00000000,1,179,1,21,0,0.00000000,0.00006745,0.00000018,0.00053146,S=0,0,0,0.00000000
1133,5_2_6,sync,filter_l0.02,0.02,0.90000000,0,34,1,193,0,0.04000000,0.23772746,0.09488687,0.39733243,S=0,0,0,0.00000000
1133,5_2_6,sync,filter_l0.05,0.05,0.79000000,0,25,1,194,0,0.11000000,0.43859257,0.20664877,0.66863365,S=0,0,0,0.00000000
1133,5_2_6,sync,filter_l0.10,0.10,0.74000000,0,19,1,197,0,0.18000000,0.63276067,0.30875799,0.91673604,S=0,0,0,0.00000000
1133,5_2_6,sync,filter_l0.20,0.20,0.47000000,0,19,1,197,0,0.41000000,1.06106905,0.53293980,1.21093588,S=0,0,0,0.00000000
1133,5_2_6,sync,filter_l0.50,0.50,0.31000000,0,9,0,,1,0.53000000,1.37988847,0.63917379,1.53601411,not_aligned,0,0,0.22222222
1133,5_2_6,sync,filter_l1.00,1.00,0.20000000,0,5,0,,1,0.64000000,1.71261545,0.74124779,1.76026901,not_aligned,0,0,0.66666667
1133,5_2_6,seq_ABC,hard,,1.00000000,1,190,1,10,0,0.00000000,0.00000000,0.00000000,0.00000000,S=0,0,0,0.00000000
1133,5_2_6,seq_ABC,smooth,,0.31000000,0,10,0,,1,0.00000000,0.80632360,0.34466183,1.83838903,not_aligned,0,0,4.66666667
1133,5_2_6,seq_ABC,filter_l0.00,0.00,1.00000000,1,179,1,21,0,0.00000000,0.00018713,0.00000135,0.00128210,S=0,0,0,0.00000000
1133,5_2_6,seq_ABC,filter_l0.02,0.02,0.90000000,0,34,1,193,0,0.04000000,0.24039097,0.09479130,0.39533352,S=0,0,0,0.00000000
1133,5_2_6,seq_ABC,filter_l0.05,0.05,0.81000000,0,25,1,194,0,0.11000000,0.43911461,0.20480478,0.67512381,S=0,0,0,0.00000000
1133,5_2_6,seq_ABC,filter_l0.10,0.10,0.75000000,0,20,1,197,0,0.20666667,0.67224134,0.32819674,0.92458790,S=0,0,0,0.00000000
1133,5_2_6,seq_ABC,filter_l0.20,0.20,0.53000000,0,19,1,197,0,0.38000000,1.01415898,0.49508941,1.20290632,S=0,0,0,0.00000000
1133,5_2_6,seq_ABC,filter_l0.50,0.50,0.33000000,0,6,0,,1,0.51666667,1.35676788,0.62416660,1.53443866,not_aligned,0,0,0.00000000
1133,5_2_6,seq_ABC,filter_l1.00,1.00,0.27000000,0,6,0,,1,0.64333333,1.69862929,0.73099687,1.75497762,not_aligned,0,0,0.88888889
1134,5_2_6,sync,hard,,0.00000000,0,1,0,,1,0.00000000,0.00000000,0.00000000,0.00000000,not_aligned,0,0,0.22222222
1134,5_2_6,sync,smooth,,0.43000000,0,11,0,,1,0.00000000,0.80632360,0.34466183,1.83838903,not_aligned,0,0,0.00000000
1134,5_2_6,sync,filter_l0.00,0.00,1.00000000,1,187,1,13,0,0.00000000,0.00321514,0.00017664,0.01555032,S=0,0,0,0.00000000
1134,5_2_6,sync,filter_l0.02,0.02,0.84000000,0,32,1,191,0,0.17666667,0.46409186,0.25351417,0.57925052,S=0,0,0,0.00000000
1134,5_2_6,sync,filter_l0.05,0.05,0.76000000,0,19,1,189,0,0.27000000,0.77816974,0.40405923,0.78959016,S=0,0,0,0.00000000
1134,5_2_6,sync,filter_l0.10,0.10,0.63000000,0,13,1,191,0,0.39000000,0.96688939,0.48494513,1.05621970,S=0,0,0,0.00000000
1134,5_2_6,sync,filter_l0.20,0.20,0.58000000,0,14,1,191,0,0.45333333,1.14445825,0.55266693,1.26999034,S=0,0,0,0.00000000
1134,5_2_6,sync,filter_l0.50,0.50,0.38000000,0,6,1,198,0,0.56333333,1.43770922,0.66178566,1.56399899,S=0,0,0,0.00000000
1134,5_2_6,sync,filter_l1.00,1.00,0.27000000,0,8,1,199,0,0.66000000,1.73976117,0.74386773,1.78046376,S=0,0,0,0.22222222
1134,5_2_6,seq_ABC,hard,,1.00000000,1,194,1,6,0,0.00000000,0.00000000,0.00000000,0.00000000,S=0,0,0,0.00000000
1134,5_2_6,seq_ABC,smooth,,0.45000000,0,13,1,191,0,0.00000000,0.80632360,0.34466183,1.83838903,S=0,0,0,0.00000000
1134,5_2_6,seq_ABC,filter_l0.00,0.00,1.00000000,1,182,1,18,0,0.00000000,0.00128246,0.00002535,0.00757877,S=0,0,0,0.00000000
1134,5_2_6,seq_ABC,filter_l0.02,0.02,0.84000000,0,42,1,191,0,0.17000000,0.47378221,0.25143193,0.58357335,S=0,0,0,0.00000000
1134,5_2_6,seq_ABC,filter_l0.05,0.05,0.79000000,0,19,1,191,0,0.27333333,0.70937594,0.36623486,0.81251635,S=0,0,0,0.00000000
1134,5_2_6,seq_ABC,filter_l0.10,0.10,0.64000000,0,13,1,190,0,0.41333333,1.00408030,0.50760767,1.05181902,S=0,0,0,0.00000000
1134,5_2_6,seq_ABC,filter_l0.20,0.20,0.48000000,0,14,1,188,0,0.49000000,1.24811141,0.59868982,1.30077304,S=0,0,0,0.00000000
1134,5_2_6,seq_ABC,filter_l0.50,0.50,0.34000000,0,7,1,198,0,0.56333333,1.44909273,0.66581238,1.56751965,S=0,0,0,0.00000000
1134,5_2_6,seq_ABC,filter_l1.00,1.00,0.40000000,0,7,1,199,0,0.65333333,1.73592740,0.74255397,1.78157836,S=0,0,0,0.22222222
1135,5_2_6,sync,hard,,1.00000000,1,180,1,20,0,0.00000000,0.00000000,0.00000000,0.00000000,S=0,0,0,0.00000000
1135,5_2_6,sync,smooth,,0.46000000,0,14,0,,1,0.00000000,0.80632360,0.34466183,1.83838903,not_aligned,0,0,0.00000000
1135,5_2_6,sync,filter_l0.00,0.00,1.00000000,1,123,1,77,0,0.00333333,0.03853207,0.01675288,0.08224328,S=0,0,0,0.00000000
1135,5_2_6,sync,filter_l0.02,0.02,0.90000000,0,31,1,196,0,0.03333333,0.23386635,0.08684289,0.35954118,S=0,0,0,0.00000000
1135,5_2_6,sync,filter_l0.05,0.05,0.92000000,0,37,1,196,0,0.05000000,0.30309940,0.12774368,0.59284356,S=0,0,0,0.00000000
1135,5_2_6,sync,filter_l0.10,0.10,0.79000000,0,20,1,196,0,0.19000000,0.59178109,0.28970952,0.85092976,S=0,0,0,0.00000000
1135,5_2_6,sync,filter_l0.20,0.20,0.70000000,0,15,1,196,0,0.28333333,0.86142099,0.40807998,1.10273595,S=0,0,0,0.00000000
1135,5_2_6,sync,filter_l0.50,0.50,0.55000000,0,9,1,196,0,0.42666667,1.24944447,0.57098567,1.47179541,S=0,0,0,0.00000000
1135,5_2_6,sync,filter_l1.00,1.00,0.30000000,0,4,1,197,0,0.62333333,1.66494775,0.71624618,1.74517454,S=0,0,0,0.00000000
1135,5_2_6,seq_ABC,hard,,1.00000000,1,194,1,6,0,0.00000000,0.00000000,0.00000000,0.00000000,S=0,0,0,0.00000000
1135,5_2_6,seq_ABC,smooth,,0.54000000,0,14,0,,1,0.00000000,0.80632360,0.34466183,1.83838903,not_aligned,0,0,0.00000000
1135,5_2_6,seq_ABC,filter_l0.00,0.00,1.00000000,1,123,1,77,0,0.00333333,0.02531138,0.01300342,0.04460632,S=0,0,0,0.00000000
1135,5_2_6,seq_ABC,filter_l0.02,0.02,0.94000000,0,41,1,181,0,0.03333333,0.19957251,0.07455554,0.36696124,S=0,0,0,0.00000000
1135,5_2_6,seq_ABC,filter_l0.05,0.05,0.90000000,0,42,1,197,0,0.08333333,0.35991343,0.16405137,0.61064094,S=0,0,0,0.00000000
1135,5_2_6,seq_ABC,filter_l0.10,0.10,0.82000000,0,20,0,,1,0.16666667,0.57444062,0.28107735,0.84020098,not_aligned,0,0,0.00000000
1135,5_2_6,seq_ABC,filter_l0.20,0.20,0.70000000,0,14,1,196,0,0.26666667,0.86124724,0.40839902,1.09498350,S=0,0,0,0.00000000
1135,5_2_6,seq_ABC,filter_l0.50,0.50,0.48000000,0,9,1,194,0,0.44333333,1.27519323,0.58564648,1.47944293,S=0,0,0,0.00000000
1135,5_2_6,seq_ABC,filter_l1.00,1.00,0.13000000,0,5,0,,1,0.67000000,1.82351756,0.77194540,1.80058573,not_aligned,0,0,0.00000000
1136,5_2_6,sync,hard,,0.00000000,0,1,0,,1,0.00000000,0.00000000,0.00000000,0.00000000,not_aligned,0,0,0.22222222
1136,5_2_6,sync,smooth,,0.18000000,0,11,1,199,0,0.00000000,0.80632360,0.34466183,1.83838903,S=8,0,0,0.22222222
1136,5_2_6,sync,filter_l0.00,0.00,1.00000000,1,134,1,66,0,0.00000000,0.00001709,0.00000002,0.00015779,S=0,0,0,0.00000000
1136,5_2_6,sync,filter_l0.02,0.02,0.91000000,0,44,1,193,0,0.03333333,0.19550127,0.07154994,0.29736274,S=0,0,0,0.00000000
1136,5_2_6,sync,filter_l0.05,0.05,0.87000000,0,44,1,193,0,0.05333333,0.31998504,0.13284020,0.54671836,S=0,0,0,0.00000000
1136,5_2_6,sync,filter_l0.10,0.10,0.83000000,0,27,1,193,0,0.09000000,0.46103444,0.20662812,0.80618607,S=0,0,0,0.00000000
1136,5_2_6,sync,filter_l0.20,0.20,0.64000000,0,27,0,,1,0.24333333,0.78137983,0.39040137,1.12701178,not_aligned,0,0,0.00000000
1136,5_2_6,sync,filter_l0.50,0.50,0.47000000,0,7,0,,1,0.47333333,1.19263411,0.56992886,1.49468345,not_aligned,0,0,0.00000000
1136,5_2_6,sync,filter_l1.00,1.00,0.32000000,0,3,0,,1,0.60333333,1.60515192,0.70698429,1.75725662,not_aligned,0,0,0.22222222
1136,5_2_6,seq_ABC,hard,,1.00000000,1,188,1,12,0,0.00000000,0.00000000,0.00000000,0.00000000,S=0,0,0,0.00000000
1136,5_2_6,seq_ABC,smooth,,0.28000000,0,7,1,199,0,0.00000000,0.80632360,0.34466183,1.83838903,S=8,0,0,0.22222222
1136,5_2_6,seq_ABC,filter_l0.00,0.00,0.63000000,0,46,0,,1,0.12000000,2.10970448,0.23999882,0.00115933,not_aligned,0,0,0.22222222
1136,5_2_6,seq_ABC,filter_l0.02,0.02,0.91000000,0,43,1,193,0,0.03333333,0.20001689,0.07316226,0.30068143,S=0,0,0,0.00000000
1136,5_2_6,seq_ABC,filter_l0.05,0.05,0.89000000,0,43,1,193,0,0.04333333,0.30032495,0.12280173,0.56286567,S=0,0,0,0.00000000
1136,5_2_6,seq_ABC,filter_l0.10,0.10,0.64000000,0,9,1,199,0,0.39666667,0.88979859,0.50741273,0.99729580,S=8,0,0,0.22222222
1136,5_2_6,seq_ABC,filter_l0.20,0.20,0.59000000,0,9,1,197,0,0.44333333,1.04511476,0.55239543,1.22093325,S=8,0,0,0.00000000
1136,5_2_6,seq_ABC,filter_l0.50,0.50,0.48000000,0,7,0,,1,0.50666667,1.22811441,0.59035607,1.49417871,not_aligned,0,0,0.00000000
1136,5_2_6,seq_ABC,filter_l1.00,1.00,0.32000000,0,4,0,,1,0.62333333,1.61185671,0.71023208,1.75920034,not_aligned,0,0,0.00000000
1137,5_2_6,sync,hard,,0.00000000,0,1,0,,1,0.00000000,0.00000000,0.00000000,0.00000000,not_aligned,0,0,0.22222222
1137,5_2_6,sync,smooth,,0.25000000,0,13,0,,1,0.00000000,0.80632360,0.34466183,1.83838903,not_aligned,0,0,0.00000000
1137,5_2_6,sync,filter_l0.00,0.00,1.00000000,1,190,1,10,0,0.00000000,0.00007656,0.00000020,0.00064817,S=0,0,0,0.00000000
1137,5_2_6,sync,filter_l0.02,0.02,0.82000000,0,31,1,191,0,0.11333333,0.41263009,0.19498968,0.58660844,S=0,0,0,0.00000000
1137,5_2_6,sync,filter_l0.05,0.05,0.66000000,0,21,0,,1,0.28666667,0.73054971,0.38485537,0.88418900,not_aligned,0,0,0.00000000
1137,5_2_6,sync,filter_l0.10,0.10,0.52000000,0,20,0,,1,0.48333333,1.09473833,0.55107044,1.10558943,not_aligned,0,0,0.00000000
1137,5_2_6,sync,filter_l0.20,0.20,0.38000000,0,8,0,,1,0.54000000,1.29744838,0.62147819,1.32578177,not_aligned,0,0,0.00000000
1137,5_2_6,sync,filter_l0.50,0.50,0.37000000,0,7,0,,1,0.54000000,1.42978467,0.65690167,1.58141459,not_aligned,0,0,0.00000000
1137,5_2_6,sync,filter_l1.00,1.00,0.12000000,0,4,0,,1,0.65666667,1.75324779,0.76366401,1.81652741,not_aligned,0,0,0.66666667
1137,5_2_6,seq_ABC,hard,,1.00000000,1,193,1,7,0,0.00000000,0.00000000,0.00000000,0.00000000,S=0,0,0,0.00000000
1137,5_2_6,seq_ABC,smooth,,0.19000000,0,9,1,199,0,0.00000000,0.80632360,0.34466183,1.83838903,S=8,0,0,0.22222222
1137,5_2_6,seq_ABC,filter_l0.00,0.00,1.00000000,1,187,1,13,0,0.00000000,0.00007656,0.00000020,0.00064817,S=0,0,0,0.00000000
1137,5_2_6,seq_ABC,filter_l0.02,0.02,0.80000000,0,31,1,191,0,0.12000000,0.43564099,0.20610950,0.60534391,S=0,0,0,0.00000000
1137,5_2_6,seq_ABC,filter_l0.05,0.05,0.65000000,0,18,0,,1,0.27666667,0.71626795,0.37031982,0.86783738,not_aligned,0,0,0.00000000
1137,5_2_6,seq_ABC,filter_l0.10,0.10,0.41000000,0,14,0,,1,0.52000000,1.22994312,0.60615303,1.16984526,not_aligned,0,0,0.00000000
1137,5_2_6,seq_ABC,filter_l0.20,0.20,0.44000000,0,8,0,,1,0.50333333,1.25140598,0.61013985,1.30109451,not_aligned,0,0,0.00000000
1137,5_2_6,seq_ABC,filter_l0.50,0.50,0.29000000,0,7,0,,1,0.58000000,1.48279760,0.68422908,1.59330788,not_aligned,0,0,0.00000000
1137,5_2_6,seq_ABC,filter_l1.00,1.00,0.17000000,0,4,0,,1,0.65333333,1.75020906,0.75686500,1.81089351,not_aligned,0,0,0.22222222
1138,5_2_6,sync,hard,,0.00000000,0,1,0,,1,0.00000000,0.00000000,0.00000000,0.00000000,not_aligned,0,0,0.22222222
1138,5_2_6,sync,smooth,,0.50000000,0,15,0,,1,0.00000000,0.80632360,0.34466183,1.83838903,not_aligned,0,0,0.88888889
1138,5_2_6,sync,filter_l0.00,0.00,0.24000000,0,3,0,,1,0.36333333,4.39159966,0.68253898,0.13586490,not_aligned,0,0,0.00000000
1138,5_2_6,sync,filter_l0.02,0.02,0.86000000,0,24,1,198,0,0.20333333,0.50634181,0.25905977,0.54296470,S=0,0,0,0.00000000
1138,5_2_6,sync,filter_l0.05,0.05,0.72000000,0,15,1,198,0,0.35000000,0.87180105,0.46987178,0.79140264,S=0,0,0,0.00000000
1138,5_2_6,sync,filter_l0.10,0.10,0.59000000,0,8,1,198,0,0.44666667,1.05514060,0.55028296,1.05074241,S=0,0,0,0.00000000
1138,5_2_6,sync,filter_l0.20,0.20,0.44000000,0,10,1,198,0,0.53000000,1.25899529,0.61955368,1.31170284,S=0,0,0,0.00000000
1138,5_2_6,sync,filter_l0.50,0.50,0.44000000,0,7,0,,1,0.49333333,1.31915351,0.61214688,1.49916136,not_aligned,0,0,0.22222222
1138,5_2_6,sync,filter_l1.00,1.00,0.04000000,0,4,1,199,0,0.71666667,1.92041735,0.82970201,1.86040004,S=0,0,0,0.22222222
1138,5_2_6,seq_ABC,hard,,1.00000000,1,187,1,13,0,0.00000000,0.00000000,0.00000000,0.00000000,S=0,0,0,0.00000000
1138,5_2_6,seq_ABC,smooth,,0.55000000,0,10,0,,1,0.00000000,0.80632360,0.34466183,1.83838903,not_aligned,0,0,0.22222222
1138,5_2_6,seq_ABC,filter_l0.00,0.00,0.10000000,0,16,0,,1,0.40666667,3.53684320,0.73580365,0.08338061,not_aligned,0,0,0.22222222
1138,5_2_6,seq_ABC,filter_l0.02,0.02,0.86000000,0,36,1,198,0,0.21333333,0.53993595,0.28697409,0.54696142,S=0,0,0,0.00000000
1138,5_2_6,seq_ABC,filter_l0.05,0.05,0.70000000,0,15,1,198,0,0.35666667,0.90694029,0.48788141,0.80758378,S=0,0,0,0.00000000
1138,5_2_6,seq_ABC,filter_l0.10,0.10,0.75000000,0,17,0,,1,0.22666667,0.70040243,0.34574353,0.92783017,not_aligned,0,0,0.22222222
1138,5_2_6,seq_ABC,filter_l0.20,0.20,0.60000000,0,10,0,,1,0.35333333,0.94938663,0.46707184,1.19891031,not_aligned,0,0,0.22222222
1138,5_2_6,seq_ABC,filter_l0.50,0.50,0.36000000,0,6,0,,1,0.59333333,1.47646653,0.68130061,1.56365020,not_aligned,0,0,0.66666667
1138,5_2_6,seq_ABC,filter_l1.00,1.00,0.12000000,0,4,1,199,0,0.70666667,1.79373715,0.77911466,1.79905355,S=0,0,0,0.22222222
1139,5_2_6,sync,hard,,0.00000000,0,1,0,,1,0.00000000,0.00000000,0.00000000,0.00000000,not_aligned,0,0,0.22222222
1139,5_2_6,sync,smooth,,0.32000000,0,12,1,197,0,0.00000000,0.80632360,0.34466183,1.83838903,S=8,0,0,0.00000000
1139,5_2_6,sync,filter_l0.00,0.00,1.00000000,1,153,1,47,0,0.00000000,0.00000632,0.00000000,0.00006636,S=0,0,0,0.00000000
1139,5_2_6,sync,filter_l0.02,0.02,0.96000000,0,47,1,190,0,0.01333333,0.12622068,0.03882202,0.27866035,S=0,0,0,0.00000000
1139,5_2_6,sync,filter_l0.05,0.05,0.94000000,0,42,1,190,0,0.05000000,0.24951312,0.10288879,0.52542163,S=0,0,0,0.00000000
1139,5_2_6,sync,filter_l0.10,0.10,0.89000000,0,27,1,190,0,0.07666667,0.40630220,0.18199989,0.75514867,S=0,0,0,0.00000000
1139,5_2_6,sync,filter_l0.20,0.20,0.75000000,0,11,1,199,0,0.17333333,0.69006377,0.33099547,1.03581447,S=0,0,0,0.22222222
1139,5_2_6,sync,filter_l0.50,0.50,0.52000000,0,7,0,,1,0.45666667,1.18499195,0.56475722,1.44205970,not_aligned,0,0,0.22222222
1139,5_2_6,sync,filter_l1.00,1.00,0.32000000,0,4,1,199,0,0.62666667,1.57958486,0.70440293,1.72838161,S=0,0,0,0.22222222
1139,5_2_6,seq_ABC,hard,,1.00000000,1,189,1,11,0,0.00000000,0.00000000,0.00000000,0.00000000,S=0,0,0,0.00000000
1139,5_2_6,seq_ABC,smooth,,0.49000000,0,26,0,,1,0.00000000,0.80632360,0.34466183,1.83838903,not_aligned,0,0,0.66666667
1139,5_2_6,seq_ABC,filter_l0.00,0.00,1.00000000,1,153,1,47,0,0.00000000,0.00000632,0.00000000,0.00006636,S=0,0,0,0.00000000
1139,5_2_6,seq_ABC,filter_l0.02,0.02,0.96000000,0,46,1,190,0,0.01333333,0.12818795,0.03873521,0.27665243,S=0,0,0,0.00000000
1139,5_2_6,seq_ABC,filter_l0.05,0.05,0.94000000,0,29,1,190,0,0.03000000,0.23208372,0.08944601,0.51707001,S=0,0,0,0.00000000
1139,5_2_6,seq_ABC,filter_l0.10,0.10,0.87000000,0,22,1,186,0,0.06666667,0.42000750,0.18669838,0.76506381,S=0,0,0,0.00000000
1139,5_2_6,seq_ABC,filter_l0.20,0.20,0.75000000,0,16,1,199,0,0.20333333,0.71551489,0.34324567,1.05555755,S=0,0,0,0.22222222
1139,5_2_6,seq_ABC,filter_l0.50,0.50,0.52000000,0,7,1,199,0,0.42000000,1.13313327,0.53747412,1.43728807,S=0,0,0,0.22222222
1139,5_2_6,seq_ABC,filter_l1.00,1.00,0.26000000,0,4,0,,1,0.58666667,1.56883354,0.69245211,1.73149705,not_aligned,0,0,0.22222222
1140,5_2_6,sync,hard,,1.00000000,1,180,1,20,0,0.00000000,0.00000000,0.00000000,0.00000000,S=0,0,0,0.00000000
1140,5_2_6,sync,smooth,,0.36000000,0,11,1,198,0,0.00000000,0.80632360,0.34466183,1.83838903,S=8,0,0,0.00000000
1140,5_2_6,sync,filter_l0.00,0.00,1.00000000,1,150,1,50,0,0.00000000,0.00048454,0.00001167,0.00274262,S=0,0,0,0.00000000
1140,5_2_6,sync,filter_l0.02,0.02,0.89000000,0,24,1,181,0,0.04000000,0.20673566,0.07924677,0.26307567,S=0,0,0,0.00000000
1140,5_2_6,sync,filter_l0.05,0.05,0.91000000,0,23,1,189,0,0.03666667,0.23215764,0.08978718,0.47677851,S=0,0,0,0.00000000
1140,5_2_6,sync,filter_l0.10,0.10,0.85000000,0,19,1,199,0,0.06333333,0.39519512,0.17253704,0.74190213,S=0,0,0,0.22222222
1140,5_2_6,sync,filter_l0.20,0.20,0.71000000,0,16,1,199,0,0.19000000,0.69410082,0.33580100,1.05647702,S=0,0,0,0.22222222
1140,5_2_6,sync,filter_l0.50,0.50,0.38000000,0,5,0,,1,0.59333333,1.47209750,0.68118025,1.61846883,not_aligned,0,0,0.22222222
1140,5_2_6,sync,filter_l1.00,1.00,0.34000000,0,8,0,,1,0.57000000,1.58299694,0.68552918,1.73077782,not_aligned,0,0,0.22222222
1140,5_2_6,seq_ABC,hard,,1.00000000,1,191,1,9,0,0.00000000,0.00000000,0.00000000,0.00000000,S=0,0,0,0.00000000
1140,5_2_6,seq_ABC,smooth,,0.45000000,0,12,0,,1,0.00000000,0.80632360,0.34466183,1.83838903,not_aligned,0,0,0.22222222
1140,5_2_6,seq_ABC,filter_l0.00,0.00,0.18000000,0,13,0,,1,0.44333333,4.34172111,0.74462743,0.26410785,not_aligned,0,0,0.22222222
1140,5_2_6,seq_ABC,filter_l0.02,0.02,0.83000000,0,22,1,181,0,0.10333333,0.38255999,0.17033579,0.34423185,S=0,0,0,0.00000000
1140,5_2_6,seq_ABC,filter_l0.05,0.05,0.55000000,0,13,1,199,0,0.40666667,1.02284546,0.53871833,0.93660613,S=8,0,0,0.22222222
1140,5_2_6,seq_ABC,filter_l0.10,0.10,0.52000000,0,16,1,199,0,0.53333333,1.18707641,0.60913190,1.16768866,S=8,0,0,0.22222222
1140,5_2_6,seq_ABC,filter_l0.20,0.20,0.51000000,0,7,1,199,0,0.53000000,1.25547676,0.63056907,1.34579610,S=8,0,0,0.22222222
1140,5_2_6,seq_ABC,filter_l0.50,0.50,0.55000000,0,15,1,199,0,0.36333333,1.10388542,0.51822076,1.45542112,S=0,0,0,0.22222222
1140,5_2_6,seq_ABC,filter_l1.00,1.00,0.28000000,0,8,0,,1,0.56000000,1.59764127,0.69013417,1.74434797,not_aligned,0,0,0.22222222
1141,5_2_6,sync,hard,,0.00000000,0,1,0,,1,0.00000000,0.00000000,0.00000000,0.00000000,not_aligned,0,0,0.22222222
1141,5_2_6,sync,smooth,,0.48000000,0,12,0,,1,0.00000000,0.80632360,0.34466183,1.83838903,not_aligned,0,0,1.55555556
1141,5_2_6,sync,filter_l0.00,0.00,1.00000000,1,154,1,46,0,0.00000000,0.00270119,0.00051907,0.00944770,S=0,0,0,0.00000000
1141,5_2_6,sync,filter_l0.02,0.02,0.86000000,0,18,1,198,0,0.12333333,0.37947556,0.18415352,0.42558485,S=0,0,0,0.00000000
1141,5_2_6,sync,filter_l0.05,0.05,0.81000000,0,11,0,,1,0.17000000,0.51946435,0.25206129,0.65414154,not_aligned,0,0,0.00000000
1141,5_2_6,sync,filter_l0.10,0.10,0.79000000,0,16,1,198,0,0.20000000,0.64413536,0.29855414,0.86859688,S=0,0,0,0.00000000
1141,5_2_6,sync,filter_l0.20,0.20,0.60000000,0,16,1,199,0,0.31000000,0.94014381,0.45254542,1.18121467,S=0,0,0,0.22222222
1141,5_2_6,sync,filter_l0.50,0.50,0.35000000,0,6,0,,1,0.49000000,1.32489750,0.61109182,1.56638007,not_aligned,0,0,1.55555556
1141,5_2_6,sync,filter_l1.00,1.00,0.22000000,0,6,0,,1,0.62000000,1.69750012,0.73302959,1.78298884,not_aligned,0,0,0.88888889
1141,5_2_6,seq_ABC,hard,,1.00000000,1,189,1,11,0,0.00000000,0.00000000,0.00000000,0.00000000,S=0,0,0,0.00000000
1141,5_2_6,seq_ABC,smooth,,0.38000000,0,12,0,,1,0.00000000,0.80632360,0.34466183,1.83838903,not_aligned,0,0,1.55555556
1141,5_2_6,seq_ABC,filter_l0.00,0.00,1.00000000,1,134,1,66,0,0.00666667,0.01615844,0.00910037,0.02821949,S=0,0,0,0.00000000
1141,5_2_6,seq_ABC,filter_l0.02,0.02,0.86000000,0,16,1,198,0,0.14000000,0.39455843,0.19773669,0.44622383,S=0,0,0,0.00000000
1141,5_2_6,seq_ABC,filter_l0.05,0.05,0.82000000,0,16,1,199,0,0.18333333,0.54426685,0.26679547,0.68074683,S=0,0,0,0.22222222
1141,5_2_6,seq_ABC,filter_l0.10,0.10,0.79000000,0,16,0,,1,0.20666667,0.67177435,0.31547977,0.88297394,not_aligned,0,0,0.00000000
1141,5_2_6,seq_ABC,filter_l0.20,0.20,0.64000000,0,16,0,,1,0.35000000,0.94229689,0.45329281,1.18654675,not_aligned,0,0,1.55555556
1141,5_2_6,seq_ABC,filter_l0.50,0.50,0.38000000,0,7,0,,1,0.51000000,1.32345968,0.60757754,1.56083131,not_aligned,0,0,0.88888889
1141,5_2_6,seq_ABC,filter_l1.00,1.00,0.35000000,0,6,0,,1,0.61000000,1.65458544,0.71307513,1.76774092,not_aligned,0,0,1.55555556
1142,5_2_6,sync,hard,,0.00000000,0,1,0,,1,0.00000000,0.00000000,0.00000000,0.00000000,not_aligned,0,0,0.22222222
1142,5_2_6,sync,smooth,,0.32000000,0,9,1,197,0,0.00000000,0.80632360,0.34466183,1.83838903,S=0,0,0,0.00000000
1142,5_2_6,sync,filter_l0.00,0.00,1.00000000,1,175,1,25,0,0.00000000,0.00018623,0.00000073,0.00140910,S=0,0,0,0.00000000
1142,5_2_6,sync,filter_l0.02,0.02,0.90000000,0,20,1,196,0,0.03333333,0.21559410,0.08342533,0.36570983,S=0,0,0,0.00000000
1142,5_2_6,sync,filter_l0.05,0.05,0.90000000,0,18,1,196,0,0.05333333,0.31638231,0.13335230,0.62602187,S=0,0,0,0.00000000
1142,5_2_6,sync,filter_l0.10,0.10,0.86000000,0,40,1,196,0,0.15666667,0.55265456,0.26307112,0.88600111,S=0,0,0,0.00000000
1142,5_2_6,sync,filter_l0.20,0.20,0.79000000,0,16,1,198,0,0.25000000,0.83182181,0.39314657,1.14772004,S=0,0,0,0.00000000
1142,5_2_6,sync,filter_l0.50,0.50,0.59000000,0,13,1,199,0,0.43333333,1.25075309,0.57196654,1.50294295,S=0,0,0,0.22222222
1142,5_2_6,sync,filter_l1.00,1.00,0.25000000,0,5,0,,1,0.63000000,1.70334121,0.72991978,1.74829132,not_aligned,0,0,0.66666667
1142,5_2_6,seq_ABC,hard,,1.00000000,1,195,1,5,0,0.00000000,0.00000000,0.00000000,0.00000000,S=0,0,0,0.00000000
1142,5_2_6,seq_ABC,smooth,,0.25000000,0,10,1,198,0,0.00000000,0.80632360,0.34466183,1.83838903,S=0,0,0,0.00000000
1142,5_2_6,seq_ABC,filter_l0.00,0.00,1.00000000,1,175,1,25,0,0.00000000,0.00018623,0.00000073,0.00140910,S=0,0,0,0.00000000
1142,5_2_6,seq_ABC,filter_l0.02,0.02,0.91000000,0,33,1,196,0,0.03000000,0.21038707,0.07986026,0.36398972,S=0,0,0,0.00000000
1142,5_2_6,seq_ABC,filter_l0.05,0.05,0.91000000,0,33,1,196,0,0.05000000,0.31178201,0.13145843,0.61907489,S=0,0,0,0.00000000
1142,5_2_6,seq_ABC,filter_l0.10,0.10,0.86000000,0,22,1,196,0,0.13000000,0.50731636,0.23802488,0.87083043,S=0,0,0,0.00000000
1142,5_2_6,seq_ABC,filter_l0.20,0.20,0.74000000,0,15,1,198,0,0.25333333,0.83971315,0.39877817,1.15949886,S=0,0,0,0.00000000
1142,5_2_6,seq_ABC,filter_l0.50,0.50,0.60000000,0,14,1,199,0,0.44666667,1.24480902,0.56888997,1.50345877,S=0,0,0,0.22222222
1142,5_2_6,seq_ABC,filter_l1.00,1.00,0.22000000,0,5,0,,1,0.63000000,1.71972105,0.73815179,1.75936924,not_aligned,0,0,0.66666667
1143,5_2_6,sync,hard,,0.00000000,0,1,0,,1,0.00000000,0.00000000,0.00000000,0.00000000,not_aligned,0,0,0.22222222
1143,5_2_6,sync,smooth,,0.43000000,0,16,0,,1,0.00000000,0.80632360,0.34466183,1.83838903,not_aligned,0,0,0.22222222
1143,5_2_6,sync,filter_l0.00,0.00,0.57000000,1,32,1,168,0,0.83333333,3.96540689,1.33051020,0.36546274,S=0,0,0,0.00000000
1143,5_2_6,sync,filter_l0.02,0.02,0.90000000,0,21,0,,1,0.06666667,0.27353361,0.12935564,0.46948909,not_aligned,0,0,0.00000000
1143,5_2_6,sync,filter_l0.05,0.05,0.85000000,0,29,0,,1,0.09000000,0.37571467,0.17574538,0.69414663,not_aligned,0,0,0.22222222
1143,5_2_6,sync,filter_l0.10,0.10,0.84000000,0,21,0,,1,0.19000000,0.59350956,0.29941549,0.92322861,not_aligned,0,0,0.22222222
1143,5_2_6,sync,filter_l0.20,0.20,0.72000000,0,10,0,,1,0.32000000,0.86959411,0.43664238,1.16755089,not_aligned,0,0,0.22222222
1143,5_2_6,sync,filter_l0.50,0.50,0.51000000,0,6,0,,1,0.49000000,1.27833387,0.60830568,1.51735028,not_aligned,0,0,0.88888889
1143,5_2_6,sync,filter_l1.00,1.00,0.12000000,0,4,1,199,0,0.64333333,1.66385395,0.73334922,1.77818511,S=8,0,0,0.22222222
1143,5_2_6,seq_ABC,hard,,1.00000000,1,183,1,17,0,0.00000000,0.00000000,0.00000000,0.00000000,S=0,0,0,0.00000000
1143,5_2_6,seq_ABC,smooth,,0.59000000,0,18,0,,1,0.00000000,0.80632360,0.34466183,1.83838903,not_aligned,0,0,1.55555556
1143,5_2_6,seq_ABC,filter_l0.00,0.00,0.03000000,0,1,0,,1,0.54000000,6.72033092,0.97432159,0.20891070,not_aligned,0,0,0.66666667
1143,5_2_6,seq_ABC,filter_l0.02,0.02,0.94000000,0,22,0,,1,0.02666667,0.21669008,0.08408563,0.43465886,not_aligned,0,0,0.00000000
1143,5_2_6,seq_ABC,filter_l0.05,0.05,0.85000000,0,29,0,,1,0.09666667,0.39466362,0.18595743,0.69640424,not_aligned,0,0,0.22222222
1143,5_2_6,seq_ABC,filter_l0.10,0.10,0.83000000,0,25,0,,1,0.21000000,0.62326238,0.31807057,0.92972880,not_aligned,0,0,0.22222222
1143,5_2_6,seq_ABC,filter_l0.20,0.20,0.50000000,0,14,0,,1,0.50000000,1.11552215,0.57932583,1.23902499,not_aligned,0,0,0.22222222
1143,5_2_6,seq_ABC,filter_l0.50,0.50,0.54000000,0,6,1,199,0,0.49333333,1.29590713,0.62304572,1.52879728,other_aligned,0,0,0.88888889
1143,5_2_6,seq_ABC,filter_l1.00,1.00,0.20000000,0,4,0,,1,0.66333333,1.74702791,0.76566991,1.81216150,not_aligned,0,0,1.55555556
1144,5_2_6,sync,hard,,0.00000000,0,1,0,,1,0.00000000,0.00000000,0.00000000,0.00000000,not_aligned,0,0,0.22222222
1144,5_2_6,sync,smooth,,0.29000000,0,23,0,,1,0.00000000,0.80632360,0.34466183,1.83838903,not_aligned,0,0,1.55555556
1144,5_2_6,sync,filter_l0.00,0.00,1.00000000,1,149,1,51,0,0.00000000,0.00038252,0.00000447,0.00252743,S=0,0,0,0.00000000
1144,5_2_6,sync,filter_l0.02,0.02,0.92000000,0,26,1,191,0,0.02666667,0.17241801,0.06080732,0.28829115,S=0,0,0,0.00000000
1144,5_2_6,sync,filter_l0.05,0.05,0.88000000,0,23,1,193,0,0.04333333,0.28263825,0.11105243,0.54291243,S=0,0,0,0.00000000
1144,5_2_6,sync,filter_l0.10,0.10,0.76000000,0,12,1,191,0,0.11333333,0.48714601,0.22532885,0.81523021,S=0,0,0,0.00000000
1144,5_2_6,sync,filter_l0.20,0.20,0.66000000,0,17,1,199,0,0.21333333,0.75273004,0.36574419,1.09938528,S=0,0,0,0.22222222
1144,5_2_6,sync,filter_l0.50,0.50,0.46000000,0,11,1,198,0,0.41666667,1.20421987,0.57168428,1.47615654,S=0,0,0,0.00000000
1144,5_2_6,sync,filter_l1.00,1.00,0.21000000,0,5,1,196,0,0.59333333,1.59759848,0.70452067,1.74920728,S=0,0,0,0.00000000
1144,5_2_6,seq_ABC,hard,,1.00000000,1,184,1,16,0,0.00000000,0.00000000,0.00000000,0.00000000,S=0,0,0,0.00000000
1144,5_2_6,seq_ABC,smooth,,0.42000000,0,15,0,,1,0.00000000,0.80632360,0.34466183,1.83838903,not_aligned,0,0,1.55555556
1144,5_2_6,seq_ABC,filter_l0.00,0.00,1.00000000,1,149,1,51,0,0.00000000,0.00034348,0.00000423,0.00226512,S=0,0,0,0.00000000
1144,5_2_6,seq_ABC,filter_l0.02,0.02,0.92000000,0,23,1,191,0,0.02666667,0.17967656,0.06309460,0.29652173,S=0,0,0,0.00000000
1144,5_2_6,seq_ABC,filter_l0.05,0.05,0.84000000,0,17,1,191,0,0.06000000,0.32249232,0.13788343,0.55525127,S=0,0,0,0.00000000
1144,5_2_6,seq_ABC,filter_l0.10,0.10,0.77000000,0,15,1,193,0,0.11666667,0.49328950,0.22943488,0.81079745,S=0,0,0,0.00000000
1144,5_2_6,seq_ABC,filter_l0.20,0.20,0.59000000,0,13,0,,1,0.25666667,0.80843974,0.40250301,1.12486419,not_aligned,0,0,0.22222222
1144,5_2_6,seq_ABC,filter_l0.50,0.50,0.43000000,0,8,1,194,0,0.44666667,1.22427869,0.58597689,1.48024325,S=0,0,0,0.00000000
1144,5_2_6,seq_ABC,filter_l1.00,1.00,0.19000000,0,9,0,,1,0.58333333,1.61442946,0.71337154,1.76754653,not_aligned,0,0,0.88888889
1145,5_2_6,sync,hard,,0.00000000,0,1,0,,1,0.00000000,0.00000000,0.00000000,0.00000000,not_aligned,0,0,0.22222222
1145,5_2_6,sync,smooth,,0.46000000,0,7,1,199,0,0.00000000,0.80632360,0.34466183,1.83838903,S=0,0,0,0.22222222
1145,5_2_6,sync,filter_l0.00,0.00,1.00000000,1,109,1,91,0,0.00000000,0.00675544,0.00113156,0.02412801,S=0,0,0,0.00000000
1145,5_2_6,sync,filter_l0.02,0.02,0.88000000,0,20,1,198,0,0.04333333,0.23896846,0.10143977,0.35605892,S=0,0,0,0.00000000
1145,5_2_6,sync,filter_l0.05,0.05,0.79000000,0,16,1,198,0,0.12333333,0.43511966,0.20868208,0.64764233,S=0,0,0,0.00000000
1145,5_2_6,sync,filter_l0.10,0.10,0.71000000,0,16,1,198,0,0.22333333,0.66595195,0.33868989,0.90800461,S=0,0,0,0.00000000
1145,5_2_6,sync,filter_l0.20,0.20,0.59000000,0,12,0,,1,0.33000000,0.94814489,0.46634197,1.26281564,not_aligned,0,0,0.00000000
1145,5_2_6,sync,filter_l0.50,0.50,0.44000000,0,9,0,,1,0.46333333,1.26072486,0.58980456,1.51673426,not_aligned,0,0,0.88888889
1145,5_2_6,sync,filter_l1.00,1.00,0.21000000,0,5,0,,1,0.61333333,1.69572220,0.73615086,1.77770772,not_aligned,0,0,0.66666667
1145,5_2_6,seq_ABC,hard,,1.00000000,1,195,1,5,0,0.00000000,0.00000000,0.00000000,0.00000000,S=0,0,0,0.00000000
1145,5_2_6,seq_ABC,smooth,,0.34000000,0,7,1,197,0,0.00000000,0.80632360,0.34466183,1.83838903,S=8,0,0,0.00000000
1145,5_2_6,seq_ABC,filter_l0.00,0.00,0.01000000,0,2,0,,1,0.63333333,9.29670281,1.21921364,0.09308748,not_aligned,0,0,0.22222222
1145,5_2_6,seq_ABC,filter_l0.02,0.02,0.88000000,0,20,1,198,0,0.04333333,0.23880254,0.09925543,0.34938298,S=0,0,0,0.00000000
1145,5_2_6,seq_ABC,filter_l0.05,0.05,0.78000000,0,16,1,198,0,0.12666667,0.43197951,0.20645671,0.64742160,S=0,0,0,0.00000000
1145,5_2_6,seq_ABC,filter_l0.10,0.10,0.70000000,0,33,1,198,0,0.18333333,0.60331864,0.29353429,0.88277427,S=0,0,0,0.00000000
1145,5_2_6,seq_ABC,filter_l0.20,0.20,0.61000000,0,17,0,,1,0.28000000,0.88276426,0.42787128,1.16900875,not_aligned,0,0,0.66666667
1145,5_2_6,seq_ABC,filter_l0.50,0.50,0.37000000,0,11,0,,1,0.48666667,1.28718391,0.60214894,1.52621054,not_aligned,0,0,0.88888889
1145,5_2_6,seq_ABC,filter_l1.00,1.00,0.26000000,0,4,0,,1,0.60666667,1.63363983,0.71085471,1.75308373,not_aligned,0,0,0.66666667
1146,5_2_6,sync,hard,,0.00000000,0,1,0,,1,0.00000000,0.00000000,0.00000000,0.00000000,not_aligned,0,0,0.22222222
1146,5_2_6,sync,smooth,,0.46000000,0,10,1,198,0,0.00000000,0.80632360,0.34466183,1.83838903,S=0,0,0,0.00000000
1146,5_2_6,sync,filter_l0.00,0.00,0.74000000,1,74,1,126,0,0.13666667,2.01852696,0.27325767,0.00042073,other_aligned,0,0,0.00000000
1146,5_2_6,sync,filter_l0.02,0.02,0.77000000,0,42,1,196,0,0.19333333,0.60731178,0.30462524,0.63787475,S=0,0,0,0.00000000
1146,5_2_6,sync,filter_l0.05,0.05,0.50000000,0,25,1,196,0,0.44000000,1.13565029,0.58422867,0.93828338,S=0,0,0,0.00000000
1146,5_2_6,sync,filter_l0.10,0.10,0.47000000,0,15,1,195,0,0.49333333,1.21870733,0.62481508,1.13459167,S=0,0,0,0.00000000
1146,5_2_6,sync,filter_l0.20,0.20,0.39000000,0,25,1,198,0,0.54333333,1.33256313,0.63376704,1.39626407,other_aligned,0,0,0.00000000
1146,5_2_6,sync,filter_l0.50,0.50,0.57000000,0,13,1,195,0,0.42666667,1.16666795,0.55683587,1.46984479,other_aligned,0,0,0.00000000
1146,5_2_6,sync,filter_l1.00,1.00,0.16000000,0,3,0,,1,0.63666667,1.74731240,0.74588724,1.78822560,not_aligned,0,0,1.55555556
1146,5_2_6,seq_ABC,hard,,1.00000000,1,189,1,11,0,0.00000000,0.00000000,0.00000000,0.00000000,S=0,0,0,0.00000000
1146,5_2_6,seq_ABC,smooth,,0.56000000,0,12,1,193,0,0.00000000,0.80632360,0.34466183,1.83838903,S=0,0,0,0.00000000
1146,5_2_6,seq_ABC,filter_l0.00,0.00,0.45000000,0,23,0,,1,0.42000000,4.96064543,0.78392450,0.10606255,not_aligned,0,0,0.22222222
1146,5_2_6,seq_ABC,filter_l0.02,0.02,0.94000000,0,61,0,,1,0.03333333,0.17416237,0.06749472,0.32512068,not_aligned,0,0,0.00000000
1146,5_2_6,seq_ABC,filter_l0.05,0.05,0.83000000,0,29,0,,1,0.08333333,0.35804907,0.16619780,0.59029426,not_aligned,0,0,0.00000000
1146,5_2_6,seq_ABC,filter_l0.10,0.10,0.88000000,0,32,0,,1,0.11000000,0.43358749,0.20242489,0.81600912,not_aligned,0,0,0.00000000
1146,5_2_6,seq_ABC,filter_l0.20,0.20,0.52000000,0,25,1,198,0,0.51333333,1.26825560,0.60510840,1.31080539,S=0,0,0,0.00000000
1146,5_2_6,seq_ABC,filter_l0.50,0.50,0.28000000,0,5,1,198,0,0.58000000,1.51825263,0.69158319,1.64799552,S=0,0,0,0.00000000
1146,5_2_6,seq_ABC,filter_l1.00,1.00,0.15000000,0,4,0,,1,0.68000000,1.78160023,0.76791961,1.81165005,not_aligned,0,0,0.88888889
1147,5_2_6,sync,hard,,0.00000000,0,1,0,,1,0.00000000,0.00000000,0.00000000,0.00000000,not_aligned,0,0,0.22222222
1147,5_2_6,sync,smooth,,0.15000000,0,13,0,,1,0.00000000,0.80632360,0.34466183,1.83838903,not_aligned,0,0,0.22222222
1147,5_2_6,sync,filter_l0.00,0.00,0.81000000,1,65,1,135,0,0.06666667,0.91616015,0.13330111,0.00242927,other_aligned,0,0,0.00000000
1147,5_2_6,sync,filter_l0.02,0.02,0.85000000,0,25,1,195,0,0.05333333,0.29122325,0.12212496,0.37364241,S=0,0,0,0.00000000
1147,5_2_6,sync,filter_l0.05,0.05,0.84000000,0,25,1,195,0,0.06666667,0.39629553,0.18520333,0.63568271,S=0,0,0,0.00000000
1147,5_2_6,sync,filter_l0.10,0.10,0.80000000,0,30,1,197,0,0.15666667,0.57431292,0.29228485,0.87970724,S=0,0,0,0.00000000
1147,5_2_6,sync,filter_l0.20,0.20,0.58000000,0,14,1,199,0,0.34000000,0.89619823,0.46982110,1.17893281,S=0,0,0,0.22222222
1147,5_2_6,sync,filter_l0.50,0.50,0.33000000,0,14,0,,1,0.49333333,1.28587678,0.62676658,1.50866213,not_aligned,0,0,0.88888889
1147,5_2_6,sync,filter_l1.00,1.00,0.08000000,0,9,0,,1,0.67000000,1.66873151,0.74459420,1.78232205,not_aligned,0,0,1.55555556
1147,5_2_6,seq_ABC,hard,,1.00000000,1,195,1,5,0,0.00000000,0.00000000,0.00000000,0.00000000,S=0,0,0,0.00000000
1147,5_2_6,seq_ABC,smooth,,0.35000000,0,11,1,198,0,0.00000000,0.80632360,0.34466183,1.83838903,S=0,0,0,0.00000000
1147,5_2_6,seq_ABC,filter_l0.00,0.00,0.34000000,0,6,0,,1,0.35000000,3.18935682,0.59065774,0.23352765,not_aligned,0,0,0.88888889
1147,5_2_6,seq_ABC,filter_l0.02,0.02,0.86000000,0,24,1,195,0,0.05000000,0.27840585,0.11520096,0.36385965,S=0,0,0,0.00000000
1147,5_2_6,seq_ABC,filter_l0.05,0.05,0.85000000,0,40,1,195,0,0.06333333,0.38332396,0.17810955,0.62202026,S=0,0,0,0.00000000
1147,5_2_6,seq_ABC,filter_l0.10,0.10,0.78000000,0,19,1,197,0,0.15000000,0.56250509,0.28365671,0.87181317,S=0,0,0,0.00000000
1147,5_2_6,seq_ABC,filter_l0.20,0.20,0.61000000,0,21,1,199,0,0.37000000,0.92785466,0.48311649,1.16036339,S=0,0,0,0.22222222
1147,5_2_6,seq_ABC,filter_l0.50,0.50,0.36000000,0,13,0,,1,0.50000000,1.29271965,0.62466524,1.51887646,not_aligned,0,0,0.88888889
1147,5_2_6,seq_ABC,filter_l1.00,1.00,0.19000000,0,5,0,,1,0.67333333,1.69846107,0.75346893,1.78982910,not_aligned,0,0,0.88888889
1148,5_2_6,sync,hard,,0.00000000,0,1,0,,1,0.00000000,0.00000000,0.00000000,0.00000000,not_aligned,0,0,0.22222222
1148,5_2_6,sync,smooth,,0.52000000,0,10,0,,1,0.00000000,0.80632360,0.34466183,1.83838903,not_aligned,0,0,0.22222222
1148,5_2_6,sync,filter_l0.00,0.00,0.92000000,1,88,1,112,0,0.41666667,1.31949539,0.67429055,0.20628840,S=8,0,0,0.00000000
1148,5_2_6,sync,filter_l0.02,0.02,0.90000000,0,42,1,189,0,0.06666667,0.28685704,0.12605654,0.43216446,S=8,0,0,0.00000000
1148,5_2_6,sync,filter_l0.05,0.05,0.82000000,0,16,1,196,0,0.11666667,0.48333297,0.22090513,0.67545755,S=8,0,0,0.00000000
1148,5_2_6,sync,filter_l0.10,0.10,0.77000000,0,15,1,195,0,0.19333333,0.66374164,0.31957425,0.94190740,S=8,0,0,0.00000000
1148,5_2_6,sync,filter_l0.20,0.20,0.61000000,0,16,1,197,0,0.28666667,0.90823887,0.43765715,1.20609204,S=8,0,0,0.00000000
1148,5_2_6,sync,filter_l0.50,0.50,0.39000000,0,4,1,197,0,0.48000000,1.29530743,0.60472343,1.51768569,S=8,0,0,0.00000000
1148,5_2_6,sync,filter_l1.00,1.00,0.22000000,0,4,1,199,0,0.63000000,1.69325245,0.74099638,1.78671522,S=8,0,0,0.22222222
1148,5_2_6,seq_ABC,hard,,1.00000000,1,190,1,10,0,0.00000000,0.00000000,0.00000000,0.00000000,S=0,0,0,0.00000000
1148,5_2_6,seq_ABC,smooth,,0.43000000,0,6,0,,1,0.00000000,0.80632360,0.34466183,1.83838903,not_aligned,0,0,0.00000000
1148,5_2_6,seq_ABC,filter_l0.00,0.00,0.89000000,1,54,1,146,0,0.57000000,3.90192446,1.05070139,0.23798257,S=8,0,0,0.00000000
1148,5_2_6,seq_ABC,filter_l0.02,0.02,0.90000000,0,47,1,189,0,0.06333333,0.27763700,0.11567529,0.41545568,S=8,0,0,0.00000000
1148,5_2_6,seq_ABC,filter_l0.05,0.05,0.81000000,0,18,1,196,0,0.11000000,0.47210882,0.21733321,0.67859883,S=8,0,0,0.00000000
1148,5_2_6,seq_ABC,filter_l0.10,0.10,0.75000000,0,14,1,196,0,0.21000000,0.67600281,0.32657613,0.94331729,S=8,0,0,0.00000000
1148,5_2_6,seq_ABC,filter_l0.20,0.20,0.64000000,0,14,1,196,0,0.31333333,0.93328088,0.46041971,1.21524363,S=8,0,0,0.00000000
1148,5_2_6,seq_ABC,filter_l0.50,0.50,0.41000000,0,5,1,197,0,0.49000000,1.30297032,0.60905835,1.52654967,S=8,0,0,0.00000000
1148,5_2_6,seq_ABC,filter_l1.00,1.00,0.28000000,0,5,0,,1,0.61000000,1.64236588,0.71645415,1.76929250,not_aligned,0,0,0.00000000
1149,5_2_6,sync,hard,,0.00000000,0,1,0,,1,0.00000000,0.00000000,0.00000000,0.00000000,not_aligned,0,0,0.22222222
1149,5_2_6,sync,smooth,,0.11000000,0,8,0,,1,0.00000000,0.80632360,0.34466183,1.83838903,not_aligned,0,0,0.22222222
1149,5_2_6,sync,filter_l0.00,0.00,0.00000000,0,1,0,,1,0.50000000,5.01550207,0.98497088,0.08782613,not_aligned,0,0,0.22222222
1149,5_2_6,sync,filter_l0.02,0.02,0.74000000,0,15,1,191,0,0.27333333,0.66859471,0.36610030,0.52187063,S=8,0,0,0.00000000
1149,5_2_6,sync,filter_l0.05,0.05,0.65000000,0,15,1,191,0,0.32666667,0.81955591,0.43135639,0.72619386,S=8,0,0,0.00000000
1149,5_2_6,sync,filter_l0.10,0.10,0.61000000,0,10,1,191,0,0.36666667,0.89893785,0.46538625,0.93005079,S=8,0,0,0.00000000
1149,5_2_6,sync,filter_l0.20,0.20,0.63000000,0,8,1,195,0,0.41666667,1.00851351,0.49947564,1.19227329,S=0,0,0,0.00000000
1149,5_2_6,sync,filter_l0.50,0.50,0.45000000,0,7,1,197,0,0.49333333,1.30648302,0.61642397,1.51122861,S=8,0,0,0.00000000
1149,5_2_6,sync,filter_l1.00,1.00,0.20000000,0,3,1,198,0,0.66333333,1.70881762,0.74736108,1.77333790,S=8,0,0,0.00000000
1149,5_2_6,seq_ABC,hard,,1.00000000,1,190,1,10,0,0.00000000,0.00000000,0.00000000,0.00000000,S=0,0,0,0.00000000
1149,5_2_6,seq_ABC,smooth,,0.50000000,0,9,1,194,0,0.00000000,0.80632360,0.34466183,1.83838903,S=0,0,0,0.00000000
1149,5_2_6,seq_ABC,filter_l0.00,0.00,0.86000000,1,33,1,167,0,0.36333333,1.80118061,0.68330661,0.05882377,S=8,0,0,0.00000000
1149,5_2_6,seq_ABC,filter_l0.02,0.02,0.79000000,0,12,1,191,0,0.30000000,0.69681954,0.39385683,0.52698972,S=8,0,0,0.00000000
1149,5_2_6,seq_ABC,filter_l0.05,0.05,0.63000000,0,11,1,191,0,0.36000000,0.83917927,0.45499158,0.73135840,S=8,0,0,0.00000000
1149,5_2_6,seq_ABC,filter_l0.10,0.10,0.64000000,0,10,1,191,0,0.36333333,0.86120522,0.45448039,0.92781909,S=8,0,0,0.00000000
1149,5_2_6,seq_ABC,filter_l0.20,0.20,0.58000000,0,13,1,191,0,0.39000000,0.98520197,0.48803093,1.15674621,S=8,0,0,0.00000000
1149,5_2_6,seq_ABC,filter_l0.50,0.50,0.50000000,0,7,1,197,0,0.49000000,1.26794002,0.59589251,1.49026659,S=8,0,0,0.00000000
1149,5_2_6,seq_ABC,filter_l1.00,1.00,0.29000000,0,4,1,198,0,0.66333333,1.68388393,0.73520115,1.76520492,S=8,0,0,0.00000000
1150,5_2_6,sync,hard,,0.00000000,0,1,0,,1,0.00000000,0.00000000,0.00000000,0.00000000,not_aligned,0,0,0.22222222
1150,5_2_6,sync,smooth,,0.21000000,0,28,0,,1,0.00000000,0.80632360,0.34466183,1.83838903,not_aligned,0,0,2.00000000
1150,5_2_6,sync,filter_l0.00,0.00,1.00000000,1,173,1,27,0,0.00000000,0.00021048,0.00000198,0.00141820,S=0,0,0,0.00000000
1150,5_2_6,sync,filter_l0.02,0.02,0.88000000,1,32,1,178,0,0.05666667,0.28176146,0.11211769,0.44421366,S=0,0,0,0.00000000
1150,5_2_6,sync,filter_l0.05,0.05,0.78000000,0,18,1,193,0,0.13333333,0.52978770,0.24459034,0.74388188,S=0,0,0,0.00000000
1150,5_2_6,sync,filter_l0.10,0.10,0.68000000,0,12,1,193,0,0.22666667,0.78606388,0.38345517,1.01629060,S=0,0,0,0.00000000
1150,5_2_6,sync,filter_l0.20,0.20,0.58000000,0,12,0,,1,0.31666667,0.99482543,0.48129194,1.24031487,not_aligned,0,0,0.22222222
1150,5_2_6,sync,filter_l0.50,0.50,0.35000000,0,6,0,,1,0.50666667,1.37945100,0.62823521,1.55697530,not_aligned,0,0,0.88888889
1150,5_2_6,sync,filter_l1.00,1.00,0.24000000,0,5,0,,1,0.62666667,1.72314540,0.73250692,1.76316095,not_aligned,0,0,2.00000000
1150,5_2_6,seq_ABC,hard,,1.00000000,1,190,1,10,0,0.00000000,0.00000000,0.00000000,0.00000000,S=0,0,0,0.00000000
1150,5_2_6,seq_ABC,smooth,,0.41000000,0,30,1,195,0,0.00000000,0.80632360,0.34466183,1.83838903,S=8,0,0,0.00000000
1150,5_2_6,seq_ABC,filter_l0.00,0.00,1.00000000,1,173,1,27,0,0.00000000,0.00021048,0.00000198,0.00141820,S=0,0,0,0.00000000
1150,5_2_6,seq_ABC,filter_l0.02,0.02,0.89000000,1,32,1,178,0,0.05000000,0.26760229,0.10147637,0.43671143,S=0,0,0,0.00000000
1150,5_2_6,seq_ABC,filter_l0.05,0.05,0.79000000,0,18,1,193,0,0.12000000,0.52271199,0.23159109,0.72827619,S=0,0,0,0.00000000
1150,5_2_6,seq_ABC,filter_l0.10,0.10,0.68000000,0,12,1,193,0,0.24666667,0.80057290,0.38800139,1.01169880,S=0,0,0,0.00000000
1150,5_2_6,seq_ABC,filter_l0.20,0.20,0.58000000,0,12,0,,1,0.38333333,1.07601323,0.52165817,1.25005985,not_aligned,0,0,0.22222222
1150,5_2_6,seq_ABC,filter_l0.50,0.50,0.40000000,0,8,0,,1,0.51666667,1.41095478,0.64404659,1.55377354,not_aligned,0,0,0.22222222
1150,5_2_6,seq_ABC,filter_l1.00,1.00,0.16000000,0,4,0,,1,0.61666667,1.75734574,0.74862342,1.79308704,not_aligned,0,0,0.88888889
1151,5_2_6,sync,hard,,0.00000000,0,1,0,,1,0.00000000,0.00000000,0.00000000,0.00000000,not_aligned,0,0,0.22222222
1151,5_2_6,sync,smooth,,0.37000000,0,17,0,,1,0.00000000,0.80632360,0.34466183,1.83838903,not_aligned,0,0,2.66666667
1151,5_2_6,sync,filter_l0.00,0.00,1.00000000,1,166,1,34,0,0.00000000,0.00333735,0.00023642,0.01570551,S=0,0,0,0.00000000
1151,5_2_6,sync,filter_l0.02,0.02,0.89000000,0,30,1,188,0,0.04000000,0.22767826,0.09170634,0.36663791,S=0,0,0,0.00000000
1151,5_2_6,sync,filter_l0.05,0.05,0.79000000,0,18,1,188,0,0.08000000,0.40019792,0.18202162,0.64650406,S=0,0,0,0.00000000
1151,5_2_6,sync,filter_l0.10,0.10,0.66000000,0,18,1,194,0,0.20666667,0.68437418,0.34659070,0.94963162,S=0,0,0,0.00000000
1151,5_2_6,sync,filter_l0.20,0.20,0.54000000,0,14,1,195,0,0.34000000,0.94169576,0.47497569,1.22648426,S=0,0,0,0.00000000
1151,5_2_6,sync,filter_l0.50,0.50,0.36000000,0,7,1,199,0,0.50333333,1.34276352,0.62285122,1.55450345,S=0,0,0,0.22222222
1151,5_2_6,sync,filter_l1.00,1.00,0.26000000,0,5,1,198,0,0.63666667,1.69992168,0.73533635,1.76629796,S=0,0,0,0.00000000
1151,5_2_6,seq_ABC,hard,,1.00000000,1,182,1,18,0,0.00000000,0.00000000,0.00000000,0.00000000,S=0,0,0,0.00000000
1151,5_2_6,seq_ABC,smooth,,0.40000000,0,16,1,188,0,0.00000000,0.80632360,0.34466183,1.83838903,S=0,0,0,0.00000000
1151,5_2_6,seq_ABC,filter_l0.00,0.00,1.00000000,1,131,1,69,0,0.00000000,0.00898680,0.00149168,0.03303663,S=0,0,0,0.00000000
1151,5_2_6,seq_ABC,filter_l0.02,0.02,0.89000000,0,30,1,188,0,0.04000000,0.23370784,0.09250070,0.36403089,S=0,0,0,0.00000000
1151,5_2_6,seq_ABC,filter_l0.05,0.05,0.79000000,0,18,1,188,0,0.08000000,0.39958999,0.17905107,0.64374848,S=0,0,0,0.00000000
1151,5_2_6,seq_ABC,filter_l0.10,0.10,0.68000000,0,18,1,194,0,0.18000000,0.65285678,0.31861413,0.92351662,S=0,0,0,0.00000000
1151,5_2_6,seq_ABC,filter_l0.20,0.20,0.56000000,0,14,1,195,0,0.30000000,0.92760863,0.46218474,1.20385940,S=0,0,0,0.00000000
1151,5_2_6,seq_ABC,filter_l0.50,0.50,0.36000000,0,7,1,199,0,0.51000000,1.34530752,0.62733598,1.56097651,S=0,0,0,0.22222222
1151,5_2_6,seq_ABC,filter_l1.00,1.00,0.21000000,0,6,1,199,0,0.62333333,1.71686210,0.73888569,1.76989898,S=0,0,0,0.22222222
1152,5_2_6,sync,hard,,0.00000000,0,1,0,,1,0.00000000,0.00000000,0.00000000,0.00000000,not_aligned,0,0,0.22222222
1152,5_2_6,sync,smooth,,0.40000000,0,9,1,192,0,0.00000000,0.80632360,0.34466183,1.83838903,S=8,0,0,0.00000000
1152,5_2_6,sync,filter_l0.00,0.00,1.00000000,1,175,1,25,0,0.00000000,0.00001349,0.00000001,0.00013149,S=0,0,0,0.00000000
1152,5_2_6,sync,filter_l0.02,0.02,0.69000000,0,27,1,199,0,0.18333333,0.52849115,0.26616178,0.55144226,S=0,0,0,0.22222222
1152,5_2_6,sync,filter_l0.05,0.05,0.67000000,0,22,0,,1,0.23666667,0.63984692,0.31385889,0.79312501,not_aligned,0,0,0.22222222
1152,5_2_6,sync,filter_l0.10,0.10,0.67000000,0,22,1,199,0,0.29000000,0.83432917,0.39320081,1.01672210,S=0,0,0,0.22222222
1152,5_2_6,sync,filter_l0.20,0.20,0.53000000,0,14,0,,1,0.38666667,1.10530897,0.52190580,1.29091910,not_aligned,0,0,0.22222222
1152,5_2_6,sync,filter_l0.50,0.50,0.36000000,0,13,0,,1,0.55333333,1.44004899,0.66612280,1.58417586,not_aligned,0,0,0.66666667
1152,5_2_6,sync,filter_l1.00,1.00,0.27000000,0,8,0,,1,0.67000000,1.70218275,0.74709249,1.77811845,not_aligned,0,0,0.00000000
1152,5_2_6,seq_ABC,hard,,1.00000000,1,189,1,11,0,0.00000000,0.00000000,0.00000000,0.00000000,S=0,0,0,0.00000000
1152,5_2_6,seq_ABC,smooth,,0.28000000,0,5,1,197,0,0.00000000,0.80632360,0.34466183,1.83838903,S=8,0,0,0.00000000
1152,5_2_6,seq_ABC,filter_l0.00,0.00,1.00000000,1,175,1,25,0,0.00000000,0.00001349,0.00000001,0.00013149,S=0,0,0,0.00000000
1152,5_2_6,seq_ABC,filter_l0.02,0.02,0.71000000,0,21,1,199,0,0.17000000,0.53386629,0.26151484,0.54623075,S=0,0,0,0.22222222
1152,5_2_6,seq_ABC,filter_l0.05,0.05,0.69000000,0,22,1,199,0,0.26333333,0.70367601,0.34083566,0.79188208,S=0,0,0,0.22222222
1152,5_2_6,seq_ABC,filter_l0.10,0.10,0.68000000,0,22,0,,1,0.30333333,0.85540918,0.40796706,1.02461848,not_aligned,0,0,0.00000000
1152,5_2_6,seq_ABC,filter_l0.20,0.20,0.59000000,0,21,1,199,0,0.38666667,1.11961545,0.52746747,1.27066344,S=0,0,0,0.22222222
1152,5_2_6,seq_ABC,filter_l0.50,0.50,0.34000000,0,13,0,,1,0.54666667,1.43226414,0.66536191,1.59008277,not_aligned,0,0,1.55555556
1152,5_2_6,seq_ABC,filter_l1.00,1.00,0.21000000,0,6,0,,1,0.66000000,1.77139045,0.75839182,1.79162310,not_aligned,0,0,0.66666667
1153,5_2_6,sync,hard,,0.00000000,0,1,0,,1,0.00000000,0.00000000,0.00000000,0.00000000,not_aligned,0,0,0.22222222
1153,5_2_6,sync,smooth,,0.43000000,0,19,0,,1,0.00000000,0.80632360,0.34466183,1.83838903,not_aligned,0,0,1.55555556
1153,5_2_6,sync,filter_l0.00,0.00,1.00000000,1,138,1,62,0,0.00000000,0.00364424,0.00023982,0.01680730,S=0,0,0,0.00000000
1153,5_2_6,sync,filter_l0.02,0.02,0.96000000,0,52,1,192,0,0.01333333,0.15362462,0.05101939,0.39557089,S=0,0,0,0.00000000
1153,5_2_6,sync,filter_l0.05,0.05,0.89000000,0,35,1,199,0,0.05666667,0.34564727,0.15061027,0.66480305,S=0,0,0,0.22222222
1153,5_2_6,sync,filter_l0.10,0.10,0.77000000,0,19,1,194,0,0.18666667,0.61217815,0.30845475,0.92426746,S=0,0,0,0.00000000
1153,5_2_6,sync,filter_l0.20,0.20,0.63000000,0,21,1,196,0,0.30666667,0.93480592,0.47097271,1.19519992,S=0,0,0,0.00000000
1153,5_2_6,sync,filter_l0.50,0.50,0.43000000,0,7,1,194,0,0.47000000,1.31085006,0.60933697,1.53916105,S=0,0,0,0.00000000
1153,5_2_6,sync,filter_l1.00,1.00,0.25000000,0,5,1,197,0,0.63666667,1.69095807,0.73381059,1.76711109,S=0,0,0,0.00000000
1153,5_2_6,seq_ABC,hard,,1.00000000,1,194,1,6,0,0.00000000,0.00000000,0.00000000,0.00000000,S=0,0,0,0.00000000
1153,5_2_6,seq_ABC,smooth,,0.66000000,0,19,0,,1,0.00000000,0.80632360,0.34466183,1.83838903,not_aligned,0,0,0.22222222
1153,5_2_6,seq_ABC,filter_l0.00,0.00,0.95000000,1,71,1,129,0,0.02000000,0.26855330,0.03944251,0.03158849,other_aligned,0,0,0.00000000
1153,5_2_6,seq_ABC,filter_l0.02,0.02,0.92000000,0,49,1,192,0,0.09000000,0.30375259,0.14783024,0.49909701,S=0,0,0,0.00000000
1153,5_2_6,seq_ABC,filter_l0.05,0.05,0.77000000,0,13,1,190,0,0.34333333,0.74897358,0.43354517,0.77451562,S=8,0,0,0.00000000
1153,5_2_6,seq_ABC,filter_l0.10,0.10,0.67000000,0,14,1,190,0,0.36333333,0.86095856,0.46402007,0.99198950,S=8,0,0,0.00000000
1153,5_2_6,seq_ABC,filter_l0.20,0.20,0.67000000,0,26,1,196,0,0.31333333,0.92082599,0.46060381,1.19292380,S=0,0,0,0.00000000
1153,5_2_6,seq_ABC,filter_l0.50,0.50,0.41000000,0,6,1,199,0,0.48000000,1.37135207,0.63753643,1.56337703,S=0,0,0,0.22222222
1153,5_2_6,seq_ABC,filter_l1.00,1.00,0.24000000,0,3,0,,1,0.64333333,1.69453919,0.72316405,1.75855163,not_aligned,0,0,0.22222222
1154,5_2_6,sync,hard,,0.00000000,0,1,0,,1,0.00000000,0.00000000,0.00000000,0.00000000,not_aligned,0,0,0.22222222
1154,5_2_6,sync,smooth,,0.19000000,0,4,0,,1,0.00000000,0.80632360,0.34466183,1.83838903,not_aligned,0,0,4.22222222
1154,5_2_6,sync,filter_l0.00,0.00,1.00000000,1,143,1,57,0,0.16666667,0.42560598,0.25863130,0.10647316,S=0,0,0,0.00000000
1154,5_2_6,sync,filter_l0.02,0.02,0.89000000,0,19,1,185,0,0.04000000,0.24358255,0.09547734,0.35842049,S=0,0,0,0.00000000
1154,5_2_6,sync,filter_l0.05,0.05,0.84000000,0,19,1,196,0,0.06333333,0.35661545,0.15648763,0.61492885,S=0,0,0,0.00000000
1154,5_2_6,sync,filter_l0.10,0.10,0.77000000,0,15,1,196,0,0.15000000,0.56540642,0.27061094,0.87223799,S=0,0,0,0.00000000
1154,5_2_6,sync,filter_l0.20,0.20,0.59000000,0,15,1,195,0,0.33666667,0.90491092,0.45020600,1.19973304,S=0,0,0,0.00000000
1154,5_2_6,sync,filter_l0.50,0.50,0.32000000,0,6,1,197,0,0.47666667,1.30253253,0.61230611,1.52109474,S=0,0,0,0.00000000
1154,5_2_6,sync,filter_l1.00,1.00,0.12000000,0,3,0,,1,0.64666667,1.73583415,0.75472081,1.79239347,not_aligned,0,0,0.22222222
1154,5_2_6,seq_ABC,hard,,1.00000000,1,195,1,5,0,0.00000000,0.00000000,0.00000000,0.00000000,S=0,0,0,0.00000000
1154,5_2_6,seq_ABC,smooth,,0.41000000,0,11,0,,1,0.00000000,0.80632360,0.34466183,1.83838903,not_aligned,0,0,0.66666667
1154,5_2_6,seq_ABC,filter_l0.00,0.00,1.00000000,1,140,1,60,0,0.05666667,0.08787651,0.05976182,0.09415841,S=0,0,0,0.00000000
1154,5_2_6,seq_ABC,filter_l0.02,0.02,0.88000000,0,19,1,196,0,0.04333333,0.25387436,0.10329723,0.36716026,S=0,0,0,0.00000000
1154,5_2_6,seq_ABC,filter_l0.05,0.05,0.83000000,0,14,1,186,0,0.06333333,0.35315266,0.15401144,0.62029903,S=0,0,0,0.00000000
1154,5_2_6,seq_ABC,filter_l0.10,0.10,0.79000000,0,14,1,196,0,0.12666667,0.52169359,0.24623879,0.86443502,S=0,0,0,0.00000000
1154,5_2_6,seq_ABC,filter_l0.20,0.20,0.58000000,0,11,1,193,0,0.34333333,0.93326900,0.46255410,1.19801258,S=0,0,0,0.00000000
1154,5_2_6,seq_ABC,filter_l0.50,0.50,0.35000000,0,6,1,197,0,0.46666667,1.28461332,0.60668253,1.53127362,S=0,0,0,0.00000000
1154,5_2_6,seq_ABC,filter_l1.00,1.00,0.15000000,0,4,0,,1,0.64333333,1.70841378,0.73953598,1.77912575,not_aligned,0,0,0.22222222
1155,5_2_6,sync,hard,,0.00000000,0,1,0,,1,0.00000000,0.00000000,0.00000000,0.00000000,not_aligned,0,0,0.22222222
1155,5_2_6,sync,smooth,,0.67000000,0,14,1,196,0,0.00000000,0.80632360,0.34466183,1.83838903,S=0,0,0,0.00000000
1155,5_2_6,sync,filter_l0.00,0.00,1.00000000,1,110,1,90,0,0.05666667,0.10472995,0.06995999,0.10565430,S=0,0,0,0.00000000
1155,5_2_6,sync,filter_l0.02,0.02,0.92000000,0,29,1,196,0,0.03000000,0.20457914,0.07593009,0.38520024,S=0,0,0,0.00000000
1155,5_2_6,sync,filter_l0.05,0.05,0.88000000,0,17,1,196,0,0.05333333,0.35469549,0.14823134,0.67612152,S=0,0,0,0.00000000
1155,5_2_6,sync,filter_l0.10,0.10,0.77000000,0,19,1,199,0,0.12666667,0.58154104,0.27311656,0.96450906,S=0,0,0,0.22222222
1155,5_2_6,sync,filter_l0.20,0.20,0.56000000,0,10,0,,1,0.32333333,0.99609321,0.48860228,1.25823023,not_aligned,0,0,0.88888889
1155,5_2_6,sync,filter_l0.50,0.50,0.40000000,0,8,0,,1,0.50000000,1.37343870,0.64307473,1.57040724,not_aligned,0,0,0.88888889
1155,5_2_6,sync,filter_l1.00,1.00,0.20000000,0,4,0,,1,0.64000000,1.72626298,0.74252750,1.77759672,not_aligned,0,0,1.55555556
1155,5_2_6,seq_ABC,hard,,0.00000000,0,1,0,,1,0.00000000,0.00000000,0.00000000,0.00000000,not_aligned,0,0,0.22222222
1155,5_2_6,seq_ABC,smooth,,0.32000000,0,15,0,,1,0.00000000,0.80632360,0.34466183,1.83838903,not_aligned,0,0,1.55555556
1155,5_2_6,seq_ABC,filter_l0.00,0.00,0.93000000,1,60,1,140,0,0.02333333,0.47880114,0.04664638,0.01447198,other_aligned,0,0,0.00000000
1155,5_2_6,seq_ABC,filter_l0.02,0.02,0.93000000,0,29,1,196,0,0.02333333,0.16940327,0.06075391,0.37509067,S=0,0,0,0.00000000
1155,5_2_6,seq_ABC,filter_l0.05,0.05,0.88000000,0,17,1,196,0,0.04333333,0.33095752,0.13480680,0.67007352,S=0,0,0,0.00000000
1155,5_2_6,seq_ABC,filter_l0.10,0.10,0.78000000,0,19,0,,1,0.12666667,0.54891250,0.25352147,0.95403524,not_aligned,0,0,0.00000000
1155,5_2_6,seq_ABC,filter_l0.20,0.20,0.61000000,0,10,1,197,0,0.31666667,0.95577483,0.46666836,1.25751063,S=0,0,0,0.00000000
1155,5_2_6,seq_ABC,filter_l0.50,0.50,0.35000000,0,7,0,,1,0.50333333,1.36490838,0.63359128,1.57474586,not_aligned,0,0,1.55555556
1155,5_2_6,seq_ABC,filter_l1.00,1.00,0.19000000,0,4,0,,1,0.64000000,1.74232816,0.74987483,1.79056331,not_aligned,0,0,0.66666667
1156,5_2_6,sync,hard,,1.00000000,1,180,1,20,0,0.00000000,0.00000000,0.00000000,0.00000000,S=0,0,0,0.00000000
1156,5_2_6,sync,smooth,,0.07000000,0,3,0,,1,0.00000000,0.80632360,0.34466183,1.83838903,not_aligned,0,0,1.55555556
1156,5_2_6,sync,filter_l0.00,0.00,1.00000000,1,149,1,51,0,0.00000000,0.00002298,0.00000001,0.00023057,S=0,0,0,0.00000000
1156,5_2_6,sync,filter_l0.02,0.02,0.91000000,0,24,1,196,0,0.04000000,0.22854741,0.09519868,0.34374704,S=0,0,0,0.00000000
1156,5_2_6,sync,filter_l0.05,0.05,0.85000000,0,18,1,194,0,0.15333333,0.44435758,0.22927724,0.62113435,S=0,0,0,0.00000000
1156,5_2_6,sync,filter_l0.10,0.10,0.78000000,0,30,1,194,0,0.20000000,0.61341918,0.31918396,0.85727116,S=0,0,0,0.00000000
1156,5_2_6,sync,filter_l0.20,0.20,0.73000000,0,10,1,198,0,0.30666667,0.81147715,0.41363164,1.12345088,S=0,0,0,0.00000000
1156,5_2_6,sync,filter_l0.50,0.50,0.36000000,0,5,1,199,0,0.49000000,1.26204026,0.60668837,1.51337307,S=0,0,0,0.22222222
1156,5_2_6,sync,filter_l1.00,1.00,0.22000000,0,3,1,198,0,0.65333333,1.65813571,0.73320528,1.76867709,S=0,0,0,0.00000000
1156,5_2_6,seq_ABC,hard,,0.00000000,0,1,0,,1,0.00000000,0.00000000,0.00000000,0.00000000,not_aligned,0,0,0.22222222
1156,5_2_6,seq_ABC,smooth,,0.04000000,0,4,0,,1,0.00000000,0.80632360,0.34466183,1.83838903,not_aligned,0,0,8.22222222
1156,5_2_6,seq_ABC,filter_l0.00,0.00,1.00000000,1,149,1,51,0,0.00000000,0.00000827,0.00000000,0.00009150,S=0,0,0,0.00000000
1156,5_2_6,seq_ABC,filter_l0.02,0.02,0.91000000,0,24,1,196,0,0.04000000,0.23216060,0.09613964,0.34886511,S=0,0,0,0.00000000
1156,5_2_6,seq_ABC,filter_l0.05,0.05,0.85000000,0,15,1,196,0,0.11000000,0.38801862,0.18878270,0.60666518,S=0,0,0,0.00000000
1156,5_2_6,seq_ABC,filter_l0.10,0.10,0.76000000,0,23,1,196,0,0.25000000,0.68513668,0.36037516,0.86553175,S=0,0,0,0.00000000
1156,5_2_6,seq_ABC,filter_l0.20,0.20,0.63000000,0,12,1,198,0,0.34666667,0.88368646,0.44980234,1.14288338,S=0,0,0,0.00000000
1156,5_2_6,seq_ABC,filter_l0.50,0.50,0.34000000,0,5,1,199,0,0.50666667,1.31383409,0.63815355,1.51931032,S=0,0,0,0.22222222
1156,5_2_6,seq_ABC,filter_l1.00,1.00,0.31000000,0,3,1,198,0,0.65000000,1.64739946,0.72870215,1.75910138,S=0,0,0,0.00000000
1157,5_2_6,sync,hard,,0.00000000,0,1,0,,1,0.00000000,0.00000000,0.00000000,0.00000000,not_aligned,0,0,0.22222222
1157,5_2_6,sync,smooth,,0.67000000,0,16,1,189,0,0.00000000,0.80632360,0.34466183,1.83838903,S=0,0,0,0.00000000
1157,5_2_6,sync,filter_l0.00,0.00,1.00000000,1,159,1,41,0,0.00000000,0.00453440,0.00036022,0.01986515,S=0,0,0,0.00000000
1157,5_2_6,sync,filter_l0.02,0.02,0.94000000,1,39,1,173,0,0.07666667,0.25488359,0.12191576,0.46196353,S=0,0,0,0.00000000
1157,5_2_6,sync,filter_l0.05,0.05,0.87000000,1,27,1,173,0,0.12333333,0.41944288,0.20362225,0.69696020,S=0,0,0,0.00000000
1157,5_2_6,sync,filter_l0.10,0.10,0.81000000,0,16,1,184,0,0.18000000,0.61483187,0.28846397,0.92380397,S=0,0,0,0.00000000
1157,5_2_6,sync,filter_l0.20,0.20,0.65000000,0,15,1,197,0,0.28333333,0.89983138,0.41725046,1.17852312,S=0,0,0,0.00000000
1157,5_2_6,sync,filter_l0.50,0.50,0.49000000,0,7,1,197,0,0.47000000,1.26812233,0.58825045,1.49513729,S=0,0,0,0.00000000
1157,5_2_6,sync,filter_l1.00,1.00,0.35000000,0,8,1,192,0,0.61000000,1.64071430,0.70526115,1.74484036,S=0,0,0,0.00000000
1157,5_2_6,seq_ABC,hard,,1.00000000,1,182,1,18,0,0.00000000,0.00000000,0.00000000,0.00000000,S=0,0,0,0.00000000
1157,5_2_6,seq_ABC,smooth,,0.69000000,0,19,1,189,0,0.00000000,0.80632360,0.34466183,1.83838903,S=0,0,0,0.00000000
1157,5_2_6,seq_ABC,filter_l0.00,0.00,1.00000000,1,159,1,41,0,0.00000000,0.00176218,0.00005105,0.00972430,S=0,0,0,0.00000000
1157,5_2_6,seq_ABC,filter_l0.02,0.02,0.94000000,1,45,1,173,0,0.02666667,0.21133945,0.09149926,0.45798995,S=0,0,0,0.00000000
1157,5_2_6,seq_ABC,filter_l0.05,0.05,0.86000000,1,27,1,173,0,0.17666667,0.50670056,0.25875107,0.72997111,S=0,0,0,0.00000000
1157,5_2_6,seq_ABC,filter_l0.10,0.10,0.80000000,0,21,1,184,0,0.22666667,0.69584522,0.33809764,0.94856731,S=0,0,0,0.00000000
1157,5_2_6,seq_ABC,filter_l0.20,0.20,0.68000000,0,11,1,189,0,0.34666667,0.97800177,0.46089978,1.20352216,S=0,0,0,0.00000000
1157,5_2_6,seq_ABC,filter_l0.50,0.50,0.40000000,0,6,1,197,0,0.52000000,1.34443398,0.61903057,1.51764899,S=0,0,0,0.00000000
1157,5_2_6,seq_ABC,filter_l1.00,1.00,0.29000000,0,7,1,193,0,0.63333333,1.68177342,0.72758766,1.75900437,S=0,0,0,0.00000000
1158,5_2_6,sync,hard,,0.00000000,0,1,0,,1,0.00000000,0.00000000,0.00000000,0.00000000,not_aligned,0,0,0.22222222
1158,5_2_6,sync,smooth,,0.32000000,0,8,1,199,0,0.00000000,0.80632360,0.34466183,1.83838903,S=8,0,0,0.22222222
1158,5_2_6,sync,filter_l0.00,0.00,0.12000000,0,3,0,,1,0.48333333,6.94934102,0.95070931,0.07874167,not_aligned,0,0,0.22222222
1158,5_2_6,sync,filter_l0.02,0.02,0.86000000,0,16,1,190,0,0.08333333,0.33209044,0.15808448,0.48287356,S=8,0,0,0.00000000
1158,5_2_6,sync,filter_l0.05,0.05,0.70000000,0,14,1,192,0,0.24666667,0.67685356,0.36008759,0.75532204,S=8,0,0,0.00000000
1158,5_2_6,sync,filter_l0.10,0.10,0.55000000,0,11,1,198,0,0.35666667,0.90875873,0.46607818,0.96924997,S=8,0,0,0.00000000
1158,5_2_6,sync,filter_l0.20,0.20,0.51000000,0,8,0,,1,0.39000000,1.09163381,0.50989532,1.24495319,not_aligned,0,0,0.00000000
1158,5_2_6,sync,filter_l0.50,0.50,0.30000000,0,8,0,,1,0.55333333,1.44056216,0.65029862,1.56111609,not_aligned,0,0,0.00000000
1158,5_2_6,sync,filter_l1.00,1.00,0.13000000,0,3,0,,1,0.66000000,1.79416109,0.76708014,1.79477528,not_aligned,0,0,0.00000000
1158,5_2_6,seq_ABC,hard,,1.00000000,1,190,1,10,0,0.00000000,0.00000000,0.00000000,0.00000000,S=0,0,0,0.00000000
1158,5_2_6,seq_ABC,smooth,,0.47000000,0,7,1,199,0,0.00000000,0.80632360,0.34466183,1.83838903,S=8,0,0,0.22222222
1158,5_2_6,seq_ABC,filter_l0.00,0.00,0.55000000,0,34,0,,1,0.15000000,1.56751714,0.30022217,0.01879994,not_aligned,0,0,0.22222222
1158,5_2_6,seq_ABC,filter_l0.02,0.02,0.79000000,0,15,1,190,0,0.18666667,0.51853355,0.27663559,0.50394695,S=8,0,0,0.00000000
1158,5_2_6,seq_ABC,filter_l0.05,0.05,0.73000000,0,13,1,198,0,0.25333333,0.62485713,0.32663647,0.74006852,S=8,0,0,0.00000000
1158,5_2_6,seq_ABC,filter_l0.10,0.10,0.53000000,0,7,1,198,0,0.36666667,0.92728168,0.47549734,0.98302154,S=8,0,0,0.00000000
1158,5_2_6,seq_ABC,filter_l0.20,0.20,0.44000000,0,8,0,,1,0.41666667,1.15180277,0.53661715,1.26395118,not_aligned,0,0,0.00000000
1158,5_2_6,seq_ABC,filter_l0.50,0.50,0.34000000,0,9,0,,1,0.55666667,1.45708838,0.64872748,1.55864541,not_aligned,0,0,0.00000000
1158,5_2_6,seq_ABC,filter_l1.00,1.00,0.23000000,0,3,0,,1,0.63000000,1.73853728,0.73857180,1.78630392,not_aligned,0,0,0.22222222
1159,5_2_6,sync,hard,,0.00000000,0,1,0,,1,0.00000000,0.00000000,0.00000000,0.00000000,not_aligned,0,0,0.22222222
1159,5_2_6,sync,smooth,,0.47000000,0,13,0,,1,0.00000000,0.80632360,0.34466183,1.83838903,not_aligned,0,0,0.00000000
1159,5_2_6,sync,filter_l0.00,0.00,1.00000000,1,164,1,36,0,0.00000000,0.00000285,0.00000000,0.00003429,S=0,0,0,0.00000000
1159,5_2_6,sync,filter_l0.02,0.02,0.89000000,0,21,1,194,0,0.06333333,0.29315156,0.12412080,0.40955368,S=0,0,0,0.00000000
1159,5_2_6,sync,filter_l0.05,0.05,0.74000000,0,15,1,194,0,0.16666667,0.55844897,0.27133147,0.68410109,S=0,0,0,0.00000000
1159,5_2_6,sync,filter_l0.10,0.10,0.69000000,0,16,1,194,0,0.23000000,0.73235487,0.36456676,0.89787772,S=0,0,0,0.00000000
1159,5_2_6,sync,filter_l0.20,0.20,0.53000000,0,7,1,194,0,0.37666667,1.02267590,0.50695155,1.15853888,S=0,0,0,0.00000000
1159,5_2_6,sync,filter_l0.50,0.50,0.21000000,0,4,0,,1,0.57333333,1.42588894,0.66242288,1.55469580,not_aligned,0,0,0.22222222
1159,5_2_6,sync,filter_l1.00,1.00,0.17000000,0,4,0,,1,0.65000000,1.68626741,0.73637289,1.76800060,not_aligned,0,0,0.22222222
1159,5_2_6,seq_ABC,hard,,1.00000000,1,190,1,10,0,0.00000000,0.00000000,0.00000000,0.00000000,S=0,0,0,0.00000000
1159,5_2_6,seq_ABC,smooth,,0.28000000,0,8,0,,1,0.00000000,0.80632360,0.34466183,1.83838903,not_aligned,0,0,2.00000000
1159,5_2_6,seq_ABC,filter_l0.00,0.00,1.00000000,1,164,1,36,0,0.00000000,0.00000648,0.00000000,0.00006903,S=0,0,0,0.00000000
1159,5_2_6,seq_ABC,filter_l0.02,0.02,0.89000000,0,21,1,194,0,0.06333333,0.29092126,0.12526810,0.40975012,S=0,0,0,0.00000000
1159,5_2_6,seq_ABC,filter_l0.05,0.05,0.73000000,0,15,1,194,0,0.17000000,0.58481226,0.28410725,0.67649932,S=0,0,0,0.00000000
1159,5_2_6,seq_ABC,filter_l0.10,0.10,0.64000000,0,16,1,194,0,0.27000000,0.78611032,0.39313906,0.90635107,S=0,0,0,0.00000000
1159,5_2_6,seq_ABC,filter_l0.20,0.20,0.56000000,0,10,1,190,0,0.37333333,0.99561708,0.48784924,1.18434695,S=0,0,0,0.00000000
1159,5_2_6,seq_ABC,filter_l0.50,0.50,0.24000000,0,4,1,197,0,0.59000000,1.42353586,0.67055200,1.54821855,S=0,0,0,0.00000000
1159,5_2_6,seq_ABC,filter_l1.00,1.00,0.12000000,0,4,0,,1,0.67000000,1.75443634,0.76737168,1.80004725,not_aligned,0,0,0.00000000
1160,5_2_6,sync,hard,,0.00000000,0,1,0,,1,0.00000000,0.00000000,0.00000000,0.00000000,not_aligned,0,0,0.22222222
1160,5_2_6,sync,smooth,,0.49000000,0,9,1,199,0,0.00000000,0.80632360,0.34466183,1.83838903,S=0,1,0,0.22222222
1160,5_2_6,sync,filter_l0.00,0.00,1.00000000,1,129,1,71,0,0.00666667,0.02568503,0.01393622,0.04511707,S=0,0,0,0.00000000
1160,5_2_6,sync,filter_l0.02,0.02,0.85000000,0,21,1,198,0,0.14333333,0.43622657,0.21206535,0.56063683,S=0,0,0,0.00000000
1160,5_2_6,sync,filter_l0.05,0.05,0.64000000,0,13,1,199,0,0.39000000,0.89538299,0.47489812,0.87309102,S=0,0,0,0.22222222
1160,5_2_6,sync,filter_l0.10,0.10,0.66000000,0,16,1,199,0,0.31666667,0.88610551,0.43825785,1.02634772,S=0,0,0,0.22222222
1160,5_2_6,sync,filter_l0.20,0.20,0.60000000,0,9,1,198,0,0.36333333,1.02844181,0.50405808,1.23244060,S=0,0,0,0.00000000
1160,5_2_6,sync,filter_l0.50,0.50,0.39000000,0,7,1,198,0,0.50000000,1.40490120,0.64449080,1.58454209,S=0,0,0,0.00000000
1160,5_2_6,sync,filter_l1.00,1.00,0.25000000,0,5,0,,1,0.63000000,1.71893105,0.73847522,1.77956276,not_aligned,0,0,0.22222222
1160,5_2_6,seq_ABC,hard,,1.00000000,1,184,1,16,0,0.00000000,0.00000000,0.00000000,0.00000000,S=0,0,0,0.00000000
1160,5_2_6,seq_ABC,smooth,,0.12000000,0,10,1,199,0,0.00000000,0.80632360,0.34466183,1.83838903,S=0,1,0,0.22222222
1160,5_2_6,seq_ABC,filter_l0.00,0.00,1.00000000,1,129,1,71,0,0.00666667,0.02568669,0.01393622,0.04513575,S=0,0,0,0.00000000
1160,5_2_6,seq_ABC,filter_l0.02,0.02,0.82000000,0,17,1,197,0,0.15333333,0.48025657,0.25135033,0.58747150,S=0,0,0,0.00000000
1160,5_2_6,seq_ABC,filter_l0.05,0.05,0.61000000,0,13,0,,1,0.29333333,0.80789827,0.41131359,0.85497895,not_aligned,0,0,0.66666667
1160,5_2_6,seq_ABC,filter_l0.10,0.10,0.62000000,0,16,0,,1,0.35666667,0.94419023,0.47322463,1.04821172,not_aligned,0,0,0.22222222
1160,5_2_6,seq_ABC,filter_l0.20,0.20,0.59000000,0,8,1,199,0,0.36666667,1.05396240,0.50385865,1.24690332,S=0,0,0,0.22222222
1160,5_2_6,seq_ABC,filter_l0.50,0.50,0.39000000,0,8,1,199,0,0.54000000,1.43405007,0.65432407,1.58646241,S=0,0,0,0.22222222
1160,5_2_6,seq_ABC,filter_l1.00,1.00,0.18000000,0,5,0,,1,0.66666667,1.75139593,0.75363216,1.78192516,not_aligned,0,0,0.00000000
1161,5_2_6,sync,hard,,0.00000000,0,1,0,,1,0.00000000,0.00000000,0.00000000,0.00000000,not_aligned,0,0,0.22222222
1161,5_2_6,sync,smooth,,0.12000000,0,10,0,,1,0.00000000,0.80632360,0.34466183,1.83838903,not_aligned,0,0,1.55555556
1161,5_2_6,sync,filter_l0.00,0.00,0.96000000,1,96,1,104,0,0.60333333,2.13979402,0.95079846,0.35793464,S=0,0,0,0.00000000
1161,5_2_6,sync,filter_l0.02,0.02,0.83000000,0,18,0,,1,0.11000000,0.43412519,0.20000857,0.59604635,not_aligned,0,0,0.22222222
1161,5_2_6,sync,filter_l0.05,0.05,0.67000000,0,18,0,,1,0.21333333,0.68917682,0.32715529,0.88610680,not_aligned,0,0,0.88888889
1161,5_2_6,sync,filter_l0.10,0.10,0.51000000,0,14,0,,1,0.29000000,0.91170393,0.44588851,1.15091308,not_aligned,0,0,0.88888889
1161,5_2_6,sync,filter_l0.20,0.20,0.46000000,0,12,0,,1,0.44333333,1.18559728,0.56786937,1.36567731,not_aligned,0,0,0.22222222
1161,5_2_6,sync,filter_l0.50,0.50,0.32000000,0,6,0,,1,0.52000000,1.48581479,0.66638932,1.59619159,not_aligned,0,0,0.88888889
1161,5_2_6,sync,filter_l1.00,1.00,0.35000000,0,7,0,,1,0.61666667,1.61620920,0.70453935,1.74222118,not_aligned,0,0,0.00000000
1161,5_2_6,seq_ABC,hard,,1.00000000,1,188,1,12,0,0.00000000,0.00000000,0.00000000,0.00000000,S=0,0,0,0.00000000
1161,5_2_6,seq_ABC,smooth,,0.02000000,0,7,0,,1,0.00000000,0.80632360,0.34466183,1.83838903,not_aligned,0,0,0.22222222
1161,5_2_6,seq_ABC,filter_l0.00,0.00,0.99000000,1,68,1,163,0,0.24000000,0.71000437,0.40261474,0.24395746,S=0,0,0,0.00000000
1161,5_2_6,seq_ABC,filter_l0.02,0.02,0.81000000,0,18,0,,1,0.12333333,0.46276492,0.21240364,0.60496154,not_aligned,0,0,0.22222222
1161,5_2_6,seq_ABC,filter_l0.05,0.05,0.73000000,0,18,0,,1,0.20666667,0.69713542,0.33159097,0.88036063,not_aligned,0,0,0.66666667
1161,5_2_6,seq_ABC,filter_l0.10,0.10,0.57000000,0,17,0,,1,0.29666667,0.93266364,0.44012556,1.16338674,not_aligned,0,0,0.22222222
1161,5_2_6,seq_ABC,filter_l0.20,0.20,0.44000000,0,12,0,,1,0.44333333,1.20563491,0.57375152,1.36150922,not_aligned,0,0,0.66666667
1161,5_2_6,seq_ABC,filter_l0.50,0.50,0.28000000,0,6,0,,1,0.56000000,1.53948274,0.68798428,1.61031459,not_aligned,0,0,0.66666667
1161,5_2_6,seq_ABC,filter_l1.00,1.00,0.22000000,0,4,0,,1,0.62000000,1.65073759,0.71716013,1.75614492,not_aligned,0,0,0.00000000
1162,5_2_6,sync,hard,,0.00000000,0,1,0,,1,0.00000000,0.00000000,0.00000000,0.00000000,not_aligned,0,0,0.22222222
1162,5_2_6,sync,smooth,,0.55000000,0,12,1,197,0,0.00000000,0.80632360,0.34466183,1.83838903,S=8,0,0,0.00000000
1162,5_2_6,sync,filter_l0.00,0.00,1.00000000,1,164,1,36,0,0.00333333,0.03496794,0.01297336,0.08952289,S=0,0,0,0.00000000
1162,5_2_6,sync,filter_l0.02,0.02,0.75000000,0,21,1,197,0,0.25333333,0.57856250,0.33423493,0.58673533,S=0,0,0,0.00000000
1162,5_2_6,sync,filter_l0.05,0.05,0.70000000,0,18,1,198,0,0.34666667,0.80301244,0.46271546,0.80352168,S=0,0,0,0.00000000
1162,5_2_6,sync,filter_l0.10,0.10,0.68000000,0,13,1,198,0,0.35333333,0.86563810,0.47058404,1.03014111,S=0,0,0,0.00000000
1162,5_2_6,sync,filter_l0.20,0.20,0.54000000,0,12,1,199,0,0.39666667,1.04355045,0.52868215,1.25694989,S=0,0,0,0.22222222
1162,5_2_6,sync,filter_l0.50,0.50,0.45000000,0,8,1,199,0,0.47666667,1.32037397,0.61222776,1.56052038,S=0,0,0,0.22222222
1162,5_2_6,sync,filter_l1.00,1.00,0.11000000,0,2,1,199,0,0.63333333,1.77177078,0.75958814,1.80466938,other_aligned,0,0,0.88888889
1162,5_2_6,seq_ABC,hard,,1.00000000,1,190,1,10,0,0.00000000,0.00000000,0.00000000,0.00000000,S=0,0,0,0.00000000
1162,5_2_6,seq_ABC,smooth,,0.31000000,0,6,1,199,0,0.00000000,0.80632360,0.34466183,1.83838903,S=0,0,0,0.22222222
1162,5_2_6,seq_ABC,filter_l0.00,0.00,1.00000000,1,148,1,52,0,0.00333333,0.03495542,0.01297334,0.08941198,S=0,0,0,0.00000000
1162,5_2_6,seq_ABC,filter_l0.02,0.02,0.74000000,0,23,1,197,0,0.21000000,0.54671095,0.29823598,0.54756841,S=0,0,0,0.00000000
1162,5_2_6,seq_ABC,filter_l0.05,0.05,0.72000000,0,13,1,198,0,0.35333333,0.80478198,0.46971339,0.79793293,S=0,0,0,0.00000000
1162,5_2_6,seq_ABC,filter_l0.10,0.10,0.62000000,0,13,1,198,0,0.36666667,0.89323965,0.49702886,1.01991670,S=0,0,0,0.00000000
1162,5_2_6,seq_ABC,filter_l0.20,0.20,0.60000000,0,9,1,198,0,0.41333333,1.02196196,0.53128773,1.24768370,S=0,0,0,0.00000000
1162,5_2_6,seq_ABC,filter_l0.50,0.50,0.41000000,0,6,1,199,0,0.49000000,1.31850414,0.61575762,1.55078394,S=0,0,0,0.22222222
1162,5_2_6,seq_ABC,filter_l1.00,1.00,0.10000000,0,4,0,,1,0.61666667,1.73875575,0.76050471,1.80687491,not_aligned,0,0,0.22222222
1163,5_2_6,sync,hard,,1.00000000,1,185,1,15,0,0.00000000,0.00000000,0.00000000,0.00000000,S=0,0,0,0.00000000
1163,5_2_6,sync,smooth,,0.47000000,0,11,0,,1,0.00000000,0.80632360,0.34466183,1.83838903,not_aligned,0,0,0.00000000
1163,5_2_6,sync,filter_l0.00,0.00,1.00000000,1,128,1,72,0,0.00000000,0.00505457,0.00076396,0.01865231,S=0,0,0,0.00000000
1163,5_2_6,sync,filter_l0.02,0.02,0.92000000,0,28,1,198,0,0.03000000,0.18571727,0.07520158,0.33672692,S=0,0,0,0.00000000
1163,5_2_6,sync,filter_l0.05,0.05,0.87000000,0,22,0,,1,0.08000000,0.33915857,0.14886057,0.56711806,not_aligned,0,0,0.00000000
1163,5_2_6,sync,filter_l0.10,0.10,0.76000000,0,16,0,,1,0.16333333,0.59074137,0.27583634,0.80501577,not_aligned,0,0,0.22222222
1163,5_2_6,sync,filter_l0.20,0.20,0.75000000,0,15,0,,1,0.21666667,0.75761225,0.35969910,1.06517700,not_aligned,0,0,0.22222222
1163,5_2_6,sync,filter_l0.50,0.50,0.49000000,0,7,0,,1,0.43000000,1.19857286,0.56464607,1.46307479,not_aligned,0,0,0.22222222
1163,5_2_6,sync,filter_l1.00,1.00,0.27000000,0,7,0,,1,0.63666667,1.61609581,0.71070298,1.74879729,not_aligned,0,0,0.88888889
1163,5_2_6,seq_ABC,hard,,1.00000000,1,184,1,16,0,0.00000000,0.00000000,0.00000000,0.00000000,S=0,0,0,0.00000000
1163,5_2_6,seq_ABC,smooth,,0.50000000,0,13,0,,1,0.00000000,0.80632360,0.34466183,1.83838903,not_aligned,0,0,0.00000000
1163,5_2_6,seq_ABC,filter_l0.00,0.00,1.00000000,1,123,1,77,0,0.03666667,0.06385905,0.04436887,0.06706598,S=0,0,0,0.00000000
1163,5_2_6,seq_ABC,filter_l0.02,0.02,0.92000000,0,26,1,198,0,0.03000000,0.17966183,0.07290494,0.33032515,S=0,0,0,0.00000000
1163,5_2_6,seq_ABC,filter_l0.05,0.05,0.85000000,0,22,0,,1,0.09000000,0.35523328,0.15861008,0.57420900,not_aligned,0,0,0.00000000
1163,5_2_6,seq_ABC,filter_l0.10,0.10,0.78000000,0,25,0,,1,0.16000000,0.57148890,0.26369633,0.80508885,not_aligned,0,0,0.22222222
1163,5_2_6,seq_ABC,filter_l0.20,0.20,0.75000000,0,18,0,,1,0.20000000,0.76493786,0.35843054,1.06977215,not_aligned,0,0,0.22222222
1163,5_2_6,seq_ABC,filter_l0.50,0.50,0.45000000,0,7,0,,1,0.44666667,1.22527782,0.57627808,1.47053860,not_aligned,0,0,0.22222222
1163,5_2_6,seq_ABC,filter_l1.00,1.00,0.10000000,0,5,0,,1,0.64000000,1.75478081,0.76020181,1.80468380,not_aligned,0,0,2.00000000
1164,5_2_6,sync,hard,,0.00000000,0,1,0,,1,0.00000000,0.00000000,0.00000000,0.00000000,not_aligned,0,0,0.22222222
1164,5_2_6,sync,smooth,,0.27000000,0,9,0,,1,0.00000000,0.80632360,0.34466183,1.83838903,not_aligned,0,0,2.00000000
1164,5_2_6,sync,filter_l0.00,0.00,1.00000000,1,157,1,43,0,0.00000000,0.00067908,0.00000666,0.00441377,S=0,0,0,0.00000000
1164,5_2_6,sync,filter_l0.02,0.02,0.92000000,0,44,1,196,0,0.03000000,0.20504036,0.07584372,0.37638138,S=0,0,0,0.00000000
1164,5_2_6,sync,filter_l0.05,0.05,0.90000000,0,44,1,196,0,0.04666667,0.34525620,0.14673800,0.64376650,S=0,0,0,0.00000000
1164,5_2_6,sync,filter_l0.10,0.10,0.78000000,0,19,1,199,0,0.18000000,0.61706728,0.30395727,0.92269066,S=0,0,0,0.22222222
1164,5_2_6,sync,filter_l0.20,0.20,0.61000000,0,19,0,,1,0.33666667,0.92922258,0.46812651,1.19186890,not_aligned,0,0,0.22222222
1164,5_2_6,sync,filter_l0.50,0.50,0.34000000,0,7,0,,1,0.51666667,1.35524851,0.63411600,1.56032165,not_aligned,0,0,0.22222222
1164,5_2_6,sync,filter_l1.00,1.00,0.12000000,0,4,0,,1,0.66666667,1.72131741,0.74940520,1.79158132,not_aligned,0,0,1.55555556
1164,5_2_6,seq_ABC,hard,,1.00000000,1,190,1,10,0,0.00000000,0.00000000,0.00000000,0.00000000,S=0,0,0,0.00000000
1164,5_2_6,seq_ABC,smooth,,0.41000000,0,12,1,197,0,0.00000000,0.80632360,0.34466183,1.83838903,S=8,0,0,0.00000000
1164,5_2_6,seq_ABC,filter_l0.00,0.00,1.00000000,1,157,1,43,0,0.00000000,0.00067908,0.00000666,0.00441377,S=0,0,0,0.00000000
1164,5_2_6,seq_ABC,filter_l0.02,0.02,0.91000000,0,44,1,196,0,0.03333333,0.21475041,0.08217403,0.38524140,S=0,0,0,0.00000000
1164,5_2_6,seq_ABC,filter_l0.05,0.05,0.90000000,0,44,1,196,0,0.04666667,0.34793138,0.14897767,0.65378741,S=0,0,0,0.00000000
1164,5_2_6,seq_ABC,filter_l0.10,0.10,0.77000000,0,18,1,197,0,0.18333333,0.62824300,0.31374722,0.92079816,S=0,0,0,0.00000000
1164,5_2_6,seq_ABC,filter_l0.20,0.20,0.56000000,0,8,0,,1,0.40333333,0.97081386,0.49771298,1.21605365,not_aligned,0,0,0.22222222
1164,5_2_6,seq_ABC,filter_l0.50,0.50,0.34000000,0,10,0,,1,0.54333333,1.41029611,0.65229307,1.56910084,not_aligned,0,0,0.22222222
1164,5_2_6,seq_ABC,filter_l1.00,1.00,0.20000000,0,5,0,,1,0.64666667,1.68226921,0.73313981,1.77213090,not_aligned,0,0,0.22222222
1165,5_2_6,sync,hard,,0.00000000,0,1,0,,1,0.00000000,0.00000000,0.00000000,0.00000000,not_aligned,0,0,0.22222222
1165,5_2_6,sync,smooth,,0.45000000,0,18,0,,1,0.00000000,0.80632360,0.34466183,1.83838903,not_aligned,0,0,0.22222222
1165,5_2_6,sync,filter_l0.00,0.00,0.54000000,0,29,1,186,0,0.19000000,1.99449492,0.35287958,0.03850012,other_aligned,0,0,0.00000000
1165,5_2_6,sync,filter_l0.02,0.02,0.75000000,0,17,1,187,0,0.20000000,0.61395207,0.33052576,0.52030647,S=0,0,0,0.00000000
1165,5_2_6,sync,filter_l0.05,0.05,0.70000000,0,14,1,196,0,0.26000000,0.66164533,0.35443862,0.77625679,S=0,0,0,0.00000000
1165,5_2_6,sync,filter_l0.10,0.10,0.63000000,0,17,1,187,0,0.31000000,0.81130639,0.41489915,0.97809775,S=0,0,0,0.00000000
1165,5_2_6,sync,filter_l0.20,0.20,0.58000000,0,14,1,196,0,0.39666667,1.03138798,0.51133439,1.23321200,S=0,0,0,0.00000000
1165,5_2_6,sync,filter_l0.50,0.50,0.36000000,0,10,0,,1,0.52666667,1.37463485,0.63972743,1.54484668,not_aligned,0,0,0.22222222
1165,5_2_6,sync,filter_l1.00,1.00,0.16000000,0,4,1,199,0,0.62666667,1.71987808,0.74156032,1.78911221,S=0,0,0,0.22222222
1165,5_2_6,seq_ABC,hard,,1.00000000,1,195,1,5,0,0.00000000,0.00000000,0.00000000,0.00000000,S=0,0,0,0.00000000
1165,5_2_6,seq_ABC,smooth,,0.35000000,0,18,1,199,0,0.00000000,0.80632360,0.34466183,1.83838903,S=0,0,0,0.22222222
1165,5_2_6,seq_ABC,filter_l0.00,0.00,0.73000000,0,37,1,184,0,0.19000000,1.71645429,0.32669798,0.05628687,other_aligned,0,0,0.00000000
1165,5_2_6,seq_ABC,filter_l0.02,0.02,0.75000000,0,17,1,187,0,0.20000000,0.62892912,0.33832013,0.50349940,S=0,0,0,0.00000000
1165,5_2_6,seq_ABC,filter_l0.05,0.05,0.72000000,0,17,1,196,0,0.24333333,0.64598134,0.34326457,0.73151487,S=0,0,0,0.00000000
1165,5_2_6,seq_ABC,filter_l0.10,0.10,0.70000000,0,18,1,183,0,0.28666667,0.77365890,0.39269549,0.97266316,S=0,0,0,0.00000000
1165,5_2_6,seq_ABC,filter_l0.20,0.20,0.58000000,0,14,1,196,0,0.36333333,1.00973492,0.49969823,1.21794999,S=0,0,0,0.00000000
1165,5_2_6,seq_ABC,filter_l0.50,0.50,0.40000000,0,9,1,199,0,0.51666667,1.35901488,0.63048063,1.53912243,S=0,0,0,0.22222222
1165,5_2_6,seq_ABC,filter_l1.00,1.00,0.25000000,0,3,0,,1,0.63333333,1.71465055,0.74022906,1.78270133,not_aligned,0,0,0.22222222
1166,5_2_6,sync,hard,,0.00000000,0,1,0,,1,0.00000000,0.00000000,0.00000000,0.00000000,not_aligned,0,0,0.22222222
1166,5_2_6,sync,smooth,,0.33000000,0,15,0,,1,0.00000000,0.80632360,0.34466183,1.83838903,not_aligned,0,0,0.00000000
1166,5_2_6,sync,filter_l0.00,0.00,1.00000000,1,156,1,44,0,0.00000000,0.00094894,0.00002252,0.00601521,S=0,0,0,0.00000000
1166,5_2_6,sync,filter_l0.02,0.02,0.87000000,0,26,1,189,0,0.06666667,0.33639531,0.14400332,0.51146203,S=0,0,0,0.00000000
1166,5_2_6,sync,filter_l0.05,0.05,0.86000000,0,17,1,194,0,0.12666667,0.51429216,0.24358684,0.79372278,S=0,0,0,0.00000000
1166,5_2_6,sync,filter_l0.10,0.10,0.76000000,0,15,1,194,0,0.28333333,0.78099573,0.39429161,1.00404907,S=0,0,0,0.00000000
1166,5_2_6,sync,filter_l0.20,0.20,0.59000000,0,11,1,199,0,0.36000000,1.02203538,0.48988599,1.25109755,S=0,0,0,0.22222222
1166,5_2_6,sync,filter_l0.50,0.50,0.45000000,0,5,1,199,0,0.48000000,1.36560285,0.62457144,1.55985105,S=0,0,0,0.22222222
1166,5_2_6,sync,filter_l1.00,1.00,0.24000000,0,3,1,199,0,0.66333333,1.73347454,0.74325799,1.78071745,S=0,0,0,0.22222222
1166,5_2_6,seq_ABC,hard,,1.00000000,1,194,1,6,0,0.00000000,0.00000000,0.00000000,0.00000000,S=0,0,0,0.00000000
1166,5_2_6,seq_ABC,smooth,,0.34000000,0,18,1,196,0,0.00000000,0.80632360,0.34466183,1.83838903,S=8,0,0,0.00000000
1166,5_2_6,seq_ABC,filter_l0.00,0.00,1.00000000,1,147,1,53,0,0.00000000,0.00058057,0.00002097,0.00333341,S=0,0,0,0.00000000
1166,5_2_6,seq_ABC,filter_l0.02,0.02,0.92000000,1,38,1,162,0,0.04333333,0.28595879,0.12082588,0.52314545,S=0,0,0,0.00000000
1166,5_2_6,seq_ABC,filter_l0.05,0.05,0.83000000,0,17,1,196,0,0.16000000,0.55224398,0.27087375,0.81777731,S=0,0,0,0.00000000
1166,5_2_6,seq_ABC,filter_l0.10,0.10,0.73000000,0,14,1,194,0,0.31000000,0.84073790,0.42067059,1.02864167,S=0,0,0,0.00000000
1166,5_2_6,seq_ABC,filter_l0.20,0.20,0.62000000,0,13,1,199,0,0.36000000,1.03161304,0.49041858,1.25553709,S=0,0,0,0.22222222
1166,5_2_6,seq_ABC,filter_l0.50,0.50,0.34000000,0,5,1,199,0,0.49666667,1.41143915,0.64115009,1.57917131,S=0,0,0,0.22222222
1166,5_2_6,seq_ABC,filter_l1.00,1.00,0.20000000,0,5,1,199,0,0.66333333,1.74006313,0.74703218,1.78388538,S=0,0,0,0.22222222
1167,5_2_6,sync,hard,,0.00000000,0,1,0,,1,0.00000000,0.00000000,0.00000000,0.00000000,not_aligned,0,0,0.22222222
1167,5_2_6,sync,smooth,,0.23000000,0,15,0,,1,0.00000000,0.80632360,0.34466183,1.83838903,not_aligned,0,0,0.22222222
1167,5_2_6,sync,filter_l0.00,0.00,1.00000000,1,153,1,47,0,0.02333333,0.08167512,0.04886532,0.11826671,S=0,0,0,0.00000000
1167,5_2_6,sync,filter_l0.02,0.02,0.80000000,0,24,1,199,0,0.15333333,0.42662897,0.21575328,0.51941285,S=0,0,0,0.22222222
1167,5_2_6,sync,filter_l0.05,0.05,0.70000000,0,23,1,194,0,0.26000000,0.67090215,0.34752040,0.76511026,S=0,0,0,0.00000000
1167,5_2_6,sync,filter_l0.10,0.10,0.61000000,0,15,1,199,0,0.36333333,0.86078619,0.43901597,0.97441031,S=0,0,0,0.22222222
1167,5_2_6,sync,filter_l0.20,0.20,0.53000000,0,14,1,199,0,0.43333333,1.10363134,0.54153497,1.23427536,S=0,0,0,0.22222222
1167,5_2_6,sync,filter_l0.50,0.50,0.44000000,0,9,0,,1,0.52666667,1.35627995,0.62180853,1.52929686,not_aligned,0,0,0.22222222
1167,5_2_6,sync,filter_l1.00,1.00,0.22000000,0,5,0,,1,0.64000000,1.68597789,0.72677192,1.76525233,not_aligned,0,0,0.22222222
1167,5_2_6,seq_ABC,hard,,1.00000000,1,189,1,11,0,0.00000000,0.00000000,0.00000000,0.00000000,S=0,0,0,0.00000000
1167,5_2_6,seq_ABC,smooth,,0.51000000,0,13,0,,1,0.00000000,0.80632360,0.34466183,1.83838903,not_aligned,0,0,0.00000000
1167,5_2_6,seq_ABC,filter_l0.00,0.00,1.00000000,1,158,1,42,0,0.00000000,0.01473838,0.00253783,0.05108931,S=0,0,0,0.00000000
1167,5_2_6,seq_ABC,filter_l0.02,0.02,0.83000000,0,24,1,199,0,0.14000000,0.41350442,0.20686458,0.50673724,S=0,0,0,0.22222222
1167,5_2_6,seq_ABC,filter_l0.05,0.05,0.73000000,0,23,1,193,0,0.25333333,0.66355407,0.34400349,0.75367784,S=0,0,0,0.00000000
1167,5_2_6,seq_ABC,filter_l0.10,0.10,0.61000000,0,16,1,199,0,0.33000000,0.85305498,0.43245372,0.97909998,S=0,0,0,0.22222222
1167,5_2_6,seq_ABC,filter_l0.20,0.20,0.55000000,0,14,0,,1,0.39000000,1.03373383,0.50182241,1.23876362,not_aligned,0,0,0.22222222
1167,5_2_6,seq_ABC,filter_l0.50,0.50,0.37000000,0,12,0,,1,0.52000000,1.37419961,0.62661115,1.56846270,not_aligned,0,0,0.22222222
1167,5_2_6,seq_ABC,filter_l1.00,1.00,0.18000000,0,5,0,,1,0.66000000,1.71153098,0.74291606,1.77096208,not_aligned,0,0,0.22222222
1168,5_2_6,sync,hard,,0.00000000,0,1,0,,1,0.00000000,0.00000000,0.00000000,0.00000000,not_aligned,0,0,0.22222222
1168,5_2_6,sync,smooth,,0.60000000,0,14,1,193,0,0.00000000,0.80632360,0.34466183,1.83838903,S=0,0,0,0.00000000
1168,5_2_6,sync,filter_l0.00,0.00,0.83000000,1,70,1,130,0,0.42000000,1.64716489,0.75118931,0.20208181,S=0,0,0,0.00000000
1168,5_2_6,sync,filter_l0.02,0.02,0.96000000,1,51,1,149,0,0.03000000,0.18367739,0.07417538,0.41462380,S=0,0,0,0.00000000
1168,5_2_6,sync,filter_l0.05,0.05,0.87000000,0,26,1,190,0,0.10000000,0.39877660,0.19203253,0.66799527,S=0,0,0,0.00000000
1168,5_2_6,sync,filter_l0.10,0.10,0.76000000,0,26,1,191,0,0.21333333,0.63293884,0.33193540,0.90664100,S=0,0,0,0.00000000
1168,5_2_6,sync,filter_l0.20,0.20,0.70000000,0,18,1,197,0,0.34000000,0.88058837,0.44289998,1.16029301,S=0,0,0,0.00000000
1168,5_2_6,sync,filter_l0.50,0.50,0.49000000,0,9,1,198,0,0.51333333,1.25239356,0.60043667,1.48582680,S=0,0,0,0.00000000
1168,5_2_6,sync,filter_l1.00,1.00,0.26000000,0,4,1,199,0,0.59333333,1.63387709,0.70810328,1.75416392,other_aligned,0,0,0.88888889
1168,5_2_6,seq_ABC,hard,,1.00000000,1,186,1,14,0,0.00000000,0.00000000,0.00000000,0.00000000,S=0,0,0,0.00000000
1168,5_2_6,seq_ABC,smooth,,0.34000000,0,9,1,198,0,0.00000000,0.80632360,0.34466183,1.83838903,S=0,0,0,0.00000000
1168,5_2_6,seq_ABC,filter_l0.00,0.00,0.95000000,1,78,1,122,0,0.63333333,4.80848601,1.21755883,0.07584465,S=0,0,0,0.00000000
1168,5_2_6,seq_ABC,filter_l0.02,0.02,0.95000000,1,51,1,149,0,0.03333333,0.19143383,0.07781829,0.42583405,S=0,0,0,0.00000000
1168,5_2_6,seq_ABC,filter_l0.05,0.05,0.86000000,0,26,1,190,0,0.11666667,0.42759936,0.21359517,0.67977836,S=0,0,0,0.00000000
1168,5_2_6,seq_ABC,filter_l0.10,0.10,0.73000000,0,26,1,191,0,0.22666667,0.66270599,0.35189583,0.91127431,S=0,0,0,0.00000000
1168,5_2_6,seq_ABC,filter_l0.20,0.20,0.73000000,0,18,1,191,0,0.27666667,0.81776779,0.41304281,1.14014126,S=0,0,0,0.00000000
1168,5_2_6,seq_ABC,filter_l0.50,0.50,0.44000000,0,10,1,196,0,0.54333333,1.27674839,0.60824426,1.48641543,S=0,0,0,0.00000000
1168,5_2_6,seq_ABC,filter_l1.00,1.00,0.33000000,0,4,0,,1,0.60000000,1.61584490,0.69957331,1.74690840,not_aligned,0,0,0.22222222
1169,5_2_6,sync,hard,,1.00000000,1,186,1,14,0,0.00000000,0.00000000,0.00000000,0.00000000,other_aligned,0,0,0.00000000
1169,5_2_6,sync,smooth,,0.59000000,0,14,1,199,0,0.00000000,0.80632360,0.34466183,1.83838903,S=0,0,0,0.22222222
1169,5_2_6,sync,filter_l0.00,0.00,0.70000000,0,17,1,183,0,0.13333333,1.56482931,0.26388558,0.14581680,other_aligned,0,0,0.00000000
1169,5_2_6,sync,filter_l0.02,0.02,0.76000000,0,23,1,197,0,0.22666667,0.55882441,0.29754768,0.60953727,S=8,0,0,0.00000000
1169,5_2_6,sync,filter_l0.05,0.05,0.79000000,0,17,0,,1,0.22666667,0.65284147,0.34214860,0.75560849,not_aligned,0,0,0.00000000
1169,5_2_6,sync,filter_l0.10,0.10,0.69000000,0,14,1,194,0,0.32000000,0.88654724,0.45675141,0.96020829,S=0,0,0,0.00000000
1169,5_2_6,sync,filter_l0.20,0.20,0.62000000,0,12,0,,1,0.39666667,1.06562100,0.52339855,1.20899728,not_aligned,0,0,0.00000000
1169,5_2_6,sync,filter_l0.50,0.50,0.29000000,0,6,1,199,0,0.59000000,1.47955747,0.68406413,1.56623820,S=0,0,0,0.22222222
1169,5_2_6,sync,filter_l1.00,1.00,0.34000000,0,5,1,199,0,0.65000000,1.68723542,0.73107059,1.75815236,S=0,0,0,0.22222222
1169,5_2_6,seq_ABC,hard,,1.00000000,1,189,1,11,0,0.00000000,0.00000000,0.00000000,0.00000000,S=0,0,0,0.00000000
1169,5_2_6,seq_ABC,smooth,,0.40000000,0,16,1,199,0,0.00000000,0.80632360,0.34466183,1.83838903,S=0,0,0,0.22222222
1169,5_2_6,seq_ABC,filter_l0.00,0.00,0.17000000,0,9,1,191,0,0.69333333,5.45239847,1.28813980,0.10144363,S=0,0,0,0.00000000
1169,5_2_6,seq_ABC,filter_l0.02,0.02,0.81000000,0,33,1,196,0,0.16333333,0.44914155,0.24311337,0.55739247,S=0,0,0,0.00000000
1169,5_2_6,seq_ABC,filter_l0.05,0.05,0.79000000,0,42,0,,1,0.27333333,0.68722390,0.37475719,0.77636388,not_aligned,0,0,0.00000000
1169,5_2_6,seq_ABC,filter_l0.10,0.10,0.75000000,0,14,1,194,0,0.31333333,0.83522454,0.42958194,0.95707108,S=0,0,0,0.00000000
1169,5_2_6,seq_ABC,filter_l0.20,0.20,0.59000000,0,12,1,199,0,0.40666667,1.07003060,0.53129089,1.19450090,S=0,0,0,0.22222222
1169,5_2_6,seq_ABC,filter_l0.50,0.50,0.31000000,0,7,1,199,0,0.54666667,1.39537489,0.64918140,1.51625045,S=0,0,0,0.22222222
1169,5_2_6,seq_ABC,filter_l1.00,1.00,0.27000000,0,4,1,199,0,0.66333333,1.70339930,0.74001658,1.76441085,S=0,0,0,0.22222222
1170,5_2_6,sync,hard,,1.00000000,1,180,1,20,0,0.00000000,0.00000000,0.00000000,0.00000000,other_aligned,0,0,0.00000000
1170,5_2_6,sync,smooth,,0.04000000,0,11,1,198,0,0.00000000,0.80632360,0.34466183,1.83838903,S=8,0,0,0.00000000
1170,5_2_6,sync,filter_l0.00,0.00,0.05000000,0,2,0,,1,0.59333333,5.62674699,1.14331688,0.10259926,not_aligned,0,0,0.22222222
1170,5_2_6,sync,filter_l0.02,0.02,0.25000000,0,9,1,198,0,0.74000000,1.94962476,0.92652667,1.05109727,S=8,0,0,0.00000000
1170,5_2_6,sync,filter_l0.05,0.05,0.75000000,0,14,1,199,0,0.23333333,0.64548148,0.32536158,0.72459154,S=8,0,0,0.22222222
1170,5_2_6,sync,filter_l0.10,0.10,0.56000000,0,9,0,,1,0.44333333,1.07375720,0.55552293,1.06958943,not_aligned,0,0,0.88888889
1170,5_2_6,sync,filter_l0.20,0.20,0.43000000,0,12,0,,1,0.47333333,1.23255358,0.59380511,1.29805129,not_aligned,0,0,0.22222222
1170,5_2_6,sync,filter_l0.50,0.50,0.34000000,0,8,0,,1,0.52666667,1.44847125,0.66251034,1.55577637,not_aligned,0,0,0.88888889
1170,5_2_6,sync,filter_l1.00,1.00,0.23000000,0,6,0,,1,0.61666667,1.65437651,0.71823443,1.76451662,not_aligned,0,0,0.22222222
1170,5_2_6,seq_ABC,hard,,1.00000000,1,193,1,7,0,0.00000000,0.00000000,0.00000000,0.00000000,S=0,0,0,0.00000000
1170,5_2_6,seq_ABC,smooth,,0.34000000,0,7,0,,1,0.00000000,0.80632360,0.34466183,1.83838903,not_aligned,0,0,0.00000000
1170,5_2_6,seq_ABC,filter_l0.00,0.00,0.61000000,1,40,1,160,0,0.34333333,3.26458933,0.57236052,0.13186989,other_aligned,0,0,0.00000000
1170,5_2_6,seq_ABC,filter_l0.02,0.02,0.83000000,0,19,0,,1,0.16333333,0.48567248,0.23571909,0.56985099,not_aligned,0,0,0.22222222
1170,5_2_6,seq_ABC,filter_l0.05,0.05,0.52000000,0,13,0,,1,0.47666667,1.19393894,0.61190400,0.90437379,not_aligned,0,0,0.88888889
1170,5_2_6,seq_ABC,filter_l0.10,0.10,0.67000000,0,13,0,,1,0.38333333,0.96681162,0.50326062,1.02769522,not_aligned,0,0,0.88888889
1170,5_2_6,seq_ABC,filter_l0.20,0.20,0.41000000,0,10,0,,1,0.48666667,1.21877291,0.60802212,1.28506806,not_aligned,0,0,0.88888889
1170,5_2_6,seq_ABC,filter_l0.50,0.50,0.40000000,0,9,1,198,0,0.51333333,1.34171298,0.63341989,1.52331905,S=8,0,0,0.00000000
1170,5_2_6,seq_ABC,filter_l1.00,1.00,0.18000000,0,5,0,,1,0.59333333,1.67437215,0.72677184,1.77694574,not_aligned,0,0,0.88888889
1171,5_2_6,sync,hard,,0.00000000,0,1,0,,1,0.00000000,0.00000000,0.00000000,0.00000000,not_aligned,0,0,0.22222222
1171,5_2_6,sync,smooth,,0.56000000,0,10,0,,1,0.00000000,0.80632360,0.34466183,1.83838903,not_aligned,0,0,0.22222222
1171,5_2_6,sync,filter_l0.00,0.00,0.68000000,1,49,1,151,0,0.57000000,3.10724150,1.04336421,0.18365691,S=0,0,0,0.00000000
1171,5_2_6,sync,filter_l0.02,0.02,0.92000000,0,43,1,196,0,0.06666667,0.25513879,0.11495177,0.39137067,S=0,0,0,0.00000000
1171,5_2_6,sync,filter_l0.05,0.05,0.90000000,0,30,0,,1,0.11333333,0.40674747,0.19569146,0.63319264,not_aligned,0,0,0.00000000
1171,5_2_6,sync,filter_l0.10,0.10,0.81000000,0,15,1,197,0,0.20333333,0.62658744,0.31321711,0.86112664,S=0,0,0,0.00000000
1171,5_2_6,sync,filter_l0.20,0.20,0.54000000,0,6,1,199,0,0.41000000,1.09919497,0.53147218,1.23667837,S=8,0,0,0.22222222
1171,5_2_6,sync,filter_l0.50,0.50,0.38000000,0,8,0,,1,0.46333333,1.25865262,0.59520433,1.49760407,not_aligned,0,0,0.22222222
1171,5_2_6,sync,filter_l1.00,1.00,0.37000000,0,8,0,,1,0.59000000,1.58513407,0.69350524,1.75283608,not_aligned,0,0,0.00000000
1171,5_2_6,seq_ABC,hard,,1.00000000,1,191,1,9,0,0.00000000,0.00000000,0.00000000,0.00000000,S=0,0,0,0.00000000
1171,5_2_6,seq_ABC,smooth,,0.57000000,0,15,0,,1,0.00000000,0.80632360,0.34466183,1.83838903,not_aligned,0,0,0.22222222
1171,5_2_6,seq_ABC,filter_l0.00,0.00,1.00000000,1,149,1,51,0,0.06333333,0.16394831,0.10144869,0.08896377,S=0,0,0,0.00000000
1171,5_2_6,seq_ABC,filter_l0.02,0.02,0.92000000,0,40,1,197,0,0.05333333,0.24417560,0.10358233,0.38994587,S=0,0,0,0.00000000
1171,5_2_6,seq_ABC,filter_l0.05,0.05,0.91000000,0,30,1,197,0,0.10333333,0.39290160,0.18217437,0.62002556,S=0,0,0,0.00000000
1171,5_2_6,seq_ABC,filter_l0.10,0.10,0.75000000,0,20,0,,1,0.21333333,0.65093766,0.32308619,0.87394989,not_aligned,0,0,0.00000000
1171,5_2_6,seq_ABC,filter_l0.20,0.20,0.65000000,0,12,0,,1,0.31000000,0.86279872,0.42149930,1.12585618,not_aligned,0,0,0.00000000
1171,5_2_6,seq_ABC,filter_l0.50,0.50,0.45000000,0,8,0,,1,0.43000000,1.23548499,0.57390915,1.50530884,not_aligned,0,0,0.00000000
1171,5_2_6,seq_ABC,filter_l1.00,1.00,0.18000000,0,3,0,,1,0.66666667,1.81657350,0.78368196,1.83739485,not_aligned,0,0,1.55555556
1172,5_2_6,sync,hard,,0.00000000,0,1,0,,1,0.00000000,0.00000000,0.00000000,0.00000000,not_aligned,0,0,0.22222222
1172,5_2_6,sync,smooth,,0.45000000,0,9,0,,1,0.00000000,0.80632360,0.34466183,1.83838903,not_aligned,0,0,0.00000000
1172,5_2_6,sync,filter_l0.00,0.00,0.62000000,0,32,0,,1,0.15666667,0.87221755,0.26308818,0.11544983,not_aligned,0,0,0.22222222
1172,5_2_6,sync,filter_l0.02,0.02,0.91000000,0,27,1,188,0,0.09000000,0.30870824,0.14976131,0.38287280,S=0,0,0,0.00000000
1172,5_2_6,sync,filter_l0.05,0.05,0.83000000,0,16,1,191,0,0.13666667,0.48170143,0.23565396,0.62257329,S=0,0,0,0.00000000
1172,5_2_6,sync,filter_l0.10,0.10,0.71000000,0,28,0,,1,0.19333333,0.63659643,0.31999837,0.88797378,not_aligned,0,0,0.00000000
1172,5_2_6,sync,filter_l0.20,0.20,0.54000000,0,9,0,,1,0.33000000,0.93856317,0.46863513,1.17504977,not_aligned,0,0,0.00000000
1172,5_2_6,sync,filter_l0.50,0.50,0.45000000,0,6,0,,1,0.45000000,1.26888674,0.59057845,1.49818278,not_aligned,0,0,0.00000000
1172,5_2_6,sync,filter_l1.00,1.00,0.12000000,0,6,0,,1,0.69666667,1.81367338,0.78139915,1.80126955,not_aligned,0,0,0.66666667
1172,5_2_6,seq_ABC,hard,,1.00000000,1,192,1,8,0,0.00000000,0.00000000,0.00000000,0.00000000,S=0,0,0,0.00000000
1172,5_2_6,seq_ABC,smooth,,0.13000000,0,10,0,,1,0.00000000,0.80632360,0.34466183,1.83838903,not_aligned,0,0,0.00000000
1172,5_2_6,seq_ABC,filter_l0.00,0.00,0.89000000,1,49,1,151,0,0.04666667,0.35512764,0.08222192,0.03437731,other_aligned,0,0,0.00000000
1172,5_2_6,seq_ABC,filter_l0.02,0.02,0.92000000,0,32,1,188,0,0.08666667,0.29348255,0.14341359,0.38529370,S=0,0,0,0.00000000
1172,5_2_6,seq_ABC,filter_l0.05,0.05,0.84000000,0,16,1,191,0,0.14000000,0.48250747,0.23714490,0.62946775,S=0,0,0,0.00000000
1172,5_2_6,seq_ABC,filter_l0.10,0.10,0.75000000,0,28,0,,1,0.18333333,0.60883371,0.30379737,0.88770483,not_aligned,0,0,0.00000000
1172,5_2_6,seq_ABC,filter_l0.20,0.20,0.62000000,0,9,0,,1,0.29666667,0.88597701,0.43718501,1.15305491,not_aligned,0,0,0.22222222
1172,5_2_6,seq_ABC,filter_l0.50,0.50,0.50000000,0,6,0,,1,0.45333333,1.24682369,0.58462527,1.49350341,not_aligned,0,0,0.22222222
1172,5_2_6,seq_ABC,filter_l1.00,1.00,0.23000000,0,6,0,,1,0.63333333,1.67424463,0.72869856,1.77566998,not_aligned,0,0,0.22222222
1173,5_2_6,sync,hard,,0.00000000,0,1,0,,1,0.00000000,0.00000000,0.00000000,0.00000000,not_aligned,0,0,0.22222222
1173,5_2_6,sync,smooth,,0.10000000,0,8,0,,1,0.00000000,0.80632360,0.34466183,1.83838903,not_aligned,0,0,0.22222222
1173,5_2_6,sync,filter_l0.00,0.00,0.94000000,1,62,1,138,0,0.21666667,0.80721777,0.36011436,0.10006436,S=0,0,0,0.00000000
1173,5_2_6,sync,filter_l0.02,0.02,0.85000000,1,35,1,165,0,0.15666667,0.45155049,0.21049163,0.42084884,S=0,0,0,0.00000000
1173,5_2_6,sync,filter_l0.05,0.05,0.81000000,1,25,1,175,0,0.13000000,0.47783355,0.21468655,0.65064733,S=0,0,0,0.00000000
1173,5_2_6,sync,filter_l0.10,0.10,0.80000000,1,25,1,175,0,0.14666667,0.61455338,0.29092464,0.88589376,S=0,0,0,0.00000000
1173,5_2_6,sync,filter_l0.20,0.20,0.70000000,0,12,1,188,0,0.26000000,0.82863725,0.39868632,1.14915406,S=0,0,0,0.00000000
1173,5_2_6,sync,filter_l0.50,0.50,0.55000000,0,9,1,197,0,0.45666667,1.24027732,0.58068628,1.52024611,S=0,0,0,0.00000000
1173,5_2_6,sync,filter_l1.00,1.00,0.21000000,0,3,0,,1,0.61000000,1.68399833,0.73443276,1.78324561,not_aligned,0,0,0.22222222
1173,5_2_6,seq_ABC,hard,,1.00000000,1,193,1,7,0,0.00000000,0.00000000,0.00000000,0.00000000,S=0,0,0,0.00000000
1173,5_2_6,seq_ABC,smooth,,0.68000000,0,13,1,187,0,0.00000000,0.80632360,0.34466183,1.83838903,S=0,0,0,0.00000000
1173,5_2_6,seq_ABC,filter_l0.00,0.00,0.94000000,1,62,1,138,0,0.20333333,0.79078281,0.34295840,0.09398222,S=0,0,0,0.00000000
1173,5_2_6,seq_ABC,filter_l0.02,0.02,0.84000000,1,35,1,165,0,0.15333333,0.45168100,0.20851576,0.40861620,S=0,0,0,0.00000000
1173,5_2_6,seq_ABC,filter_l0.05,0.05,0.80000000,1,25,1,175,0,0.12666667,0.45407713,0.20089074,0.62808256,S=0,0,0,0.00000000
1173,5_2_6,seq_ABC,filter_l0.10,0.10,0.80000000,1,25,1,175,0,0.14333333,0.57212928,0.26634735,0.86953832,S=0,0,0,0.00000000
1173,5_2_6,seq_ABC,filter_l0.20,0.20,0.66000000,0,16,1,184,0,0.27000000,0.87221942,0.42072945,1.16896243,S=0,0,0,0.00000000
1173,5_2_6,seq_ABC,filter_l0.50,0.50,0.50000000,0,7,1,197,0,0.45666667,1.23644512,0.58720854,1.50444254,S=0,0,0,0.00000000
1173,5_2_6,seq_ABC,filter_l1.00,1.00,0.37000000,0,6,1,196,0,0.61333333,1.64498980,0.71614652,1.75808784,S=0,0,0,0.00000000
1174,5_2_6,sync,hard,,0.00000000,0,1,0,,1,0.00000000,0.00000000,0.00000000,0.00000000,not_aligned,0,0,0.22222222
1174,5_2_6,sync,smooth,,0.36000000,0,11,0,,1,0.00000000,0.80632360,0.34466183,1.83838903,not_aligned,0,0,0.88888889
1174,5_2_6,sync,filter_l0.00,0.00,1.00000000,1,197,1,3,0,0.00000000,0.00000001,0.00000000,0.00000019,S=0,0,0,0.00000000
1174,5_2_6,sync,filter_l0.02,0.02,0.83000000,0,41,0,,1,0.05666667,0.32655080,0.13572582,0.44965811,not_aligned,0,0,0.00000000
1174,5_2_6,sync,filter_l0.05,0.05,0.68000000,0,38,0,,1,0.27000000,0.74541866,0.37232267,0.75574578,not_aligned,0,0,0.00000000
1174,5_2_6,sync,filter_l0.10,0.10,0.58000000,0,17,0,,1,0.31666667,0.89110694,0.44996746,0.96802949,not_aligned,0,0,0.00000000
1174,5_2_6,sync,filter_l0.20,0.20,0.56000000,0,19,0,,1,0.37000000,1.00582431,0.49267300,1.20138425,not_aligned,0,0,0.22222222
1174,5_2_6,sync,filter_l0.50,0.50,0.33000000,0,7,0,,1,0.52333333,1.35314033,0.63218887,1.54590195,not_aligned,0,0,0.22222222
1174,5_2_6,sync,filter_l1.00,1.00,0.22000000,0,5,0,,1,0.66000000,1.66822418,0.73033444,1.76491607,not_aligned,0,0,0.88888889
1174,5_2_6,seq_ABC,hard,,1.00000000,1,188,1,12,0,0.00000000,0.00000000,0.00000000,0.00000000,S=0,0,0,0.00000000
1174,5_2_6,seq_ABC,smooth,,0.55000000,0,14,1,198,0,0.00000000,0.80632360,0.34466183,1.83838903,S=8,0,0,0.00000000
1174,5_2_6,seq_ABC,filter_l0.00,0.00,1.00000000,1,197,1,3,0,0.00000000,0.00000001,0.00000000,0.00000019,S=0,0,0,0.00000000
1174,5_2_6,seq_ABC,filter_l0.02,0.02,0.81000000,0,41,0,,1,0.07000000,0.36790717,0.16274705,0.47331338,not_aligned,0,0,0.00000000
1174,5_2_6,seq_ABC,filter_l0.05,0.05,0.63000000,0,38,0,,1,0.32333333,0.83554284,0.42296692,0.76485443,not_aligned,0,0,0.00000000
1174,5_2_6,seq_ABC,filter_l0.10,0.10,0.53000000,0,17,0,,1,0.32333333,0.89476639,0.44994925,0.98547362,not_aligned,0,0,0.00000000
1174,5_2_6,seq_ABC,filter_l0.20,0.20,0.61000000,0,19,0,,1,0.36333333,0.98195411,0.49115707,1.20321506,not_aligned,0,0,0.22222222
1174,5_2_6,seq_ABC,filter_l0.50,0.50,0.34000000,0,7,1,199,0,0.55333333,1.35970314,0.64111104,1.53927282,S=0,0,0,0.22222222
1174,5_2_6,seq_ABC,filter_l1.00,1.00,0.16000000,0,4,1,199,0,0.66000000,1.71002035,0.74901709,1.77995541,other_aligned,0,0,0.66666667
1175,5_2_6,sync,hard,,0.00000000,0,1,0,,1,0.00000000,0.00000000,0.00000000,0.00000000,not_aligned,0,0,0.22222222
1175,5_2_6,sync,smooth,,0.46000000,0,10,0,,1,0.00000000,0.80632360,0.34466183,1.83838903,not_aligned,0,0,0.22222222
1175,5_2_6,sync,filter_l0.00,0.00,1.00000000,1,141,1,59,0,0.00000000,0.00021865,0.00000063,0.00178603,S=0,0,0,0.00000000
1175,5_2_6,sync,filter_l0.02,0.02,0.85000000,0,20,1,197,0,0.05000000,0.27510101,0.11355897,0.38956922,S=0,0,0,0.00000000
1175,5_2_6,sync,filter_l0.05,0.05,0.81000000,0,12,1,197,0,0.07666667,0.40037545,0.17727446,0.67048492,S=0,0,0,0.00000000
1175,5_2_6,sync,filter_l0.10,0.10,0.70000000,0,10,1,197,0,0.17666667,0.64126793,0.31169469,0.94695535,S=0,0,0,0.00000000
1175,5_2_6,sync,filter_l0.20,0.20,0.57000000,0,9,1,197,0,0.28666667,0.91441180,0.44089065,1.21845743,S=0,0,0,0.00000000
1175,5_2_6,sync,filter_l0.50,0.50,0.41000000,0,9,1,197,0,0.50666667,1.34105878,0.63076935,1.54207327,S=0,0,0,0.00000000
1175,5_2_6,sync,filter_l1.00,1.00,0.16000000,0,4,0,,1,0.65666667,1.70048282,0.74499664,1.78448579,not_aligned,0,0,1.55555556
1175,5_2_6,seq_ABC,hard,,1.00000000,1,189,1,11,0,0.00000000,0.00000000,0.00000000,0.00000000,S=0,0,0,0.00000000
1175,5_2_6,seq_ABC,smooth,,0.40000000,0,10,0,,1,0.00000000,0.80632360,0.34466183,1.83838903,not_aligned,0,0,0.22222222
1175,5_2_6,seq_ABC,filter_l0.00,0.00,1.00000000,1,150,1,50,0,0.00000000,0.00018035,0.00000059,0.00145028,S=0,0,0,0.00000000
1175,5_2_6,seq_ABC,filter_l0.02,0.02,0.86000000,0,20,1,197,0,0.04666667,0.27363210,0.10957502,0.38848104,S=0,0,0,0.00000000
1175,5_2_6,seq_ABC,filter_l0.05,0.05,0.80000000,0,12,1,197,0,0.08000000,0.42138867,0.18975444,0.66857320,S=0,0,0,0.00000000
1175,5_2_6,seq_ABC,filter_l0.10,0.10,0.69000000,0,10,1,197,0,0.17666667,0.64184330,0.32097557,0.95412460,S=0,0,0,0.00000000
1175,5_2_6,seq_ABC,filter_l0.20,0.20,0.65000000,0,8,1,197,0,0.27000000,0.87369273,0.43421073,1.20945159,S=0,0,0,0.00000000
1175,5_2_6,seq_ABC,filter_l0.50,0.50,0.49000000,0,9,1,197,0,0.49666667,1.30989912,0.62175711,1.53180613,S=0,0,0,0.00000000
1175,5_2_6,seq_ABC,filter_l1.00,1.00,0.24000000,0,4,0,,1,0.67333333,1.67744476,0.73627643,1.76993884,not_aligned,0,0,2.00000000
1176,5_2_6,sync,hard,,1.00000000,1,181,1,19,0,0.00000000,0.00000000,0.00000000,0.00000000,other_aligned,0,0,0.00000000
1176,5_2_6,sync,smooth,,0.23000000,0,11,0,,1,0.00000000,0.80632360,0.34466183,1.83838903,not_aligned,0,0,1.55555556
1176,5_2_6,sync,filter_l0.00,0.00,0.70000000,0,53,1,191,0,0.13666667,1.35252801,0.27218453,0.00486418,other_aligned,0,0,0.00000000
1176,5_2_6,sync,filter_l0.02,0.02,0.85000000,0,15,1,191,0,0.26333333,0.62408939,0.37189607,0.54121024,S=0,0,0,0.00000000
1176,5_2_6,sync,filter_l0.05,0.05,0.81000000,0,18,0,,1,0.23000000,0.59810113,0.32305990,0.77119751,not_aligned,0,0,0.00000000
1176,5_2_6,sync,filter_l0.10,0.10,0.69000000,0,16,0,,1,0.31000000,0.77852149,0.39698097,0.99315559,not_aligned,0,0,0.00000000
1176,5_2_6,sync,filter_l0.20,0.20,0.54000000,0,9,0,,1,0.37000000,1.01211412,0.48652857,1.24025803,not_aligned,0,0,0.22222222
1176,5_2_6,sync,filter_l0.50,0.50,0.41000000,0,8,0,,1,0.48666667,1.32154121,0.60161393,1.52647145,not_aligned,0,0,0.22222222
1176,5_2_6,sync,filter_l1.00,1.00,0.15000000,0,4,0,,1,0.63000000,1.72487173,0.73766118,1.77104472,not_aligned,0,0,0.22222222
1176,5_2_6,seq_ABC,hard,,1.00000000,1,189,1,11,0,0.00000000,0.00000000,0.00000000,0.00000000,S=0,0,0,0.00000000
1176,5_2_6,seq_ABC,smooth,,0.39000000,0,15,1,198,0,0.00000000,0.80632360,0.34466183,1.83838903,S=0,0,0,0.00000000
1176,5_2_6,seq_ABC,filter_l0.00,0.00,1.00000000,1,106,1,94,0,0.00000000,0.00003168,0.00000002,0.00029017,other_aligned,0,0,0.00000000
1176,5_2_6,seq_ABC,filter_l0.02,0.02,0.90000000,0,39,1,185,0,0.04000000,0.21246803,0.08472526,0.36760610,S=8,0,0,0.00000000
1176,5_2_6,seq_ABC,filter_l0.05,0.05,0.85000000,0,32,1,188,0,0.08666667,0.34750304,0.15055555,0.62144756,S=8,0,0,0.00000000
1176,5_2_6,seq_ABC,filter_l0.10,0.10,0.72000000,0,12,0,,1,0.29666667,0.72597158,0.37094179,0.97707036,not_aligned,0,0,0.00000000
1176,5_2_6,seq_ABC,filter_l0.20,0.20,0.62000000,0,10,0,,1,0.37000000,0.98563971,0.47463605,1.22525629,not_aligned,0,0,0.22222222
1176,5_2_6,seq_ABC,filter_l0.50,0.50,0.35000000,0,5,0,,1,0.51666667,1.37668665,0.62732452,1.54817368,not_aligned,0,0,0.22222222
1176,5_2_6,seq_ABC,filter_l1.00,1.00,0.24000000,0,4,0,,1,0.63333333,1.72565108,0.73989011,1.77425152,not_aligned,0,0,0.88888889
1177,5_2_6,sync,hard,,0.00000000,0,1,0,,1,0.00000000,0.00000000,0.00000000,0.00000000,not_aligned,0,0,0.22222222
1177,5_2_6,sync,smooth,,0.44000000,0,14,0,,1,0.00000000,0.80632360,0.34466183,1.83838903,not_aligned,0,0,0.22222222
1177,5_2_6,sync,filter_l0.00,0.00,1.00000000,1,189,1,11,0,0.00000000,0.00000027,0.00000000,0.00000374,S=0,0,0,0.00000000
1177,5_2_6,sync,filter_l0.02,0.02,0.94000000,1,30,1,170,0,0.02000000,0.15680345,0.05380299,0.30808808,S=0,0,0,0.00000000
1177,5_2_6,sync,filter_l0.05,0.05,0.89000000,0,22,1,192,0,0.05333333,0.28985354,0.12271451,0.56413301,S=0,0,0,0.00000000
1177,5_2_6,sync,filter_l0.10,0.10,0.77000000,0,22,1,195,0,0.16333333,0.54467083,0.27026073,0.83894794,S=0,0,0,0.00000000
1177,5_2_6,sync,filter_l0.20,0.20,0.68000000,0,11,1,197,0,0.27000000,0.78045000,0.39144018,1.11432636,S=0,0,0,0.00000000
1177,5_2_6,sync,filter_l0.50,0.50,0.58000000,0,11,1,198,0,0.38000000,1.12760424,0.54219618,1.47358057,S=0,0,0,0.00000000
1177,5_2_6,sync,filter_l1.00,1.00,0.31000000,0,9,1,199,0,0.61000000,1.59490626,0.70448859,1.76036081,S=0,0,0,0.22222222
1177,5_2_6,seq_ABC,hard,,1.00000000,1,190,1,10,0,0.00000000,0.00000000,0.00000000,0.00000000,S=0,0,0,0.00000000
1177,5_2_6,seq_ABC,smooth,,0.46000000,0,20,1,191,0,0.00000000,0.80632360,0.34466183,1.83838903,S=8,0,0,0.00000000
1177,5_2_6,seq_ABC,filter_l0.00,0.00,1.00000000,1,189,1,11,0,0.00000000,0.00000026,0.00000000,0.00000361,S=0,0,0,0.00000000
1177,5_2_6,seq_ABC,filter_l0.02,0.02,0.94000000,1,30,1,170,0,0.02000000,0.15567241,0.05377054,0.31127093,S=0,0,0,0.00000000
1177,5_2_6,seq_ABC,filter_l0.05,0.05,0.89000000,0,22,1,192,0,0.05333333,0.29429863,0.12483771,0.56080122,S=0,0,0,0.00000000
1177,5_2_6,seq_ABC,filter_l0.10,0.10,0.79000000,0,22,1,192,0,0.15666667,0.52721049,0.25447926,0.83612491,S=0,0,0,0.00000000
1177,5_2_6,seq_ABC,filter_l0.20,0.20,0.71000000,0,14,1,197,0,0.25000000,0.76434598,0.37964452,1.10238852,S=0,0,0,0.00000000
1177,5_2_6,seq_ABC,filter_l0.50,0.50,0.55000000,0,11,1,199,0,0.39333333,1.13906734,0.54779109,1.46548411,S=0,0,0,0.22222222
1177,5_2_6,seq_ABC,filter_l1.00,1.00,0.40000000,0,5,1,199,0,0.59000000,1.55757199,0.68509446,1.74456280,S=0,0,0,0.22222222
1178,5_2_6,sync,hard,,0.00000000,0,1,0,,1,0.00000000,0.00000000,0.00000000,0.00000000,not_aligned,0,0,0.22222222
1178,5_2_6,sync,smooth,,0.39000000,0,11,0,,1,0.00000000,0.80632360,0.34466183,1.83838903,not_aligned,0,0,0.00000000
1178,5_2_6,sync,filter_l0.00,0.00,1.00000000,1,107,1,93,0,0.07333333,0.13415083,0.08610456,0.16419897,S=0,0,0,0.00000000
1178,5_2_6,sync,filter_l0.02,0.02,0.80000000,0,18,1,196,0,0.16000000,0.48330563,0.24465019,0.58632904,S=0,0,0,0.00000000
1178,5_2_6,sync,filter_l0.05,0.05,0.74000000,0,21,1,196,0,0.21000000,0.61645459,0.30119240,0.80591229,S=0,0,0,0.00000000
1178,5_2_6,sync,filter_l0.10,0.10,0.68000000,0,17,1,196,0,0.30333333,0.86391700,0.42460719,1.07256422,S=0,0,0,0.00000000
1178,5_2_6,sync,filter_l0.20,0.20,0.60000000,0,13,1,196,0,0.37666667,1.04506192,0.50139001,1.28094844,S=0,0,0,0.00000000
1178,5_2_6,sync,filter_l0.50,0.50,0.31000000,0,12,0,,1,0.52333333,1.39389874,0.63277237,1.58811912,not_aligned,0,0,0.22222222
1178,5_2_6,sync,filter_l1.00,1.00,0.32000000,0,7,1,197,0,0.61000000,1.65018195,0.71787502,1.78007268,S=8,0,0,0.00000000
1178,5_2_6,seq_ABC,hard,,1.00000000,1,190,1,10,0,0.00000000,0.00000000,0.00000000,0.00000000,S=0,0,0,0.00000000
1178,5_2_6,seq_ABC,smooth,,0.56000000,0,17,1,199,0,0.00000000,0.80632360,0.34466183,1.83838903,S=0,0,0,0.22222222
1178,5_2_6,seq_ABC,filter_l0.00,0.00,1.00000000,1,107,1,93,0,0.07333333,0.12392668,0.08266953,0.13800663,S=0,0,0,0.00000000
1178,5_2_6,seq_ABC,filter_l0.02,0.02,0.82000000,0,44,1,196,0,0.11666667,0.42921641,0.20408674,0.54290229,S=0,0,0,0.00000000
1178,5_2_6,seq_ABC,filter_l0.05,0.05,0.75000000,0,19,1,196,0,0.23000000,0.68742140,0.34509866,0.82675594,S=0,0,0,0.00000000
1178,5_2_6,seq_ABC,filter_l0.10,0.10,0.71000000,0,17,1,196,0,0.31666667,0.84673297,0.42848887,1.05055224,S=0,0,0,0.00000000
1178,5_2_6,seq_ABC,filter_l0.20,0.20,0.55000000,0,13,1,196,0,0.41666667,1.10203260,0.52519995,1.29837189,S=0,0,0,0.00000000
1178,5_2_6,seq_ABC,filter_l0.50,0.50,0.32000000,0,7,1,199,0,0.51666667,1.41314886,0.64170683,1.60123395,other_aligned,0,0,0.22222222
1178,5_2_6,seq_ABC,filter_l1.00,1.00,0.20000000,0,3,1,199,0,0.62000000,1.76802409,0.74394186,1.78841920,other_aligned,0,0,0.88888889
1179,5_2_6,sync,hard,,0.00000000,0,1,0,,1,0.00000000,0.00000000,0.00000000,0.00000000,not_aligned,0,0,0.22222222
1179,5_2_6,sync,smooth,,0.44000000,0,8,0,,1,0.00000000,0.80632360,0.34466183,1.83838903,not_aligned,0,0,0.88888889
1179,5_2_6,sync,filter_l0.00,0.00,1.00000000,1,161,1,39,0,0.00000000,0.00009213,0.00000028,0.00071946,S=0,0,0,0.00000000
1179,5_2_6,sync,filter_l0.02,0.02,0.87000000,0,36,1,191,0,0.04666667,0.25043084,0.10561674,0.44664711,S=0,0,0,0.00000000
1179,5_2_6,sync,filter_l0.05,0.05,0.81000000,0,36,1,191,0,0.10333333,0.44781269,0.21676248,0.75833268,S=0,0,0,0.00000000
1179,5_2_6,sync,filter_l0.10,0.10,0.72000000,0,21,1,191,0,0.27000000,0.76588896,0.39040520,1.00762396,S=0,0,0,0.00000000
1179,5_2_6,sync,filter_l0.20,0.20,0.53000000,0,8,1,196,0,0.40333333,1.05299909,0.52800495,1.24760357,S=0,0,0,0.00000000
1179,5_2_6,sync,filter_l0.50,0.50,0.37000000,0,8,1,199,0,0.54000000,1.42078154,0.65873892,1.55598770,S=0,0,0,0.22222222
1179,5_2_6,sync,filter_l1.00,1.00,0.11000000,0,4,1,199,0,0.63666667,1.77243954,0.76107506,1.79873013,S=0,0,0,0.22222222
1179,5_2_6,seq_ABC,hard,,1.00000000,1,184,1,16,0,0.00000000,0.00000000,0.00000000,0.00000000,S=0,0,0,0.00000000
1179,5_2_6,seq_ABC,smooth,,0.32000000,0,5,0,,1,0.00000000,0.80632360,0.34466183,1.83838903,not_aligned,0,0,0.22222222
1179,5_2_6,seq_ABC,filter_l0.00,0.00,1.00000000,1,161,1,39,0,0.00000000,0.00009213,0.00000028,0.00071946,S=0,0,0,0.00000000
1179,5_2_6,seq_ABC,filter_l0.02,0.02,0.87000000,0,36,1,191,0,0.04666667,0.25496885,0.10552103,0.43875962,S=0,0,0,0.00000000
1179,5_2_6,seq_ABC,filter_l0.05,0.05,0.83000000,0,36,1,191,0,0.10000000,0.43476686,0.20355337,0.73389070,S=0,0,0,0.00000000
1179,5_2_6,seq_ABC,filter_l0.10,0.10,0.73000000,0,21,1,191,0,0.25333333,0.72207130,0.36468841,0.98891746,S=0,0,0,0.00000000
1179,5_2_6,seq_ABC,filter_l0.20,0.20,0.50000000,0,8,1,196,0,0.41000000,1.07255133,0.53331884,1.25999268,S=0,0,0,0.00000000
1179,5_2_6,seq_ABC,filter_l0.50,0.50,0.35000000,0,9,1,199,0,0.53666667,1.43713895,0.65978805,1.57118609,S=0,0,0,0.22222222
1179,5_2_6,seq_ABC,filter_l1.00,1.00,0.15000000,0,4,1,199,0,0.62333333,1.71910765,0.73812320,1.78079696,S=0,0,0,0.22222222
1180,5_2_6,sync,hard,,1.00000000,1,180,1,20,0,0.00000000,0.00000000,0.00000000,0.00000000,S=0,0,0,0.00000000
1180,5_2_6,sync,smooth,,0.58000000,0,19,0,,1,0.00000000,0.80632360,0.34466183,1.83838903,not_aligned,0,0,0.00000000
1180,5_2_6,sync,filter_l0.00,0.00,1.00000000,1,136,1,64,0,0.00000000,0.00643050,0.00065436,0.02596509,S=0,0,0,0.00000000
1180,5_2_6,sync,filter_l0.02,0.02,0.84000000,0,45,0,,1,0.11333333,0.39846669,0.17731841,0.41906058,not_aligned,0,0,0.22222222
1180,5_2_6,sync,filter_l0.05,0.05,0.78000000,0,44,0,,1,0.17000000,0.57267429,0.25749778,0.64517212,not_aligned,0,0,0.22222222
1180,5_2_6,sync,filter_l0.10,0.10,0.65000000,0,22,0,,1,0.22000000,0.74528085,0.34193038,0.91147582,not_aligned,0,0,0.22222222
1180,5_2_6,sync,filter_l0.20,0.20,0.58000000,0,19,0,,1,0.35333333,1.02093562,0.47650755,1.19511687,not_aligned,0,0,0.22222222
1180,5_2_6,sync,filter_l0.50,0.50,0.49000000,0,7,0,,1,0.49333333,1.31311748,0.60874365,1.49098510,not_aligned,0,0,0.00000000
1180,5_2_6,sync,filter_l1.00,1.00,0.27000000,0,6,0,,1,0.63000000,1.67508785,0.72354513,1.76604508,not_aligned,0,0,0.00000000
1180,5_2_6,seq_ABC,hard,,1.00000000,1,194,1,6,0,0.00000000,0.00000000,0.00000000,0.00000000,S=0,0,0,0.00000000
1180,5_2_6,seq_ABC,smooth,,0.42000000,0,19,0,,1,0.00000000,0.80632360,0.34466183,1.83838903,not_aligned,0,0,0.88888889
1180,5_2_6,seq_ABC,filter_l0.00,0.00,1.00000000,1,134,1,66,0,0.00000000,0.00148629,0.00007732,0.00743139,S=0,0,0,0.00000000
1180,5_2_6,seq_ABC,filter_l0.02,0.02,0.89000000,0,44,0,,1,0.09666667,0.34112108,0.14667508,0.41892733,not_aligned,0,0,0.00000000
1180,5_2_6,seq_ABC,filter_l0.05,0.05,0.80000000,0,44,0,,1,0.16666667,0.55689405,0.24985278,0.64983184,not_aligned,0,0,0.22222222
1180,5_2_6,seq_ABC,filter_l0.10,0.10,0.76000000,0,20,0,,1,0.18000000,0.67342369,0.30724098,0.89407055,not_aligned,0,0,0.22222222
1180,5_2_6,seq_ABC,filter_l0.20,0.20,0.62000000,0,18,0,,1,0.29333333,0.94541412,0.43843699,1.16725669,not_aligned,0,0,0.22222222
1180,5_2_6,seq_ABC,filter_l0.50,0.50,0.55000000,0,7,0,,1,0.47000000,1.28931103,0.60072162,1.49563677,not_aligned,0,0,0.00000000
1180,5_2_6,seq_ABC,filter_l1.00,1.00,0.20000000,0,6,0,,1,0.66000000,1.68586494,0.73247569,1.76556008,not_aligned,0,0,0.00000000
1181,5_2_6,sync,hard,,0.00000000,0,1,0,,1,0.00000000,0.00000000,0.00000000,0.00000000,not_aligned,0,0,0.22222222
1181,5_2_6,sync,smooth,,0.20000000,0,8,0,,1,0.00000000,0.80632360,0.34466183,1.83838903,not_aligned,0,0,0.88888889
1181,5_2_6,sync,filter_l0.00,0.00,1.00000000,1,150,1,50,0,0.00000000,0.00011209,0.00000025,0.00089716,S=0,0,0,0.00000000
1181,5_2_6,sync,filter_l0.02,0.02,0.90000000,0,23,1,183,0,0.03666667,0.23902100,0.09455590,0.37084949,S=0,0,0,0.00000000
1181,5_2_6,sync,filter_l0.05,0.05,0.83000000,0,27,1,196,0,0.12666667,0.43813863,0.21583905,0.63357893,S=0,0,0,0.00000000
1181,5_2_6,sync,filter_l0.10,0.10,0.75000000,0,14,1,198,0,0.22333333,0.63243930,0.32531099,0.87287698,S=0,0,0,0.00000000
1181,5_2_6,sync,filter_l0.20,0.20,0.66000000,0,12,1,198,0,0.31666667,0.86180760,0.42987163,1.13089640,S=0,0,0,0.00000000
1181,5_2_6,sync,filter_l0.50,0.50,0.33000000,0,4,1,198,0,0.46333333,1.29002498,0.60634151,1.49994554,S=0,0,0,0.00000000
1181,5_2_6,sync,filter_l1.00,1.00,0.22000000,0,4,1,198,0,0.61666667,1.63842647,0.71656537,1.75536446,S=0,0,0,0.00000000
1181,5_2_6,seq_ABC,hard,,1.00000000,1,190,1,10,0,0.00000000,0.00000000,0.00000000,0.00000000,S=0,0,0,0.00000000
1181,5_2_6,seq_ABC,smooth,,0.48000000,0,12,1,198,0,0.00000000,0.80632360,0.34466183,1.83838903,S=0,0,0,0.00000000
1181,5_2_6,seq_ABC,filter_l0.00,0.00,1.00000000,1,157,1,43,0,0.00000000,0.00086166,0.00001455,0.00512322,S=0,0,0,0.00000000
1181,5_2_6,seq_ABC,filter_l0.02,0.02,0.89000000,0,23,1,183,0,0.04333333,0.27415861,0.10630785,0.37277480,S=0,0,0,0.00000000
1181,5_2_6,seq_ABC,filter_l0.05,0.05,0.82000000,0,27,1,196,0,0.12666667,0.45281032,0.21776452,0.63119640,S=0,0,0,0.00000000
1181,5_2_6,seq_ABC,filter_l0.10,0.10,0.73000000,0,19,1,198,0,0.22333333,0.66037993,0.33342527,0.87211451,S=0,0,0,0.00000000
1181,5_2_6,seq_ABC,filter_l0.20,0.20,0.65000000,0,15,1,198,0,0.32666667,0.88745675,0.44375025,1.12077650,S=0,0,0,0.00000000
1181,5_2_6,seq_ABC,filter_l0.50,0.50,0.45000000,0,7,1,198,0,0.45333333,1.25891976,0.59532171,1.49020747,S=0,0,0,0.00000000
1181,5_2_6,seq_ABC,filter_l1.00,1.00,0.18000000,0,4,1,198,0,0.63000000,1.66514235,0.72864082,1.76301008,S=0,0,0,0.00000000
1182,5_2_6,sync,hard,,0.00000000,0,1,0,,1,0.00000000,0.00000000,0.00000000,0.00000000,not_aligned,0,0,0.22222222
1182,5_2_6,sync,smooth,,0.29000000,0,5,1,199,0,0.00000000,0.80632360,0.34466183,1.83838903,other_aligned,0,0,0.66666667
1182,5_2_6,sync,filter_l0.00,0.00,1.00000000,1,160,1,40,0,0.00000000,0.00001161,0.00000002,0.00010247,S=0,0,0,0.00000000
1182,5_2_6,sync,filter_l0.02,0.02,0.73000000,0,42,1,198,0,0.11666667,0.50771011,0.21303267,0.51883304,S=0,0,0,0.00000000
1182,5_2_6,sync,filter_l0.05,0.05,0.76000000,0,24,1,199,0,0.17666667,0.62444734,0.30531539,0.72520764,S=0,0,0,0.22222222
1182,5_2_6,sync,filter_l0.10,0.10,0.70000000,0,22,1,198,0,0.26000000,0.80728726,0.38717786,0.96709645,S=0,0,0,0.00000000
1182,5_2_6,sync,filter_l0.20,0.20,0.47000000,0,15,1,199,0,0.41333333,1.14623480,0.55638761,1.24357055,S=0,0,0,0.22222222
1182,5_2_6,sync,filter_l0.50,0.50,0.28000000,0,6,0,,1,0.55666667,1.43846825,0.66419157,1.56637125,not_aligned,0,0,0.22222222
1182,5_2_6,sync,filter_l1.00,1.00,0.14000000,0,3,1,198,0,0.64333333,1.71423826,0.74276983,1.78161741,S=0,0,0,0.00000000
1182,5_2_6,seq_ABC,hard,,1.00000000,1,190,1,10,0,0.00000000,0.00000000,0.00000000,0.00000000,S=0,0,0,0.00000000
1182,5_2_6,seq_ABC,smooth,,0.22000000,0,14,1,199,0,0.00000000,0.80632360,0.34466183,1.83838903,S=0,0,0,0.22222222
1182,5_2_6,seq_ABC,filter_l0.00,0.00,1.00000000,1,160,1,40,0,0.00000000,0.00008888,0.00000105,0.00059920,S=0,0,0,0.00000000
1182,5_2_6,seq_ABC,filter_l0.02,0.02,0.75000000,0,25,1,198,0,0.10333333,0.47642468,0.19347430,0.50362446,S=0,0,0,0.00000000
1182,5_2_6,seq_ABC,filter_l0.05,0.05,0.76000000,0,25,1,199,0,0.16000000,0.60800092,0.29657232,0.74395890,S=0,0,0,0.22222222
1182,5_2_6,seq_ABC,filter_l0.10,0.10,0.71000000,0,14,1,198,0,0.29000000,0.86484980,0.42224126,0.98610389,S=0,0,0,0.00000000
1182,5_2_6,seq_ABC,filter_l0.20,0.20,0.52000000,0,21,0,,1,0.38000000,1.08162731,0.52487721,1.23490009,not_aligned,0,0,0.22222222
1182,5_2_6,seq_ABC,filter_l0.50,0.50,0.27000000,0,6,1,199,0,0.57000000,1.45943888,0.67377680,1.57661510,S=0,0,0,0.22222222
1182,5_2_6,seq_ABC,filter_l1.00,1.00,0.16000000,0,4,0,,1,0.67000000,1.73690599,0.75196252,1.77959658,not_aligned,0,0,0.22222222
1183,5_2_6,sync,hard,,0.00000000,0,1,0,,1,0.00000000,0.00000000,0.00000000,0.00000000,not_aligned,0,0,0.22222222
1183,5_2_6,sync,smooth,,0.61000000,0,24,0,,1,0.00000000,0.80632360,0.34466183,1.83838903,not_aligned,0,0,0.22222222
1183,5_2_6,sync,filter_l0.00,0.00,1.00000000,1,131,1,69,0,0.00000000,0.03007506,0.00811165,0.08899404,S=0,0,0,0.00000000
1183,5_2_6,sync,filter_l0.02,0.02,0.92000000,0,32,1,198,0,0.03000000,0.21824000,0.08634777,0.42900280,S=0,0,0,0.00000000
1183,5_2_6,sync,filter_l0.05,0.05,0.88000000,0,25,1,198,0,0.12666667,0.43644846,0.22180832,0.72095995,S=0,0,0,0.00000000
1183,5_2_6,sync,filter_l0.10,0.10,0.79000000,0,18,1,198,0,0.24000000,0.65790461,0.34313022,0.94487852,S=0,0,0,0.00000000
1183,5_2_6,sync,filter_l0.20,0.20,0.59000000,0,16,1,198,0,0.35000000,0.93469605,0.46996841,1.22137646,S=0,0,0,0.00000000
1183,5_2_6,sync,filter_l0.50,0.50,0.40000000,0,9,1,199,0,0.49666667,1.31294642,0.60761967,1.53619636,S=0,0,0,0.22222222
1183,5_2_6,sync,filter_l1.00,1.00,0.23000000,0,6,1,199,0,0.64333333,1.69048019,0.73173801,1.76194663,S=0,0,0,0.22222222
1183,5_2_6,seq_ABC,hard,,0.00000000,0,1,0,,1,0.00000000,0.00000000,0.00000000,0.00000000,not_aligned,0,0,0.22222222
1183,5_2_6,seq_ABC,smooth,,0.68000000,0,15,1,199,0,0.00000000,0.80632360,0.34466183,1.83838903,S=0,0,0,0.22222222
1183,5_2_6,seq_ABC,filter_l0.00,0.00,1.00000000,1,131,1,69,0,0.00000000,0.02422279,0.00756725,0.06528354,S=0,0,0,0.00000000
1183,5_2_6,seq_ABC,filter_l0.02,0.02,0.94000000,0,30,1,198,0,0.03333333,0.21418791,0.08745151,0.43230638,S=0,0,0,0.00000000
1183,5_2_6,seq_ABC,filter_l0.05,0.05,0.92000000,0,25,1,198,0,0.10000000,0.38022928,0.18427864,0.68805139,S=0,0,0,0.00000000
1183,5_2_6,seq_ABC,filter_l0.10,0.10,0.80000000,0,16,1,198,0,0.26000000,0.67794882,0.35585669,0.95402796,S=0,0,0,0.00000000
1183,5_2_6,seq_ABC,filter_l0.20,0.20,0.57000000,0,17,1,198,0,0.38333333,0.97516552,0.49135765,1.23775282,S=0,0,0,0.00000000
1183,5_2_6,seq_ABC,filter_l0.50,0.50,0.45000000,0,8,1,199,0,0.45666667,1.27803505,0.59391227,1.52239691,S=0,0,0,0.22222222
1183,5_2_6,seq_ABC,filter_l1.00,1.00,0.18000000,0,6,1,199,0,0.62666667,1.67988474,0.72468690,1.76146063,S=0,0,0,0.22222222
1184,5_2_6,sync,hard,,0.00000000,0,1,0,,1,0.00000000,0.00000000,0.00000000,0.00000000,not_aligned,0,0,0.22222222
1184,5_2_6,sync,smooth,,0.00000000,0,5,0,,1,0.00000000,0.80632360,0.34466183,1.83838903,not_aligned,0,0,0.66666667
1184,5_2_6,sync,filter_l0.00,0.00,1.00000000,1,139,1,61,0,0.00000000,0.00005227,0.00000012,0.00043161,S=0,0,0,0.00000000
1184,5_2_6,sync,filter_l0.02,0.02,0.88000000,0,17,1,187,0,0.10666667,0.32594378,0.16528354,0.40006614,S=0,0,0,0.00000000
1184,5_2_6,sync,filter_l0.05,0.05,0.84000000,0,22,1,199,0,0.15666667,0.48389141,0.25092075,0.63091094,S=0,0,0,0.22222222
1184,5_2_6,sync,filter_l0.10,0.10,0.78000000,0,17,1,199,0,0.22666667,0.62010875,0.31380801,0.88439160,S=0,0,0,0.22222222
1184,5_2_6,sync,filter_l0.20,0.20,0.57000000,0,13,1,199,0,0.38000000,0.97695447,0.48943379,1.18019464,S=0,0,0,0.22222222
1184,5_2_6,sync,filter_l0.50,0.50,0.45000000,0,9,0,,1,0.47666667,1.24555594,0.59610923,1.50753064,not_aligned,0,0,0.66666667
1184,5_2_6,sync,filter_l1.00,1.00,0.18000000,0,6,1,199,0,0.65000000,1.63697701,0.72512230,1.77136583,S=0,0,0,0.22222222
1184,5_2_6,seq_ABC,hard,,1.00000000,1,188,1,12,0,0.00000000,0.00000000,0.00000000,0.00000000,S=0,0,0,0.00000000
1184,5_2_6,seq_ABC,smooth,,0.30000000,0,4,1,199,0,0.00000000,0.80632360,0.34466183,1.83838903,S=0,0,0,0.22222222
1184,5_2_6,seq_ABC,filter_l0.00,0.00,1.00000000,1,123,1,77,0,0.00000000,0.00012516,0.00000030,0.00101684,S=0,0,0,0.00000000
1184,5_2_6,seq_ABC,filter_l0.02,0.02,0.88000000,0,24,1,187,0,0.10666667,0.33442625,0.16573186,0.40347207,S=0,0,0,0.00000000
1184,5_2_6,seq_ABC,filter_l0.05,0.05,0.85000000,0,22,1,199,0,0.14666667,0.48524292,0.24552299,0.62518424,S=0,0,0,0.22222222
1184,5_2_6,seq_ABC,filter_l0.10,0.10,0.74000000,0,17,1,199,0,0.23000000,0.69095344,0.34531951,0.86624871,S=0,0,0,0.22222222
1184,5_2_6,seq_ABC,filter_l0.20,0.20,0.57000000,0,11,1,199,0,0.39666667,0.97643704,0.49028742,1.16896445,S=0,0,0,0.22222222
1184,5_2_6,seq_ABC,filter_l0.50,0.50,0.51000000,0,10,0,,1,0.47666667,1.25744730,0.59735387,1.50085453,not_aligned,0,0,0.66666667
1184,5_2_6,seq_ABC,filter_l1.00,1.00,0.20000000,0,4,1,199,0,0.63666667,1.61539801,0.71577842,1.76944938,S=0,0,0,0.22222222
1185,5_2_6,sync,hard,,1.00000000,1,184,1,16,0,0.00000000,0.00000000,0.00000000,0.00000000,other_aligned,0,0,0.00000000
1185,5_2_6,sync,smooth,,0.44000000,0,10,0,,1,0.00000000,0.80632360,0.34466183,1.83838903,not_aligned,0,0,0.00000000
1185,5_2_6,sync,filter_l0.00,0.00,1.00000000,1,107,1,93,0,0.17666667,0.64625274,0.30253170,0.09651366,S=0,0,0,0.00000000
1185,5_2_6,sync,filter_l0.02,0.02,0.89000000,0,16,0,,1,0.05000000,0.23861250,0.09838652,0.35671203,not_aligned,0,0,0.00000000
1185,5_2_6,sync,filter_l0.05,0.05,0.82000000,0,16,0,,1,0.08666667,0.40684890,0.18104747,0.61150036,not_aligned,0,0,0.00000000
1185,5_2_6,sync,filter_l0.10,0.10,0.76000000,0,15,0,,1,0.16333333,0.62014653,0.28205408,0.87777760,not_aligned,0,0,0.00000000
1185,5_2_6,sync,filter_l0.20,0.20,0.59000000,0,9,0,,1,0.28333333,0.94619698,0.44445345,1.16035481,not_aligned,0,0,0.00000000
1185,5_2_6,sync,filter_l0.50,0.50,0.27000000,0,5,0,,1,0.57000000,1.44709474,0.66991598,1.53717754,not_aligned,0,0,0.22222222
1185,5_2_6,sync,filter_l1.00,1.00,0.08000000,0,6,0,,1,0.67000000,1.74029093,0.75519558,1.78708771,not_aligned,0,0,0.22222222
1185,5_2_6,seq_ABC,hard,,1.00000000,1,188,1,12,0,0.00000000,0.00000000,0.00000000,0.00000000,S=0,0,0,0.00000000
1185,5_2_6,seq_ABC,smooth,,0.38000000,0,15,0,,1,0.00000000,0.80632360,0.34466183,1.83838903,not_aligned,0,0,0.22222222
1185,5_2_6,seq_ABC,filter_l0.00,0.00,1.00000000,1,108,1,92,0,0.23666667,0.57870661,0.36550460,0.17266230,S=0,0,0,0.00000000
1185,5_2_6,seq_ABC,filter_l0.02,0.02,0.86000000,0,16,0,,1,0.07000000,0.28792619,0.12325367,0.36707876,not_aligned,0,0,0.00000000
1185,5_2_6,seq_ABC,filter_l0.05,0.05,0.85000000,0,16,0,,1,0.09000000,0.40297875,0.17960491,0.61355914,not_aligned,0,0,0.00000000
1185,5_2_6,seq_ABC,filter_l0.10,0.10,0.69000000,0,10,0,,1,0.20333333,0.70946473,0.32585766,0.87466518,not_aligned,0,0,0.00000000
1185,5_2_6,seq_ABC,filter_l0.20,0.20,0.49000000,0,7,0,,1,0.34000000,1.06488493,0.50008003,1.17640104,not_aligned,0,0,0.00000000
1185,5_2_6,seq_ABC,filter_l0.50,0.50,0.34000000,0,5,0,,1,0.56666667,1.40820629,0.65583618,1.51302892,not_aligned,0,0,0.22222222
1185,5_2_6,seq_ABC,filter_l1.00,1.00,0.15000000,0,6,0,,1,0.65666667,1.73369584,0.75208179,1.77984870,not_aligned,0,0,0.22222222
1186,5_2_6,sync,hard,,0.00000000,0,1,0,,1,0.00000000,0.00000000,0.00000000,0.00000000,not_aligned,0,0,0.22222222
1186,5_2_6,sync,smooth,,0.47000000,0,11,0,,1,0.00000000,0.80632360,0.34466183,1.83838903,not_aligned,0,0,0.22222222
1186,5_2_6,sync,filter_l0.00,0.00,1.00000000,1,167,1,33,0,0.00000000,0.00200989,0.00013034,0.00916433,S=0,0,0,0.00000000
1186,5_2_6,sync,filter_l0.02,0.02,0.95000000,0,35,1,199,0,0.02000000,0.16719497,0.05850485,0.35610608,S=0,0,0,0.22222222
1186,5_2_6,sync,filter_l0.05,0.05,0.88000000,0,18,1,199,0,0.06666667,0.34799684,0.15532618,0.61325123,S=0,0,0,0.22222222
1186,5_2_6,sync,filter_l0.10,0.10,0.79000000,0,21,1,199,0,0.16666667,0.60925395,0.29923860,0.85267187,S=0,0,0,0.22222222
1186,5_2_6,sync,filter_l0.20,0.20,0.66000000,0,14,0,,1,0.32666667,0.91772273,0.46214063,1.14308597,not_aligned,0,0,0.22222222
1186,5_2_6,sync,filter_l0.50,0.50,0.49000000,0,12,0,,1,0.46000000,1.27805870,0.59153834,1.47484087,not_aligned,0,0,0.88888889
1186,5_2_6,sync,filter_l1.00,1.00,0.37000000,0,7,0,,1,0.62666667,1.63686169,0.71334380,1.75835489,not_aligned,0,0,2.00000000
1186,5_2_6,seq_ABC,hard,,1.00000000,1,188,1,12,0,0.00000000,0.00000000,0.00000000,0.00000000,S=0,0,0,0.00000000
1186,5_2_6,seq_ABC,smooth,,0.02000000,0,13,0,,1,0.00000000,0.80632360,0.34466183,1.83838903,not_aligned,0,0,0.66666667
1186,5_2_6,seq_ABC,filter_l0.00,0.00,1.00000000,1,136,1,64,0,0.00000000,0.00080498,0.00001817,0.00464692,S=0,0,0,0.00000000
1186,5_2_6,seq_ABC,filter_l0.02,0.02,0.95000000,0,35,1,199,0,0.02000000,0.16892327,0.05853160,0.35671450,S=0,0,0,0.22222222
1186,5_2_6,seq_ABC,filter_l0.05,0.05,0.89000000,0,18,1,199,0,0.06333333,0.34135827,0.15070556,0.61661189,S=0,0,0,0.22222222
1186,5_2_6,seq_ABC,filter_l0.10,0.10,0.78000000,0,29,0,,1,0.17666667,0.62053645,0.30027462,0.85854908,not_aligned,0,0,0.22222222
1186,5_2_6,seq_ABC,filter_l0.20,0.20,0.71000000,0,14,1,199,0,0.32000000,0.89499802,0.44717864,1.11778843,S=0,0,0,0.22222222
1186,5_2_6,seq_ABC,filter_l0.50,0.50,0.54000000,0,11,0,,1,0.44000000,1.26091687,0.58230379,1.47256387,not_aligned,0,0,2.00000000
1186,5_2_6,seq_ABC,filter_l1.00,1.00,0.40000000,0,8,0,,1,0.61666667,1.61106616,0.69945080,1.74042248,not_aligned,0,0,0.22222222
1187,5_2_6,sync,hard,,0.00000000,0,1,0,,1,0.00000000,0.00000000,0.00000000,0.00000000,not_aligned,0,0,0.22222222
1187,5_2_6,sync,smooth,,0.53000000,0,12,0,,1,0.00000000,0.80632360,0.34466183,1.83838903,not_aligned,0,0,0.00000000
1187,5_2_6,sync,filter_l0.00,0.00,1.00000000,1,160,1,40,0,0.00000000,0.03295385,0.01100800,0.08532583,S=0,0,0,0.00000000
1187,5_2_6,sync,filter_l0.02,0.02,0.89000000,0,18,1,195,0,0.17666667,0.50156648,0.26821303,0.55035263,S=0,0,0,0.00000000
1187,5_2_6,sync,filter_l0.05,0.05,0.75000000,0,18,1,198,0,0.23666667,0.75684612,0.38178640,0.78911085,S=0,0,0,0.00000000
1187,5_2_6,sync,filter_l0.10,0.10,0.53000000,0,16,1,198,0,0.38333333,1.04260162,0.52121688,1.05902737,S=0,0,0,0.00000000
1187,5_2_6,sync,filter_l0.20,0.20,0.40000000,0,17,0,,1,0.45333333,1.22883650,0.58846458,1.31905079,not_aligned,0,0,0.22222222
1187,5_2_6,sync,filter_l0.50,0.50,0.32000000,0,7,1,198,0,0.53000000,1.39977378,0.63901257,1.54832936,S=0,0,0,0.00000000
1187,5_2_6,sync,filter_l1.00,1.00,0.22000000,0,7,1,198,0,0.62000000,1.72542156,0.73160924,1.77248299,S=0,0,0,0.00000000
1187,5_2_6,seq_ABC,hard,,1.00000000,1,190,1,10,0,0.00000000,0.00000000,0.00000000,0.00000000,S=0,0,0,0.00000000
1187,5_2_6,seq_ABC,smooth,,0.18000000,0,10,1,199,0,0.00000000,0.80632360,0.34466183,1.83838903,other_aligned,0,0,0.66666667
1187,5_2_6,seq_ABC,filter_l0.00,0.00,1.00000000,1,160,1,40,0,0.01333333,0.06018088,0.03081521,0.11136555,S=0,0,0,0.00000000
1187,5_2_6,seq_ABC,filter_l0.02,0.02,0.93000000,1,31,1,169,0,0.17000000,0.47833144,0.25661905,0.54479026,S=0,0,0,0.00000000
1187,5_2_6,seq_ABC,filter_l0.05,0.05,0.72000000,0,18,1,198,0,0.29333333,0.80636048,0.42419831,0.81887167,S=0,0,0,0.00000000
1187,5_2_6,seq_ABC,filter_l0.10,0.10,0.49000000,0,13,1,198,0,0.50666667,1.20486032,0.60777896,1.10953224,S=0,0,0,0.00000000
1187,5_2_6,seq_ABC,filter_l0.20,0.20,0.42000000,0,11,1,198,0,0.49333333,1.21694061,0.59640104,1.30281825,S=0,0,0,0.00000000
1187,5_2_6,seq_ABC,filter_l0.50,0.50,0.28000000,0,5,1,198,0,0.52000000,1.43352829,0.64798238,1.57741955,S=0,0,0,0.00000000
1187,5_2_6,seq_ABC,filter_l1.00,1.00,0.22000000,0,5,1,199,0,0.62000000,1.75733588,0.74780632,1.79663246,other_aligned,0,0,0.22222222
1188,5_2_6,sync,hard,,0.00000000,0,1,0,,1,0.00000000,0.00000000,0.00000000,0.00000000,not_aligned,0,0,0.22222222
1188,5_2_6,sync,smooth,,0.12000000,0,7,1,195,0,0.00000000,0.80632360,0.34466183,1.83838903,S=8,0,0,0.00000000
1188,5_2_6,sync,filter_l0.00,0.00,0.87000000,1,77,1,123,0,0.04333333,0.31505652,0.08606865,0.01194104,other_aligned,0,0,0.00000000
1188,5_2_6,sync,filter_l0.02,0.02,0.88000000,0,29,1,194,0,0.04333333,0.25400727,0.11157163,0.40924100,S=8,0,0,0.00000000
1188,5_2_6,sync,filter_l0.05,0.05,0.81000000,0,14,1,199,0,0.24333333,0.66876236,0.34452832,0.69486537,S=0,0,0,0.22222222
1188,5_2_6,sync,filter_l0.10,0.10,0.67000000,0,16,1,199,0,0.26666667,0.77001368,0.38703158,0.92800926,S=0,0,0,0.22222222
1188,5_2_6,sync,filter_l0.20,0.20,0.57000000,0,10,0,,1,0.37000000,0.98902246,0.49138314,1.18798146,not_aligned,0,0,0.22222222
1188,5_2_6,sync,filter_l0.50,0.50,0.50000000,0,7,0,,1,0.51666667,1.28138234,0.61014074,1.52412288,not_aligned,0,0,0.22222222
1188,5_2_6,sync,filter_l1.00,1.00,0.17000000,0,6,0,,1,0.64666667,1.66216540,0.73246429,1.78383707,not_aligned,0,0,0.88888889
1188,5_2_6,seq_ABC,hard,,1.00000000,1,194,1,6,0,0.00000000,0.00000000,0.00000000,0.00000000,S=0,0,0,0.00000000
1188,5_2_6,seq_ABC,smooth,,0.33000000,0,13,0,,1,0.00000000,0.80632360,0.34466183,1.83838903,not_aligned,0,0,1.55555556
1188,5_2_6,seq_ABC,filter_l0.00,0.00,0.14000000,0,3,0,,1,0.69666667,5.74980124,1.27928027,0.16171720,not_aligned,0,0,0.88888889
1188,5_2_6,seq_ABC,filter_l0.02,0.02,0.78000000,0,14,1,199,0,0.29000000,0.71188482,0.39547379,0.54276930,S=0,0,0,0.22222222
1188,5_2_6,seq_ABC,filter_l0.05,0.05,0.79000000,0,26,1,199,0,0.30333333,0.72452792,0.39169518,0.70947419,S=0,0,0,0.22222222
1188,5_2_6,seq_ABC,filter_l0.10,0.10,0.71000000,0,11,1,199,0,0.28000000,0.75608979,0.38732485,0.90339107,S=0,0,0,0.22222222
1188,5_2_6,seq_ABC,filter_l0.20,0.20,0.62000000,0,14,0,,1,0.37333333,0.93557583,0.47180209,1.17482495,not_aligned,0,0,0.22222222
1188,5_2_6,seq_ABC,filter_l0.50,0.50,0.44000000,0,14,0,,1,0.51333333,1.28715011,0.61286787,1.53667724,not_aligned,0,0,0.22222222
1188,5_2_6,seq_ABC,filter_l1.00,1.00,0.25000000,0,5,0,,1,0.62333333,1.64714627,0.71894265,1.77583844,not_aligned,0,0,0.22222222
1189,5_2_6,sync,hard,,0.00000000,0,1,0,,1,0.00000000,0.00000000,0.00000000,0.00000000,not_aligned,0,0,0.22222222
1189,5_2_6,sync,smooth,,0.54000000,0,22,0,,1,0.00000000,0.80632360,0.34466183,1.83838903,not_aligned,0,0,0.00000000
1189,5_2_6,sync,filter_l0.00,0.00,1.00000000,1,159,1,41,0,0.00000000,0.01358776,0.00438387,0.03586957,S=0,0,0,0.00000000
1189,5_2_6,sync,filter_l0.02,0.02,0.92000000,0,58,0,,1,0.02666667,0.20259022,0.07858606,0.42086233,not_aligned,0,0,0.00000000
1189,5_2_6,sync,filter_l0.05,0.05,0.87000000,0,38,1,199,0,0.07666667,0.38132181,0.17439421,0.67613501,S=0,0,0,0.22222222
1189,5_2_6,sync,filter_l0.10,0.10,0.69000000,0,38,0,,1,0.24666667,0.73092396,0.36639359,0.94918643,not_aligned,0,0,0.22222222
1189,5_2_6,sync,filter_l0.20,0.20,0.61000000,0,17,0,,1,0.35333333,0.98987875,0.48463293,1.21561838,not_aligned,0,0,0.00000000
1189,5_2_6,sync,filter_l0.50,0.50,0.44000000,0,8,0,,1,0.51000000,1.32284732,0.61788172,1.55008995,not_aligned,0,0,0.22222222
1189,5_2_6,sync,filter_l1.00,1.00,0.19000000,0,3,0,,1,0.62333333,1.69478428,0.73109540,1.77881649,not_aligned,0,0,0.66666667
1189,5_2_6,seq_ABC,hard,,1.00000000,1,190,1,10,0,0.00000000,0.00000000,0.00000000,0.00000000,S=0,0,0,0.00000000
1189,5_2_6,seq_ABC,smooth,,0.57000000,0,17,0,,1,0.00000000,0.80632360,0.34466183,1.83838903,not_aligned,0,0,0.00000000
1189,5_2_6,seq_ABC,filter_l0.00,0.00,1.00000000,1,163,1,37,0,0.00000000,0.00070525,0.00001599,0.00406902,S=0,0,0,0.00000000
1189,5_2_6,seq_ABC,filter_l0.02,0.02,0.93000000,0,58,0,,1,0.02666667,0.18733170,0.07251547,0.40891862,not_aligned,0,0,0.00000000
1189,5_2_6,seq_ABC,filter_l0.05,0.05,0.87000000,0,38,0,,1,0.09000000,0.39544184,0.18153837,0.67878129,not_aligned,0,0,0.22222222
1189,5_2_6,seq_ABC,filter_l0.10,0.10,0.70000000,0,41,0,,1,0.22000000,0.69655870,0.33865894,0.94352266,not_aligned,0,0,0.22222222
1189,5_2_6,seq_ABC,filter_l0.20,0.20,0.64000000,0,17,0,,1,0.31333333,0.92954885,0.45848844,1.20348982,not_aligned,0,0,0.00000000
1189,5_2_6,seq_ABC,filter_l0.50,0.50,0.45000000,0,6,0,,1,0.48333333,1.29956369,0.60525051,1.53756736,not_aligned,0,0,0.22222222
1189,5_2_6,seq_ABC,filter_l1.00,1.00,0.22000000,0,5,0,,1,0.65666667,1.69722224,0.73603418,1.77511946,not_aligned,0,0,0.66666667
1190,5_2_6,sync,hard,,1.00000000,1,180,1,20,0,0.00000000,0.00000000,0.00000000,0.00000000,S=0,0,0,0.00000000
1190,5_2_6,sync,smooth,,0.61000000,0,10,1,199,0,0.00000000,0.80632360,0.34466183,1.83838903,S=8,0,0,0.22222222
1190,5_2_6,sync,filter_l0.00,0.00,1.00000000,1,155,1,45,0,0.00000000,0.00004469,0.00000003,0.00041206,S=0,0,0,0.00000000
1190,5_2_6,sync,filter_l0.02,0.02,0.91000000,0,26,1,195,0,0.04666667,0.25009733,0.10072870,0.40932065,S=0,0,0,0.00000000
1190,5_2_6,sync,filter_l0.05,0.05,0.82000000,0,13,1,195,0,0.11666667,0.45073787,0.20659335,0.68188672,S=0,0,0,0.00000000
1190,5_2_6,sync,filter_l0.10,0.10,0.74000000,0,13,0,,1,0.22333333,0.68461520,0.33549503,0.93148654,not_aligned,0,0,0.00000000
1190,5_2_6,sync,filter_l0.20,0.20,0.55000000,0,11,0,,1,0.33666667,1.01316020,0.49173739,1.23484211,not_aligned,0,0,0.66666667
1190,5_2_6,sync,filter_l0.50,0.50,0.29000000,0,7,1,198,0,0.56000000,1.44377039,0.67460759,1.57297986,S=0,0,0,0.00000000
1190,5_2_6,sync,filter_l1.00,1.00,0.19000000,0,5,0,,1,0.66666667,1.75691563,0.75529798,1.77693777,not_aligned,0,0,0.22222222
1190,5_2_6,seq_ABC,hard,,1.00000000,1,191,1,9,0,0.00000000,0.00000000,0.00000000,0.00000000,S=0,0,0,0.00000000
1190,5_2_6,seq_ABC,smooth,,0.41000000,0,8,0,,1,0.00000000,0.80632360,0.34466183,1.83838903,not_aligned,0,0,1.55555556
1190,5_2_6,seq_ABC,filter_l0.00,0.00,1.00000000,1,155,1,45,0,0.00000000,0.00001047,0.00000000,0.00011287,S=0,0,0,0.00000000
1190,5_2_6,seq_ABC,filter_l0.02,0.02,0.91000000,0,26,1,195,0,0.04666667,0.24516891,0.09789772,0.41013894,S=0,0,0,0.00000000
1190,5_2_6,seq_ABC,filter_l0.05,0.05,0.82000000,0,13,1,195,0,0.11666667,0.44893848,0.20880075,0.68885881,S=0,0,0,0.00000000
1190,5_2_6,seq_ABC,filter_l0.10,0.10,0.74000000,0,12,1,197,0,0.24666667,0.69419861,0.34913045,0.95636847,S=0,0,0,0.00000000
1190,5_2_6,seq_ABC,filter_l0.20,0.20,0.58000000,0,11,0,,1,0.31000000,0.99989442,0.48455891,1.24185243,not_aligned,0,0,1.55555556
1190,5_2_6,seq_ABC,filter_l0.50,0.50,0.18000000,0,5,1,198,0,0.58000000,1.52122518,0.70372931,1.62268496,S=0,0,0,0.00000000
1190,5_2_6,seq_ABC,filter_l1.00,1.00,0.24000000,0,6,0,,1,0.62333333,1.69263362,0.72491370,1.75319862,not_aligned,0,0,0.22222222
1191,5_2_6,sync,hard,,0.00000000,0,1,0,,1,0.00000000,0.00000000,0.00000000,0.00000000,not_aligned,0,0,0.22222222
1191,5_2_6,sync,smooth,,0.41000000,0,12,0,,1,0.00000000,0.80632360,0.34466183,1.83838903,not_aligned,0,0,0.22222222
1191,5_2_6,sync,filter_l0.00,0.00,1.00000000,1,117,1,83,0,0.00000000,0.00700163,0.00077192,0.02811263,S=0,0,0,0.00000000
1191,5_2_6,sync,filter_l0.02,0.02,0.86000000,0,23,1,195,0,0.06000000,0.26796294,0.11905184,0.35975843,S=0,0,0,0.00000000
1191,5_2_6,sync,filter_l0.05,0.05,0.84000000,0,16,1,195,0,0.12000000,0.38904439,0.18427858,0.59781339,S=0,0,0,0.00000000
1191,5_2_6,sync,filter_l0.10,0.10,0.79000000,0,15,1,195,0,0.14666667,0.55723796,0.26868543,0.84888100,S=0,0,0,0.00000000
1191,5_2_6,sync,filter_l0.20,0.20,0.62000000,0,14,1,198,0,0.25000000,0.80363551,0.40207259,1.15145043,S=0,0,0,0.00000000
1191,5_2_6,sync,filter_l0.50,0.50,0.48000000,0,8,0,,1,0.43333333,1.20011902,0.57327018,1.50390559,not_aligned,0,0,0.00000000
1191,5_2_6,sync,filter_l1.00,1.00,0.24000000,0,4,0,,1,0.59000000,1.57447827,0.69364594,1.75817647,not_aligned,0,0,0.00000000
1191,5_2_6,seq_ABC,hard,,1.00000000,1,190,1,10,0,0.00000000,0.00000000,0.00000000,0.00000000,S=0,0,0,0.00000000
1191,5_2_6,seq_ABC,smooth,,0.64000000,0,12,0,,1,0.00000000,0.80632360,0.34466183,1.83838903,not_aligned,0,0,1.55555556
1191,5_2_6,seq_ABC,filter_l0.00,0.00,1.00000000,1,117,1,83,0,0.00000000,0.00364597,0.00030906,0.01602876,S=0,0,0,0.00000000
1191,5_2_6,seq_ABC,filter_l0.02,0.02,0.86000000,0,23,1,198,0,0.06000000,0.27645979,0.12430615,0.36506494,S=0,0,0,0.00000000
1191,5_2_6,seq_ABC,filter_l0.05,0.05,0.84000000,0,23,1,198,0,0.12666667,0.39146372,0.19174056,0.60786821,S=0,0,0,0.00000000
1191,5_2_6,seq_ABC,filter_l0.10,0.10,0.80000000,0,16,1,195,0,0.17000000,0.55829290,0.27391328,0.84783878,S=0,0,0,0.00000000
1191,5_2_6,seq_ABC,filter_l0.20,0.20,0.62000000,0,14,1,198,0,0.26666667,0.84752954,0.42244075,1.14482029,S=0,0,0,0.00000000
1191,5_2_6,seq_ABC,filter_l0.50,0.50,0.55000000,0,9,0,,1,0.43000000,1.19137642,0.57299120,1.48967795,not_aligned,0,0,0.00000000
1191,5_2_6,seq_ABC,filter_l1.00,1.00,0.23000000,0,3,0,,1,0.63333333,1.63864717,0.72705348,1.77814257,not_aligned,0,0,0.00000000
1192,5_2_6,sync,hard,,1.00000000,1,180,1,20,0,0.00000000,0.00000000,0.00000000,0.00000000,S=0,0,0,0.00000000
1192,5_2_6,sync,smooth,,0.35000000,0,7,0,,1,0.00000000,0.80632360,0.34466183,1.83838903,not_aligned,0,0,0.22222222
1192,5_2_6,sync,filter_l0.00,0.00,0.84000000,0,83,0,,1,0.05333333,1.29075424,0.10665433,0.00035971,not_aligned,0,0,0.22222222
1192,5_2_6,sync,filter_l0.02,0.02,0.85000000,0,44,0,,1,0.07666667,0.32989753,0.14605290,0.47748064,not_aligned,0,0,0.22222222
1192,5_2_6,sync,filter_l0.05,0.05,0.84000000,0,37,0,,1,0.11000000,0.47909030,0.22201655,0.75204113,not_aligned,0,0,0.00000000
1192,5_2_6,sync,filter_l0.10,0.10,0.70000000,0,13,0,,1,0.26666667,0.79959423,0.39858524,1.00446817,not_aligned,0,0,0.00000000
1192,5_2_6,sync,filter_l0.20,0.20,0.60000000,0,17,0,,1,0.37333333,1.04350560,0.50472987,1.25609425,not_aligned,0,0,0.22222222
1192,5_2_6,sync,filter_l0.50,0.50,0.36000000,0,7,0,,1,0.53000000,1.45271217,0.65376007,1.55453007,not_aligned,0,0,0.22222222
1192,5_2_6,sync,filter_l1.00,1.00,0.21000000,0,4,0,,1,0.65333333,1.79909726,0.75591450,1.77560135,not_aligned,0,0,0.00000000
1192,5_2_6,seq_ABC,hard,,1.00000000,1,195,1,5,0,0.00000000,0.00000000,0.00000000,0.00000000,S=0,0,0,0.00000000
1192,5_2_6,seq_ABC,smooth,,0.30000000,0,9,1,198,0,0.00000000,0.80632360,0.34466183,1.83838903,S=8,0,0,0.00000000
1192,5_2_6,seq_ABC,filter_l0.00,0.00,0.22000000,0,4,1,199,0,0.55666667,7.26911116,1.03032663,0.11837726,S=0,0,0,0.22222222
1192,5_2_6,seq_ABC,filter_l0.02,0.02,0.85000000,0,42,0,,1,0.08333333,0.33459894,0.15160032,0.47769693,not_aligned,0,0,0.00000000
1192,5_2_6,seq_ABC,filter_l0.05,0.05,0.79000000,0,37,0,,1,0.16333333,0.54190502,0.27121107,0.76162631,not_aligned,0,0,0.00000000
1192,5_2_6,seq_ABC,filter_l0.10,0.10,0.77000000,0,16,0,,1,0.23000000,0.72624667,0.36760683,1.01246625,not_aligned,0,0,0.22222222
1192,5_2_6,seq_ABC,filter_l0.20,0.20,0.60000000,0,13,0,,1,0.38333333,1.05633783,0.51470393,1.26083636,not_aligned,0,0,0.22222222
1192,5_2_6,seq_ABC,filter_l0.50,0.50,0.31000000,0,10,0,,1,0.53333333,1.43341495,0.64952615,1.54690954,not_aligned,0,0,0.22222222
1192,5_2_6,seq_ABC,filter_l1.00,1.00,0.13000000,0,5,0,,1,0.70666667,1.84391893,0.78796048,1.80371536,not_aligned,0,0,0.00000000
1193,5_2_6,sync,hard,,0.00000000,0,1,0,,1,0.00000000,0.00000000,0.00000000,0.00000000,not_aligned,0,0,0.22222222
1193,5_2_6,sync,smooth,,0.21000000,0,16,0,,1,0.00000000,0.80632360,0.34466183,1.83838903,not_aligned,0,0,0.88888889
1193,5_2_6,sync,filter_l0.00,0.00,1.00000000,1,121,1,79,0,0.07666667,0.11088686,0.07707681,0.11732625,S=0,0,0,0.00000000
1193,5_2_6,sync,filter_l0.02,0.02,0.89000000,0,28,1,190,0,0.04666667,0.25664243,0.11211011,0.44332675,S=0,0,0,0.00000000
1193,5_2_6,sync,filter_l0.05,0.05,0.85000000,0,24,1,193,0,0.08000000,0.38376243,0.17139786,0.68117883,S=0,0,0,0.00000000
1193,5_2_6,sync,filter_l0.10,0.10,0.78000000,0,25,1,197,0,0.17000000,0.60309087,0.28861177,0.92814079,S=0,0,0,0.00000000
1193,5_2_6,sync,filter_l0.20,0.20,0.61000000,0,9,1,193,0,0.34666667,0.95044645,0.46860118,1.20426566,S=0,0,0,0.00000000
1193,5_2_6,sync,filter_l0.50,0.50,0.39000000,0,7,0,,1,0.45000000,1.30054209,0.58512052,1.52498598,not_aligned,0,0,0.00000000
1193,5_2_6,sync,filter_l1.00,1.00,0.16000000,0,4,0,,1,0.63000000,1.70991068,0.73347513,1.76567963,not_aligned,0,0,0.00000000
1193,5_2_6,seq_ABC,hard,,1.00000000,1,190,1,10,0,0.00000000,0.00000000,0.00000000,0.00000000,S=0,0,0,0.00000000
1193,5_2_6,seq_ABC,smooth,,0.51000000,0,12,0,,1,0.00000000,0.80632360,0.34466183,1.83838903,not_aligned,0,0,1.55555556
1193,5_2_6,seq_ABC,filter_l0.00,0.00,1.00000000,1,118,1,82,0,0.14666667,0.34794385,0.23094801,0.13815416,S=0,0,0,0.00000000
1193,5_2_6,seq_ABC,filter_l0.02,0.02,0.92000000,0,28,1,190,0,0.08333333,0.25905188,0.12127611,0.45231557,S=0,0,0,0.00000000
1193,5_2_6,seq_ABC,filter_l0.05,0.05,0.80000000,0,16,1,193,0,0.12000000,0.46534789,0.22050680,0.71129747,S=0,0,0,0.00000000
1193,5_2_6,seq_ABC,filter_l0.10,0.10,0.73000000,0,19,1,193,0,0.21333333,0.69445620,0.34637699,0.98113375,S=0,0,0,0.00000000
1193,5_2_6,seq_ABC,filter_l0.20,0.20,0.59000000,0,9,1,197,0,0.33666667,0.96015972,0.46524829,1.20771768,S=0,0,0,0.00000000
1193,5_2_6,seq_ABC,filter_l0.50,0.50,0.35000000,0,7,0,,1,0.52333333,1.40478622,0.64093560,1.54567922,not_aligned,0,0,0.00000000
1193,5_2_6,seq_ABC,filter_l1.00,1.00,0.17000000,0,4,0,,1,0.65000000,1.72315678,0.74148159,1.77153029,not_aligned,0,0,0.00000000
1194,5_2_6,sync,hard,,0.00000000,0,1,0,,1,0.00000000,0.00000000,0.00000000,0.00000000,not_aligned,0,0,0.22222222
1194,5_2_6,sync,smooth,,0.36000000,0,14,0,,1,0.00000000,0.80632360,0.34466183,1.83838903,not_aligned,0,0,6.22222222
1194,5_2_6,sync,filter_l0.00,0.00,0.85000000,1,67,1,133,0,0.28000000,1.54295163,0.52594347,0.10931766,S=0,0,0,0.00000000
1194,5_2_6,sync,filter_l0.02,0.02,0.85000000,0,23,1,195,0,0.09666667,0.34073357,0.15581569,0.38459466,S=0,0,0,0.00000000
1194,5_2_6,sync,filter_l0.05,0.05,0.73000000,0,22,1,195,0,0.19333333,0.58447800,0.28112727,0.61461799,S=0,0,0,0.00000000
1194,5_2_6,sync,filter_l0.10,0.10,0.68000000,0,13,1,195,0,0.25333333,0.70655045,0.34209837,0.83086920,S=0,0,0,0.00000000
1194,5_2_6,sync,filter_l0.20,0.20,0.59000000,0,8,1,194,0,0.30000000,0.88495621,0.42554437,1.09584859,S=0,0,0,0.00000000
1194,5_2_6,sync,filter_l0.50,0.50,0.44000000,0,5,1,197,0,0.46000000,1.22342965,0.58071407,1.45675494,S=0,0,0,0.00000000
1194,5_2_6,sync,filter_l1.00,1.00,0.26000000,0,5,0,,1,0.65333333,1.75859832,0.74044976,1.77165219,not_aligned,0,0,0.22222222
1194,5_2_6,seq_ABC,hard,,1.00000000,1,191,1,9,0,0.00000000,0.00000000,0.00000000,0.00000000,S=0,0,0,0.00000000
1194,5_2_6,seq_ABC,smooth,,0.22000000,0,11,1,199,0,0.00000000,0.80632360,0.34466183,1.83838903,S=0,0,0,0.22222222
1194,5_2_6,seq_ABC,filter_l0.00,0.00,0.68000000,0,31,1,194,0,0.11666667,1.52988578,0.22913505,0.03731097,other_aligned,0,0,0.00000000
1194,5_2_6,seq_ABC,filter_l0.02,0.02,0.86000000,0,23,1,195,0,0.08333333,0.31224173,0.13665123,0.37134241,S=0,0,0,0.00000000
1194,5_2_6,seq_ABC,filter_l0.05,0.05,0.89000000,0,23,0,,1,0.06000000,0.39499572,0.16309797,0.72192988,not_aligned,0,0,0.22222222
1194,5_2_6,seq_ABC,filter_l0.10,0.10,0.78000000,0,15,0,,1,0.20000000,0.69799678,0.33527201,1.02185761,not_aligned,0,0,0.00000000
1194,5_2_6,seq_ABC,filter_l0.20,0.20,0.57000000,0,8,1,195,0,0.31000000,0.91915462,0.44252753,1.10436797,S=0,0,0,0.00000000
1194,5_2_6,seq_ABC,filter_l0.50,0.50,0.39000000,0,5,1,195,0,0.46000000,1.24959710,0.59023021,1.46491596,S=0,0,0,0.00000000
1194,5_2_6,seq_ABC,filter_l1.00,1.00,0.21000000,0,4,0,,1,0.60333333,1.61095021,0.70913963,1.74419425,not_aligned,0,0,0.00000000
1195,5_2_6,sync,hard,,0.00000000,0,1,0,,1,0.00000000,0.00000000,0.00000000,0.00000000,not_aligned,0,0,0.22222222
1195,5_2_6,sync,smooth,,0.52000000,0,16,0,,1,0.00000000,0.80632360,0.34466183,1.83838903,not_aligned,0,0,0.22222222
1195,5_2_6,sync,filter_l0.00,0.00,1.00000000,1,107,1,93,0,0.00000000,0.01850030,0.00438093,0.05847131,S=0,0,0,0.00000000
1195,5_2_6,sync,filter_l0.02,0.02,0.92000000,0,23,1,191,0,0.13000000,0.38648380,0.19976951,0.50751454,S=0,0,0,0.00000000
1195,5_2_6,sync,filter_l0.05,0.05,0.78000000,0,20,1,196,0,0.20000000,0.64587407,0.34665879,0.82247257,S=0,0,0,0.00000000
1195,5_2_6,sync,filter_l0.10,0.10,0.71000000,0,13,1,198,0,0.33333333,0.85671510,0.46564385,1.04863551,S=0,0,0,0.00000000
1195,5_2_6,sync,filter_l0.20,0.20,0.64000000,0,12,1,196,0,0.43000000,1.09044576,0.56029541,1.28353619,S=0,0,0,0.00000000
1195,5_2_6,sync,filter_l0.50,0.50,0.41000000,0,5,1,196,0,0.55666667,1.38254220,0.64860261,1.57271707,S=0,0,0,0.00000000
1195,5_2_6,sync,filter_l1.00,1.00,0.30000000,0,6,0,,1,0.62666667,1.66238913,0.71751402,1.76863350,not_aligned,0,0,0.22222222
1195,5_2_6,seq_ABC,hard,,1.00000000,1,195,1,5,0,0.00000000,0.00000000,0.00000000,0.00000000,S=0,0,0,0.00000000
1195,5_2_6,seq_ABC,smooth,,0.28000000,0,6,1,199,0,0.00000000,0.80632360,0.34466183,1.83838903,S=8,0,0,0.22222222
1195,5_2_6,seq_ABC,filter_l0.00,0.00,1.00000000,1,107,1,93,0,0.06000000,0.10508689,0.06348425,0.15618434,S=0,0,0,0.00000000
1195,5_2_6,seq_ABC,filter_l0.02,0.02,0.89000000,0,26,1,192,0,0.19333333,0.49940808,0.29369928,0.57697331,S=0,0,0,0.00000000
1195,5_2_6,seq_ABC,filter_l0.05,0.05,0.88000000,0,20,1,196,0,0.17000000,0.59308703,0.30882331,0.78570391,S=0,0,0,0.00000000
1195,5_2_6,seq_ABC,filter_l0.10,0.10,0.63000000,0,11,0,,1,0.39666667,0.89542647,0.49057531,1.06807313,not_aligned,0,0,0.00000000
1195,5_2_6,seq_ABC,filter_l0.20,0.20,0.58000000,0,7,1,196,0,0.47333333,1.11761634,0.58120880,1.27241785,S=0,0,0,0.00000000
1195,5_2_6,seq_ABC,filter_l0.50,0.50,0.45000000,0,5,0,,1,0.56666667,1.40060892,0.66026388,1.57467200,not_aligned,0,0,0.00000000
1195,5_2_6,seq_ABC,filter_l1.00,1.00,0.32000000,0,5,0,,1,0.64666667,1.68636463,0.72929643,1.77599845,not_aligned,0,0,0.22222222
1196,5_2_6,sync,hard,,0.00000000,0,1,0,,1,0.00000000,0.00000000,0.00000000,0.00000000,not_aligned,0,0,0.22222222
1196,5_2_6,sync,smooth,,0.54000000,0,17,0,,1,0.00000000,0.80632360,0.34466183,1.83838903,not_aligned,0,0,0.88888889
1196,5_2_6,sync,filter_l0.00,0.00,1.00000000,1,133,1,67,0,0.00000000,0.00635093,0.00087130,0.02469422,S=0,0,0,0.00000000
1196,5_2_6,sync,filter_l0.02,0.02,0.91000000,0,27,1,198,0,0.03000000,0.21700293,0.08102651,0.41409232,S=0,0,0,0.00000000
1196,5_2_6,sync,filter_l0.05,0.05,0.84000000,0,33,0,,1,0.07000000,0.40373153,0.17839415,0.71467185,not_aligned,0,0,0.88888889
1196,5_2_6,sync,filter_l0.10,0.10,0.69000000,0,14,0,,1,0.19666667,0.70967536,0.35067701,1.01223118,not_aligned,0,0,0.88888889
1196,5_2_6,sync,filter_l0.20,0.20,0.55000000,0,10,0,,1,0.37000000,1.03875441,0.52000129,1.28035508,not_aligned,0,0,0.88888889
1196,5_2_6,sync,filter_l0.50,0.50,0.31000000,0,7,0,,1,0.56666667,1.44039553,0.66192434,1.57856984,not_aligned,0,0,0.88888889
1196,5_2_6,sync,filter_l1.00,1.00,0.16000000,0,3,0,,1,0.65000000,1.76999121,0.75895793,1.79273287,not_aligned,0,0,0.88888889
1196,5_2_6,seq_ABC,hard,,1.00000000,1,195,1,5,0,0.00000000,0.00000000,0.00000000,0.00000000,S=0,0,0,0.00000000
1196,5_2_6,seq_ABC,smooth,,0.46000000,0,13,0,,1,0.00000000,0.80632360,0.34466183,1.83838903,not_aligned,0,0,0.88888889
1196,5_2_6,seq_ABC,filter_l0.00,0.00,0.63000000,0,29,1,184,0,0.12333333,1.24845714,0.24666115,0.01661456,other_aligned,0,0,0.00000000
1196,5_2_6,seq_ABC,filter_l0.02,0.02,0.92000000,0,31,1,198,0,0.02666667,0.20121128,0.07462880,0.41582842,S=0,0,0,0.00000000
1196,5_2_6,seq_ABC,filter_l0.05,0.05,0.83000000,0,33,0,,1,0.07000000,0.41510976,0.18398376,0.71720442,not_aligned,0,0,0.88888889
1196,5_2_6,seq_ABC,filter_l0.10,0.10,0.72000000,0,14,0,,1,0.18333333,0.71449163,0.34459189,1.00858079,not_aligned,0,0,0.88888889
1196,5_2_6,seq_ABC,filter_l0.20,0.20,0.57000000,0,11,0,,1,0.36333333,1.01804315,0.50539124,1.26469405,not_aligned,0,0,0.88888889
1196,5_2_6,seq_ABC,filter_l0.50,0.50,0.40000000,0,6,0,,1,0.53333333,1.40208242,0.64283369,1.56124774,not_aligned,0,0,0.88888889
1196,5_2_6,seq_ABC,filter_l1.00,1.00,0.16000000,0,6,0,,1,0.66000000,1.78813877,0.76378745,1.79023052,not_aligned,0,0,2.00000000
1197,5_2_6,sync,hard,,0.00000000,0,1,0,,1,0.00000000,0.00000000,0.00000000,0.00000000,not_aligned,0,0,0.22222222
1197,5_2_6,sync,smooth,,0.45000000,0,11,0,,1,0.00000000,0.80632360,0.34466183,1.83838903,not_aligned,0,0,1.55555556
1197,5_2_6,sync,filter_l0.00,0.00,1.00000000,1,135,1,65,0,0.00000000,0.02497587,0.00648990,0.07596783,S=0,0,0,0.00000000
1197,5_2_6,sync,filter_l0.02,0.02,0.86000000,0,24,0,,1,0.12333333,0.37715728,0.18688229,0.52186974,not_aligned,0,0,0.22222222
1197,5_2_6,sync,filter_l0.05,0.05,0.81000000,0,21,1,197,0,0.27333333,0.66026020,0.34639430,0.77939267,S=0,0,0,0.00000000
1197,5_2_6,sync,filter_l0.10,0.10,0.72000000,0,17,1,199,0,0.30666667,0.79619271,0.40411336,0.98081525,S=0,0,0,0.22222222
1197,5_2_6,sync,filter_l0.20,0.20,0.68000000,0,13,1,199,0,0.37333333,0.99583348,0.50181436,1.22233137,S=0,0,0,0.22222222
1197,5_2_6,sync,filter_l0.50,0.50,0.43000000,0,9,0,,1,0.51000000,1.32735342,0.62628319,1.55056596,not_aligned,0,0,1.55555556
1197,5_2_6,sync,filter_l1.00,1.00,0.23000000,0,4,0,,1,0.63000000,1.66702968,0.72058451,1.77305952,not_aligned,0,0,2.00000000
1197,5_2_6,seq_ABC,hard,,1.00000000,1,195,1,5,0,0.00000000,0.00000000,0.00000000,0.00000000,S=0,0,0,0.00000000
1197,5_2_6,seq_ABC,smooth,,0.65000000,0,17,0,,1,0.00000000,0.80632360,0.34466183,1.83838903,not_aligned,0,0,2.00000000
1197,5_2_6,seq_ABC,filter_l0.00,0.00,1.00000000,1,135,1,65,0,0.00000000,0.01052141,0.00119722,0.04374113,S=0,0,0,0.00000000
1197,5_2_6,seq_ABC,filter_l0.02,0.02,0.90000000,0,22,1,197,0,0.12000000,0.37549422,0.18769203,0.55232335,S=0,0,0,0.00000000
1197,5_2_6,seq_ABC,filter_l0.05,0.05,0.79000000,0,23,1,199,0,0.26333333,0.67836872,0.35003971,0.77004066,S=0,0,0,0.22222222
1197,5_2_6,seq_ABC,filter_l0.10,0.10,0.76000000,0,17,1,199,0,0.33666667,0.84639230,0.43384722,0.97371030,S=0,0,0,0.22222222
1197,5_2_6,seq_ABC,filter_l0.20,0.20,0.73000000,0,16,1,199,0,0.36000000,0.98661431,0.49244199,1.20932832,S=0,0,0,0.22222222
1197,5_2_6,seq_ABC,filter_l0.50,0.50,0.42000000,0,5,0,,1,0.56000000,1.38843990,0.64619610,1.57219286,not_aligned,0,0,1.55555556
1197,5_2_6,seq_ABC,filter_l1.00,1.00,0.27000000,0,5,0,,1,0.64333333,1.67347206,0.72368685,1.77276736,not_aligned,0,0,2.00000000
1198,5_2_6,sync,hard,,0.00000000,0,1,0,,1,0.00000000,0.00000000,0.00000000,0.00000000,not_aligned,0,0,0.22222222
1198,5_2_6,sync,smooth,,0.25000000,0,9,0,,1,0.00000000,0.80632360,0.34466183,1.83838903,not_aligned,0,0,6.22222222
1198,5_2_6,sync,filter_l0.00,0.00,1.00000000,1,168,1,32,0,0.00000000,0.00007600,0.00000015,0.00061340,S=0,0,0,0.00000000
1198,5_2_6,sync,filter_l0.02,0.02,0.91000000,0,29,1,199,0,0.03333333,0.19243361,0.07505969,0.30628046,S=0,0,0,0.22222222
1198,5_2_6,sync,filter_l0.05,0.05,0.84000000,0,38,1,199,0,0.06666667,0.33701570,0.14611600,0.56534519,S=0,0,0,0.22222222
1198,5_2_6,sync,filter_l0.10,0.10,0.80000000,0,27,1,199,0,0.13333333,0.50334958,0.23797468,0.80100889,S=0,0,0,0.22222222
1198,5_2_6,sync,filter_l0.20,0.20,0.71000000,0,14,1,199,0,0.23333333,0.75021018,0.36522753,1.08923847,S=0,0,0,0.22222222
1198,5_2_6,sync,filter_l0.50,0.50,0.47000000,0,10,1,199,0,0.44000000,1.18411035,0.56546660,1.46764572,other_aligned,0,0,0.88888889
1198,5_2_6,sync,filter_l1.00,1.00,0.22000000,0,3,0,,1,0.64333333,1.75415494,0.73502182,1.76878728,not_aligned,0,0,0.22222222
1198,5_2_6,seq_ABC,hard,,1.00000000,1,190,1,10,0,0.00000000,0.00000000,0.00000000,0.00000000,S=0,0,0,0.00000000
1198,5_2_6,seq_ABC,smooth,,0.50000000,0,10,0,,1,0.00000000,0.80632360,0.34466183,1.83838903,not_aligned,0,0,1.55555556
1198,5_2_6,seq_ABC,filter_l0.00,0.00,1.00000000,1,165,1,35,0,0.00000000,0.00058295,0.00000903,0.00349924,S=0,0,0,0.00000000
1198,5_2_6,seq_ABC,filter_l0.02,0.02,0.92000000,0,29,1,199,0,0.03000000,0.18295741,0.06946132,0.29540990,S=0,0,0,0.22222222
1198,5_2_6,seq_ABC,filter_l0.05,0.05,0.85000000,0,32,1,199,0,0.06000000,0.32336073,0.13832282,0.53867487,S=0,0,0,0.22222222
1198,5_2_6,seq_ABC,filter_l0.10,0.10,0.80000000,0,29,1,199,0,0.12333333,0.49432999,0.23215684,0.78076160,S=0,0,0,0.22222222
1198,5_2_6,seq_ABC,filter_l0.20,0.20,0.74000000,0,14,1,199,0,0.21666667,0.73732743,0.36385812,1.07003433,S=0,0,0,0.22222222
1198,5_2_6,seq_ABC,filter_l0.50,0.50,0.46000000,0,10,1,199,0,0.45333333,1.20137444,0.57544638,1.47143613,S=0,0,0,0.22222222
1198,5_2_6,seq_ABC,filter_l1.00,1.00,0.33000000,0,8,1,199,0,0.62000000,1.60707384,0.70694248,1.74020715,S=0,0,0,0.22222222
1199,5_2_6,sync,hard,,1.00000000,1,180,1,20,0,0.00000000,0.00000000,0.00000000,0.00000000,S=0,0,0,0.00000000
1199,5_2_6,sync,smooth,,0.37000000,0,7,0,,1,0.00000000,0.80632360,0.34466183,1.83838903,not_aligned,0,0,0.22222222
1199,5_2_6,sync,filter_l0.00,0.00,1.00000000,1,171,1,29,0,0.00000000,0.00005560,0.00000007,0.00048528,S=0,0,0,0.00000000
1199,5_2_6,sync,filter_l0.02,0.02,0.90000000,0,37,1,197,0,0.03333333,0.21144497,0.08203441,0.34071331,S=0,0,0,0.00000000
1199,5_2_6,sync,filter_l0.05,0.05,0.84000000,0,20,1,196,0,0.06333333,0.35897906,0.15509173,0.59528527,S=0,0,0,0.00000000
1199,5_2_6,sync,filter_l0.10,0.10,0.81000000,0,18,1,197,0,0.12000000,0.52070077,0.24126427,0.84916053,S=0,0,0,0.00000000
1199,5_2_6,sync,filter_l0.20,0.20,0.63000000,0,14,1,196,0,0.27333333,0.85975054,0.42079783,1.13745442,S=0,0,0,0.00000000
1199,5_2_6,sync,filter_l0.50,0.50,0.37000000,0,6,0,,1,0.49333333,1.30995982,0.61534419,1.50605327,not_aligned,0,0,0.22222222
1199,5_2_6,sync,filter_l1.00,1.00,0.26000000,0,5,0,,1,0.60000000,1.65261627,0.71187467,1.74737770,not_aligned,0,0,0.22222222
1199,5_2_6,seq_ABC,hard,,1.00000000,1,194,1,6,0,0.00000000,0.00000000,0.00000000,0.00000000,S=0,0,0,0.00000000
1199,5_2_6,seq_ABC,smooth,,0.52000000,0,12,0,,1,0.00000000,0.80632360,0.34466183,1.83838903,not_aligned,0,0,0.22222222
1199,5_2_6,seq_ABC,filter_l0.00,0.00,1.00000000,1,155,1,45,0,0.00000000,0.00324744,0.00022812,0.01494206,S=0,0,0,0.00000000
1199,5_2_6,seq_ABC,filter_l0.02,0.02,0.88000000,0,37,1,197,0,0.04000000,0.22890631,0.09102772,0.34530424,S=0,0,0,0.00000000
1199,5_2_6,seq_ABC,filter_l0.05,0.05,0.85000000,0,20,1,196,0,0.05666667,0.34518193,0.14623901,0.59469738,S=0,0,0,0.00000000
1199,5_2_6,seq_ABC,filter_l0.10,0.10,0.81000000,0,18,1,197,0,0.12666667,0.53261471,0.24846030,0.85692078,S=0,0,0,0.00000000
1199,5_2_6,seq_ABC,filter_l0.20,0.20,0.64000000,0,12,1,194,0,0.25666667,0.88248048,0.42507698,1.14511664,S=0,0,0,0.00000000
1199,5_2_6,seq_ABC,filter_l0.50,0.50,0.46000000,0,9,1,199,0,0.46333333,1.27761455,0.59263412,1.50354268,S=0,0,0,0.22222222
1199,5_2_6,seq_ABC,filter_l1.00,1.00,0.14000000,0,4,0,,1,0.64333333,1.69002227,0.73723668,1.75708557,not_aligned,0,0,0.22222222
1000,8_8_8,sync,hard,,1.00000000,1,199,1,1,0,0.00000000,0.00000000,0.00000000,0.00000000,S=8,0,0,0.00000000
1000,8_8_8,sync,filter_l0.00,0.00,1.00000000,1,155,1,45,0,0.02000000,0.05423018,0.03230041,0.07869501,S=8,0,0,0.00000000
1000,8_8_8,sync,filter_l0.20,0.20,0.55000000,0,17,1,198,0,0.41333333,1.04032546,0.50035640,1.24453917,S=8,0,0,0.00000000
1000,8_8_8,sync,filter_l1.00,1.00,0.21000000,0,5,1,198,0,0.62666667,1.73832253,0.73520661,1.76518046,S=8,0,0,0.00000000
1000,8_8_8,seq_ABC,hard,,1.00000000,1,199,1,1,0,0.00000000,0.00000000,0.00000000,0.00000000,S=8,0,0,0.00000000
1000,8_8_8,seq_ABC,filter_l0.00,0.00,1.00000000,1,155,1,45,0,0.02000000,0.05423018,0.03230041,0.07869501,S=8,1,0,0.00000000
1000,8_8_8,seq_ABC,filter_l0.20,0.20,0.61000000,0,11,1,198,0,0.39333333,1.06566089,0.50772648,1.22829535,S=8,1,0,0.00000000
1000,8_8_8,seq_ABC,filter_l1.00,1.00,0.20000000,0,4,1,199,0,0.63000000,1.75760730,0.74606845,1.77488229,S=8,1,0,0.22222222
1001,8_8_8,sync,hard,,1.00000000,1,199,1,1,0,0.00000000,0.00000000,0.00000000,0.00000000,S=8,0,0,0.00000000
1001,8_8_8,sync,filter_l0.00,0.00,1.00000000,1,183,1,17,0,0.00000000,0.00034325,0.00000497,0.00221895,S=8,0,0,0.00000000
1001,8_8_8,sync,filter_l0.20,0.20,0.71000000,0,12,1,196,0,0.21666667,0.79201876,0.37986459,1.16044358,S=8,0,0,0.00000000
1001,8_8_8,sync,filter_l1.00,1.00,0.23000000,0,5,0,,1,0.60333333,1.70063314,0.73484668,1.77635810,not_aligned,0,0,1.55555556
1001,8_8_8,seq_ABC,hard,,1.00000000,1,199,1,1,0,0.00000000,0.00000000,0.00000000,0.00000000,S=8,0,0,0.00000000
1001,8_8_8,seq_ABC,filter_l0.00,0.00,1.00000000,1,182,1,18,0,0.00000000,0.00031886,0.00000494,0.00201753,S=8,0,0,0.00000000
1001,8_8_8,seq_ABC,filter_l0.20,0.20,0.70000000,0,12,1,196,0,0.23000000,0.83617062,0.39637698,1.17112002,S=8,0,0,0.00000000
1001,8_8_8,seq_ABC,filter_l1.00,1.00,0.34000000,0,5,1,196,0,0.59000000,1.61942546,0.69913485,1.73709055,S=8,0,0,0.00000000
1002,8_8_8,sync,hard,,1.00000000,1,199,1,1,0,0.00000000,0.00000000,0.00000000,0.00000000,S=8,0,0,0.00000000
1002,8_8_8,sync,filter_l0.00,0.00,1.00000000,1,172,1,28,0,0.00000000,0.00002150,0.00000003,0.00018648,S=8,0,0,0.00000000
1002,8_8_8,sync,filter_l0.20,0.20,0.64000000,0,18,1,196,0,0.29000000,0.85272072,0.42226930,1.13529913,S=8,0,0,0.00000000
1002,8_8_8,sync,filter_l1.00,1.00,0.14000000,0,6,0,,1,0.64000000,1.66770148,0.73015591,1.76169723,not_aligned,0,0,0.00000000
1002,8_8_8,seq_ABC,hard,,1.00000000,1,199,1,1,0,0.00000000,0.00000000,0.00000000,0.00000000,S=8,0,0,0.00000000
1002,8_8_8,seq_ABC,filter_l0.00,0.00,1.00000000,1,172,1,28,0,0.00000000,0.00000063,0.00000000,0.00000821,S=8,0,0,0.00000000
1002,8_8_8,seq_ABC,filter_l0.20,0.20,0.63000000,0,18,1,196,0,0.25333333,0.85623624,0.42528368,1.13174751,S=8,0,0,0.00000000
1002,8_8_8,seq_ABC,filter_l1.00,1.00,0.24000000,0,7,0,,1,0.61666667,1.62591061,0.71071055,1.75107572,not_aligned,0,0,0.22222222
1003,8_8_8,sync,hard,,1.00000000,1,199,1,1,0,0.00000000,0.00000000,0.00000000,0.00000000,S=8,0,0,0.00000000
1003,8_8_8,sync,filter_l0.00,0.00,1.00000000,1,182,1,18,0,0.00000000,0.00000911,0.00000000,0.00009192,S=8,1,0,0.00000000
1003,8_8_8,sync,filter_l0.20,0.20,0.54000000,0,11,1,198,0,0.33333333,1.03917937,0.48177850,1.23603908,S=8,1,0,0.00000000
1003,8_8_8,sync,filter_l1.00,1.00,0.19000000,0,5,0,,1,0.63333333,1.72635033,0.74516224,1.78117832,not_aligned,1,0,1.55555556
1003,8_8_8,seq_ABC,hard,,1.00000000,1,199,1,1,0,0.00000000,0.00000000,0.00000000,0.00000000,S=8,0,0,0.00000000
1003,8_8_8,seq_ABC,filter_l0.00,0.00,1.00000000,1,182,1,18,0,0.00000000,0.00000858,0.00000000,0.00008585,S=8,1,0,0.00000000
1003,8_8_8,seq_ABC,filter_l0.20,0.20,0.54000000,0,9,1,199,0,0.35666667,1.05132058,0.49326915,1.24807770,S=8,1,0,0.22222222
1003,8_8_8,seq_ABC,filter_l1.00,1.00,0.30000000,0,5,0,,1,0.62000000,1.68354041,0.72315451,1.76704501,not_aligned,1,0,0.00000000
1004,8_8_8,sync,hard,,1.00000000,1,199,1,1,0,0.00000000,0.00000000,0.00000000,0.00000000,S=8,0,0,0.00000000
1004,8_8_8,sync,filter_l0.00,0.00,1.00000000,1,193,1,7,0,0.00000000,0.00036196,0.00000343,0.00234579,S=8,0,0,0.00000000
1004,8_8_8,sync,filter_l0.20,0.20,0.71000000,0,14,1,186,0,0.24000000,0.77980884,0.37844732,1.14974016,S=8,0,0,0.00000000
1004,8_8_8,sync,filter_l1.00,1.00,0.21000000,0,7,0,,1,0.65666667,1.68045784,0.74099288,1.77463912,not_aligned,0,0,0.88888889
1004,8_8_8,seq_ABC,hard,,1.00000000,1,199,1,1,0,0.00000000,0.00000000,0.00000000,0.00000000,S=8,0,0,0.00000000
1004,8_8_8,seq_ABC,filter_l0.00,0.00,1.00000000,1,193,1,7,0,0.00000000,0.00036196,0.00000343,0.00234579,S=8,1,0,0.00000000
1004,8_8_8,seq_ABC,filter_l0.20,0.20,0.68000000,0,12,0,,1,0.25666667,0.79617611,0.39351281,1.16023807,not_aligned,1,0,0.00000000
1004,8_8_8,seq_ABC,filter_l1.00,1.00,0.15000000,0,6,0,,1,0.65666667,1.69059116,0.74300644,1.77752325,not_aligned,1,0,0.88888889
1005,8_8_8,sync,hard,,1.00000000,1,199,1,1,0,0.00000000,0.00000000,0.00000000,0.00000000,S=8,0,0,0.00000000
1005,8_8_8,sync,filter_l0.00,0.00,1.00000000,1,178,1,22,0,0.00000000,0.00001893,0.00000001,0.00017685,S=8,1,0,0.00000000
1005,8_8_8,sync,filter_l0.20,0.20,0.61000000,0,14,0,,1,0.29666667,0.91741135,0.44193179,1.16268290,not_aligned,1,0,0.22222222
1005,8_8_8,sync,filter_l1.00,1.00,0.09000000,0,4,1,198,0,0.68333333,1.84810608,0.79379924,1.81771725,S=0,1,0,0.00000000
1005,8_8_8,seq_ABC,hard,,1.00000000,1,199,1,1,0,0.00000000,0.00000000,0.00000000,0.00000000,S=8,0,0,0.00000000
1005,8_8_8,seq_ABC,filter_l0.00,0.00,1.00000000,1,178,1,22,0,0.00000000,0.00001893,0.00000001,0.00017685,S=8,1,0,0.00000000
1005,8_8_8,seq_ABC,filter_l0.20,0.20,0.65000000,0,14,0,,1,0.28333333,0.90917871,0.43741306,1.16173589,not_aligned,1,0,0.22222222
1005,8_8_8,seq_ABC,filter_l1.00,1.00,0.16000000,0,4,0,,1,0.68666667,1.80187570,0.77803734,1.77988991,not_aligned,1,0,0.88888889
1006,8_8_8,sync,hard,,1.00000000,1,199,1,1,0,0.00000000,0.00000000,0.00000000,0.00000000,S=8,0,0,0.00000000
1006,8_8_8,sync,filter_l0.00,0.00,1.00000000,1,158,1,42,0,0.00000000,0.00012442,0.00000046,0.00097924,S=8,1,0,0.00000000
1006,8_8_8,sync,filter_l0.20,0.20,0.54000000,0,17,0,,1,0.33000000,1.04781894,0.50029334,1.21021379,not_aligned,1,0,0.22222222
1006,8_8_8,sync,filter_l1.00,1.00,0.16000000,0,4,0,,1,0.64000000,1.74304261,0.75085206,1.79270121,not_aligned,1,0,0.22222222
1006,8_8_8,seq_ABC,hard,,1.00000000,1,199,1,1,0,0.00000000,0.00000000,0.00000000,0.00000000,S=8,0,0,0.00000000
1006,8_8_8,seq_ABC,filter_l0.00,0.00,1.00000000,1,183,1,17,0,0.00000000,0.00012442,0.00000046,0.00097924,S=8,0,0,0.00000000
1006,8_8_8,seq_ABC,filter_l0.20,0.20,0.53000000,0,12,0,,1,0.32333333,1.03043408,0.48575333,1.21862088,not_aligned,0,0,0.88888889
1006,8_8_8,seq_ABC,filter_l1.00,1.00,0.25000000,0,3,0,,1,0.60666667,1.67374680,0.71614058,1.76071050,not_aligned,0,0,2.00000000
1007,8_8_8,sync,hard,,1.00000000,1,199,1,1,0,0.00000000,0.00000000,0.00000000,0.00000000,S=8,0,0,0.00000000
1007,8_8_8,sync,filter_l0.00,0.00,1.00000000,1,100,1,100,0,0.12333333,0.24963500,0.14621156,0.14418223,S=8,1,0,0.00000000
1007,8_8_8,sync,filter_l0.20,0.20,0.57000000,0,17,0,,1,0.37000000,1.00728164,0.48516041,1.24644472,not_aligned,1,0,0.22222222
1007,8_8_8,sync,filter_l1.00,1.00,0.19000000,0,4,0,,1,0.63333333,1.72582506,0.73914818,1.77742178,not_aligned,1,0,0.00000000
1007,8_8_8,seq_ABC,hard,,1.00000000,1,199,1,1,0,0.00000000,0.00000000,0.00000000,0.00000000,S=8,0,0,0.00000000
1007,8_8_8,seq_ABC,filter_l0.00,0.00,1.00000000,1,100,1,100,0,0.12000000,0.19372031,0.13954489,0.14418221,S=8,0,0,0.00000000
1007,8_8_8,seq_ABC,filter_l0.20,0.20,0.64000000,0,19,1,199,0,0.37333333,1.02891947,0.49540057,1.24692664,S=8,0,0,0.22222222
1007,8_8_8,seq_ABC,filter_l1.00,1.00,0.22000000,0,4,1,199,0,0.63666667,1.71154885,0.73526923,1.77257608,other_aligned,0,0,0.22222222
1008,8_8_8,sync,hard,,1.00000000,1,198,1,2,0,0.00000000,0.00000000,0.00000000,0.00000000,S=8,0,0,0.00000000
1008,8_8_8,sync,filter_l0.00,0.00,1.00000000,1,163,1,37,0,0.00000000,0.00005507,0.00000007,0.00047999,S=8,0,0,0.00000000
1008,8_8_8,sync,filter_l0.20,0.20,0.70000000,0,10,0,,1,0.23000000,0.75823891,0.37097935,1.05984466,not_aligned,0,0,0.88888889
1008,8_8_8,sync,filter_l1.00,1.00,0.19000000,0,4,0,,1,0.62333333,1.64057156,0.72281829,1.75798057,not_aligned,0,0,0.22222222
1008,8_8_8,seq_ABC,hard,,1.00000000,1,196,1,4,0,0.00000000,0.00000000,0.00000000,0.00000000,S=8,0,0,0.00000000
1008,8_8_8,seq_ABC,filter_l0.00,0.00,1.00000000,1,163,1,37,0,0.00000000,0.00015267,0.00000051,0.00117312,S=8,1,0,0.00000000
1008,8_8_8,seq_ABC,filter_l0.20,0.20,0.71000000,0,11,1,199,0,0.21000000,0.70539083,0.34519500,1.06216571,S=8,1,0,0.22222222
1008,8_8_8,seq_ABC,filter_l1.00,1.00,0.32000000,0,4,0,,1,0.60000000,1.61366047,0.70713497,1.74760768,not_aligned,1,0,0.22222222
1009,8_8_8,sync,hard,,1.00000000,1,199,1,1,0,0.00000000,0.00000000,0.00000000,0.00000000,S=8,0,0,0.00000000
1009,8_8_8,sync,filter_l0.00,0.00,1.00000000,1,173,1,27,0,0.00000000,0.00009767,0.00000025,0.00077571,S=8,0,0,0.00000000
1009,8_8_8,sync,filter_l0.20,0.20,0.85000000,0,27,1,194,0,0.19000000,0.68733687,0.31265650,1.01056239,S=8,0,0,0.00000000
1009,8_8_8,sync,filter_l1.00,1.00,0.31000000,0,4,1,199,0,0.61000000,1.57718958,0.69588810,1.73376477,S=8,0,0,0.22222222
1009,8_8_8,seq_ABC,hard,,1.00000000,1,199,1,1,0,0.00000000,0.00000000,0.00000000,0.00000000,S=8,0,0,0.00000000
1009,8_8_8,seq_ABC,filter_l0.00,0.00,1.00000000,1,196,1,4,0,0.00000000,0.00003233,0.00000003,0.00028743,S=8,0,0,0.00000000
1009,8_8_8,seq_ABC,filter_l0.20,0.20,0.82000000,0,17,1,198,0,0.20000000,0.70275048,0.32636177,1.01739067,S=8,0,0,0.00000000
1009,8_8_8,seq_ABC,filter_l1.00,1.00,0.34000000,0,4,1,198,0,0.61333333,1.57127654,0.69467291,1.73016531,S=8,0,0,0.00000000
1010,8_8_8,sync,hard,,1.00000000,1,199,1,1,0,0.00000000,0.00000000,0.00000000,0.00000000,S=8,0,0,0.00000000
1010,8_8_8,sync,filter_l0.00,0.00,1.00000000,1,162,1,38,0,0.00000000,0.00000379,0.00000000,0.00003710,S=8,0,0,0.00000000
1010,8_8_8,sync,filter_l0.20,0.20,0.81000000,0,13,0,,1,0.22333333,0.74562888,0.36585429,1.06918117,not_aligned,0,0,0.00000000
1010,8_8_8,sync,filter_l1.00,1.00,0.45000000,0,5,1,199,0,0.63000000,1.57385762,0.69895836,1.73737783,other_aligned,0,0,0.22222222
1010,8_8_8,seq_ABC,hard,,1.00000000,1,199,1,1,0,0.00000000,0.00000000,0.00000000,0.00000000,S=8,0,0,0.00000000
1010,8_8_8,seq_ABC,filter_l0.00,0.00,1.00000000,1,188,1,12,0,0.00000000,0.00000378,0.00000000,0.00003695,S=8,1,0,0.00000000
1010,8_8_8,seq_ABC,filter_l0.20,0.20,0.79000000,0,10,0,,1,0.23333333,0.73979036,0.36850328,1.06847644,not_aligned,1,0,0.00000000
1010,8_8_8,seq_ABC,filter_l1.00,1.00,0.39000000,0,6,1,194,0,0.60000000,1.58914854,0.70248942,1.75303415,other_aligned,1,0,0.00000000
1011,8_8_8,sync,hard,,1.00000000,1,199,1,1,0,0.00000000,0.00000000,0.00000000,0.00000000,S=8,0,0,0.00000000
1011,8_8_8,sync,filter_l0.00,0.00,1.00000000,1,188,1,12,0,0.00000000,0.00000053,0.00000000,0.00000733,S=8,0,0,0.00000000
1011,8_8_8,sync,filter_l0.20,0.20,0.75000000,0,17,1,194,0,0.20333333,0.76602789,0.36520205,1.12039895,S=8,0,0,0.00000000
1011,8_8_8,sync,filter_l1.00,1.00,0.27000000,0,6,0,,1,0.61333333,1.59323611,0.70060140,1.75157623,not_aligned,0,0,0.22222222
1011,8_8_8,seq_ABC,hard,,1.00000000,1,199,1,1,0,0.00000000,0.00000000,0.00000000,0.00000000,S=8,0,0,0.00000000
1011,8_8_8,seq_ABC,filter_l0.00,0.00,1.00000000,1,188,1,12,0,0.00000000,0.00000053,0.00000000,0.00000733,S=8,0,0,0.00000000
1011,8_8_8,seq_ABC,filter_l0.20,0.20,0.71000000,0,15,1,194,0,0.24666667,0.81952176,0.40069981,1.12852156,S=8,0,0,0.00000000
1011,8_8_8,seq_ABC,filter_l1.00,1.00,0.30000000,0,6,0,,1,0.64666667,1.62787955,0.72016474,1.76424776,not_aligned,0,0,0.88888889
1012,8_8_8,sync,hard,,1.00000000,1,199,1,1,0,0.00000000,0.00000000,0.00000000,0.00000000,S=8,0,0,0.00000000
1012,8_8_8,sync,filter_l0.00,0.00,1.00000000,1,149,1,51,0,0.00000000,0.00002567,0.00000001,0.00025574,S=8,0,0,0.00000000
1012,8_8_8,sync,filter_l0.20,0.20,0.61000000,0,7,1,197,0,0.43000000,1.03729694,0.54140995,1.23510795,S=8,0,0,0.00000000
1012,8_8_8,sync,filter_l1.00,1.00,0.18000000,0,4,0,,1,0.65666667,1.68981702,0.74434690,1.79241445,not_aligned,0,0,0.88888889
1012,8_8_8,seq_ABC,hard,,1.00000000,1,199,1,1,0,0.00000000,0.00000000,0.00000000,0.00000000,S=8,0,0,0.00000000
1012,8_8_8,seq_ABC,filter_l0.00,0.00,1.00000000,1,149,1,51,0,0.00000000,0.00000934,0.00000000,0.00010281,S=8,0,0,0.00000000
1012,8_8_8,seq_ABC,filter_l0.20,0.20,0.51000000,0,10,0,,1,0.52000000,1.13558530,0.58978998,1.27238398,not_aligned,0,0,0.00000000
1012,8_8_8,seq_ABC,filter_l1.00,1.00,0.33000000,0,4,1,198,0,0.62000000,1.64677463,0.72350558,1.78475675,S=8,0,0,0.00000000
1013,8_8_8,sync,hard,,1.00000000,1,199,1,1,0,0.00000000,0.00000000,0.00000000,0.00000000,S=8,0,0,0.00000000
1013,8_8_8,sync,filter_l0.00,0.00,0.95000000,1,56,1,144,0,0.67333333,4.85155211,1.24205833,0.14490535,S=8,0,0,0.00000000
1013,8_8_8,sync,filter_l0.20,0.20,0.61000000,0,10,1,198,0,0.32333333,0.90054118,0.45120577,1.20452823,S=8,0,0,0.00000000
1013,8_8_8,sync,filter_l1.00,1.00,0.18000000,0,5,1,199,0,0.61666667,1.65577614,0.71821571,1.77347688,S=8,0,0,0.22222222
1013,8_8_8,seq_ABC,hard,,1.00000000,1,199,1,1,0,0.00000000,0.00000000,0.00000000,0.00000000,S=8,0,0,0.00000000
1013,8_8_8,seq_ABC,filter_l0.00,0.00,0.99000000,1,67,1,133,0,0.12333333,0.22390553,0.14334377,0.21895527,S=8,0,0,0.00000000
1013,8_8_8,seq_ABC,filter_l0.20,0.20,0.64000000,0,11,1,199,0,0.32000000,0.91732238,0.45901704,1.21836713,S=8,0,0,0.22222222
1013,8_8_8,seq_ABC,filter_l1.00,1.00,0.27000000,0,7,1,199,0,0.65333333,1.67931154,0.73297636,1.78205575,S=8,0,0,0.22222222
1014,8_8_8,sync,hard,,1.00000000,1,199,1,1,0,0.00000000,0.00000000,0.00000000,0.00000000,S=8,0,0,0.00000000
1014,8_8_8,sync,filter_l0.00,0.00,1.00000000,1,122,1,78,0,0.00000000,0.00022197,0.00000120,0.00160506,S=8,0,0,0.00000000
1014,8_8_8,sync,filter_l0.20,0.20,0.59000000,0,16,0,,1,0.42666667,1.07415447,0.53049839,1.28271316,not_aligned,0,0,0.66666667
1014,8_8_8,sync,filter_l1.00,1.00,0.16000000,0,3,0,,1,0.68333333,1.77684184,0.76193256,1.80029143,not_aligned,0,0,0.66666667
1014,8_8_8,seq_ABC,hard,,1.00000000,1,199,1,1,0,0.00000000,0.00000000,0.00000000,0.00000000,S=8,0,0,0.00000000
1014,8_8_8,seq_ABC,filter_l0.00,0.00,1.00000000,1,191,1,9,0,0.00000000,0.00008000,0.00000016,0.00066064,S=8,1,0,0.00000000
1014,8_8_8,seq_ABC,filter_l0.20,0.20,0.58000000,0,27,0,,1,0.45666667,1.10699034,0.55123128,1.29221889,not_aligned,1,0,0.66666667
1014,8_8_8,seq_ABC,filter_l1.00,1.00,0.37000000,0,7,0,,1,0.60666667,1.57581788,0.69629052,1.73363180,not_aligned,1,0,0.22222222
1015,8_8_8,sync,hard,,1.00000000,1,199,1,1,0,0.00000000,0.00000000,0.00000000,0.00000000,S=8,0,0,0.00000000
1015,8_8_8,sync,filter_l0.00,0.00,1.00000000,1,151,1,49,0,0.00000000,0.00038858,0.00000874,0.00240623,S=8,0,0,0.00000000
1015,8_8_8,sync,filter_l0.20,0.20,0.63000000,0,19,1,196,0,0.29333333,0.90147232,0.43814672,1.18235996,S=8,0,0,0.00000000
1015,8_8_8,sync,filter_l1.00,1.00,0.22000000,0,5,0,,1,0.60666667,1.66816619,0.72334063,1.76274963,not_aligned,0,0,0.22222222
1015,8_8_8,seq_ABC,hard,,1.00000000,1,199,1,1,0,0.00000000,0.00000000,0.00000000,0.00000000,S=8,0,0,0.00000000
1015,8_8_8,seq_ABC,filter_l0.00,0.00,1.00000000,1,174,1,26,0,0.00000000,0.00002639,0.00000002,0.00025198,S=8,1,0,0.00000000
1015,8_8_8,seq_ABC,filter_l0.20,0.20,0.62000000,0,14,1,196,0,0.30666667,0.90697125,0.44226872,1.17748833,S=8,1,0,0.00000000
1015,8_8_8,seq_ABC,filter_l1.00,1.00,0.18000000,0,5,0,,1,0.63333333,1.68107059,0.73302477,1.75728306,not_aligned,1,0,0.22222222
1016,8_8_8,sync,hard,,1.00000000,1,199,1,1,0,0.00000000,0.00000000,0.00000000,0.00000000,S=8,0,0,0.00000000
1016,8_8_8,sync,filter_l0.00,0.00,1.00000000,1,154,1,46,0,0.00000000,0.00062620,0.00001071,0.00379471,S=8,0,0,0.00000000
1016,8_8_8,sync,filter_l0.20,0.20,0.51000000,0,18,1,199,0,0.43333333,1.07962532,0.52943834,1.24501828,S=8,0,0,0.22222222
1016,8_8_8,sync,filter_l1.00,1.00,0.12000000,0,4,0,,1,0.64000000,1.72512444,0.74222267,1.77616584,not_aligned,0,0,0.66666667
1016,8_8_8,seq_ABC,hard,,1.00000000,1,199,1,1,0,0.00000000,0.00000000,0.00000000,0.00000000,S=8,0,0,0.00000000
1016,8_8_8,seq_ABC,filter_l0.00,0.00,1.00000000,1,154,1,46,0,0.00000000,0.00062620,0.00001071,0.00379471,S=8,0,0,0.00000000
1016,8_8_8,seq_ABC,filter_l0.20,0.20,0.46000000,0,18,1,199,0,0.45333333,1.11363958,0.54019684,1.24598151,S=8,0,0,0.22222222
1016,8_8_8,seq_ABC,filter_l1.00,1.00,0.21000000,0,4,0,,1,0.66333333,1.74435800,0.74760104,1.77084509,not_aligned,0,0,1.55555556
1017,8_8_8,sync,hard,,1.00000000,1,199,1,1,0,0.00000000,0.00000000,0.00000000,0.00000000,S=8,0,0,0.00000000
1017,8_8_8,sync,filter_l0.00,0.00,1.00000000,1,183,1,17,0,0.00000000,0.00152484,0.00005842,0.00778183,S=8,0,0,0.00000000
1017,8_8_8,sync,filter_l0.20,0.20,0.71000000,0,16,1,198,0,0.34333333,0.92120848,0.46130426,1.21950165,S=8,0,0,0.00000000
1017,8_8_8,sync,filter_l1.00,1.00,0.18000000,0,4,0,,1,0.63666667,1.71741943,0.73210417,1.77221935,not_aligned,0,0,2.00000000
1017,8_8_8,seq_ABC,hard,,1.00000000,1,199,1,1,0,0.00000000,0.00000000,0.00000000,0.00000000,S=8,0,0,0.00000000
1017,8_8_8,seq_ABC,filter_l0.00,0.00,1.00000000,1,183,1,17,0,0.00000000,0.00019967,0.00000102,0.00143423,S=8,1,0,0.00000000
1017,8_8_8,seq_ABC,filter_l0.20,0.20,0.69000000,0,16,0,,1,0.34333333,0.95353721,0.47663859,1.23515543,not_aligned,1,0,0.00000000
1017,8_8_8,seq_ABC,filter_l1.00,1.00,0.32000000,0,8,0,,1,0.65000000,1.71905999,0.74996926,1.78274252,not_aligned,1,0,0.22222222
1018,8_8_8,sync,hard,,1.00000000,1,199,1,1,0,0.00000000,0.00000000,0.00000000,0.00000000,S=8,0,0,0.00000000
1018,8_8_8,sync,filter_l0.00,0.00,1.00000000,1,158,1,42,0,0.00000000,0.00236627,0.00021869,0.01051910,S=8,0,0,0.00000000
1018,8_8_8,sync,filter_l0.20,0.20,0.71000000,0,13,1,195,0,0.24333333,0.79687436,0.39220212,1.13940228,S=8,0,0,0.00000000
1018,8_8_8,sync,filter_l1.00,1.00,0.27000000,0,6,0,,1,0.61000000,1.63209186,0.70624267,1.75267300,not_aligned,0,0,0.66666667
1018,8_8_8,seq_ABC,hard,,1.00000000,1,199,1,1,0,0.00000000,0.00000000,0.00000000,0.00000000,S=8,0,0,0.00000000
1018,8_8_8,seq_ABC,filter_l0.00,0.00,1.00000000,1,158,1,42,0,0.00000000,0.00146252,0.00006829,0.00756239,S=8,0,0,0.00000000
1018,8_8_8,seq_ABC,filter_l0.20,0.20,0.67000000,0,24,1,196,0,0.25333333,0.80684890,0.39922818,1.15106407,S=8,0,0,0.00000000
1018,8_8_8,seq_ABC,filter_l1.00,1.00,0.25000000,0,5,1,198,0,0.62000000,1.65207444,0.71687692,1.75429903,S=8,0,0,0.00000000
1019,8_8_8,sync,hard,,1.00000000,1,199,1,1,0,0.00000000,0.00000000,0.00000000,0.00000000,S=8,0,0,0.00000000
1019,8_8_8,sync,filter_l0.00,0.00,1.00000000,1,192,1,8,0,0.00000000,0.00002901,0.00000002,0.00026982,S=8,0,0,0.00000000
1019,8_8_8,sync,filter_l0.20,0.20,0.59000000,0,21,1,197,0,0.29000000,0.88191383,0.42247383,1.15158688,S=8,0,0,0.00000000
1019,8_8_8,sync,filter_l1.00,1.00,0.20000000,0,7,1,198,0,0.58666667,1.63104597,0.71295414,1.75673723,S=8,0,0,0.00000000
1019,8_8_8,seq_ABC,hard,,1.00000000,1,199,1,1,0,0.00000000,0.00000000,0.00000000,0.00000000,S=8,0,0,0.00000000
1019,8_8_8,seq_ABC,filter_l0.00,0.00,1.00000000,1,197,1,3,0,0.00000000,0.00002410,0.00000002,0.00021905,S=8,0,0,0.00000000
1019,8_8_8,seq_ABC,filter_l0.20,0.20,0.59000000,0,10,1,194,0,0.29333333,0.89558745,0.43386238,1.14595540,S=8,0,0,0.00000000
1019,8_8_8,seq_ABC,filter_l1.00,1.00,0.18000000,0,5,0,,1,0.62000000,1.67406952,0.73645824,1.77276969,not_aligned,0,0,2.00000000
1020,8_8_8,sync,hard,,1.00000000,1,199,1,1,0,0.00000000,0.00000000,0.00000000,0.00000000,S=8,0,0,0.00000000
1020,8_8_8,sync,filter_l0.00,0.00,0.99000000,1,94,1,106,0,0.00333333,0.02274532,0.00665201,0.00051130,S=8,0,0,0.00000000
1020,8_8_8,sync,filter_l0.20,0.20,0.58000000,0,7,1,198,0,0.31333333,0.95070575,0.45084993,1.20787005,S=8,0,0,0.00000000
1020,8_8_8,sync,filter_l1.00,1.00,0.33000000,0,5,0,,1,0.60333333,1.63674211,0.70976614,1.75925748,not_aligned,0,0,0.22222222
1020,8_8_8,seq_ABC,hard,,1.00000000,1,199,1,1,0,0.00000000,0.00000000,0.00000000,0.00000000,S=8,0,0,0.00000000
1020,8_8_8,seq_ABC,filter_l0.00,0.00,0.99000000,1,98,1,106,0,0.00333333,0.02711696,0.00666274,0.00027028,S=8,0,0,0.00000000
1020,8_8_8,seq_ABC,filter_l0.20,0.20,0.61000000,0,13,1,195,0,0.31666667,0.93882163,0.43516194,1.17445488,S=8,0,0,0.00000000
1020,8_8_8,seq_ABC,filter_l1.00,1.00,0.35000000,0,8,1,199,0,0.58666667,1.65370682,0.71731079,1.76994722,other_aligned,0,0,0.22222222
1021,8_8_8,sync,hard,,1.00000000,1,199,1,1,0,0.00000000,0.00000000,0.00000000,0.00000000,S=8,0,0,0.00000000
1021,8_8_8,sync,filter_l0.00,0.00,1.00000000,1,160,1,40,0,0.00000000,0.00000467,0.00000000,0.00005114,S=8,0,0,0.00000000
1021,8_8_8,sync,filter_l0.20,0.20,0.66000000,0,17,0,,1,0.23333333,0.81402549,0.39332561,1.12008537,not_aligned,0,0,0.88888889
1021,8_8_8,sync,filter_l1.00,1.00,0.14000000,0,4,0,,1,0.63333333,1.67237367,0.73611329,1.78051701,not_aligned,0,0,2.00000000
1021,8_8_8,seq_ABC,hard,,1.00000000,1,199,1,1,0,0.00000000,0.00000000,0.00000000,0.00000000,S=8,0,0,0.00000000
1021,8_8_8,seq_ABC,filter_l0.00,0.00,1.00000000,1,160,1,40,0,0.00000000,0.00000303,0.00000000,0.00003517,S=8,0,0,0.00000000
1021,8_8_8,seq_ABC,filter_l0.20,0.20,0.69000000,0,15,0,,1,0.25333333,0.84800759,0.40836107,1.11841647,not_aligned,0,0,0.88888889
1021,8_8_8,seq_ABC,filter_l1.00,1.00,0.23000000,0,4,0,,1,0.59333333,1.60992396,0.70549714,1.76446780,not_aligned,0,0,1.55555556
1022,8_8_8,sync,hard,,1.00000000,1,199,1,1,0,0.00000000,0.00000000,0.00000000,0.00000000,S=8,0,0,0.00000000
1022,8_8_8,sync,filter_l0.00,0.00,1.00000000,1,169,1,31,0,0.00000000,0.00001414,0.00000001,0.00014504,S=8,0,0,0.00000000
1022,8_8_8,sync,filter_l0.20,0.20,0.51000000,0,22,0,,1,0.50333333,1.10235315,0.56433777,1.24508591,not_aligned,0,0,0.00000000
1022,8_8_8,sync,filter_l1.00,1.00,0.29000000,0,7,1,199,0,0.61000000,1.65401889,0.72053193,1.77707418,other_aligned,0,0,0.22222222
1022,8_8_8,seq_ABC,hard,,1.00000000,1,199,1,1,0,0.00000000,0.00000000,0.00000000,0.00000000,S=8,0,0,0.00000000
1022,8_8_8,seq_ABC,filter_l0.00,0.00,1.00000000,1,169,1,31,0,0.00000000,0.00001164,0.00000001,0.00011537,S=8,0,0,0.00000000
1022,8_8_8,seq_ABC,filter_l0.20,0.20,0.55000000,0,22,0,,1,0.42333333,1.07717899,0.54781928,1.23996798,not_aligned,0,0,0.00000000
1022,8_8_8,seq_ABC,filter_l1.00,1.00,0.31000000,0,7,0,,1,0.61333333,1.66423484,0.72268204,1.77739841,not_aligned,0,0,0.00000000
1023,8_8_8,sync,hard,,1.00000000,1,199,1,1,0,0.00000000,0.00000000,0.00000000,0.00000000,S=8,0,0,0.00000000
1023,8_8_8,sync,filter_l0.00,0.00,1.00000000,1,175,1,25,0,0.00000000,0.00001747,0.00000002,0.00015762,S=8,0,0,0.00000000
1023,8_8_8,sync,filter_l0.20,0.20,0.37000000,0,10,0,,1,0.41000000,1.08824506,0.53566978,1.23828248,not_aligned,0,0,0.22222222
1023,8_8_8,sync,filter_l1.00,1.00,0.13000000,0,4,0,,1,0.63000000,1.68323062,0.73698082,1.77815601,not_aligned,0,0,0.22222222
1023,8_8_8,seq_ABC,hard,,1.00000000,1,199,1,1,0,0.00000000,0.00000000,0.00000000,0.00000000,S=8,0,0,0.00000000
1023,8_8_8,seq_ABC,filter_l0.00,0.00,1.00000000,1,175,1,25,0,0.00000000,0.00001744,0.00000002,0.00015716,S=8,0,0,0.00000000
1023,8_8_8,seq_ABC,filter_l0.20,0.20,0.48000000,0,11,0,,1,0.38666667,0.99371764,0.49892029,1.20061041,not_aligned,0,0,0.88888889
1023,8_8_8,seq_ABC,filter_l1.00,1.00,0.20000000,0,4,0,,1,0.62666667,1.66494919,0.73325887,1.77397007,not_aligned,0,0,0.22222222
1024,8_8_8,sync,hard,,1.00000000,1,199,1,1,0,0.00000000,0.00000000,0.00000000,0.00000000,S=8,0,0,0.00000000
1024,8_8_8,sync,filter_l0.00,0.00,1.00000000,1,171,1,29,0,0.00000000,0.00000020,0.00000000,0.00000297,S=8,0,0,0.00000000
1024,8_8_8,sync,filter_l0.20,0.20,0.61000000,0,11,1,199,0,0.36000000,0.99407750,0.48991914,1.25899002,S=8,0,0,0.22222222
1024,8_8_8,sync,filter_l1.00,1.00,0.21000000,0,5,0,,1,0.69333333,1.80971391,0.77504192,1.80123985,not_aligned,0,0,0.22222222
1024,8_8_8,seq_ABC,hard,,1.00000000,1,199,1,1,0,0.00000000,0.00000000,0.00000000,0.00000000,S=8,0,0,0.00000000
1024,8_8_8,seq_ABC,filter_l0.00,0.00,1.00000000,1,186,1,14,0,0.00000000,0.00000007,0.00000000,0.00000114,S=8,1,0,0.00000000
1024,8_8_8,seq_ABC,filter_l0.20,0.20,0.51000000,0,11,1,199,0,0.41333333,1.10602050,0.54073424,1.30462871,S=8,1,0,0.22222222
1024,8_8_8,seq_ABC,filter_l1.00,1.00,0.24000000,0,6,1,196,0,0.65666667,1.76606080,0.75732732,1.78852224,other_aligned,1,0,0.00000000
1025,8_8_8,sync,hard,,1.00000000,1,199,1,1,0,0.00000000,0.00000000,0.00000000,0.00000000,S=8,1,0,0.00000000
1025,8_8_8,sync,filter_l0.00,0.00,1.00000000,1,128,1,72,0,0.00000000,0.00051635,0.00000584,0.00328150,S=8,1,0,0.00000000
1025,8_8_8,sync,filter_l0.20,0.20,0.59000000,0,8,1,194,0,0.44333333,1.03994675,0.53542562,1.20435315,S=8,1,0,0.00000000
1025,8_8_8,sync,filter_l1.00,1.00,0.17000000,0,3,0,,1,0.65333333,1.73877352,0.75748732,1.79722264,not_aligned,1,0,1.55555556
1025,8_8_8,seq_ABC,hard,,1.00000000,1,199,1,1,0,0.00000000,0.00000000,0.00000000,0.00000000,S=8,1,0,0.00000000
1025,8_8_8,seq_ABC,filter_l0.00,0.00,1.00000000,1,128,1,72,0,0.00000000,0.00051635,0.00000584,0.00328150,S=8,1,0,0.00000000
1025,8_8_8,seq_ABC,filter_l0.20,0.20,0.54000000,0,8,1,199,0,0.43000000,1.08508479,0.54181390,1.20492715,S=8,1,0,0.22222222
1025,8_8_8,seq_ABC,filter_l1.00,1.00,0.17000000,0,5,0,,1,0.65666667,1.70328631,0.74472622,1.78179740,not_aligned,1,0,1.55555556
1026,8_8_8,sync,hard,,1.00000000,1,199,1,1,0,0.00000000,0.00000000,0.00000000,0.00000000,S=8,0,0,0.00000000
1026,8_8_8,sync,filter_l0.00,0.00,1.00000000,1,168,1,32,0,0.00000000,0.00508173,0.00160898,0.01429334,S=8,0,0,0.00000000
1026,8_8_8,sync,filter_l0.20,0.20,0.60000000,0,14,0,,1,0.36333333,1.04463332,0.49974973,1.21630338,not_aligned,0,0,0.00000000
1026,8_8_8,sync,filter_l1.00,1.00,0.30000000,0,4,0,,1,0.59000000,1.64484465,0.70805830,1.76520533,not_aligned,0,0,0.00000000
1026,8_8_8,seq_ABC,hard,,1.00000000,1,199,1,1,0,0.00000000,0.00000000,0.00000000,0.00000000,S=8,0,0,0.00000000
1026,8_8_8,seq_ABC,filter_l0.00,0.00,1.00000000,1,182,1,18,0,0.00000000,0.00129966,0.00005492,0.00677807,S=8,1,0,0.00000000
1026,8_8_8,seq_ABC,filter_l0.20,0.20,0.64000000,0,12,1,193,0,0.36666667,0.99295866,0.48527778,1.19218366,S=8,1,0,0.00000000
1026,8_8_8,seq_ABC,filter_l1.00,1.00,0.33000000,0,3,0,,1,0.61666667,1.65204415,0.71002499,1.75456342,not_aligned,1,0,0.00000000
1027,8_8_8,sync,hard,,1.00000000,1,199,1,1,0,0.00000000,0.00000000,0.00000000,0.00000000,S=8,0,0,0.00000000
1027,8_8_8,sync,filter_l0.00,0.00,1.00000000,1,166,1,34,0,0.00000000,0.00013351,0.00000052,0.00100381,S=8,0,0,0.00000000
1027,8_8_8,sync,filter_l0.20,0.20,0.66000000,0,15,1,199,0,0.27666667,0.82089583,0.39887933,1.09396386,S=8,0,0,0.22222222
1027,8_8_8,sync,filter_l1.00,1.00,0.21000000,0,6,0,,1,0.64000000,1.64422598,0.73013268,1.75867276,not_aligned,0,0,0.66666667
1027,8_8_8,seq_ABC,hard,,1.00000000,1,199,1,1,0,0.00000000,0.00000000,0.00000000,0.00000000,S=8,0,0,0.00000000
1027,8_8_8,seq_ABC,filter_l0.00,0.00,1.00000000,1,181,1,19,0,0.00000000,0.00036995,0.00000400,0.00239923,S=8,1,0,0.00000000
1027,8_8_8,seq_ABC,filter_l0.20,0.20,0.70000000,0,13,1,199,0,0.25000000,0.80037096,0.38564174,1.07830700,S=8,1,0,0.22222222
1027,8_8_8,seq_ABC,filter_l1.00,1.00,0.27000000,0,7,0,,1,0.59666667,1.62672044,0.71491079,1.76034082,not_aligned,1,0,1.55555556
1028,8_8_8,sync,hard,,1.00000000,1,199,1,1,0,0.00000000,0.00000000,0.00000000,0.00000000,S=8,0,0,0.00000000
1028,8_8_8,sync,filter_l0.00,0.00,1.00000000,1,159,1,41,0,0.00000000,0.00000002,0.00000000,0.00000037,S=8,0,0,0.00000000
1028,8_8_8,sync,filter_l0.20,0.20,0.63000000,0,19,1,199,0,0.28333333,0.87278021,0.40719962,1.14145551,S=8,0,0,0.22222222
1028,8_8_8,sync,filter_l1.00,1.00,0.15000000,0,4,0,,1,0.60333333,1.71595138,0.73309097,1.75848420,not_aligned,0,0,0.22222222
1028,8_8_8,seq_ABC,hard,,1.00000000,1,199,1,1,0,0.00000000,0.00000000,0.00000000,0.00000000,S=8,0,0,0.00000000
1028,8_8_8,seq_ABC,filter_l0.00,0.00,1.00000000,1,179,1,21,0,0.00000000,0.00000042,0.00000000,0.00000553,S=8,0,0,0.00000000
1028,8_8_8,seq_ABC,filter_l0.20,0.20,0.70000000,0,15,0,,1,0.24333333,0.80304548,0.36616833,1.11865191,not_aligned,0,0,0.22222222
1028,8_8_8,seq_ABC,filter_l1.00,1.00,0.21000000,0,6,0,,1,0.58333333,1.69579862,0.71653148,1.74903175,not_aligned,0,0,0.22222222
1029,8_8_8,sync,hard,,1.00000000,1,199,1,1,0,0.00000000,0.00000000,0.00000000,0.00000000,S=8,0,0,0.00000000
1029,8_8_8,sync,filter_l0.00,0.00,1.00000000,1,141,1,59,0,0.00000000,0.00001195,0.00000002,0.00010560,S=8,1,0,0.00000000
1029,8_8_8,sync,filter_l0.20,0.20,0.63000000,0,15,0,,1,0.28666667,0.90374620,0.42386861,1.14034204,not_aligned,1,0,0.22222222
1029,8_8_8,sync,filter_l1.00,1.00,0.13000000,0,5,0,,1,0.63000000,1.70340592,0.74813492,1.79456900,not_aligned,1,0,0.22222222
1029,8_8_8,seq_ABC,hard,,1.00000000,1,199,1,1,0,0.00000000,0.00000000,0.00000000,0.00000000,S=8,0,0,0.00000000
1029,8_8_8,seq_ABC,filter_l0.00,0.00,1.00000000,1,141,1,59,0,0.00000000,0.00001195,0.00000002,0.00010557,S=8,1,0,0.00000000
1029,8_8_8,seq_ABC,filter_l0.20,0.20,0.72000000,0,22,0,,1,0.23666667,0.80066263,0.38749216,1.12871874,not_aligned,1,0,0.22222222
1029,8_8_8,seq_ABC,filter_l1.00,1.00,0.16000000,0,5,0,,1,0.62000000,1.67913167,0.73789597,1.78312839,not_aligned,1,0,0.22222222
1030,8_8_8,sync,hard,,1.00000000,1,199,1,1,0,0.00000000,0.00000000,0.00000000,0.00000000,S=8,0,0,0.00000000
1030,8_8_8,sync,filter_l0.00,0.00,1.00000000,1,172,1,28,0,0.00000000,0.00060360,0.00000784,0.00381901,S=8,0,0,0.00000000
1030,8_8_8,sync,filter_l0.20,0.20,0.52000000,0,8,0,,1,0.36333333,1.01185326,0.50321681,1.17842139,not_aligned,0,0,0.22222222
1030,8_8_8,sync,filter_l1.00,1.00,0.16000000,0,4,0,,1,0.65000000,1.67877699,0.73796813,1.77431256,not_aligned,0,0,0.66666667
1030,8_8_8,seq_ABC,hard,,1.00000000,1,199,1,1,0,0.00000000,0.00000000,0.00000000,0.00000000,S=8,0,0,0.00000000
1030,8_8_8,seq_ABC,filter_l0.00,0.00,1.00000000,1,172,1,28,0,0.00000000,0.00016937,0.00000103,0.00123398,S=8,1,0,0.00000000
1030,8_8_8,seq_ABC,filter_l0.20,0.20,0.52000000,0,7,1,195,0,0.35000000,0.99581321,0.49096739,1.20574841,S=8,1,0,0.00000000
1030,8_8_8,seq_ABC,filter_l1.00,1.00,0.22000000,0,4,0,,1,0.61333333,1.64651465,0.72279054,1.77039002,not_aligned,1,0,0.22222222
1031,8_8_8,sync,hard,,1.00000000,1,199,1,1,0,0.00000000,0.00000000,0.00000000,0.00000000,S=8,0,0,0.00000000
1031,8_8_8,sync,filter_l0.00,0.00,1.00000000,1,185,1,15,0,0.00000000,0.00664820,0.00060067,0.02911173,S=8,1,0,0.00000000
1031,8_8_8,sync,filter_l0.20,0.20,0.52000000,0,11,0,,1,0.45666667,1.10673160,0.56010154,1.27528953,not_aligned,1,0,1.55555556
1031,8_8_8,sync,filter_l1.00,1.00,0.13000000,0,4,1,199,0,0.67000000,1.70795360,0.74086971,1.78611009,S=8,1,0,0.22222222
1031,8_8_8,seq_ABC,hard,,1.00000000,1,199,1,1,0,0.00000000,0.00000000,0.00000000,0.00000000,S=8,0,0,0.00000000
1031,8_8_8,seq_ABC,filter_l0.00,0.00,1.00000000,1,184,1,16,0,0.00000000,0.00303557,0.00008977,0.01714220,S=8,1,0,0.00000000
1031,8_8_8,seq_ABC,filter_l0.20,0.20,0.56000000,0,16,1,199,0,0.47000000,1.09394502,0.55942214,1.25414171,S=8,1,0,0.22222222
1031,8_8_8,seq_ABC,filter_l1.00,1.00,0.24000000,0,5,0,,1,0.70000000,1.73634304,0.75753855,1.78263228,not_aligned,1,0,0.22222222
1032,8_8_8,sync,hard,,1.00000000,1,199,1,1,0,0.00000000,0.00000000,0.00000000,0.00000000,S=8,0,0,0.00000000
1032,8_8_8,sync,filter_l0.00,0.00,1.00000000,1,191,1,9,0,0.00000000,0.00000308,0.00000000,0.00003480,S=8,0,0,0.00000000
1032,8_8_8,sync,filter_l0.20,0.20,0.50000000,0,12,0,,1,0.42333333,1.05069860,0.52977759,1.26067327,not_aligned,0,0,0.88888889
1032,8_8_8,sync,filter_l1.00,1.00,0.37000000,0,5,0,,1,0.65333333,1.66675593,0.72225796,1.77031284,not_aligned,0,0,0.88888889
1032,8_8_8,seq_ABC,hard,,1.00000000,1,199,1,1,0,0.00000000,0.00000000,0.00000000,0.00000000,S=8,0,0,0.00000000
1032,8_8_8,seq_ABC,filter_l0.00,0.00,1.00000000,1,197,1,3,0,0.00000000,0.00000308,0.00000000,0.00003480,S=8,1,0,0.00000000
1032,8_8_8,seq_ABC,filter_l0.20,0.20,0.57000000,0,16,1,199,0,0.37333333,0.96897134,0.48811561,1.23537467,S=8,1,0,0.22222222
1032,8_8_8,seq_ABC,filter_l1.00,1.00,0.21000000,0,4,0,,1,0.65666667,1.72292960,0.74412906,1.79572138,not_aligned,1,0,0.88888889
1033,8_8_8,sync,hard,,1.00000000,1,199,1,1,0,0.00000000,0.00000000,0.00000000,0.00000000,S=8,0,0,0.00000000
1033,8_8_8,sync,filter_l0.00,0.00,1.00000000,1,169,1,31,0,0.00000000,0.00000058,0.00000000,0.00000793,S=8,0,0,0.00000000
1033,8_8_8,sync,filter_l0.20,0.20,0.53000000,0,11,0,,1,0.32000000,0.92466085,0.46058034,1.18644456,not_aligned,0,0,0.88888889
1033,8_8_8,sync,filter_l1.00,1.00,0.22000000,0,3,0,,1,0.60666667,1.66357558,0.72496455,1.77091523,not_aligned,0,0,0.66666667
1033,8_8_8,seq_ABC,hard,,1.00000000,1,199,1,1,0,0.00000000,0.00000000,0.00000000,0.00000000,S=8,0,0,0.00000000
1033,8_8_8,seq_ABC,filter_l0.00,0.00,1.00000000,1,175,1,25,0,0.00000000,0.00000073,0.00000000,0.00000959,S=8,1,0,0.00000000
1033,8_8_8,seq_ABC,filter_l0.20,0.20,0.65000000,0,17,1,198,0,0.28000000,0.86875456,0.42760753,1.15232422,S=8,1,0,0.00000000
1033,8_8_8,seq_ABC,filter_l1.00,1.00,0.27000000,0,4,0,,1,0.59000000,1.62052292,0.70147679,1.75970923,not_aligned,1,0,0.66666667
1034,8_8_8,sync,hard,,1.00000000,1,199,1,1,0,0.00000000,0.00000000,0.00000000,0.00000000,S=8,0,0,0.00000000
1034,8_8_8,sync,filter_l0.00,0.00,0.99000000,1,62,1,138,0,0.18333333,0.61348570,0.30712193,0.18170423,S=8,0,0,0.00000000
1034,8_8_8,sync,filter_l0.20,0.20,0.50000000,0,10,0,,1,0.33000000,0.93755705,0.45508083,1.16593287,not_aligned,0,0,0.00000000
1034,8_8_8,sync,filter_l1.00,1.00,0.14000000,0,6,0,,1,0.65666667,1.70365008,0.74965266,1.78438822,not_aligned,0,0,0.66666667
1034,8_8_8,seq_ABC,hard,,1.00000000,1,199,1,1,0,0.00000000,0.00000000,0.00000000,0.00000000,S=8,0,0,0.00000000
1034,8_8_8,seq_ABC,filter_l0.00,0.00,1.00000000,1,115,1,85,0,0.00000000,0.00690099,0.00142647,0.02242129,S=8,0,0,0.00000000
1034,8_8_8,seq_ABC,filter_l0.20,0.20,0.49000000,0,10,0,,1,0.36666667,0.99821628,0.48850865,1.17255779,not_aligned,0,0,0.00000000
1034,8_8_8,seq_ABC,filter_l1.00,1.00,0.22000000,0,5,1,199,0,0.62333333,1.66318142,0.72857192,1.76663893,other_aligned,0,0,0.22222222
1035,8_8_8,sync,hard,,1.00000000,1,199,1,1,0,0.00000000,0.00000000,0.00000000,0.00000000,S=8,0,0,0.00000000
1035,8_8_8,sync,filter_l0.00,0.00,1.00000000,1,170,1,30,0,0.00000000,0.00000061,0.00000000,0.00000793,S=8,0,0,0.00000000
1035,8_8_8,sync,filter_l0.20,0.20,0.56000000,0,15,1,199,0,0.34000000,0.97419341,0.47899517,1.23881590,S=8,0,0,0.22222222
1035,8_8_8,sync,filter_l1.00,1.00,0.18000000,0,4,0,,1,0.63333333,1.73081579,0.74573149,1.78317586,not_aligned,0,0,0.00000000
1035,8_8_8,seq_ABC,hard,,1.00000000,1,199,1,1,0,0.00000000,0.00000000,0.00000000,0.00000000,S=8,0,0,0.00000000
1035,8_8_8,seq_ABC,filter_l0.00,0.00,1.00000000,1,170,1,30,0,0.00000000,0.00000059,0.00000000,0.00000761,S=8,0,0,0.00000000
1035,8_8_8,seq_ABC,filter_l0.20,0.20,0.50000000,0,15,1,199,0,0.39666667,1.03867490,0.51801011,1.26254712,S=8,0,0,0.22222222
1035,8_8_8,seq_ABC,filter_l1.00,1.00,0.18000000,0,11,0,,1,0.64666667,1.70850062,0.73710573,1.77979564,not_aligned,0,0,0.00000000
1036,8_8_8,sync,hard,,1.00000000,1,199,1,1,0,0.00000000,0.00000000,0.00000000,0.00000000,S=8,0,0,0.00000000
1036,8_8_8,sync,filter_l0.00,0.00,1.00000000,1,157,1,43,0,0.03000000,0.05324400,0.03297264,0.07320884,S=8,0,0,0.00000000
1036,8_8_8,sync,filter_l0.20,0.20,0.40000000,0,13,1,199,0,0.42000000,1.15233965,0.56155857,1.23581291,S=8,0,0,0.22222222
1036,8_8_8,sync,filter_l1.00,1.00,0.06000000,0,4,0,,1,0.67333333,1.80752706,0.77692523,1.79786294,not_aligned,0,0,0.22222222
1036,8_8_8,seq_ABC,hard,,1.00000000,1,199,1,1,0,0.00000000,0.00000000,0.00000000,0.00000000,S=8,0,0,0.00000000
1036,8_8_8,seq_ABC,filter_l0.00,0.00,1.00000000,1,156,1,44,0,0.03000000,0.05324385,0.03297264,0.07320694,S=8,1,0,0.00000000
1036,8_8_8,seq_ABC,filter_l0.20,0.20,0.58000000,0,14,1,199,0,0.37000000,1.04316596,0.50745243,1.20306546,S=8,1,0,0.22222222
1036,8_8_8,seq_ABC,filter_l1.00,1.00,0.13000000,0,4,0,,1,0.63333333,1.77023358,0.76138859,1.79298871,not_aligned,1,0,0.22222222
1037,8_8_8,sync,hard,,1.00000000,1,199,1,1,0,0.00000000,0.00000000,0.00000000,0.00000000,S=8,0,0,0.00000000
1037,8_8_8,sync,filter_l0.00,0.00,1.00000000,1,184,1,16,0,0.00000000,0.00002505,0.00000001,0.00025140,S=8,0,0,0.00000000
1037,8_8_8,sync,filter_l0.20,0.20,0.67000000,0,8,0,,1,0.30000000,0.86980624,0.43159812,1.17763464,not_aligned,0,0,0.00000000
1037,8_8_8,sync,filter_l1.00,1.00,0.27000000,0,4,0,,1,0.61666667,1.64686223,0.71779938,1.76732512,not_aligned,0,0,0.88888889
1037,8_8_8,seq_ABC,hard,,1.00000000,1,199,1,1,0,0.00000000,0.00000000,0.00000000,0.00000000,S=8,0,0,0.00000000
1037,8_8_8,seq_ABC,filter_l0.00,0.00,1.00000000,1,184,1,16,0,0.00000000,0.00002505,0.00000001,0.00025140,S=8,0,0,0.00000000
1037,8_8_8,seq_ABC,filter_l0.20,0.20,0.68000000,0,8,0,,1,0.28666667,0.86826022,0.42223860,1.16338982,not_aligned,0,0,0.00000000
1037,8_8_8,seq_ABC,filter_l1.00,1.00,0.28000000,0,4,1,199,0,0.61000000,1.64026279,0.71157905,1.75927769,other_aligned,0,0,0.88888889
1038,8_8_8,sync,hard,,1.00000000,1,199,1,1,0,0.00000000,0.00000000,0.00000000,0.00000000,S=8,0,0,0.00000000
1038,8_8_8,sync,filter_l0.00,0.00,1.00000000,1,188,1,12,0,0.00000000,0.00002010,0.00000001,0.00020197,S=8,0,0,0.00000000
1038,8_8_8,sync,filter_l0.20,0.20,0.49000000,0,11,0,,1,0.39000000,1.05578317,0.52278969,1.25288804,not_aligned,0,0,0.22222222
1038,8_8_8,sync,filter_l1.00,1.00,0.24000000,0,4,0,,1,0.65666667,1.71096188,0.73646002,1.76636559,not_aligned,0,0,0.22222222
1038,8_8_8,seq_ABC,hard,,1.00000000,1,199,1,1,0,0.00000000,0.00000000,0.00000000,0.00000000,S=8,0,0,0.00000000
1038,8_8_8,seq_ABC,filter_l0.00,0.00,1.00000000,1,188,1,12,0,0.00000000,0.00001992,0.00000001,0.00019951,S=8,0,0,0.00000000
1038,8_8_8,seq_ABC,filter_l0.20,0.20,0.63000000,0,7,1,194,0,0.31333333,0.95125634,0.45199332,1.22438684,S=8,0,0,0.00000000
1038,8_8_8,seq_ABC,filter_l1.00,1.00,0.34000000,0,6,0,,1,0.66666667,1.71295711,0.73655837,1.76307231,not_aligned,0,0,0.22222222
1039,8_8_8,sync,hard,,1.00000000,1,199,1,1,0,0.00000000,0.00000000,0.00000000,0.00000000,S=8,0,0,0.00000000
1039,8_8_8,sync,filter_l0.00,0.00,0.99000000,1,87,1,124,0,0.09666667,0.20005067,0.13675271,0.13296793,S=8,0,0,0.00000000
1039,8_8_8,sync,filter_l0.20,0.20,0.65000000,0,10,1,190,0,0.37666667,0.97008201,0.48894165,1.18876036,S=8,0,0,0.00000000
1039,8_8_8,sync,filter_l1.00,1.00,0.25000000,0,6,0,,1,0.64333333,1.69297437,0.73908116,1.77169920,not_aligned,0,0,0.66666667
1039,8_8_8,seq_ABC,hard,,1.00000000,1,199,1,1,0,0.00000000,0.00000000,0.00000000,0.00000000,S=8,0,0,0.00000000
1039,8_8_8,seq_ABC,filter_l0.00,0.00,0.99000000,1,95,1,124,0,0.02666667,0.06242361,0.03648380,0.08636068,S=8,1,0,0.00000000
1039,8_8_8,seq_ABC,filter_l0.20,0.20,0.65000000,0,14,1,190,0,0.38666667,0.99012570,0.50720578,1.17323583,S=8,1,0,0.00000000
1039,8_8_8,seq_ABC,filter_l1.00,1.00,0.26000000,0,5,0,,1,0.60333333,1.64655610,0.71206196,1.75555805,not_aligned,1,0,0.88888889
1040,8_8_8,sync,hard,,1.00000000,1,199,1,1,0,0.00000000,0.00000000,0.00000000,0.00000000,S=8,0,0,0.00000000
1040,8_8_8,sync,filter_l0.00,0.00,1.00000000,1,168,1,32,0,0.00000000,0.00001539,0.00000001,0.00015509,S=8,0,0,0.00000000
1040,8_8_8,sync,filter_l0.20,0.20,0.59000000,0,11,1,199,0,0.31000000,0.92950992,0.46962963,1.21543525,S=8,0,0,0.22222222
1040,8_8_8,sync,filter_l1.00,1.00,0.22000000,0,7,0,,1,0.64000000,1.70277262,0.74018611,1.78311809,not_aligned,0,0,0.00000000
1040,8_8_8,seq_ABC,hard,,1.00000000,1,199,1,1,0,0.00000000,0.00000000,0.00000000,0.00000000,S=8,0,0,0.00000000
1040,8_8_8,seq_ABC,filter_l0.00,0.00,1.00000000,1,192,1,8,0,0.00000000,0.00000396,0.00000000,0.00004483,S=8,0,0,0.00000000
1040,8_8_8,seq_ABC,filter_l0.20,0.20,0.60000000,0,9,0,,1,0.30666667,0.92725553,0.46178579,1.19655367,not_aligned,0,0,0.22222222
1040,8_8_8,seq_ABC,filter_l1.00,1.00,0.22000000,0,5,0,,1,0.65666667,1.72266742,0.75138933,1.78213705,not_aligned,0,0,0.00000000
1041,8_8_8,sync,hard,,1.00000000,1,199,1,1,0,0.00000000,0.00000000,0.00000000,0.00000000,S=8,0,0,0.00000000
1041,8_8_8,sync,filter_l0.00,0.00,1.00000000,1,178,1,22,0,0.00000000,0.00000340,0.00000000,0.00004153,S=8,0,0,0.00000000
1041,8_8_8,sync,filter_l0.20,0.20,0.55000000,0,10,1,199,0,0.43666667,1.13044570,0.53893803,1.28523330,S=8,0,0,0.22222222
1041,8_8_8,sync,filter_l1.00,1.00,0.27000000,0,7,0,,1,0.71333333,1.80204747,0.76511519,1.75878061,not_aligned,0,0,0.66666667
1041,8_8_8,seq_ABC,hard,,1.00000000,1,199,1,1,0,0.00000000,0.00000000,0.00000000,0.00000000,S=8,0,0,0.00000000
1041,8_8_8,seq_ABC,filter_l0.00,0.00,1.00000000,1,183,1,17,0,0.00000000,0.00000340,0.00000000,0.00004153,S=8,1,0,0.00000000
1041,8_8_8,seq_ABC,filter_l0.20,0.20,0.60000000,0,14,1,199,0,0.41333333,1.15188340,0.54103553,1.28311617,S=8,1,0,0.22222222
1041,8_8_8,seq_ABC,filter_l1.00,1.00,0.18000000,0,7,0,,1,0.68333333,1.81122512,0.76378078,1.77146573,not_aligned,1,0,0.22222222
1042,8_8_8,sync,hard,,1.00000000,1,199,1,1,0,0.00000000,0.00000000,0.00000000,0.00000000,S=8,0,0,0.00000000
1042,8_8_8,sync,filter_l0.00,0.00,1.00000000,1,166,1,34,0,0.00000000,0.00000047,0.00000000,0.00000631,S=8,0,0,0.00000000
1042,8_8_8,sync,filter_l0.20,0.20,0.61000000,0,15,0,,1,0.32000000,0.89693304,0.44783307,1.14510128,not_aligned,0,0,0.00000000
1042,8_8_8,sync,filter_l1.00,1.00,0.22000000,0,3,0,,1,0.63666667,1.69405505,0.73556156,1.77088473,not_aligned,0,0,0.00000000
1042,8_8_8,seq_ABC,hard,,1.00000000,1,199,1,1,0,0.00000000,0.00000000,0.00000000,0.00000000,S=8,0,0,0.00000000
1042,8_8_8,seq_ABC,filter_l0.00,0.00,1.00000000,1,166,1,34,0,0.00000000,0.00000047,0.00000000,0.00000631,S=8,0,0,0.00000000
1042,8_8_8,seq_ABC,filter_l0.20,0.20,0.60000000,0,12,0,,1,0.31333333,0.88956381,0.42374129,1.15689607,not_aligned,0,0,0.00000000
1042,8_8_8,seq_ABC,filter_l1.00,1.00,0.28000000,0,4,0,,1,0.59000000,1.61745886,0.70341040,1.75182702,not_aligned,0,0,0.00000000
1043,8_8_8,sync,hard,,1.00000000,1,199,1,1,0,0.00000000,0.00000000,0.00000000,0.00000000,S=8,0,0,0.00000000
1043,8_8_8,sync,filter_l0.00,0.00,1.00000000,1,173,1,27,0,0.00000000,0.00000038,0.00000000,0.00000517,S=8,0,0,0.00000000
1043,8_8_8,sync,filter_l0.20,0.20,0.75000000,0,23,0,,1,0.17000000,0.67826651,0.32625151,1.08225440,not_aligned,0,0,0.22222222
1043,8_8_8,sync,filter_l1.00,1.00,0.37000000,0,3,0,,1,0.59666667,1.58909866,0.69368531,1.74133111,not_aligned,0,0,0.22222222
1043,8_8_8,seq_ABC,hard,,1.00000000,1,199,1,1,0,0.00000000,0.00000000,0.00000000,0.00000000,S=8,0,0,0.00000000
1043,8_8_8,seq_ABC,filter_l0.00,0.00,1.00000000,1,173,1,27,0,0.00000000,0.00000024,0.00000000,0.00000311,S=8,1,0,0.00000000
1043,8_8_8,seq_ABC,filter_l0.20,0.20,0.77000000,0,23,1,199,0,0.16000000,0.66976555,0.32539699,1.07329744,S=8,1,0,0.22222222
1043,8_8_8,seq_ABC,filter_l1.00,1.00,0.32000000,0,6,0,,1,0.59666667,1.61548240,0.70703951,1.74806757,not_aligned,1,0,0.22222222
1044,8_8_8,sync,hard,,1.00000000,1,199,1,1,0,0.00000000,0.00000000,0.00000000,0.00000000,S=8,0,0,0.00000000
1044,8_8_8,sync,filter_l0.00,0.00,1.00000000,1,131,1,69,0,0.00000000,0.00000710,0.00000000,0.00007318,S=8,1,0,0.00000000
1044,8_8_8,sync,filter_l0.20,0.20,0.53000000,0,13,0,,1,0.38333333,1.04500350,0.49859939,1.18502449,not_aligned,1,0,0.22222222
1044,8_8_8,sync,filter_l1.00,1.00,0.25000000,0,4,0,,1,0.63000000,1.64977779,0.72100175,1.76163953,not_aligned,1,0,0.00000000
1044,8_8_8,seq_ABC,hard,,1.00000000,1,199,1,1,0,0.00000000,0.00000000,0.00000000,0.00000000,S=8,0,0,0.00000000
1044,8_8_8,seq_ABC,filter_l0.00,0.00,1.00000000,1,131,1,69,0,0.00000000,0.00000296,0.00000000,0.00003375,S=8,1,0,0.00000000
1044,8_8_8,seq_ABC,filter_l0.20,0.20,0.56000000,0,9,0,,1,0.33333333,0.97917372,0.46596730,1.15989462,not_aligned,1,0,0.00000000
1044,8_8_8,seq_ABC,filter_l1.00,1.00,0.21000000,0,4,0,,1,0.64666667,1.68649864,0.74103002,1.77054166,not_aligned,1,0,0.22222222
1045,8_8_8,sync,hard,,1.00000000,1,199,1,1,0,0.00000000,0.00000000,0.00000000,0.00000000,S=8,1,0,0.00000000
1045,8_8_8,sync,filter_l0.00,0.00,1.00000000,1,150,1,50,0,0.04000000,0.08818177,0.05680676,0.10962472,S=8,0,0,0.00000000
1045,8_8_8,sync,filter_l0.20,0.20,0.62000000,0,8,1,199,0,0.29666667,0.89606733,0.43939267,1.18516936,S=8,0,0,0.22222222
1045,8_8_8,sync,filter_l1.00,1.00,0.25000000,0,4,0,,1,0.64000000,1.71461225,0.74659454,1.77119107,not_aligned,0,0,0.22222222
1045,8_8_8,seq_ABC,hard,,1.00000000,1,199,1,1,0,0.00000000,0.00000000,0.00000000,0.00000000,S=8,1,0,0.00000000
1045,8_8_8,seq_ABC,filter_l0.00,0.00,1.00000000,1,156,1,44,0,0.04000000,0.08818177,0.05680676,0.10962472,S=8,0,0,0.00000000
1045,8_8_8,seq_ABC,filter_l0.20,0.20,0.66000000,0,9,0,,1,0.28333333,0.86837543,0.41945501,1.17498883,not_aligned,0,0,0.22222222
1045,8_8_8,seq_ABC,filter_l1.00,1.00,0.03000000,0,6,0,,1,0.72666667,1.86649598,0.80939190,1.83261783,not_aligned,0,0,0.22222222
1046,8_8_8,sync,hard,,1.00000000,1,199,1,1,0,0.00000000,0.00000000,0.00000000,0.00000000,S=8,0,0,0.00000000
1046,8_8_8,sync,filter_l0.00,0.00,1.00000000,1,143,1,57,0,0.00000000,0.00105945,0.00002960,0.00575711,S=8,1,0,0.00000000
1046,8_8_8,sync,filter_l0.20,0.20,0.51000000,0,12,1,198,0,0.43000000,1.07943216,0.52954977,1.28980812,S=8,1,0,0.00000000
1046,8_8_8,sync,filter_l1.00,1.00,0.17000000,0,7,1,199,0,0.62666667,1.73953705,0.74083164,1.78295867,S=8,1,0,0.22222222
1046,8_8_8,seq_ABC,hard,,1.00000000,1,199,1,1,0,0.00000000,0.00000000,0.00000000,0.00000000,S=8,0,0,0.00000000
1046,8_8_8,seq_ABC,filter_l0.00,0.00,1.00000000,1,143,1,57,0,0.00000000,0.00105701,0.00002960,0.00573241,S=8,1,0,0.00000000
1046,8_8_8,seq_ABC,filter_l0.20,0.20,0.52000000,0,7,1,198,0,0.38666667,1.04999126,0.50820935,1.27439880,S=8,1,0,0.00000000
1046,8_8_8,seq_ABC,filter_l1.00,1.00,0.18000000,0,7,0,,1,0.61333333,1.73629547,0.74335931,1.78767744,not_aligned,1,0,0.88888889
1047,8_8_8,sync,hard,,1.00000000,1,199,1,1,0,0.00000000,0.00000000,0.00000000,0.00000000,S=8,0,0,0.00000000
1047,8_8_8,sync,filter_l0.00,0.00,1.00000000,1,181,1,19,0,0.00000000,0.00001174,0.00000001,0.00011267,S=8,0,0,0.00000000
1047,8_8_8,sync,filter_l0.20,0.20,0.57000000,0,13,0,,1,0.32666667,0.93867024,0.46508016,1.13192098,not_aligned,0,0,0.00000000
1047,8_8_8,sync,filter_l1.00,1.00,0.21000000,0,4,0,,1,0.60000000,1.62892163,0.71219627,1.74517843,not_aligned,0,0,2.00000000
1047,8_8_8,seq_ABC,hard,,1.00000000,1,199,1,1,0,0.00000000,0.00000000,0.00000000,0.00000000,S=8,0,0,0.00000000
1047,8_8_8,seq_ABC,filter_l0.00,0.00,1.00000000,1,176,1,24,0,0.00000000,0.00001174,0.00000001,0.00011267,S=8,1,0,0.00000000
1047,8_8_8,seq_ABC,filter_l0.20,0.20,0.64000000,0,11,0,,1,0.27333333,0.86693074,0.42572697,1.11916724,not_aligned,1,0,0.00000000
1047,8_8_8,seq_ABC,filter_l1.00,1.00,0.27000000,0,4,0,,1,0.57333333,1.61701094,0.70240304,1.74987540,not_aligned,1,0,1.55555556
1048,8_8_8,sync,hard,,1.00000000,1,199,1,1,0,0.00000000,0.00000000,0.00000000,0.00000000,S=8,0,0,0.00000000
1048,8_8_8,sync,filter_l0.00,0.00,1.00000000,1,169,1,31,0,0.10666667,0.32067225,0.18099975,0.07657780,S=8,1,0,0.00000000
1048,8_8_8,sync,filter_l0.20,0.20,0.46000000,0,9,0,,1,0.35666667,1.04766051,0.50782521,1.26267487,not_aligned,1,0,0.88888889
1048,8_8_8,sync,filter_l1.00,1.00,0.26000000,0,4,0,,1,0.65333333,1.71551557,0.73986620,1.77589175,not_aligned,1,0,0.88888889
1048,8_8_8,seq_ABC,hard,,1.00000000,1,199,1,1,0,0.00000000,0.00000000,0.00000000,0.00000000,S=8,0,0,0.00000000
1048,8_8_8,seq_ABC,filter_l0.00,0.00,1.00000000,1,169,1,31,0,0.10666667,0.32067141,0.18099975,0.07656818,S=8,1,0,0.00000000
1048,8_8_8,seq_ABC,filter_l0.20,0.20,0.53000000,0,9,0,,1,0.33666667,0.99758609,0.49051759,1.23932743,not_aligned,1,0,0.88888889
1048,8_8_8,seq_ABC,filter_l1.00,1.00,0.21000000,0,7,0,,1,0.62666667,1.72125286,0.73584556,1.78073529,not_aligned,1,0,0.66666667
1049,8_8_8,sync,hard,,1.00000000,1,199,1,1,0,0.00000000,0.00000000,0.00000000,0.00000000,S=8,0,0,0.00000000
1049,8_8_8,sync,filter_l0.00,0.00,1.00000000,1,123,1,77,0,0.00000000,0.00000866,0.00000000,0.00008615,S=8,0,0,0.00000000
1049,8_8_8,sync,filter_l0.20,0.20,0.72000000,0,22,0,,1,0.29333333,0.89966461,0.43083848,1.18351663,not_aligned,0,0,0.22222222
1049,8_8_8,sync,filter_l1.00,1.00,0.16000000,0,4,0,,1,0.66000000,1.74886181,0.75886696,1.79821519,not_aligned,0,0,0.00000000
1049,8_8_8,seq_ABC,hard,,1.00000000,1,199,1,1,0,0.00000000,0.00000000,0.00000000,0.00000000,S=8,0,0,0.00000000
1049,8_8_8,seq_ABC,filter_l0.00,0.00,1.00000000,1,123,1,77,0,0.00000000,0.00000866,0.00000000,0.00008615,S=8,0,0,0.00000000
1049,8_8_8,seq_ABC,filter_l0.20,0.20,0.74000000,0,19,0,,1,0.28666667,0.86504394,0.41470772,1.18009454,not_aligned,0,0,0.22222222
1049,8_8_8,seq_ABC,filter_l1.00,1.00,0.31000000,0,7,0,,1,0.62333333,1.67774616,0.72050846,1.75843853,not_aligned,0,0,0.22222222
1050,8_8_8,sync,hard,,1.00000000,1,199,1,1,0,0.00000000,0.00000000,0.00000000,0.00000000,S=8,0,0,0.00000000
1050,8_8_8,sync,filter_l0.00,0.00,0.99000000,1,85,1,115,0,0.02333333,0.05600708,0.03384000,0.06452574,S=8,0,0,0.00000000
1050,8_8_8,sync,filter_l0.20,0.20,0.62000000,0,12,1,199,0,0.35666667,0.98837098,0.47982071,1.21688399,S=8,0,0,0.22222222
1050,8_8_8,sync,filter_l1.00,1.00,0.17000000,0,5,1,198,0,0.68333333,1.77632179,0.76705067,1.77688796,S=8,0,0,0.00000000
1050,8_8_8,seq_ABC,hard,,1.00000000,1,199,1,1,0,0.00000000,0.00000000,0.00000000,0.00000000,S=8,0,0,0.00000000
1050,8_8_8,seq_ABC,filter_l0.00,0.00,1.00000000,1,160,1,40,0,0.02000000,0.04237572,0.02696663,0.05364224,S=8,0,0,0.00000000
1050,8_8_8,seq_ABC,filter_l0.20,0.20,0.61000000,0,10,1,198,0,0.37000000,0.98434778,0.48124742,1.21528066,S=8,0,0,0.00000000
1050,8_8_8,seq_ABC,filter_l1.00,1.00,0.24000000,0,5,0,,1,0.64000000,1.72969714,0.74137358,1.77009728,not_aligned,0,0,0.00000000
1051,8_8_8,sync,hard,,1.00000000,1,199,1,1,0,0.00000000,0.00000000,0.00000000,0.00000000,S=8,1,0,0.00000000
1051,8_8_8,sync,filter_l0.00,0.00,1.00000000,1,169,1,31,0,0.01000000,0.03041262,0.01789430,0.04280321,S=8,1,0,0.00000000
1051,8_8_8,sync,filter_l0.20,0.20,0.64000000,0,11,0,,1,0.22333333,0.73354412,0.35847792,1.06913534,not_aligned,1,0,0.22222222
1051,8_8_8,sync,filter_l1.00,1.00,0.19000000,0,6,0,,1,0.56000000,1.63452894,0.70421990,1.75061774,not_aligned,1,0,0.22222222
1051,8_8_8,seq_ABC,hard,,1.00000000,1,199,1,1,0,0.00000000,0.00000000,0.00000000,0.00000000,S=8,1,0,0.00000000
1051,8_8_8,seq_ABC,filter_l0.00,0.00,1.00000000,1,169,1,31,0,0.01000000,0.03037606,0.01789412,0.04254545,S=8,1,0,0.00000000
1051,8_8_8,seq_ABC,filter_l0.20,0.20,0.69000000,0,12,1,197,0,0.19333333,0.69688246,0.33334467,1.07339660,S=8,1,0,0.00000000
1051,8_8_8,seq_ABC,filter_l1.00,1.00,0.27000000,0,6,0,,1,0.54666667,1.57806785,0.68108203,1.73205026,not_aligned,1,0,2.00000000
1052,8_8_8,sync,hard,,1.00000000,1,199,1,1,0,0.00000000,0.00000000,0.00000000,0.00000000,S=8,0,0,0.00000000
1052,8_8_8,sync,filter_l0.00,0.00,1.00000000,1,174,1,26,0,0.00000000,0.00139011,0.00005235,0.00745911,S=8,1,0,0.00000000
1052,8_8_8,sync,filter_l0.20,0.20,0.59000000,0,9,1,199,0,0.35333333,1.04098327,0.50980462,1.25810920,S=8,1,0,0.22222222
1052,8_8_8,sync,filter_l1.00,1.00,0.18000000,0,4,0,,1,0.64333333,1.71478693,0.73394855,1.77302180,not_aligned,1,0,0.66666667
1052,8_8_8,seq_ABC,hard,,1.00000000,1,199,1,1,0,0.00000000,0.00000000,0.00000000,0.00000000,S=8,0,0,0.00000000
1052,8_8_8,seq_ABC,filter_l0.00,0.00,1.00000000,1,176,1,24,0,0.00000000,0.00053656,0.00000705,0.00352672,S=8,1,0,0.00000000
1052,8_8_8,seq_ABC,filter_l0.20,0.20,0.58000000,0,9,0,,1,0.38000000,1.04629455,0.51441022,1.25666922,not_aligned,1,0,0.00000000
1052,8_8_8,seq_ABC,filter_l1.00,1.00,0.26000000,0,4,1,199,0,0.65333333,1.77686842,0.76118896,1.80270938,S=8,1,0,0.22222222
1053,8_8_8,sync,hard,,1.00000000,1,199,1,1,0,0.00000000,0.00000000,0.00000000,0.00000000,S=8,0,0,0.00000000
1053,8_8_8,sync,filter_l0.00,0.00,1.00000000,1,173,1,27,0,0.00000000,0.00015551,0.00000045,0.00119356,S=8,0,0,0.00000000
1053,8_8_8,sync,filter_l0.20,0.20,0.58000000,0,14,0,,1,0.32000000,0.93279712,0.45444780,1.18891484,not_aligned,0,0,0.88888889
1053,8_8_8,sync,filter_l1.00,1.00,0.21000000,0,5,0,,1,0.59666667,1.63428030,0.71623847,1.76620351,not_aligned,0,0,1.55555556
1053,8_8_8,seq_ABC,hard,,1.00000000,1,199,1,1,0,0.00000000,0.00000000,0.00000000,0.00000000,S=8,0,0,0.00000000
1053,8_8_8,seq_ABC,filter_l0.00,0.00,1.00000000,1,173,1,27,0,0.00000000,0.00015551,0.00000045,0.00119356,S=8,0,0,0.00000000
1053,8_8_8,seq_ABC,filter_l0.20,0.20,0.57000000,0,11,0,,1,0.32000000,0.90681879,0.44115487,1.17442887,not_aligned,0,0,0.88888889
1053,8_8_8,seq_ABC,filter_l1.00,1.00,0.33000000,0,6,0,,1,0.62333333,1.63690676,0.71980300,1.75937686,not_aligned,0,0,1.55555556
1054,8_8_8,sync,hard,,1.00000000,1,199,1,1,0,0.00000000,0.00000000,0.00000000,0.00000000,S=8,0,0,0.00000000
1054,8_8_8,sync,filter_l0.00,0.00,1.00000000,1,186,1,14,0,0.00000000,0.00000004,0.00000000,0.00000059,S=8,1,0,0.00000000
1054,8_8_8,sync,filter_l0.20,0.20,0.70000000,0,13,1,198,0,0.31000000,0.88539615,0.44116891,1.13034005,S=8,1,0,0.00000000
1054,8_8_8,sync,filter_l1.00,1.00,0.24000000,0,5,0,,1,0.61000000,1.66897701,0.72656244,1.76649567,not_aligned,1,0,0.22222222
1054,8_8_8,seq_ABC,hard,,1.00000000,1,199,1,1,0,0.00000000,0.00000000,0.00000000,0.00000000,S=8,0,0,0.00000000
1054,8_8_8,seq_ABC,filter_l0.00,0.00,1.00000000,1,186,1,14,0,0.00000000,0.00000002,0.00000000,0.00000026,S=8,1,0,0.00000000
1054,8_8_8,seq_ABC,filter_l0.20,0.20,0.55000000,0,13,1,199,0,0.38333333,0.96699987,0.49336089,1.16874223,S=8,1,0,0.22222222
1054,8_8_8,seq_ABC,filter_l1.00,1.00,0.21000000,0,4,0,,1,0.61666667,1.65407284,0.71994477,1.75644738,not_aligned,1,0,0.22222222
1055,8_8_8,sync,hard,,1.00000000,1,199,1,1,0,0.00000000,0.00000000,0.00000000,0.00000000,S=8,0,0,0.00000000
1055,8_8_8,sync,filter_l0.00,0.00,1.00000000,1,138,1,62,0,0.00000000,0.00010003,0.00000016,0.00084253,S=8,0,0,0.00000000
1055,8_8_8,sync,filter_l0.20,0.20,0.66000000,0,12,1,196,0,0.30333333,0.87766769,0.43881966,1.15515988,S=8,0,0,0.00000000
1055,8_8_8,sync,filter_l1.00,1.00,0.27000000,0,6,0,,1,0.62333333,1.63921357,0.71501062,1.75481164,not_aligned,0,0,0.00000000
1055,8_8_8,seq_ABC,hard,,1.00000000,1,199,1,1,0,0.00000000,0.00000000,0.00000000,0.00000000,S=8,0,0,0.00000000
1055,8_8_8,seq_ABC,filter_l0.00,0.00,1.00000000,1,138,1,62,0,0.00000000,0.00003737,0.00000002,0.00035428,S=8,0,0,0.00000000
1055,8_8_8,seq_ABC,filter_l0.20,0.20,0.60000000,0,15,1,196,0,0.35000000,0.96017265,0.48542703,1.18335130,S=8,0,0,0.00000000
1055,8_8_8,seq_ABC,filter_l1.00,1.00,0.21000000,0,6,0,,1,0.64333333,1.69036909,0.73870355,1.77281694,not_aligned,0,0,0.22222222
1056,8_8_8,sync,hard,,1.00000000,1,199,1,1,0,0.00000000,0.00000000,0.00000000,0.00000000,S=8,0,0,0.00000000
1056,8_8_8,sync,filter_l0.00,0.00,1.00000000,1,180,1,20,0,0.00000000,0.00605274,0.00114453,0.02044343,S=8,0,0,0.00000000
1056,8_8_8,sync,filter_l0.20,0.20,0.58000000,0,29,1,199,0,0.35000000,0.98913763,0.47837333,1.20917218,S=8,0,0,0.22222222
1056,8_8_8,sync,filter_l1.00,1.00,0.21000000,0,5,0,,1,0.66333333,1.71941332,0.73968969,1.77017986,not_aligned,0,0,0.22222222
1056,8_8_8,seq_ABC,hard,,1.00000000,1,199,1,1,0,0.00000000,0.00000000,0.00000000,0.00000000,S=8,0,0,0.00000000
1056,8_8_8,seq_ABC,filter_l0.00,0.00,1.00000000,1,183,1,17,0,0.00000000,0.00225981,0.00017816,0.01001057,S=8,0,0,0.00000000
1056,8_8_8,seq_ABC,filter_l0.20,0.20,0.52000000,0,20,1,198,0,0.39666667,1.02193600,0.50551304,1.23804095,S=8,0,0,0.00000000
1056,8_8_8,seq_ABC,filter_l1.00,1.00,0.20000000,0,6,0,,1,0.65666667,1.72725676,0.74800653,1.77307603,not_aligned,0,0,1.55555556
1057,8_8_8,sync,hard,,1.00000000,1,199,1,1,0,0.00000000,0.00000000,0.00000000,0.00000000,S=8,1,0,0.00000000
1057,8_8_8,sync,filter_l0.00,0.00,1.00000000,1,168,1,32,0,0.00000000,0.00079347,0.00000977,0.00499742,S=8,0,0,0.00000000
1057,8_8_8,sync,filter_l0.20,0.20,0.61000000,0,16,1,199,0,0.33333333,0.98812622,0.47812198,1.20947715,S=8,0,0,0.22222222
1057,8_8_8,sync,filter_l1.00,1.00,0.32000000,0,4,1,198,0,0.64000000,1.69201793,0.72738875,1.76060867,S=8,0,0,0.00000000
1057,8_8_8,seq_ABC,hard,,1.00000000,1,199,1,1,0,0.00000000,0.00000000,0.00000000,0.00000000,S=8,1,0,0.00000000
1057,8_8_8,seq_ABC,filter_l0.00,0.00,1.00000000,1,168,1,32,0,0.00000000,0.00219205,0.00007330,0.01153170,S=8,0,0,0.00000000
1057,8_8_8,seq_ABC,filter_l0.20,0.20,0.62000000,0,12,1,198,0,0.33666667,1.01329108,0.48321819,1.19588846,S=8,0,0,0.00000000
1057,8_8_8,seq_ABC,filter_l1.00,1.00,0.28000000,0,5,1,198,0,0.67000000,1.72228646,0.74303308,1.76452052,S=8,0,0,0.00000000
1058,8_8_8,sync,hard,,1.00000000,1,199,1,1,0,0.00000000,0.00000000,0.00000000,0.00000000,S=8,0,0,0.00000000
1058,8_8_8,sync,filter_l0.00,0.00,1.00000000,1,197,1,3,0,0.00000000,0.00013502,0.00000034,0.00106958,S=8,0,0,0.00000000
1058,8_8_8,sync,filter_l0.20,0.20,0.66000000,0,14,1,197,0,0.26000000,0.80707392,0.39432578,1.10173942,S=8,0,0,0.00000000
1058,8_8_8,sync,filter_l1.00,1.00,0.28000000,0,7,0,,1,0.60000000,1.60988674,0.70831673,1.76256884,not_aligned,0,0,0.22222222
1058,8_8_8,seq_ABC,hard,,1.00000000,1,199,1,1,0,0.00000000,0.00000000,0.00000000,0.00000000,S=8,0,0,0.00000000
1058,8_8_8,seq_ABC,filter_l0.00,0.00,1.00000000,1,197,1,3,0,0.00000000,0.00013502,0.00000034,0.00106958,S=8,0,0,0.00000000
1058,8_8_8,seq_ABC,filter_l0.20,0.20,0.68000000,0,11,1,195,0,0.28666667,0.84439752,0.42056410,1.12693343,S=8,0,0,0.00000000
1058,8_8_8,seq_ABC,filter_l1.00,1.00,0.35000000,0,6,1,197,0,0.63666667,1.63261099,0.72201602,1.76201909,S=8,0,0,0.00000000
1059,8_8_8,sync,hard,,1.00000000,1,199,1,1,0,0.00000000,0.00000000,0.00000000,0.00000000,S=8,0,0,0.00000000
1059,8_8_8,sync,filter_l0.00,0.00,1.00000000,1,196,1,4,0,0.00000000,0.00000003,0.00000000,0.00000053,S=8,0,0,0.00000000
1059,8_8_8,sync,filter_l0.20,0.20,0.68000000,0,10,1,197,0,0.21666667,0.78443808,0.38373806,1.14625717,S=8,0,0,0.00000000
1059,8_8_8,sync,filter_l1.00,1.00,0.39000000,0,12,1,197,0,0.59000000,1.59475553,0.69354869,1.75447478,S=8,0,0,0.00000000
1059,8_8_8,seq_ABC,hard,,1.00000000,1,199,1,1,0,0.00000000,0.00000000,0.00000000,0.00000000,S=8,0,0,0.00000000
1059,8_8_8,seq_ABC,filter_l0.00,0.00,1.00000000,1,198,1,2,0,0.00000000,0.00000003,0.00000000,0.00000053,S=8,0,0,0.00000000
1059,8_8_8,seq_ABC,filter_l0.20,0.20,0.67000000,0,11,1,197,0,0.26000000,0.83308436,0.41020532,1.15571642,S=8,0,0,0.00000000
1059,8_8_8,seq_ABC,filter_l1.00,1.00,0.49000000,0,13,1,197,0,0.60333333,1.58826656,0.69048034,1.74186335,S=8,0,0,0.00000000
1060,8_8_8,sync,hard,,1.00000000,1,199,1,1,0,0.00000000,0.00000000,0.00000000,0.00000000,S=8,0,0,0.00000000
1060,8_8_8,sync,filter_l0.00,0.00,1.00000000,1,120,1,80,0,0.00000000,0.00058359,0.00000628,0.00386041,S=8,0,0,0.00000000
1060,8_8_8,sync,filter_l0.20,0.20,0.51000000,0,13,0,,1,0.43333333,1.12813189,0.54785122,1.29611160,not_aligned,0,0,0.00000000
1060,8_8_8,sync,filter_l1.00,1.00,0.20000000,0,4,0,,1,0.63666667,1.76719381,0.74429286,1.77580022,not_aligned,0,0,0.22222222
1060,8_8_8,seq_ABC,hard,,1.00000000,1,199,1,1,0,0.00000000,0.00000000,0.00000000,0.00000000,S=8,0,0,0.00000000
1060,8_8_8,seq_ABC,filter_l0.00,0.00,1.00000000,1,120,1,80,0,0.00000000,0.00046038,0.00000509,0.00307011,S=8,0,0,0.00000000
1060,8_8_8,seq_ABC,filter_l0.20,0.20,0.56000000,0,19,0,,1,0.41000000,1.12908405,0.54580564,1.27945820,not_aligned,0,0,0.00000000
1060,8_8_8,seq_ABC,filter_l1.00,1.00,0.17000000,0,4,0,,1,0.69000000,1.83153863,0.77915112,1.77505471,not_aligned,0,0,0.22222222
1061,8_8_8,sync,hard,,1.00000000,1,199,1,1,0,0.00000000,0.00000000,0.00000000,0.00000000,S=8,0,0,0.00000000
1061,8_8_8,sync,filter_l0.00,0.00,1.00000000,1,135,1,65,0,0.00000000,0.00000521,0.00000000,0.00006025,S=8,0,0,0.00000000
1061,8_8_8,sync,filter_l0.20,0.20,0.49000000,0,6,1,196,0,0.38333333,1.05538562,0.51939233,1.28891115,S=8,0,0,0.00000000
1061,8_8_8,sync,filter_l1.00,1.00,0.27000000,0,7,1,197,0,0.63666667,1.74990530,0.75052822,1.77046505,S=8,0,0,0.00000000
1061,8_8_8,seq_ABC,hard,,1.00000000,1,199,1,1,0,0.00000000,0.00000000,0.00000000,0.00000000,S=8,0,0,0.00000000
1061,8_8_8,seq_ABC,filter_l0.00,0.00,1.00000000,1,185,1,15,0,0.00000000,0.00000068,0.00000000,0.00000897,S=8,1,0,0.00000000
1061,8_8_8,seq_ABC,filter_l0.20,0.20,0.75000000,0,13,1,193,0,0.29666667,0.91973891,0.44064471,1.23727864,S=8,1,0,0.00000000
1061,8_8_8,seq_ABC,filter_l1.00,1.00,0.16000000,0,5,1,197,0,0.63000000,1.76163087,0.75787473,1.78802812,S=8,1,0,0.00000000
1062,8_8_8,sync,hard,,1.00000000,1,199,1,1,0,0.00000000,0.00000000,0.00000000,0.00000000,S=8,0,0,0.00000000
1062,8_8_8,sync,filter_l0.00,0.00,0.97000000,1,67,1,151,0,0.21666667,0.65490685,0.36600471,0.11270125,S=8,1,0,0.00000000
1062,8_8_8,sync,filter_l0.20,0.20,0.49000000,0,13,0,,1,0.40000000,1.08513949,0.52798147,1.29276768,not_aligned,1,0,0.00000000
1062,8_8_8,sync,filter_l1.00,1.00,0.21000000,0,5,0,,1,0.65333333,1.75921281,0.75539323,1.78450287,not_aligned,1,0,0.00000000
1062,8_8_8,seq_ABC,hard,,1.00000000,1,199,1,1,0,0.00000000,0.00000000,0.00000000,0.00000000,S=8,0,0,0.00000000
1062,8_8_8,seq_ABC,filter_l0.00,0.00,0.97000000,1,67,1,151,0,0.21666667,0.69875826,0.36600623,0.11262591,S=8,1,0,0.00000000
1062,8_8_8,seq_ABC,filter_l0.20,0.20,0.49000000,0,12,1,199,0,0.39000000,1.09346602,0.52994492,1.27582501,S=8,1,0,0.22222222
1062,8_8_8,seq_ABC,filter_l1.00,1.00,0.13000000,0,5,0,,1,0.65000000,1.77163093,0.75978548,1.79502761,not_aligned,1,0,0.22222222
1063,8_8_8,sync,hard,,1.00000000,1,199,1,1,0,0.00000000,0.00000000,0.00000000,0.00000000,S=8,1,0,0.00000000
1063,8_8_8,sync,filter_l0.00,0.00,0.99000000,1,94,1,106,0,0.00333333,0.03663483,0.00850175,0.02210567,S=8,0,0,0.00000000
1063,8_8_8,sync,filter_l0.20,0.20,0.49000000,0,7,1,199,0,0.53000000,1.14685056,0.60189382,1.26599171,S=8,0,0,0.22222222
1063,8_8_8,sync,filter_l1.00,1.00,0.17000000,0,3,0,,1,0.66000000,1.70131243,0.74655216,1.77980493,not_aligned,0,0,0.22222222
1063,8_8_8,seq_ABC,hard,,1.00000000,1,199,1,1,0,0.00000000,0.00000000,0.00000000,0.00000000,S=8,1,0,0.00000000
1063,8_8_8,seq_ABC,filter_l0.00,0.00,0.99000000,1,94,1,106,0,0.00333333,0.03663377,0.00850175,0.02209337,S=8,0,0,0.00000000
1063,8_8_8,seq_ABC,filter_l0.20,0.20,0.44000000,0,9,1,199,0,0.49666667,1.14122538,0.59268046,1.26901749,S=8,0,0,0.22222222
1063,8_8_8,seq_ABC,filter_l1.00,1.00,0.18000000,0,5,0,,1,0.64000000,1.68039840,0.73732420,1.77610260,not_aligned,0,0,0.22222222
1064,8_8_8,sync,hard,,1.00000000,1,199,1,1,0,0.00000000,0.00000000,0.00000000,0.00000000,S=8,0,0,0.00000000
1064,8_8_8,sync,filter_l0.00,0.00,1.00000000,1,186,1,14,0,0.00000000,0.00000161,0.00000000,0.00001872,S=8,0,0,0.00000000
1064,8_8_8,sync,filter_l0.20,0.20,0.70000000,0,17,0,,1,0.30000000,0.85081346,0.40976483,1.08661588,not_aligned,0,0,0.88888889
1064,8_8_8,sync,filter_l1.00,1.00,0.27000000,0,7,0,,1,0.64666667,1.63835179,0.72076778,1.75087219,not_aligned,0,0,2.88888889
1064,8_8_8,seq_ABC,hard,,1.00000000,1,199,1,1,0,0.00000000,0.00000000,0.00000000,0.00000000,S=8,0,0,0.00000000
1064,8_8_8,seq_ABC,filter_l0.00,0.00,1.00000000,1,185,1,15,0,0.00000000,0.00000088,0.00000000,0.00001113,S=8,1,0,0.00000000
1064,8_8_8,seq_ABC,filter_l0.20,0.20,0.65000000,0,16,0,,1,0.30333333,0.85852928,0.42016868,1.10366283,not_aligned,1,0,0.22222222
1064,8_8_8,seq_ABC,filter_l1.00,1.00,0.30000000,0,3,0,,1,0.60000000,1.60104182,0.70134775,1.74939017,not_aligned,1,0,1.55555556
1065,8_8_8,sync,hard,,1.00000000,1,199,1,1,0,0.00000000,0.00000000,0.00000000,0.00000000,S=8,0,0,0.00000000
1065,8_8_8,sync,filter_l0.00,0.00,1.00000000,1,149,1,51,0,0.00000000,0.00088662,0.00003008,0.00469355,S=8,0,0,0.00000000
1065,8_8_8,sync,filter_l0.20,0.20,0.66000000,0,11,1,199,0,0.27000000,0.82899917,0.39557238,1.08766772,S=8,0,0,0.22222222
1065,8_8_8,sync,filter_l1.00,1.00,0.39000000,0,5,0,,1,0.61666667,1.62099932,0.70659113,1.74478555,not_aligned,0,0,0.22222222
1065,8_8_8,seq_ABC,hard,,1.00000000,1,199,1,1,0,0.00000000,0.00000000,0.00000000,0.00000000,S=8,0,0,0.00000000
1065,8_8_8,seq_ABC,filter_l0.00,0.00,1.00000000,1,173,1,27,0,0.00000000,0.00011578,0.00000053,0.00085222,S=8,0,0,0.00000000
1065,8_8_8,seq_ABC,filter_l0.20,0.20,0.66000000,0,18,0,,1,0.26333333,0.83060949,0.39319596,1.08418887,not_aligned,0,0,0.22222222
1065,8_8_8,seq_ABC,filter_l1.00,1.00,0.29000000,0,5,0,,1,0.62666667,1.65146487,0.72133113,1.76096749,not_aligned,0,0,0.22222222
1066,8_8_8,sync,hard,,1.00000000,1,199,1,1,0,0.00000000,0.00000000,0.00000000,0.00000000,S=8,0,0,0.00000000
1066,8_8_8,sync,filter_l0.00,0.00,1.00000000,1,161,1,39,0,0.00000000,0.01092065,0.00428566,0.02675475,S=8,0,0,0.00000000
1066,8_8_8,sync,filter_l0.20,0.20,0.55000000,0,7,1,199,0,0.38333333,0.97619382,0.51087603,1.18605303,S=8,0,0,0.22222222
1066,8_8_8,sync,filter_l1.00,1.00,0.19000000,0,4,0,,1,0.67666667,1.66540160,0.73936409,1.77575762,not_aligned,0,0,0.66666667
1066,8_8_8,seq_ABC,hard,,1.00000000,1,199,1,1,0,0.00000000,0.00000000,0.00000000,0.00000000,S=8,0,0,0.00000000
1066,8_8_8,seq_ABC,filter_l0.00,0.00,1.00000000,1,161,1,39,0,0.00000000,0.01075159,0.00428382,0.02567094,S=8,0,0,0.00000000
1066,8_8_8,seq_ABC,filter_l0.20,0.20,0.55000000,0,12,1,199,0,0.37666667,0.96115781,0.50473926,1.17565333,S=8,0,0,0.22222222
1066,8_8_8,seq_ABC,filter_l1.00,1.00,0.23000000,0,3,0,,1,0.65000000,1.61130952,0.71929776,1.76416321,not_aligned,0,0,0.66666667
1067,8_8_8,sync,hard,,1.00000000,1,199,1,1,0,0.00000000,0.00000000,0.00000000,0.00000000,S=8,1,0,0.00000000
1067,8_8_8,sync,filter_l0.00,0.00,1.00000000,1,177,1,23,0,0.00000000,0.00912967,0.00198070,0.03017893,S=8,0,0,0.00000000
1067,8_8_8,sync,filter_l0.20,0.20,0.76000000,0,15,1,190,0,0.17000000,0.65488150,0.29983706,1.00890373,S=8,0,0,0.00000000
1067,8_8_8,sync,filter_l1.00,1.00,0.38000000,0,5,1,199,0,0.55000000,1.54847232,0.67597793,1.72602367,S=8,0,0,0.22222222
1067,8_8_8,seq_ABC,hard,,1.00000000,1,199,1,1,0,0.00000000,0.00000000,0.00000000,0.00000000,S=8,1,0,0.00000000
1067,8_8_8,seq_ABC,filter_l0.00,0.00,1.00000000,1,177,1,23,0,0.00000000,0.00344293,0.00033581,0.01494799,S=8,0,0,0.00000000
1067,8_8_8,seq_ABC,filter_l0.20,0.20,0.73000000,0,16,1,184,0,0.19333333,0.69220218,0.32144805,1.04213271,S=8,0,0,0.00000000
1067,8_8_8,seq_ABC,filter_l1.00,1.00,0.41000000,0,5,0,,1,0.59333333,1.55209767,0.68035173,1.72073285,not_aligned,0,0,0.22222222
1068,8_8_8,sync,hard,,1.00000000,1,199,1,1,0,0.00000000,0.00000000,0.00000000,0.00000000,S=8,0,0,0.00000000
1068,8_8_8,sync,filter_l0.00,0.00,1.00000000,1,129,1,71,0,0.00000000,0.00118458,0.00014404,0.00469320,S=8,0,0,0.00000000
1068,8_8_8,sync,filter_l0.20,0.20,0.68000000,0,13,1,199,0,0.33000000,0.92689690,0.46128488,1.17709375,S=8,0,0,0.22222222
1068,8_8_8,sync,filter_l1.00,1.00,0.25000000,0,5,1,198,0,0.62333333,1.65278699,0.71971174,1.75943433,S=8,0,0,0.00000000
1068,8_8_8,seq_ABC,hard,,1.00000000,1,199,1,1,0,0.00000000,0.00000000,0.00000000,0.00000000,S=8,0,0,0.00000000
1068,8_8_8,seq_ABC,filter_l0.00,0.00,1.00000000,1,129,1,71,0,0.00000000,0.00118458,0.00014404,0.00469320,S=8,0,0,0.00000000
1068,8_8_8,seq_ABC,filter_l0.20,0.20,0.66000000,0,11,0,,1,0.37333333,0.95952834,0.48646458,1.17991830,not_aligned,0,0,0.00000000
1068,8_8_8,seq_ABC,filter_l1.00,1.00,0.22000000,0,5,1,198,0,0.59000000,1.65114973,0.71232209,1.76502104,S=8,0,0,0.00000000
1069,8_8_8,sync,hard,,1.00000000,1,199,1,1,0,0.00000000,0.00000000,0.00000000,0.00000000,S=8,0,0,0.00000000
1069,8_8_8,sync,filter_l0.00,0.00,1.00000000,1,166,1,34,0,0.00000000,0.00139290,0.00005440,0.00725152,S=8,0,0,0.00000000
1069,8_8_8,sync,filter_l0.20,0.20,0.52000000,0,12,1,197,0,0.40666667,0.99949450,0.50606100,1.17707348,S=8,0,0,0.00000000
1069,8_8_8,sync,filter_l1.00,1.00,0.18000000,0,5,0,,1,0.61333333,1.64383229,0.71421563,1.76306045,not_aligned,0,0,0.88888889
1069,8_8_8,seq_ABC,hard,,1.00000000,1,199,1,1,0,0.00000000,0.00000000,0.00000000,0.00000000,S=8,0,0,0.00000000
1069,8_8_8,seq_ABC,filter_l0.00,0.00,1.00000000,1,184,1,16,0,0.00000000,0.00096502,0.00002481,0.00543706,S=8,0,0,0.00000000
1069,8_8_8,seq_ABC,filter_l0.20,0.20,0.53000000,0,10,0,,1,0.40666667,1.02528689,0.51848457,1.17582441,not_aligned,0,0,0.22222222
1069,8_8_8,seq_ABC,filter_l1.00,1.00,0.31000000,0,5,0,,1,0.60333333,1.60675701,0.69825662,1.74990666,not_aligned,0,0,0.00000000
1070,8_8_8,sync,hard,,1.00000000,1,199,1,1,0,0.00000000,0.00000000,0.00000000,0.00000000,S=8,0,0,0.00000000
1070,8_8_8,sync,filter_l0.00,0.00,1.00000000,1,159,1,41,0,0.00000000,0.00001594,0.00000001,0.00015378,S=8,0,0,0.00000000
1070,8_8_8,sync,filter_l0.20,0.20,0.76000000,0,11,1,197,0,0.20666667,0.69987860,0.34412954,1.05001486,S=8,0,0,0.00000000
1070,8_8_8,sync,filter_l1.00,1.00,0.22000000,0,4,1,196,0,0.62000000,1.63427687,0.72764074,1.76458112,S=8,0,0,0.00000000
1070,8_8_8,seq_ABC,hard,,1.00000000,1,199,1,1,0,0.00000000,0.00000000,0.00000000,0.00000000,S=8,0,0,0.00000000
1070,8_8_8,seq_ABC,filter_l0.00,0.00,1.00000000,1,159,1,41,0,0.00000000,0.00000574,0.00000000,0.00006124,S=8,0,0,0.00000000
1070,8_8_8,seq_ABC,filter_l0.20,0.20,0.82000000,0,20,1,197,0,0.19000000,0.66545737,0.32042796,1.04819374,S=8,0,0,0.00000000
1070,8_8_8,seq_ABC,filter_l1.00,1.00,0.23000000,0,4,1,199,0,0.58000000,1.58453048,0.70265377,1.75670339,S=8,0,0,0.22222222
1071,8_8_8,sync,hard,,1.00000000,1,199,1,1,0,0.00000000,0.00000000,0.00000000,0.00000000,S=8,0,0,0.00000000
1071,8_8_8,sync,filter_l0.00,0.00,1.00000000,1,178,1,22,0,0.10666667,0.24488143,0.16412420,0.15103840,S=8,0,0,0.00000000
1071,8_8_8,sync,filter_l0.20,0.20,0.52000000,0,14,0,,1,0.42666667,1.01530477,0.53225047,1.23051265,not_aligned,0,0,0.66666667
1071,8_8_8,sync,filter_l1.00,1.00,0.29000000,0,4,0,,1,0.63000000,1.65581354,0.72628661,1.75558566,not_aligned,0,0,1.55555556
1071,8_8_8,seq_ABC,hard,,1.00000000,1,199,1,1,0,0.00000000,0.00000000,0.00000000,0.00000000,S=8,0,0,0.00000000
1071,8_8_8,seq_ABC,filter_l0.00,0.00,1.00000000,1,189,1,11,0,0.00000000,0.01149447,0.00246746,0.03698756,S=8,1,0,0.00000000
1071,8_8_8,seq_ABC,filter_l0.20,0.20,0.59000000,0,15,0,,1,0.31333333,0.89907986,0.46126537,1.20508650,not_aligned,1,0,0.66666667
1071,8_8_8,seq_ABC,filter_l1.00,1.00,0.29000000,0,5,1,199,0,0.66333333,1.67531896,0.73531470,1.76376742,other_aligned,1,0,0.22222222
1072,8_8_8,sync,hard,,1.00000000,1,199,1,1,0,0.00000000,0.00000000,0.00000000,0.00000000,S=8,1,0,0.00000000
1072,8_8_8,sync,filter_l0.00,0.00,1.00000000,1,176,1,24,0,0.00000000,0.00000701,0.00000000,0.00007075,S=8,0,0,0.00000000
1072,8_8_8,sync,filter_l0.20,0.20,0.59000000,0,12,0,,1,0.36666667,0.93909094,0.45419844,1.17897708,not_aligned,0,0,0.00000000
1072,8_8_8,sync,filter_l1.00,1.00,0.25000000,0,6,0,,1,0.61666667,1.67033057,0.71672924,1.76365956,not_aligned,1,0,0.22222222
1072,8_8_8,seq_ABC,hard,,1.00000000,1,199,1,1,0,0.00000000,0.00000000,0.00000000,0.00000000,S=8,1,0,0.00000000
1072,8_8_8,seq_ABC,filter_l0.00,0.00,1.00000000,1,191,1,9,0,0.00000000,0.00000091,0.00000000,0.00001106,S=8,1,0,0.00000000
1072,8_8_8,seq_ABC,filter_l0.20,0.20,0.56000000,0,18,0,,1,0.32666667,0.94235398,0.45865496,1.19435900,not_aligned,1,0,0.88888889
1072,8_8_8,seq_ABC,filter_l1.00,1.00,0.27000000,0,6,0,,1,0.59666667,1.65901028,0.71126652,1.76761865,not_aligned,1,0,0.66666667
1073,8_8_8,sync,hard,,1.00000000,1,199,1,1,0,0.00000000,0.00000000,0.00000000,0.00000000,S=8,0,0,0.00000000
1073,8_8_8,sync,filter_l0.00,0.00,0.99000000,1,94,1,106,0,0.00333333,0.02014106,0.00663647,0.00557410,S=8,0,0,0.00000000
1073,8_8_8,sync,filter_l0.20,0.20,0.69000000,0,10,1,198,0,0.33333333,0.98734523,0.48856455,1.19246787,S=8,0,0,0.00000000
1073,8_8_8,sync,filter_l1.00,1.00,0.31000000,0,4,1,198,0,0.62333333,1.66654393,0.71838151,1.76602020,S=8,0,0,0.00000000
1073,8_8_8,seq_ABC,hard,,1.00000000,1,199,1,1,0,0.00000000,0.00000000,0.00000000,0.00000000,S=8,0,0,0.00000000
1073,8_8_8,seq_ABC,filter_l0.00,0.00,0.99000000,1,94,1,106,0,0.00333333,0.02014106,0.00663647,0.00557410,S=8,0,0,0.00000000
1073,8_8_8,seq_ABC,filter_l0.20,0.20,0.69000000,0,14,1,199,0,0.33000000,0.98377685,0.48716777,1.20569756,S=8,0,0,0.22222222
1073,8_8_8,seq_ABC,filter_l1.00,1.00,0.38000000,0,9,1,199,0,0.64000000,1.67142197,0.71962706,1.75862747,S=8,0,0,0.22222222
1074,8_8_8,sync,hard,,1.00000000,1,199,1,1,0,0.00000000,0.00000000,0.00000000,0.00000000,S=8,0,0,0.00000000
1074,8_8_8,sync,filter_l0.00,0.00,1.00000000,1,153,1,47,0,0.00000000,0.00015117,0.00000030,0.00126063,S=8,0,0,0.00000000
1074,8_8_8,sync,filter_l0.20,0.20,0.45000000,0,13,1,198,0,0.47666667,1.16994130,0.58839594,1.31263273,S=8,0,0,0.00000000
1074,8_8_8,sync,filter_l1.00,1.00,0.12000000,0,3,0,,1,0.69000000,1.80241141,0.78222292,1.83564812,not_aligned,0,0,0.88888889
1074,8_8_8,seq_ABC,hard,,1.00000000,1,199,1,1,0,0.00000000,0.00000000,0.00000000,0.00000000,S=8,0,0,0.00000000
1074,8_8_8,seq_ABC,filter_l0.00,0.00,1.00000000,1,153,1,47,0,0.00000000,0.00005451,0.00000004,0.00051072,S=8,1,0,0.00000000
1074,8_8_8,seq_ABC,filter_l0.20,0.20,0.46000000,0,11,1,198,0,0.48333333,1.13262087,0.57906658,1.29848381,S=8,1,0,0.00000000
1074,8_8_8,seq_ABC,filter_l1.00,1.00,0.17000000,0,3,0,,1,0.65333333,1.71303316,0.74171671,1.79181245,not_aligned,1,0,0.88888889
1075,8_8_8,sync,hard,,1.00000000,1,199,1,1,0,0.00000000,0.00000000,0.00000000,0.00000000,S=8,0,0,0.00000000
1075,8_8_8,sync,filter_l0.00,0.00,1.00000000,1,176,1,24,0,0.00000000,0.00000977,0.00000000,0.00010470,S=8,1,0,0.00000000
1075,8_8_8,sync,filter_l0.20,0.20,0.57000000,0,12,0,,1,0.45666667,1.07489108,0.54114002,1.23104944,not_aligned,1,0,0.22222222
1075,8_8_8,sync,filter_l1.00,1.00,0.17000000,0,6,0,,1,0.67000000,1.71479458,0.74470230,1.78403695,not_aligned,1,0,0.22222222
1075,8_8_8,seq_ABC,hard,,1.00000000,1,199,1,1,0,0.00000000,0.00000000,0.00000000,0.00000000,S=8,0,0,0.00000000
1075,8_8_8,seq_ABC,filter_l0.00,0.00,1.00000000,1,189,1,11,0,0.00000000,0.00000352,0.00000000,0.00004130,S=8,1,0,0.00000000
1075,8_8_8,seq_ABC,filter_l0.20,0.20,0.54000000,0,10,0,,1,0.47000000,1.10760308,0.54659509,1.24112906,not_aligned,1,0,0.22222222
1075,8_8_8,seq_ABC,filter_l1.00,1.00,0.13000000,0,8,0,,1,0.66666667,1.71197329,0.74758978,1.78476279,not_aligned,1,0,0.22222222
1076,8_8_8,sync,hard,,1.00000000,1,199,1,1,0,0.00000000,0.00000000,0.00000000,0.00000000,S=8,0,0,0.00000000
1076,8_8_8,sync,filter_l0.00,0.00,1.00000000,1,117,1,83,0,0.00000000,0.02046579,0.00624522,0.05610333,S=8,0,0,0.00000000
1076,8_8_8,sync,filter_l0.20,0.20,0.47000000,0,10,1,197,0,0.45000000,1.08623224,0.53478286,1.23641684,S=8,0,0,0.00000000
1076,8_8_8,sync,filter_l1.00,1.00,0.28000000,0,7,0,,1,0.62000000,1.67659705,0.72467354,1.76417953,not_aligned,0,0,0.66666667
1076,8_8_8,seq_ABC,hard,,1.00000000,1,199,1,1,0,0.00000000,0.00000000,0.00000000,0.00000000,S=8,0,0,0.00000000
1076,8_8_8,seq_ABC,filter_l0.00,0.00,1.00000000,1,123,1,77,0,0.00000000,0.01430739,0.00551116,0.03301599,S=8,1,0,0.00000000
1076,8_8_8,seq_ABC,filter_l0.20,0.20,0.55000000,0,10,1,197,0,0.44000000,1.07933160,0.52801267,1.23853161,S=8,1,0,0.00000000
1076,8_8_8,seq_ABC,filter_l1.00,1.00,0.22000000,0,3,0,,1,0.64666667,1.68438168,0.73032619,1.75954475,not_aligned,1,0,0.22222222
1077,8_8_8,sync,hard,,1.00000000,1,199,1,1,0,0.00000000,0.00000000,0.00000000,0.00000000,S=8,1,0,0.00000000
1077,8_8_8,sync,filter_l0.00,0.00,1.00000000,1,154,1,46,0,0.00000000,0.00117462,0.00002283,0.00700901,S=8,1,0,0.00000000
1077,8_8_8,sync,filter_l0.20,0.20,0.62000000,0,11,1,194,0,0.37666667,1.00862294,0.49194713,1.25582868,S=8,1,0,0.00000000
1077,8_8_8,sync,filter_l1.00,1.00,0.18000000,0,6,0,,1,0.63000000,1.73015247,0.73450339,1.77496551,not_aligned,1,0,0.88888889
1077,8_8_8,seq_ABC,hard,,1.00000000,1,199,1,1,0,0.00000000,0.00000000,0.00000000,0.00000000,S=8,1,0,0.00000000
1077,8_8_8,seq_ABC,filter_l0.00,0.00,1.00000000,1,154,1,46,0,0.00000000,0.00107697,0.00002249,0.00628109,S=8,1,0,0.00000000
1077,8_8_8,seq_ABC,filter_l0.20,0.20,0.59000000,0,18,1,194,0,0.37000000,1.02282500,0.49106434,1.25960327,S=8,1,0,0.00000000
1077,8_8_8,seq_ABC,filter_l1.00,1.00,0.24000000,0,5,1,199,0,0.63000000,1.73911440,0.73388908,1.77419614,S=8,1,0,0.22222222
1078,8_8_8,sync,hard,,1.00000000,1,199,1,1,0,0.00000000,0.00000000,0.00000000,0.00000000,S=8,0,0,0.00000000
1078,8_8_8,sync,filter_l0.00,0.00,1.00000000,1,168,1,32,0,0.00000000,0.00058555,0.00002096,0.00329008,S=8,0,0,0.00000000
1078,8_8_8,sync,filter_l0.20,0.20,0.58000000,0,13,1,196,0,0.38000000,0.99150639,0.50087269,1.26528377,S=8,0,0,0.00000000
1078,8_8_8,sync,filter_l1.00,1.00,0.13000000,0,2,0,,1,0.65333333,1.72696918,0.75042469,1.79638538,not_aligned,0,0,0.22222222
1078,8_8_8,seq_ABC,hard,,1.00000000,1,199,1,1,0,0.00000000,0.00000000,0.00000000,0.00000000,S=8,0,0,0.00000000
1078,8_8_8,seq_ABC,filter_l0.00,0.00,1.00000000,1,168,1,32,0,0.00000000,0.00058555,0.00002096,0.00329017,S=8,1,0,0.00000000
1078,8_8_8,seq_ABC,filter_l0.20,0.20,0.65000000,0,17,1,199,0,0.36333333,0.92088761,0.46636745,1.22998463,S=8,1,0,0.22222222
1078,8_8_8,seq_ABC,filter_l1.00,1.00,0.22000000,0,5,0,,1,0.66000000,1.69376721,0.73560038,1.78169012,not_aligned,1,0,0.22222222
1079,8_8_8,sync,hard,,1.00000000,1,199,1,1,0,0.00000000,0.00000000,0.00000000,0.00000000,S=8,1,0,0.00000000
1079,8_8_8,sync,filter_l0.00,0.00,1.00000000,1,169,1,31,0,0.00000000,0.00000032,0.00000000,0.00000414,S=8,0,0,0.00000000
1079,8_8_8,sync,filter_l0.20,0.20,0.71000000,0,16,1,198,0,0.31333333,0.83199303,0.42431195,1.08460098,S=8,0,0,0.00000000
1079,8_8_8,sync,filter_l1.00,1.00,0.30000000,0,4,1,199,0,0.58333333,1.59452704,0.70305795,1.75408970,other_aligned,0,0,0.22222222
1079,8_8_8,seq_ABC,hard,,1.00000000,1,199,1,1,0,0.00000000,0.00000000,0.00000000,0.00000000,S=8,1,0,0.00000000
1079,8_8_8,seq_ABC,filter_l0.00,0.00,1.00000000,1,169,1,31,0,0.00000000,0.00000032,0.00000000,0.00000412,S=8,0,0,0.00000000
1079,8_8_8,seq_ABC,filter_l0.20,0.20,0.68000000,0,24,0,,1,0.31000000,0.83910642,0.43018804,1.08595048,not_aligned,0,0,0.22222222
1079,8_8_8,seq_ABC,filter_l1.00,1.00,0.27000000,0,4,0,,1,0.64333333,1.65416841,0.73205363,1.77018126,not_aligned,1,0,0.00000000
1080,8_8_8,sync,hard,,1.00000000,1,199,1,1,0,0.00000000,0.00000000,0.00000000,0.00000000,S=8,0,0,0.00000000
1080,8_8_8,sync,filter_l0.00,0.00,1.00000000,1,193,1,7,0,0.00000000,0.00002192,0.00000001,0.00021193,S=8,0,0,0.00000000
1080,8_8_8,sync,filter_l0.20,0.20,0.63000000,0,11,1,190,0,0.30000000,0.92994774,0.46267250,1.19941614,S=8,0,0,0.00000000
1080,8_8_8,sync,filter_l1.00,1.00,0.23000000,0,5,0,,1,0.67000000,1.73082995,0.75569107,1.79131038,not_aligned,0,0,0.22222222
1080,8_8_8,seq_ABC,hard,,1.00000000,1,199,1,1,0,0.00000000,0.00000000,0.00000000,0.00000000,S=8,0,0,0.00000000
1080,8_8_8,seq_ABC,filter_l0.00,0.00,1.00000000,1,193,1,7,0,0.00000000,0.00002192,0.00000001,0.00021193,S=8,1,0,0.00000000
1080,8_8_8,seq_ABC,filter_l0.20,0.20,0.57000000,0,11,0,,1,0.38666667,1.02216082,0.51961165,1.24188725,not_aligned,1,0,0.22222222
1080,8_8_8,seq_ABC,filter_l1.00,1.00,0.19000000,0,4,0,,1,0.67000000,1.70315868,0.74512719,1.77099963,not_aligned,1,0,0.88888889
1081,8_8_8,sync,hard,,1.00000000,1,199,1,1,0,0.00000000,0.00000000,0.00000000,0.00000000,S=8,0,0,0.00000000
1081,8_8_8,sync,filter_l0.00,0.00,1.00000000,1,143,1,57,0,0.00000000,0.00003613,0.00000003,0.00033586,S=8,1,0,0.00000000
1081,8_8_8,sync,filter_l0.20,0.20,0.57000000,0,11,1,196,0,0.31333333,0.90737483,0.43886490,1.18528970,S=8,1,0,0.00000000
1081,8_8_8,sync,filter_l1.00,1.00,0.28000000,0,5,0,,1,0.62000000,1.65383055,0.71891741,1.75189758,not_aligned,1,0,0.66666667
1081,8_8_8,seq_ABC,hard,,1.00000000,1,199,1,1,0,0.00000000,0.00000000,0.00000000,0.00000000,S=8,0,0,0.00000000
1081,8_8_8,seq_ABC,filter_l0.00,0.00,1.00000000,1,143,1,57,0,0.00000000,0.00003701,0.00000002,0.00035575,S=8,1,0,0.00000000
1081,8_8_8,seq_ABC,filter_l0.20,0.20,0.56000000,0,14,1,196,0,0.31333333,0.93325598,0.44339406,1.20979799,S=8,1,0,0.00000000
1081,8_8_8,seq_ABC,filter_l1.00,1.00,0.27000000,0,4,0,,1,0.61333333,1.65921604,0.71917350,1.75801339,not_aligned,1,0,0.66666667
1082,8_8_8,sync,hard,,1.00000000,1,199,1,1,0,0.00000000,0.00000000,0.00000000,0.00000000,S=8,0,0,0.00000000
1082,8_8_8,sync,filter_l0.00,0.00,1.00000000,1,131,1,69,0,0.00000000,0.02762054,0.00813678,0.07654398,S=8,0,0,0.00000000
1082,8_8_8,sync,filter_l0.20,0.20,0.56000000,0,10,0,,1,0.41666667,1.04511112,0.52894140,1.28323733,not_aligned,0,0,0.00000000
1082,8_8_8,sync,filter_l1.00,1.00,0.19000000,0,3,1,198,0,0.65333333,1.70643837,0.74124234,1.78502152,S=8,0,0,0.00000000
1082,8_8_8,seq_ABC,hard,,1.00000000,1,199,1,1,0,0.00000000,0.00000000,0.00000000,0.00000000,S=8,0,0,0.00000000
1082,8_8_8,seq_ABC,filter_l0.00,0.00,1.00000000,1,141,1,59,0,0.00000000,0.02163793,0.00636244,0.06160526,S=8,0,0,0.00000000
1082,8_8_8,seq_ABC,filter_l0.20,0.20,0.59000000,0,12,0,,1,0.36000000,1.01196399,0.51098670,1.29405838,not_aligned,0,0,0.00000000
1082,8_8_8,seq_ABC,filter_l1.00,1.00,0.23000000,0,3,0,,1,0.62000000,1.68391434,0.72751454,1.77458722,not_aligned,0,0,0.00000000
1083,8_8_8,sync,hard,,1.00000000,1,199,1,1,0,0.00000000,0.00000000,0.00000000,0.00000000,S=8,0,0,0.00000000
1083,8_8_8,sync,filter_l0.00,0.00,1.00000000,1,171,1,29,0,0.00000000,0.00025766,0.00000157,0.00183872,S=8,0,0,0.00000000
1083,8_8_8,sync,filter_l0.20,0.20,0.59000000,0,10,1,199,0,0.33333333,0.97324799,0.48090049,1.21817834,S=8,0,0,0.22222222
1083,8_8_8,sync,filter_l1.00,1.00,0.30000000,0,5,1,198,0,0.65666667,1.67097987,0.72401960,1.75829271,S=8,0,0,0.00000000
1083,8_8_8,seq_ABC,hard,,1.00000000,1,199,1,1,0,0.00000000,0.00000000,0.00000000,0.00000000,S=8,0,0,0.00000000
1083,8_8_8,seq_ABC,filter_l0.00,0.00,1.00000000,1,170,1,30,0,0.00000000,0.00003391,0.00000003,0.00031328,S=8,1,0,0.00000000
1083,8_8_8,seq_ABC,filter_l0.20,0.20,0.61000000,0,9,1,197,0,0.35000000,0.95666267,0.47690160,1.20959419,S=8,1,0,0.00000000
1083,8_8_8,seq_ABC,filter_l1.00,1.00,0.23000000,0,5,1,199,0,0.64333333,1.67457174,0.72484637,1.76689728,S=8,1,0,0.22222222
1084,8_8_8,sync,hard,,1.00000000,1,199,1,1,0,0.00000000,0.00000000,0.00000000,0.00000000,S=8,0,0,0.00000000
1084,8_8_8,sync,filter_l0.00,0.00,1.00000000,1,168,1,32,0,0.00000000,0.00013758,0.00000118,0.00099808,S=8,0,0,0.00000000
1084,8_8_8,sync,filter_l0.20,0.20,0.56000000,0,20,0,,1,0.43666667,1.05678335,0.54857216,1.25712141,not_aligned,0,0,0.22222222
1084,8_8_8,sync,filter_l1.00,1.00,0.16000000,0,5,0,,1,0.67333333,1.71941199,0.74978422,1.80546285,not_aligned,0,0,0.22222222
1084,8_8_8,seq_ABC,hard,,1.00000000,1,199,1,1,0,0.00000000,0.00000000,0.00000000,0.00000000,S=8,0,0,0.00000000
1084,8_8_8,seq_ABC,filter_l0.00,0.00,1.00000000,1,176,1,24,0,0.00000000,0.00013758,0.00000118,0.00099808,S=8,1,0,0.00000000
1084,8_8_8,seq_ABC,filter_l0.20,0.20,0.55000000,0,13,1,199,0,0.50333333,1.09161480,0.58400697,1.27348486,S=8,1,0,0.22222222
1084,8_8_8,seq_ABC,filter_l1.00,1.00,0.16000000,0,7,0,,1,0.69666667,1.72221827,0.75473291,1.79326043,not_aligned,1,0,1.55555556
1085,8_8_8,sync,hard,,1.00000000,1,199,1,1,0,0.00000000,0.00000000,0.00000000,0.00000000,S=8,0,0,0.00000000
1085,8_8_8,sync,filter_l0.00,0.00,1.00000000,1,131,1,69,0,0.00000000,0.00085989,0.00000853,0.00564756,S=8,0,0,0.00000000
1085,8_8_8,sync,filter_l0.20,0.20,0.65000000,0,17,1,193,0,0.33333333,1.00017598,0.46009506,1.22354426,S=8,0,0,0.00000000
1085,8_8_8,sync,filter_l1.00,1.00,0.21000000,0,6,0,,1,0.66000000,1.70994852,0.73968343,1.77951399,not_aligned,0,0,0.22222222
1085,8_8_8,seq_ABC,hard,,1.00000000,1,199,1,1,0,0.00000000,0.00000000,0.00000000,0.00000000,S=8,0,0,0.00000000
1085,8_8_8,seq_ABC,filter_l0.00,0.00,1.00000000,1,131,1,69,0,0.00000000,0.00086324,0.00000853,0.00568261,S=8,1,0,0.00000000
1085,8_8_8,seq_ABC,filter_l0.20,0.20,0.52000000,0,15,1,195,0,0.37000000,1.10863028,0.50866683,1.26518894,S=8,1,0,0.00000000
1085,8_8_8,seq_ABC,filter_l1.00,1.00,0.24000000,0,4,1,197,0,0.66000000,1.70751659,0.74242544,1.77875798,S=8,1,0,0.00000000
1086,8_8_8,sync,hard,,1.00000000,1,199,1,1,0,0.00000000,0.00000000,0.00000000,0.00000000,S=8,0,0,0.00000000
1086,8_8_8,sync,filter_l0.00,0.00,1.00000000,1,138,1,62,0,0.00000000,0.00706038,0.00155419,0.02208316,S=8,0,0,0.00000000
1086,8_8_8,sync,filter_l0.20,0.20,0.56000000,0,14,1,199,0,0.38000000,1.10700877,0.52391352,1.28722956,S=8,0,0,0.22222222
1086,8_8_8,sync,filter_l1.00,1.00,0.19000000,0,4,0,,1,0.60666667,1.77270044,0.73733796,1.77320359,not_aligned,0,0,0.22222222
1086,8_8_8,seq_ABC,hard,,1.00000000,1,199,1,1,0,0.00000000,0.00000000,0.00000000,0.00000000,S=8,0,0,0.00000000
1086,8_8_8,seq_ABC,filter_l0.00,0.00,1.00000000,1,138,1,62,0,0.00000000,0.00034328,0.00000460,0.00212770,S=8,0,0,0.00000000
1086,8_8_8,seq_ABC,filter_l0.20,0.20,0.55000000,0,14,0,,1,0.39333333,1.11992090,0.52609647,1.28096705,not_aligned,0,0,0.66666667
1086,8_8_8,seq_ABC,filter_l1.00,1.00,0.18000000,0,2,0,,1,0.63000000,1.80271519,0.75058996,1.76724621,not_aligned,0,0,0.66666667
1087,8_8_8,sync,hard,,1.00000000,1,199,1,1,0,0.00000000,0.00000000,0.00000000,0.00000000,S=8,0,0,0.00000000
1087,8_8_8,sync,filter_l0.00,0.00,1.00000000,1,167,1,33,0,0.00000000,0.01114420,0.00164066,0.04386397,S=8,1,0,0.00000000
1087,8_8_8,sync,filter_l0.20,0.20,0.50000000,0,14,1,196,0,0.32666667,0.93875013,0.46905972,1.20235635,S=8,1,0,0.00000000
1087,8_8_8,sync,filter_l1.00,1.00,0.16000000,0,4,1,198,0,0.64333333,1.69261236,0.73746110,1.78316610,S=8,1,0,0.00000000
1087,8_8_8,seq_ABC,hard,,1.00000000,1,199,1,1,0,0.00000000,0.00000000,0.00000000,0.00000000,S=8,0,0,0.00000000
1087,8_8_8,seq_ABC,filter_l0.00,0.00,1.00000000,1,165,1,35,0,0.00000000,0.01114420,0.00164066,0.04386397,S=8,1,0,0.00000000
1087,8_8_8,seq_ABC,filter_l0.20,0.20,0.53000000,0,12,1,192,0,0.36000000,1.01342217,0.50447337,1.24797938,S=8,1,0,0.00000000
1087,8_8_8,seq_ABC,filter_l1.00,1.00,0.24000000,0,4,0,,1,0.65333333,1.68130499,0.73697891,1.77298373,not_aligned,1,0,0.00000000
1088,8_8_8,sync,hard,,1.00000000,1,199,1,1,0,0.00000000,0.00000000,0.00000000,0.00000000,S=8,0,0,0.00000000
1088,8_8_8,sync,filter_l0.00,0.00,0.99000000,1,82,1,136,0,0.00333333,0.04127807,0.00667801,0.00516959,S=8,0,0,0.00000000
1088,8_8_8,sync,filter_l0.20,0.20,0.63000000,0,16,0,,1,0.35666667,0.97378674,0.48638787,1.26555959,not_aligned,0,0,0.22222222
1088,8_8_8,sync,filter_l1.00,1.00,0.17000000,0,4,0,,1,0.69000000,1.79168418,0.78064199,1.81952876,not_aligned,0,0,0.88888889
1088,8_8_8,seq_ABC,hard,,1.00000000,1,199,1,1,0,0.00000000,0.00000000,0.00000000,0.00000000,S=8,0,0,0.00000000
1088,8_8_8,seq_ABC,filter_l0.00,0.00,0.99000000,1,82,1,136,0,0.00333333,0.04127807,0.00667801,0.00516959,S=8,0,0,0.00000000
1088,8_8_8,seq_ABC,filter_l0.20,0.20,0.63000000,0,14,0,,1,0.35000000,0.99085774,0.49629801,1.26356557,not_aligned,0,0,0.22222222
1088,8_8_8,seq_ABC,filter_l1.00,1.00,0.20000000,0,3,0,,1,0.65333333,1.71576611,0.74243649,1.79621533,not_aligned,0,0,0.22222222
1089,8_8_8,sync,hard,,1.00000000,1,199,1,1,0,0.00000000,0.00000000,0.00000000,0.00000000,S=8,0,0,0.00000000
1089,8_8_8,sync,filter_l0.00,0.00,1.00000000,1,165,1,35,0,0.00000000,0.00042349,0.00001173,0.00233182,S=8,0,0,0.00000000
1089,8_8_8,sync,filter_l0.20,0.20,0.63000000,0,13,0,,1,0.24000000,0.84101502,0.38500192,1.11756776,not_aligned,0,0,0.00000000
1089,8_8_8,sync,filter_l1.00,1.00,0.27000000,0,3,0,,1,0.61333333,1.66260513,0.71909141,1.74452664,not_aligned,0,0,0.22222222
1089,8_8_8,seq_ABC,hard,,1.00000000,1,199,1,1,0,0.00000000,0.00000000,0.00000000,0.00000000,S=8,0,0,0.00000000
1089,8_8_8,seq_ABC,filter_l0.00,0.00,1.00000000,1,175,1,25,0,0.00000000,0.00042333,0.00001173,0.00232994,S=8,1,0,0.00000000
1089,8_8_8,seq_ABC,filter_l0.20,0.20,0.65000000,0,11,0,,1,0.24333333,0.85625275,0.39025960,1.10413749,not_aligned,1,0,0.00000000
1089,8_8_8,seq_ABC,filter_l1.00,1.00,0.24000000,0,3,0,,1,0.60000000,1.64885586,0.70879187,1.74049309,not_aligned,1,0,0.22222222
1090,8_8_8,sync,hard,,1.00000000,1,199,1,1,0,0.00000000,0.00000000,0.00000000,0.00000000,S=8,0,0,0.00000000
1090,8_8_8,sync,filter_l0.00,0.00,1.00000000,1,146,1,54,0,0.00000000,0.00055250,0.00000657,0.00361410,S=8,0,0,0.00000000
1090,8_8_8,sync,filter_l0.20,0.20,0.53000000,0,23,0,,1,0.40666667,1.07041472,0.51528729,1.27006821,not_aligned,0,0,0.22222222
1090,8_8_8,sync,filter_l1.00,1.00,0.22000000,0,5,0,,1,0.62333333,1.73403349,0.73937561,1.76983522,not_aligned,0,0,0.22222222
1090,8_8_8,seq_ABC,hard,,1.00000000,1,199,1,1,0,0.00000000,0.00000000,0.00000000,0.00000000,S=8,0,0,0.00000000
1090,8_8_8,seq_ABC,filter_l0.00,0.00,1.00000000,1,136,1,64,0,0.00000000,0.00019928,0.00000086,0.00150851,S=8,1,0,0.00000000
1090,8_8_8,seq_ABC,filter_l0.20,0.20,0.62000000,0,11,1,197,0,0.34666667,0.98542273,0.47425039,1.25776909,S=8,1,0,0.00000000
1090,8_8_8,seq_ABC,filter_l1.00,1.00,0.26000000,0,7,0,,1,0.61000000,1.71248192,0.72899628,1.77125093,not_aligned,1,0,0.22222222
1091,8_8_8,sync,hard,,1.00000000,1,199,1,1,0,0.00000000,0.00000000,0.00000000,0.00000000,S=8,0,0,0.00000000
1091,8_8_8,sync,filter_l0.00,0.00,1.00000000,1,187,1,13,0,0.00000000,0.00000667,0.00000000,0.00006510,S=8,0,0,0.00000000
1091,8_8_8,sync,filter_l0.20,0.20,0.60000000,0,14,0,,1,0.35000000,0.87373387,0.44944706,1.16902743,not_aligned,0,0,0.88888889
1091,8_8_8,sync,filter_l1.00,1.00,0.24000000,0,4,0,,1,0.62333333,1.64867366,0.73038718,1.78364797,not_aligned,0,0,0.22222222
1091,8_8_8,seq_ABC,hard,,1.00000000,1,199,1,1,0,0.00000000,0.00000000,0.00000000,0.00000000,S=8,0,0,0.00000000
1091,8_8_8,seq_ABC,filter_l0.00,0.00,1.00000000,1,187,1,13,0,0.00000000,0.00000667,0.00000000,0.00006510,S=8,0,0,0.00000000
1091,8_8_8,seq_ABC,filter_l0.20,0.20,0.64000000,0,10,0,,1,0.31333333,0.85987683,0.43963262,1.15198423,not_aligned,0,0,0.88888889
1091,8_8_8,seq_ABC,filter_l1.00,1.00,0.20000000,0,5,0,,1,0.60000000,1.59829716,0.70988108,1.76992253,not_aligned,0,0,2.00000000
1092,8_8_8,sync,hard,,1.00000000,1,199,1,1,0,0.00000000,0.00000000,0.00000000,0.00000000,S=8,1,0,0.00000000
1092,8_8_8,sync,filter_l0.00,0.00,1.00000000,1,178,1,22,0,0.00000000,0.00012589,0.00000035,0.00101126,S=8,0,0,0.00000000
1092,8_8_8,sync,filter_l0.20,0.20,0.52000000,0,11,0,,1,0.39333333,1.01984761,0.51063388,1.22042220,not_aligned,0,0,0.00000000
1092,8_8_8,sync,filter_l1.00,1.00,0.28000000,0,7,0,,1,0.66666667,1.67122101,0.73489551,1.77575082,not_aligned,0,0,0.22222222
1092,8_8_8,seq_ABC,hard,,1.00000000,1,199,1,1,0,0.00000000,0.00000000,0.00000000,0.00000000,S=8,1,0,0.00000000
1092,8_8_8,seq_ABC,filter_l0.00,0.00,1.00000000,1,178,1,22,0,0.00000000,0.00012140,0.00000035,0.00096755,S=8,0,0,0.00000000
1092,8_8_8,seq_ABC,filter_l0.20,0.20,0.59000000,0,21,0,,1,0.36333333,0.95350105,0.47697518,1.20563735,not_aligned,0,0,0.00000000
1092,8_8_8,seq_ABC,filter_l1.00,1.00,0.32000000,0,7,1,199,0,0.64333333,1.63428079,0.71700683,1.76277743,S=8,1,0,0.22222222
1093,8_8_8,sync,hard,,1.00000000,1,199,1,1,0,0.00000000,0.00000000,0.00000000,0.00000000,S=8,0,0,0.00000000
1093,8_8_8,sync,filter_l0.00,0.00,1.00000000,1,147,1,53,0,0.00000000,0.00722142,0.00062571,0.03076941,S=8,0,0,0.00000000
1093,8_8_8,sync,filter_l0.20,0.20,0.56000000,0,8,1,195,0,0.31666667,0.97924089,0.47654022,1.23716237,S=8,0,0,0.00000000
1093,8_8_8,sync,filter_l1.00,1.00,0.26000000,0,5,1,199,0,0.65000000,1.72900574,0.74119970,1.76393113,S=8,0,0,0.22222222
1093,8_8_8,seq_ABC,hard,,1.00000000,1,199,1,1,0,0.00000000,0.00000000,0.00000000,0.00000000,S=8,0,0,0.00000000
1093,8_8_8,seq_ABC,filter_l0.00,0.00,1.00000000,1,147,1,53,0,0.00000000,0.00264583,0.00008792,0.01407376,S=8,1,0,0.00000000
1093,8_8_8,seq_ABC,filter_l0.20,0.20,0.53000000,0,12,1,198,0,0.40666667,1.04921831,0.52441626,1.23370514,S=8,1,0,0.00000000
1093,8_8_8,seq_ABC,filter_l1.00,1.00,0.28000000,0,3,1,198,0,0.62333333,1.71885283,0.73199406,1.76624471,S=8,1,0,0.00000000
1094,8_8_8,sync,hard,,1.00000000,1,199,1,1,0,0.00000000,0.00000000,0.00000000,0.00000000,S=8,0,0,0.00000000
1094,8_8_8,sync,filter_l0.00,0.00,1.00000000,1,184,1,16,0,0.00000000,0.00052710,0.00000303,0.00374895,S=8,1,0,0.00000000
1094,8_8_8,sync,filter_l0.20,0.20,0.71000000,0,17,1,194,0,0.37000000,0.97716919,0.49826652,1.26976126,S=8,1,0,0.00000000
1094,8_8_8,sync,filter_l1.00,1.00,0.14000000,0,3,0,,1,0.67333333,1.73265566,0.74688757,1.78089373,not_aligned,1,0,0.22222222
1094,8_8_8,seq_ABC,hard,,1.00000000,1,199,1,1,0,0.00000000,0.00000000,0.00000000,0.00000000,S=8,0,0,0.00000000
1094,8_8_8,seq_ABC,filter_l0.00,0.00,1.00000000,1,184,1,16,0,0.00000000,0.00145474,0.00002306,0.00883099,S=8,0,0,0.00000000
1094,8_8_8,seq_ABC,filter_l0.20,0.20,0.70000000,0,11,1,194,0,0.35333333,0.97624297,0.49853133,1.27630155,S=8,0,0,0.00000000
1094,8_8_8,seq_ABC,filter_l1.00,1.00,0.26000000,0,4,0,,1,0.63666667,1.71311773,0.73179572,1.77823336,not_aligned,0,0,0.22222222
1095,8_8_8,sync,hard,,1.00000000,1,199,1,1,0,0.00000000,0.00000000,0.00000000,0.00000000,S=8,0,0,0.00000000
1095,8_8_8,sync,filter_l0.00,0.00,1.00000000,1,168,1,32,0,0.00000000,0.00000510,0.00000000,0.00005137,S=8,0,0,0.00000000
1095,8_8_8,sync,filter_l0.20,0.20,0.70000000,0,17,1,196,0,0.25000000,0.84573602,0.41266704,1.16035574,S=8,0,0,0.00000000
1095,8_8_8,sync,filter_l1.00,1.00,0.19000000,0,4,1,197,0,0.60000000,1.65560057,0.71465634,1.76272710,S=8,0,0,0.00000000
1095,8_8_8,seq_ABC,hard,,1.00000000,1,199,1,1,0,0.00000000,0.00000000,0.00000000,0.00000000,S=8,0,0,0.00000000
1095,8_8_8,seq_ABC,filter_l0.00,0.00,1.00000000,1,168,1,32,0,0.00000000,0.00000525,0.00000000,0.00005349,S=8,0,0,0.00000000
1095,8_8_8,seq_ABC,filter_l0.20,0.20,0.71000000,0,15,1,198,0,0.29000000,0.83225840,0.41607092,1.14988931,S=8,0,0,0.00000000
1095,8_8_8,seq_ABC,filter_l1.00,1.00,0.34000000,0,5,1,198,0,0.59666667,1.63851823,0.70685878,1.75445143,S=8,0,0,0.00000000
1096,8_8_8,sync,hard,,1.00000000,1,199,1,1,0,0.00000000,0.00000000,0.00000000,0.00000000,S=8,0,0,0.00000000
1096,8_8_8,sync,filter_l0.00,0.00,1.00000000,1,167,1,33,0,0.00000000,0.00001417,0.00000000,0.00015559,S=8,0,0,0.00000000
1096,8_8_8,sync,filter_l0.20,0.20,0.42000000,0,19,0,,1,0.49000000,1.24198530,0.60314516,1.34901352,not_aligned,0,0,0.22222222
1096,8_8_8,sync,filter_l1.00,1.00,0.13000000,0,4,0,,1,0.66333333,1.79706088,0.76782975,1.80030717,not_aligned,0,0,0.22222222
1096,8_8_8,seq_ABC,hard,,1.00000000,1,199,1,1,0,0.00000000,0.00000000,0.00000000,0.00000000,S=8,0,0,0.00000000
1096,8_8_8,seq_ABC,filter_l0.00,0.00,1.00000000,1,167,1,33,0,0.00000000,0.00001384,0.00000000,0.00015154,S=8,1,0,0.00000000
1096,8_8_8,seq_ABC,filter_l0.20,0.20,0.42000000,0,18,0,,1,0.47333333,1.21037591,0.58036624,1.33790624,not_aligned,1,0,0.66666667
1096,8_8_8,seq_ABC,filter_l1.00,1.00,0.06000000,0,4,0,,1,0.68333333,1.86298755,0.80069978,1.84335612,not_aligned,1,0,0.22222222
1097,8_8_8,sync,hard,,1.00000000,1,199,1,1,0,0.00000000,0.00000000,0.00000000,0.00000000,S=8,0,0,0.00000000
1097,8_8_8,sync,filter_l0.00,0.00,0.99000000,1,122,1,153,0,0.03666667,0.14419861,0.05835928,0.11756764,S=8,0,0,0.00000000
1097,8_8_8,sync,filter_l0.20,0.20,0.71000000,0,14,0,,1,0.26666667,0.92328418,0.41862378,1.21799334,not_aligned,0,0,0.00000000
1097,8_8_8,sync,filter_l1.00,1.00,0.30000000,0,6,0,,1,0.60333333,1.69929792,0.71594738,1.75130470,not_aligned,0,0,0.00000000
1097,8_8_8,seq_ABC,hard,,1.00000000,1,199,1,1,0,0.00000000,0.00000000,0.00000000,0.00000000,S=8,0,0,0.00000000
1097,8_8_8,seq_ABC,filter_l0.00,0.00,1.00000000,1,179,1,21,0,0.01000000,0.03891651,0.01781390,0.07948221,S=8,0,0,0.00000000
1097,8_8_8,seq_ABC,filter_l0.20,0.20,0.73000000,0,21,0,,1,0.29666667,0.94142587,0.43562352,1.22409398,not_aligned,0,0,0.00000000
1097,8_8_8,seq_ABC,filter_l1.00,1.00,0.29000000,0,7,0,,1,0.63666667,1.73901690,0.73496570,1.76449348,not_aligned,0,0,0.22222222
1098,8_8_8,sync,hard,,1.00000000,1,199,1,1,0,0.00000000,0.00000000,0.00000000,0.00000000,S=8,0,0,0.00000000
1098,8_8_8,sync,filter_l0.00,0.00,1.00000000,1,190,1,10,0,0.00666667,0.03041025,0.01654031,0.05176960,S=8,0,0,0.00000000
1098,8_8_8,sync,filter_l0.20,0.20,0.66000000,0,10,1,192,0,0.33666667,0.94295719,0.47590129,1.21657088,S=8,0,0,0.00000000
1098,8_8_8,sync,filter_l1.00,1.00,0.22000000,0,3,0,,1,0.61000000,1.67716270,0.72220020,1.77078656,not_aligned,0,0,0.22222222
1098,8_8_8,seq_ABC,hard,,1.00000000,1,199,1,1,0,0.00000000,0.00000000,0.00000000,0.00000000,S=8,0,0,0.00000000
1098,8_8_8,seq_ABC,filter_l0.00,0.00,1.00000000,1,190,1,10,0,0.00666667,0.03040913,0.01654031,0.05175713,S=8,0,0,0.00000000
1098,8_8_8,seq_ABC,filter_l0.20,0.20,0.67000000,0,10,1,192,0,0.33666667,0.91168168,0.46070740,1.21420828,S=8,0,0,0.00000000
1098,8_8_8,seq_ABC,filter_l1.00,1.00,0.32000000,0,4,1,197,0,0.64666667,1.68962006,0.72909754,1.76190890,S=8,0,0,0.00000000
1099,8_8_8,sync,hard,,1.00000000,1,199,1,1,0,0.00000000,0.00000000,0.00000000,0.00000000,S=8,0,0,0.00000000
1099,8_8_8,sync,filter_l0.00,0.00,1.00000000,1,157,1,43,0,0.00000000,0.00010775,0.00000023,0.00088875,S=8,0,0,0.00000000
1099,8_8_8,sync,filter_l0.20,0.20,0.39000000,0,13,1,199,0,0.41666667,1.14225851,0.55359784,1.29754621,S=8,0,0,0.22222222
1099,8_8_8,sync,filter_l1.00,1.00,0.15000000,0,3,1,198,0,0.67666667,1.80125030,0.76900698,1.79547118,S=8,0,0,0.00000000
1099,8_8_8,seq_ABC,hard,,1.00000000,1,199,1,1,0,0.00000000,0.00000000,0.00000000,0.00000000,S=8,0,0,0.00000000
1099,8_8_8,seq_ABC,filter_l0.00,0.00,1.00000000,1,182,1,18,0,0.00000000,0.00013044,0.00000029,0.00106797,S=8,1,0,0.00000000
1099,8_8_8,seq_ABC,filter_l0.20,0.20,0.48000000,0,13,0,,1,0.38333333,1.09910003,0.52903701,1.29344826,not_aligned,1,0,0.22222222
1099,8_8_8,seq_ABC,filter_l1.00,1.00,0.11000000,0,6,0,,1,0.64333333,1.76353376,0.75373941,1.78349034,not_aligned,1,0,0.00000000
1100,8_8_8,sync,hard,,1.00000000,1,199,1,1,0,0.00000000,0.00000000,0.00000000,0.00000000,S=8,0,0,0.00000000
1100,8_8_8,sync,filter_l0.00,0.00,1.00000000,1,171,1,29,0,0.00000000,0.00274231,0.00022263,0.01228285,S=8,0,0,0.00000000
1100,8_8_8,sync,filter_l0.20,0.20,0.74000000,0,14,1,191,0,0.30333333,0.85101809,0.42492440,1.16513127,S=8,0,0,0.00000000
1100,8_8_8,sync,filter_l1.00,1.00,0.20000000,0,4,0,,1,0.64666667,1.69657141,0.73664069,1.76767089,not_aligned,0,0,0.66666667
1100,8_8_8,seq_ABC,hard,,1.00000000,1,199,1,1,0,0.00000000,0.00000000,0.00000000,0.00000000,S=8,0,0,0.00000000
1100,8_8_8,seq_ABC,filter_l0.00,0.00,1.00000000,1,174,1,26,0,0.00000000,0.00734737,0.00138121,0.02530498,S=8,0,0,0.00000000
1100,8_8_8,seq_ABC,filter_l0.20,0.20,0.77000000,0,14,1,189,0,0.28000000,0.84193452,0.41784727,1.15559545,S=8,0,0,0.00000000
1100,8_8_8,seq_ABC,filter_l1.00,1.00,0.23000000,0,3,0,,1,0.61666667,1.66327998,0.72090038,1.75682352,not_aligned,0,0,0.22222222
1101,8_8_8,sync,hard,,1.00000000,1,199,1,1,0,0.00000000,0.00000000,0.00000000,0.00000000,S=8,0,0,0.00000000
1101,8_8_8,sync,filter_l0.00,0.00,1.00000000,1,157,1,43,0,0.00000000,0.00026551,0.00000110,0.00196261,S=8,1,0,0.00000000
1101,8_8_8,sync,filter_l0.20,0.20,0.45000000,0,12,0,,1,0.42000000,1.07575816,0.53087110,1.27841120,not_aligned,1,0,0.22222222
1101,8_8_8,sync,filter_l1.00,1.00,0.25000000,0,4,0,,1,0.64666667,1.71929981,0.73325762,1.77393117,not_aligned,1,0,0.22222222
1101,8_8_8,seq_ABC,hard,,1.00000000,1,199,1,1,0,0.00000000,0.00000000,0.00000000,0.00000000,S=8,0,0,0.00000000
1101,8_8_8,seq_ABC,filter_l0.00,0.00,1.00000000,1,157,1,43,0,0.00000000,0.00009568,0.00000014,0.00080551,S=8,1,0,0.00000000
1101,8_8_8,seq_ABC,filter_l0.20,0.20,0.58000000,0,15,1,199,0,0.38333333,1.00486718,0.49489350,1.25484261,S=8,1,0,0.22222222
1101,8_8_8,seq_ABC,filter_l1.00,1.00,0.26000000,0,4,0,,1,0.71666667,1.75013798,0.75766634,1.77656452,not_aligned,1,0,0.66666667
1102,8_8_8,sync,hard,,1.00000000,1,199,1,1,0,0.00000000,0.00000000,0.00000000,0.00000000,S=8,0,0,0.00000000
1102,8_8_8,sync,filter_l0.00,0.00,1.00000000,1,195,1,5,0,0.00000000,0.00000682,0.00000000,0.00007876,S=8,0,0,0.00000000
1102,8_8_8,sync,filter_l0.20,0.20,0.56000000,0,12,1,199,0,0.33333333,0.92557422,0.47363205,1.16582527,S=8,0,0,0.22222222
1102,8_8_8,sync,filter_l1.00,1.00,0.23000000,0,6,0,,1,0.62000000,1.65623017,0.72038348,1.75591379,not_aligned,0,0,0.22222222
1102,8_8_8,seq_ABC,hard,,1.00000000,1,199,1,1,0,0.00000000,0.00000000,0.00000000,0.00000000,S=8,0,0,0.00000000
1102,8_8_8,seq_ABC,filter_l0.00,0.00,1.00000000,1,195,1,5,0,0.00000000,0.00000682,0.00000000,0.00007876,S=8,1,0,0.00000000
1102,8_8_8,seq_ABC,filter_l0.20,0.20,0.56000000,0,12,1,197,0,0.33000000,0.95063791,0.48403940,1.22403735,S=8,1,0,0.00000000
1102,8_8_8,seq_ABC,filter_l1.00,1.00,0.16000000,0,4,0,,1,0.62333333,1.67808334,0.73273497,1.76548132,not_aligned,1,0,1.55555556
1103,8_8_8,sync,hard,,1.00000000,1,199,1,1,0,0.00000000,0.00000000,0.00000000,0.00000000,S=8,0,0,0.00000000
1103,8_8_8,sync,filter_l0.00,0.00,0.99000000,1,116,1,140,0,0.00333333,0.06370036,0.00666667,0.00006067,S=8,0,0,0.00000000
1103,8_8_8,sync,filter_l0.20,0.20,0.60000000,0,10,1,198,0,0.40666667,1.01650611,0.51332941,1.23641743,S=8,0,0,0.00000000
1103,8_8_8,sync,filter_l1.00,1.00,0.34000000,0,5,0,,1,0.66333333,1.67352484,0.73077665,1.77078208,not_aligned,0,0,0.00000000
1103,8_8_8,seq_ABC,hard,,1.00000000,1,199,1,1,0,0.00000000,0.00000000,0.00000000,0.00000000,S=8,0,0,0.00000000
1103,8_8_8,seq_ABC,filter_l0.00,0.00,0.99000000,1,119,1,140,0,0.00333333,0.06128812,0.00666667,0.00001240,S=8,0,0,0.00000000
1103,8_8_8,seq_ABC,filter_l0.20,0.20,0.52000000,0,10,1,198,0,0.40333333,1.03224229,0.51664160,1.25123575,S=8,0,0,0.00000000
1103,8_8_8,seq_ABC,filter_l1.00,1.00,0.22000000,0,4,0,,1,0.67666667,1.71750848,0.75470581,1.78865074,not_aligned,0,0,0.00000000
1104,8_8_8,sync,hard,,1.00000000,1,199,1,1,0,0.00000000,0.00000000,0.00000000,0.00000000,S=8,0,0,0.00000000
1104,8_8_8,sync,filter_l0.00,0.00,1.00000000,1,133,1,67,0,0.00000000,0.00000605,0.00000000,0.00006759,S=8,0,0,0.00000000
1104,8_8_8,sync,filter_l0.20,0.20,0.61000000,0,14,1,192,0,0.34000000,0.97365148,0.47597914,1.22760971,S=8,0,0,0.00000000
1104,8_8_8,sync,filter_l1.00,1.00,0.29000000,0,7,0,,1,0.60666667,1.67300399,0.71669681,1.76157012,not_aligned,0,0,0.00000000
1104,8_8_8,seq_ABC,hard,,1.00000000,1,199,1,1,0,0.00000000,0.00000000,0.00000000,0.00000000,S=8,0,0,0.00000000
1104,8_8_8,seq_ABC,filter_l0.00,0.00,1.00000000,1,133,1,67,0,0.00000000,0.00000605,0.00000000,0.00006759,S=8,0,0,0.00000000
1104,8_8_8,seq_ABC,filter_l0.20,0.20,0.63000000,0,17,1,192,0,0.30666667,0.91014004,0.43574945,1.18473234,S=8,0,0,0.00000000
1104,8_8_8,seq_ABC,filter_l1.00,1.00,0.30000000,0,6,0,,1,0.59000000,1.67912730,0.71612080,1.76339755,not_aligned,0,0,0.00000000
1105,8_8_8,sync,hard,,1.00000000,1,199,1,1,0,0.00000000,0.00000000,0.00000000,0.00000000,S=8,0,0,0.00000000
1105,8_8_8,sync,filter_l0.00,0.00,1.00000000,1,176,1,24,0,0.00000000,0.00000424,0.00000000,0.00004812,S=8,0,0,0.00000000
1105,8_8_8,sync,filter_l0.20,0.20,0.70000000,0,23,1,199,0,0.17333333,0.71163530,0.33705033,1.10286392,S=8,0,0,0.22222222
1105,8_8_8,sync,filter_l1.00,1.00,0.24000000,0,5,1,199,0,0.62333333,1.66083251,0.72404035,1.76473433,other_aligned,0,0,0.22222222
1105,8_8_8,seq_ABC,hard,,1.00000000,1,199,1,1,0,0.00000000,0.00000000,0.00000000,0.00000000,S=8,0,0,0.00000000
1105,8_8_8,seq_ABC,filter_l0.00,0.00,1.00000000,1,176,1,24,0,0.00000000,0.00000533,0.00000000,0.00005918,S=8,1,0,0.00000000
1105,8_8_8,seq_ABC,filter_l0.20,0.20,0.65000000,0,33,0,,1,0.21000000,0.76120555,0.36191449,1.11668398,not_aligned,1,0,0.66666667
1105,8_8_8,seq_ABC,filter_l1.00,1.00,0.27000000,0,4,0,,1,0.62000000,1.62900812,0.71067391,1.75167620,not_aligned,1,0,0.88888889
1106,8_8_8,sync,hard,,1.00000000,1,199,1,1,0,0.00000000,0.00000000,0.00000000,0.00000000,S=8,1,0,0.00000000
1106,8_8_8,sync,filter_l0.00,0.00,1.00000000,1,185,1,15,0,0.00000000,0.00021157,0.00000171,0.00145787,S=8,0,0,0.00000000
1106,8_8_8,sync,filter_l0.20,0.20,0.54000000,0,11,1,195,0,0.41333333,1.01640771,0.53003235,1.23343676,S=8,0,0,0.00000000
1106,8_8_8,sync,filter_l1.00,1.00,0.22000000,0,3,0,,1,0.65666667,1.72405781,0.75292273,1.78913628,not_aligned,0,0,0.22222222
1106,8_8_8,seq_ABC,hard,,1.00000000,1,199,1,1,0,0.00000000,0.00000000,0.00000000,0.00000000,S=8,1,0,0.00000000
1106,8_8_8,seq_ABC,filter_l0.00,0.00,1.00000000,1,185,1,15,0,0.00000000,0.00021149,0.00000171,0.00145676,S=8,1,0,0.00000000
1106,8_8_8,seq_ABC,filter_l0.20,0.20,0.51000000,0,11,1,195,0,0.44000000,1.06243755,0.55839958,1.23980302,S=8,1,0,0.00000000
1106,8_8_8,seq_ABC,filter_l1.00,1.00,0.19000000,0,6,1,199,0,0.68000000,1.71088306,0.75277697,1.78899730,other_aligned,1,0,0.22222222
1107,8_8_8,sync,hard,,1.00000000,1,199,1,1,0,0.00000000,0.00000000,0.00000000,0.00000000,S=8,0,0,0.00000000
1107,8_8_8,sync,filter_l0.00,0.00,1.00000000,1,173,1,27,0,0.00000000,0.00100545,0.00005201,0.00512712,S=8,0,0,0.00000000
1107,8_8_8,sync,filter_l0.20,0.20,0.71000000,0,18,0,,1,0.27000000,0.79972303,0.38785400,1.09685324,not_aligned,0,0,0.22222222
1107,8_8_8,sync,filter_l1.00,1.00,0.26000000,0,5,0,,1,0.62666667,1.70109550,0.73290726,1.74477428,not_aligned,0,0,1.55555556
1107,8_8_8,seq_ABC,hard,,1.00000000,1,199,1,1,0,0.00000000,0.00000000,0.00000000,0.00000000,S=8,0,0,0.00000000
1107,8_8_8,seq_ABC,filter_l0.00,0.00,1.00000000,1,174,1,26,0,0.00000000,0.00013185,0.00000094,0.00094505,S=8,0,0,0.00000000
1107,8_8_8,seq_ABC,filter_l0.20,0.20,0.70000000,0,12,0,,1,0.27666667,0.82562651,0.38959706,1.09683699,not_aligned,0,0,0.00000000
1107,8_8_8,seq_ABC,filter_l1.00,1.00,0.28000000,0,5,0,,1,0.63333333,1.69623551,0.73130285,1.74566088,not_aligned,0,0,0.00000000
1108,8_8_8,sync,hard,,1.00000000,1,199,1,1,0,0.00000000,0.00000000,0.00000000,0.00000000,S=8,0,0,0.00000000
1108,8_8_8,sync,filter_l0.00,0.00,1.00000000,1,179,1,21,0,0.00000000,0.00091808,0.00001999,0.00527747,S=8,0,0,0.00000000
1108,8_8_8,sync,filter_l0.20,0.20,0.75000000,0,12,0,,1,0.30333333,0.87480906,0.42907089,1.17185358,not_aligned,0,0,0.00000000
1108,8_8_8,sync,filter_l1.00,1.00,0.16000000,0,3,0,,1,0.62000000,1.68998956,0.73493817,1.77685414,not_aligned,0,0,0.00000000
1108,8_8_8,seq_ABC,hard,,1.00000000,1,199,1,1,0,0.00000000,0.00000000,0.00000000,0.00000000,S=8,0,0,0.00000000
1108,8_8_8,seq_ABC,filter_l0.00,0.00,1.00000000,1,166,1,34,0,0.00000000,0.00252565,0.00014664,0.01188443,S=8,1,0,0.00000000
1108,8_8_8,seq_ABC,filter_l0.20,0.20,0.74000000,0,12,0,,1,0.32666667,0.91627121,0.44994143,1.16413873,not_aligned,1,0,0.00000000
1108,8_8_8,seq_ABC,filter_l1.00,1.00,0.21000000,0,4,0,,1,0.62666667,1.68413907,0.73382866,1.78081770,not_aligned,1,0,0.22222222
1109,8_8_8,sync,hard,,1.00000000,1,199,1,1,0,0.00000000,0.00000000,0.00000000,0.00000000,S=8,0,0,0.00000000
1109,8_8_8,sync,filter_l0.00,0.00,1.00000000,1,193,1,7,0,0.00000000,0.00003384,0.00000003,0.00031513,S=8,0,0,0.00000000
1109,8_8_8,sync,filter_l0.20,0.20,0.59000000,0,16,0,,1,0.37333333,1.04671373,0.51497788,1.26278803,not_aligned,0,0,0.22222222
1109,8_8_8,sync,filter_l1.00,1.00,0.18000000,0,5,0,,1,0.64333333,1.73119033,0.74678949,1.79032328,not_aligned,0,0,1.55555556
1109,8_8_8,seq_ABC,hard,,1.00000000,1,199,1,1,0,0.00000000,0.00000000,0.00000000,0.00000000,S=8,0,0,0.00000000
1109,8_8_8,seq_ABC,filter_l0.00,0.00,1.00000000,1,200,1,0,0,0.00000000,0.00003380,0.00000003,0.00031454,S=8,1,0,0.00000000
1109,8_8_8,seq_ABC,filter_l0.20,0.20,0.46000000,0,17,0,,1,0.47000000,1.19533540,0.59466005,1.29429107,not_aligned,1,0,0.22222222
1109,8_8_8,seq_ABC,filter_l1.00,1.00,0.19000000,0,5,0,,1,0.65000000,1.72033626,0.74439329,1.77977524,not_aligned,1,0,0.88888889
1110,8_8_8,sync,hard,,1.00000000,1,199,1,1,0,0.00000000,0.00000000,0.00000000,0.00000000,S=8,1,0,0.00000000
1110,8_8_8,sync,filter_l0.00,0.00,1.00000000,1,187,1,13,0,0.00000000,0.00051214,0.00002327,0.00252890,S=8,0,0,0.00000000
1110,8_8_8,sync,filter_l0.20,0.20,0.59000000,0,21,1,199,0,0.30000000,0.93777891,0.46190116,1.20240043,S=8,0,0,0.22222222
1110,8_8_8,sync,filter_l1.00,1.00,0.20000000,0,6,0,,1,0.60333333,1.72002830,0.73324554,1.75824551,not_aligned,1,0,0.66666667
1110,8_8_8,seq_ABC,hard,,1.00000000,1,199,1,1,0,0.00000000,0.00000000,0.00000000,0.00000000,S=8,1,0,0.00000000
1110,8_8_8,seq_ABC,filter_l0.00,0.00,1.00000000,1,184,1,16,0,0.00000000,0.00018607,0.00000313,0.00111462,S=8,0,0,0.00000000
1110,8_8_8,seq_ABC,filter_l0.20,0.20,0.57000000,0,13,1,197,0,0.37000000,1.00718808,0.50516135,1.23204042,S=8,0,0,0.00000000
1110,8_8_8,seq_ABC,filter_l1.00,1.00,0.29000000,0,7,0,,1,0.62666667,1.73309446,0.73848382,1.75060124,not_aligned,1,0,0.22222222
1111,8_8_8,sync,hard,,1.00000000,1,199,1,1,0,0.00000000,0.00000000,0.00000000,0.00000000,S=8,0,0,0.00000000
1111,8_8_8,sync,filter_l0.00,0.00,1.00000000,1,151,1,49,0,0.00000000,0.04230156,0.01653097,0.09665012,S=8,1,0,0.00000000
1111,8_8_8,sync,filter_l0.20,0.20,0.57000000,0,8,0,,1,0.47000000,1.10928334,0.55608872,1.27057697,not_aligned,1,0,0.22222222
1111,8_8_8,sync,filter_l1.00,1.00,0.19000000,0,2,1,199,0,0.68333333,1.81294266,0.77735580,1.81323545,S=8,1,0,0.22222222
1111,8_8_8,seq_ABC,hard,,1.00000000,1,199,1,1,0,0.00000000,0.00000000,0.00000000,0.00000000,S=8,0,0,0.00000000
1111,8_8_8,seq_ABC,filter_l0.00,0.00,1.00000000,1,186,1,14,0,0.00000000,0.00029824,0.00000132,0.00221953,S=8,0,0,0.00000000
1111,8_8_8,seq_ABC,filter_l0.20,0.20,0.55000000,0,11,0,,1,0.43666667,1.09130547,0.54941259,1.25890712,not_aligned,0,0,0.22222222
1111,8_8_8,seq_ABC,filter_l1.00,1.00,0.16000000,0,3,0,,1,0.68000000,1.81540881,0.78410628,1.81293143,not_aligned,0,0,0.22222222
1112,8_8_8,sync,hard,,1.00000000,1,199,1,1,0,0.00000000,0.00000000,0.00000000,0.00000000,S=8,0,0,0.00000000
1112,8_8_8,sync,filter_l0.00,0.00,1.00000000,1,182,1,18,0,0.03333333,0.04791364,0.03560001,0.03177746,S=8,0,0,0.00000000
1112,8_8_8,sync,filter_l0.20,0.20,0.68000000,0,20,1,199,0,0.27333333,0.81661405,0.40216959,1.12135593,S=8,0,0,0.22222222
1112,8_8_8,sync,filter_l1.00,1.00,0.23000000,0,5,0,,1,0.61666667,1.67345013,0.73099898,1.76266259,not_aligned,0,0,0.00000000
1112,8_8_8,seq_ABC,hard,,1.00000000,1,199,1,1,0,0.00000000,0.00000000,0.00000000,0.00000000,S=8,0,0,0.00000000
1112,8_8_8,seq_ABC,filter_l0.00,0.00,1.00000000,1,159,1,41,0,0.03333333,0.04791364,0.03560001,0.03177746,S=8,0,0,0.00000000
1112,8_8_8,seq_ABC,filter_l0.20,0.20,0.70000000,0,20,1,196,0,0.27666667,0.82519439,0.40088623,1.12743343,S=8,0,0,0.00000000
1112,8_8_8,seq_ABC,filter_l1.00,1.00,0.24000000,0,4,0,,1,0.62333333,1.63815764,0.71627535,1.75462194,not_aligned,0,0,0.22222222
1113,8_8_8,sync,hard,,1.00000000,1,199,1,1,0,0.00000000,0.00000000,0.00000000,0.00000000,S=8,0,0,0.00000000
1113,8_8_8,sync,filter_l0.00,0.00,1.00000000,1,143,1,57,0,0.00000000,0.00000091,0.00000000,0.00001184,S=8,0,0,0.00000000
1113,8_8_8,sync,filter_l0.20,0.20,0.71000000,0,14,0,,1,0.17000000,0.70024690,0.34067485,1.10043005,not_aligned,0,0,0.00000000
1113,8_8_8,sync,filter_l1.00,1.00,0.27000000,0,4,0,,1,0.60666667,1.60390242,0.70587905,1.75663069,not_aligned,0,0,0.00000000
1113,8_8_8,seq_ABC,hard,,1.00000000,1,199,1,1,0,0.00000000,0.00000000,0.00000000,0.00000000,S=8,0,0,0.00000000
1113,8_8_8,seq_ABC,filter_l0.00,0.00,1.00000000,1,143,1,57,0,0.00000000,0.00000028,0.00000000,0.00000402,S=8,0,0,0.00000000
1113,8_8_8,seq_ABC,filter_l0.20,0.20,0.71000000,0,11,0,,1,0.24000000,0.72761410,0.36281586,1.11182027,not_aligned,0,0,0.00000000
1113,8_8_8,seq_ABC,filter_l1.00,1.00,0.31000000,0,8,0,,1,0.58666667,1.58425214,0.69791684,1.74780551,not_aligned,0,0,0.22222222
1114,8_8_8,sync,hard,,1.00000000,1,199,1,1,0,0.00000000,0.00000000,0.00000000,0.00000000,S=8,0,0,0.00000000
1114,8_8_8,sync,filter_l0.00,0.00,1.00000000,1,187,1,13,0,0.00000000,0.00000541,0.00000000,0.00006017,S=8,0,0,0.00000000
1114,8_8_8,sync,filter_l0.20,0.20,0.66000000,0,9,1,197,0,0.38000000,0.94654118,0.48328433,1.17752010,S=8,0,0,0.00000000
1114,8_8_8,sync,filter_l1.00,1.00,0.21000000,0,3,0,,1,0.61333333,1.63804921,0.72207054,1.77652990,not_aligned,0,0,0.22222222
1114,8_8_8,seq_ABC,hard,,1.00000000,1,199,1,1,0,0.00000000,0.00000000,0.00000000,0.00000000,S=8,0,0,0.00000000
1114,8_8_8,seq_ABC,filter_l0.00,0.00,1.00000000,1,143,1,57,0,0.00000000,0.00000397,0.00000000,0.00004403,S=8,1,0,0.00000000
1114,8_8_8,seq_ABC,filter_l0.20,0.20,0.67000000,0,18,1,197,0,0.37333333,0.95096138,0.47781256,1.17378519,S=8,1,0,0.00000000
1114,8_8_8,seq_ABC,filter_l1.00,1.00,0.33000000,0,5,0,,1,0.61000000,1.61767517,0.71313320,1.76879252,not_aligned,1,0,0.22222222
1115,8_8_8,sync,hard,,1.00000000,1,199,1,1,0,0.00000000,0.00000000,0.00000000,0.00000000,S=8,0,0,0.00000000
1115,8_8_8,sync,filter_l0.00,0.00,1.00000000,1,169,1,31,0,0.00000000,0.00010158,0.00000045,0.00076325,S=8,0,0,0.00000000
1115,8_8_8,sync,filter_l0.20,0.20,0.48000000,0,10,1,198,0,0.42333333,1.09954190,0.53450685,1.31181044,S=8,0,0,0.00000000
1115,8_8_8,sync,filter_l1.00,1.00,0.19000000,0,5,0,,1,0.64000000,1.77010083,0.75204116,1.76936092,not_aligned,0,0,0.22222222
1115,8_8_8,seq_ABC,hard,,1.00000000,1,199,1,1,0,0.00000000,0.00000000,0.00000000,0.00000000,S=8,0,0,0.00000000
1115,8_8_8,seq_ABC,filter_l0.00,0.00,1.00000000,1,169,1,31,0,0.00000000,0.00003663,0.00000006,0.00031301,S=8,0,0,0.00000000
1115,8_8_8,seq_ABC,filter_l0.20,0.20,0.55000000,0,10,1,198,0,0.36333333,0.99077477,0.48454944,1.26403694,S=8,0,0,0.00000000
1115,8_8_8,seq_ABC,filter_l1.00,1.00,0.17000000,0,5,0,,1,0.65333333,1.78253238,0.75694182,1.77823155,not_aligned,0,0,0.22222222
1116,8_8_8,sync,hard,,1.00000000,1,199,1,1,0,0.00000000,0.00000000,0.00000000,0.00000000,S=8,0,0,0.00000000
1116,8_8_8,sync,filter_l0.00,0.00,1.00000000,1,175,1,25,0,0.00000000,0.00003704,0.00000015,0.00028813,S=8,1,0,0.00000000
1116,8_8_8,sync,filter_l0.20,0.20,0.52000000,0,11,1,192,0,0.39333333,1.08532345,0.53856730,1.23974401,S=8,1,0,0.00000000
1116,8_8_8,sync,filter_l1.00,1.00,0.25000000,0,5,1,195,0,0.64666667,1.70717779,0.73889848,1.77502109,S=8,1,0,0.00000000
1116,8_8_8,seq_ABC,hard,,1.00000000,1,199,1,1,0,0.00000000,0.00000000,0.00000000,0.00000000,S=8,0,0,0.00000000
1116,8_8_8,seq_ABC,filter_l0.00,0.00,1.00000000,1,175,1,25,0,0.00000000,0.00000066,0.00000000,0.00000805,S=8,0,0,0.00000000
1116,8_8_8,seq_ABC,filter_l0.20,0.20,0.53000000,0,11,1,191,0,0.40333333,1.06878299,0.53249156,1.23683038,S=8,0,0,0.00000000
1116,8_8_8,seq_ABC,filter_l1.00,1.00,0.22000000,0,3,1,199,0,0.64666667,1.67832532,0.73076301,1.76960566,S=8,0,0,0.22222222
1117,8_8_8,sync,hard,,1.00000000,1,199,1,1,0,0.00000000,0.00000000,0.00000000,0.00000000,S=8,0,0,0.00000000
1117,8_8_8,sync,filter_l0.00,0.00,1.00000000,1,109,1,91,0,0.00000000,0.00198716,0.00009043,0.01056022,S=8,0,0,0.00000000
1117,8_8_8,sync,filter_l0.20,0.20,0.67000000,0,12,0,,1,0.32000000,0.90017145,0.43351642,1.13407917,not_aligned,0,0,0.00000000
1117,8_8_8,sync,filter_l1.00,1.00,0.26000000,0,6,0,,1,0.59666667,1.63964221,0.70764616,1.74789519,not_aligned,0,0,0.66666667
1117,8_8_8,seq_ABC,hard,,1.00000000,1,199,1,1,0,0.00000000,0.00000000,0.00000000,0.00000000,S=8,0,0,0.00000000
1117,8_8_8,seq_ABC,filter_l0.00,0.00,1.00000000,1,184,1,16,0,0.00000000,0.00035859,0.00000201,0.00264682,S=8,1,0,0.00000000
1117,8_8_8,seq_ABC,filter_l0.20,0.20,0.69000000,0,14,0,,1,0.25333333,0.83157678,0.40311951,1.11946821,not_aligned,1,0,0.22222222
1117,8_8_8,seq_ABC,filter_l1.00,1.00,0.34000000,0,5,0,,1,0.57000000,1.62306497,0.69605031,1.74877341,not_aligned,1,0,0.22222222
1118,8_8_8,sync,hard,,1.00000000,1,199,1,1,0,0.00000000,0.00000000,0.00000000,0.00000000,S=8,0,0,0.00000000
1118,8_8_8,sync,filter_l0.00,0.00,1.00000000,1,195,1,5,0,0.00000000,0.00009210,0.00000013,0.00080022,S=8,0,0,0.00000000
1118,8_8_8,sync,filter_l0.20,0.20,0.55000000,0,18,1,199,0,0.38333333,1.02353170,0.51463667,1.23905691,other_aligned,0,0,0.88888889
1118,8_8_8,sync,filter_l1.00,1.00,0.07000000,0,7,0,,1,0.67333333,1.74459480,0.75762320,1.79902130,not_aligned,0,0,0.88888889
1118,8_8_8,seq_ABC,hard,,1.00000000,1,199,1,1,0,0.00000000,0.00000000,0.00000000,0.00000000,S=8,0,0,0.00000000
1118,8_8_8,seq_ABC,filter_l0.00,0.00,1.00000000,1,200,1,0,0,0.00000000,0.00004149,0.00000003,0.00039401,S=8,1,0,0.00000000
1118,8_8_8,seq_ABC,filter_l0.20,0.20,0.57000000,0,22,0,,1,0.41333333,1.00957998,0.50545301,1.24390720,not_aligned,1,0,0.66666667
1118,8_8_8,seq_ABC,filter_l1.00,1.00,0.23000000,0,7,0,,1,0.67000000,1.74791227,0.75192184,1.79216058,not_aligned,1,0,2.00000000
1119,8_8_8,sync,hard,,1.00000000,1,199,1,1,0,0.00000000,0.00000000,0.00000000,0.00000000,S=8,0,0,0.00000000
1119,8_8_8,sync,filter_l0.00,0.00,1.00000000,1,177,1,23,0,0.00000000,0.00006903,0.00000019,0.00056218,S=8,0,0,0.00000000
1119,8_8_8,sync,filter_l0.20,0.20,0.65000000,0,18,0,,1,0.28000000,0.87211143,0.43132823,1.14687171,not_aligned,0,0,0.22222222
1119,8_8_8,sync,filter_l1.00,1.00,0.29000000,0,6,1,199,0,0.65333333,1.64327792,0.72249697,1.76018371,S=8,0,0,0.22222222
1119,8_8_8,seq_ABC,hard,,1.00000000,1,199,1,1,0,0.00000000,0.00000000,0.00000000,0.00000000,S=8,0,0,0.00000000
1119,8_8_8,seq_ABC,filter_l0.00,0.00,1.00000000,1,198,1,2,0,0.00000000,0.00006878,0.00000019,0.00055906,S=8,1,0,0.00000000
1119,8_8_8,seq_ABC,filter_l0.20,0.20,0.67000000,0,12,1,199,0,0.29000000,0.88677265,0.43778785,1.16220297,S=8,1,0,0.22222222
1119,8_8_8,seq_ABC,filter_l1.00,1.00,0.36000000,0,6,0,,1,0.62666667,1.63158674,0.71458333,1.76091344,not_aligned,1,0,0.22222222
1120,8_8_8,sync,hard,,1.00000000,1,199,1,1,0,0.00000000,0.00000000,0.00000000,0.00000000,S=8,0,0,0.00000000
1120,8_8_8,sync,filter_l0.00,0.00,1.00000000,1,122,1,78,0,0.01000000,0.05510099,0.02536324,0.11068785,S=8,0,0,0.00000000
1120,8_8_8,sync,filter_l0.20,0.20,0.60000000,0,12,0,,1,0.33666667,0.94748287,0.48427362,1.19107596,not_aligned,0,0,0.00000000
1120,8_8_8,sync,filter_l1.00,1.00,0.15000000,0,4,0,,1,0.63666667,1.71977896,0.74758656,1.77581671,not_aligned,0,0,0.00000000
1120,8_8_8,seq_ABC,hard,,1.00000000,1,199,1,1,0,0.00000000,0.00000000,0.00000000,0.00000000,S=8,0,0,0.00000000
1120,8_8_8,seq_ABC,filter_l0.00,0.00,1.00000000,1,122,1,78,0,0.01000000,0.05407699,0.02528354,0.10639647,S=8,1,0,0.00000000
1120,8_8_8,seq_ABC,filter_l0.20,0.20,0.65000000,0,14,0,,1,0.33000000,0.90004680,0.45535574,1.19210750,not_aligned,1,0,0.22222222
1120,8_8_8,seq_ABC,filter_l1.00,1.00,0.19000000,0,4,0,,1,0.64666667,1.71894305,0.75034873,1.78401654,not_aligned,1,0,0.22222222
1121,8_8_8,sync,hard,,1.00000000,1,199,1,1,0,0.00000000,0.00000000,0.00000000,0.00000000,S=8,0,0,0.00000000
1121,8_8_8,sync,filter_l0.00,0.00,1.00000000,1,172,1,28,0,0.00000000,0.00000031,0.00000000,0.00000397,S=8,1,0,0.00000000
1121,8_8_8,sync,filter_l0.20,0.20,0.70000000,0,15,1,192,0,0.27000000,0.82001261,0.41509769,1.13429036,S=8,1,0,0.00000000
1121,8_8_8,sync,filter_l1.00,1.00,0.27000000,0,6,0,,1,0.67333333,1.69128292,0.74400439,1.78242223,not_aligned,1,0,0.22222222
1121,8_8_8,seq_ABC,hard,,1.00000000,1,199,1,1,0,0.00000000,0.00000000,0.00000000,0.00000000,S=8,0,0,0.00000000
1121,8_8_8,seq_ABC,filter_l0.00,0.00,1.00000000,1,175,1,25,0,0.00000000,0.00000030,0.00000000,0.00000381,S=8,1,0,0.00000000
1121,8_8_8,seq_ABC,filter_l0.20,0.20,0.69000000,0,13,1,198,0,0.27333333,0.83170794,0.42344076,1.13082250,S=8,1,0,0.00000000
1121,8_8_8,seq_ABC,filter_l1.00,1.00,0.24000000,0,5,0,,1,0.63666667,1.63515906,0.72134688,1.77032549,not_aligned,1,0,0.88888889
1122,8_8_8,sync,hard,,1.00000000,1,199,1,1,0,0.00000000,0.00000000,0.00000000,0.00000000,S=8,0,0,0.00000000
1122,8_8_8,sync,filter_l0.00,0.00,1.00000000,1,175,1,25,0,0.00000000,0.00015834,0.00000071,0.00120884,S=8,0,0,0.00000000
1122,8_8_8,sync,filter_l0.20,0.20,0.72000000,0,24,0,,1,0.20666667,0.73291800,0.35569262,1.06986633,not_aligned,0,0,0.22222222
1122,8_8_8,sync,filter_l1.00,1.00,0.20000000,0,3,0,,1,0.55666667,1.62491954,0.70373976,1.76104857,not_aligned,0,0,0.88888889
1122,8_8_8,seq_ABC,hard,,1.00000000,1,199,1,1,0,0.00000000,0.00000000,0.00000000,0.00000000,S=8,0,0,0.00000000
1122,8_8_8,seq_ABC,filter_l0.00,0.00,1.00000000,1,175,1,25,0,0.00000000,0.00004630,0.00000003,0.00042806,S=8,0,0,0.00000000
1122,8_8_8,seq_ABC,filter_l0.20,0.20,0.73000000,0,23,0,,1,0.18333333,0.70307217,0.33574082,1.04613788,not_aligned,0,0,0.22222222
1122,8_8_8,seq_ABC,filter_l1.00,1.00,0.24000000,0,4,0,,1,0.57666667,1.60439833,0.69523290,1.74307397,not_aligned,0,0,0.88888889
1123,8_8_8,sync,hard,,1.00000000,1,199,1,1,0,0.00000000,0.00000000,0.00000000,0.00000000,S=8,1,0,0.00000000
1123,8_8_8,sync,filter_l0.00,0.00,1.00000000,1,110,1,90,0,0.00000000,0.00045502,0.00000855,0.00270028,S=8,0,0,0.00000000
1123,8_8_8,sync,filter_l0.20,0.20,0.55000000,0,13,1,197,0,0.35000000,0.96658928,0.47703892,1.19516280,S=8,0,0,0.00000000
1123,8_8_8,sync,filter_l1.00,1.00,0.07000000,0,4,0,,1,0.64666667,1.74041764,0.76569976,1.80432652,not_aligned,0,0,0.88888889
1123,8_8_8,seq_ABC,hard,,1.00000000,1,199,1,1,0,0.00000000,0.00000000,0.00000000,0.00000000,S=8,1,0,0.00000000
1123,8_8_8,seq_ABC,filter_l0.00,0.00,1.00000000,1,173,1,27,0,0.00000000,0.00045207,0.00000855,0.00266880,S=8,1,0,0.00000000
1123,8_8_8,seq_ABC,filter_l0.20,0.20,0.58000000,0,17,1,189,0,0.33333333,0.96311934,0.47357892,1.18789031,S=8,1,0,0.00000000
1123,8_8_8,seq_ABC,filter_l1.00,1.00,0.17000000,0,4,0,,1,0.61666667,1.68332440,0.73458668,1.76824979,not_aligned,1,0,0.22222222
1124,8_8_8,sync,hard,,1.00000000,1,199,1,1,0,0.00000000,0.00000000,0.00000000,0.00000000,S=8,0,0,0.00000000
1124,8_8_8,sync,filter_l0.00,0.00,1.00000000,1,144,1,56,0,0.00000000,0.00649296,0.00114019,0.02379114,S=8,0,0,0.00000000
1124,8_8_8,sync,filter_l0.20,0.20,0.67000000,0,12,0,,1,0.24000000,0.75892083,0.37735247,1.12466693,not_aligned,0,0,0.00000000
1124,8_8_8,sync,filter_l1.00,1.00,0.25000000,0,4,0,,1,0.60666667,1.65243910,0.72172698,1.76271135,not_aligned,0,0,0.00000000
1124,8_8_8,seq_ABC,hard,,1.00000000,1,199,1,1,0,0.00000000,0.00000000,0.00000000,0.00000000,S=8,0,0,0.00000000
1124,8_8_8,seq_ABC,filter_l0.00,0.00,1.00000000,1,140,1,60,0,0.00000000,0.00861396,0.00134334,0.03187249,S=8,1,0,0.00000000
1124,8_8_8,seq_ABC,filter_l0.20,0.20,0.65000000,0,10,0,,1,0.24666667,0.83786373,0.41938349,1.14639885,not_aligned,1,0,0.00000000
1124,8_8_8,seq_ABC,filter_l1.00,1.00,0.31000000,0,4,0,,1,0.62666667,1.64002630,0.71911581,1.76042555,not_aligned,1,0,0.22222222
1125,8_8_8,sync,hard,,1.00000000,1,199,1,1,0,0.00000000,0.00000000,0.00000000,0.00000000,S=8,0,0,0.00000000
1125,8_8_8,sync,filter_l0.00,0.00,1.00000000,1,136,1,64,0,0.00000000,0.00352495,0.00022638,0.01603081,S=8,0,0,0.00000000
1125,8_8_8,sync,filter_l0.20,0.20,0.61000000,0,14,1,193,0,0.33666667,0.91030815,0.44503259,1.16890222,S=8,0,0,0.00000000
1125,8_8_8,sync,filter_l1.00,1.00,0.29000000,0,3,0,,1,0.59000000,1.63011877,0.71220626,1.76960566,not_aligned,0,0,0.00000000
1125,8_8_8,seq_ABC,hard,,1.00000000,1,199,1,1,0,0.00000000,0.00000000,0.00000000,0.00000000,S=8,0,0,0.00000000
1125,8_8_8,seq_ABC,filter_l0.00,0.00,1.00000000,1,163,1,37,0,0.00000000,0.01260881,0.00230589,0.04160300,S=8,0,0,0.00000000
1125,8_8_8,seq_ABC,filter_l0.20,0.20,0.59000000,0,19,0,,1,0.35000000,0.95286879,0.46535183,1.17588287,not_aligned,0,0,0.00000000
1125,8_8_8,seq_ABC,filter_l1.00,1.00,0.21000000,0,3,0,,1,0.57333333,1.61896787,0.70525421,1.76802025,not_aligned,0,0,0.22222222
1126,8_8_8,sync,hard,,1.00000000,1,199,1,1,0,0.00000000,0.00000000,0.00000000,0.00000000,S=8,1,0,0.00000000
1126,8_8_8,sync,filter_l0.00,0.00,1.00000000,1,176,1,24,0,0.00000000,0.00004803,0.00000008,0.00041530,S=8,0,0,0.00000000
1126,8_8_8,sync,filter_l0.20,0.20,0.66000000,0,12,1,199,0,0.39000000,0.94824505,0.47926416,1.12490871,S=8,0,0,0.22222222
1126,8_8_8,sync,filter_l1.00,1.00,0.33000000,0,4,1,199,0,0.63000000,1.57846399,0.69738812,1.74716736,other_aligned,0,0,0.22222222
1126,8_8_8,seq_ABC,hard,,1.00000000,1,199,1,1,0,0.00000000,0.00000000,0.00000000,0.00000000,S=8,1,0,0.00000000
1126,8_8_8,seq_ABC,filter_l0.00,0.00,1.00000000,1,176,1,24,0,0.00000000,0.00004296,0.00000008,0.00037164,S=8,0,0,0.00000000
1126,8_8_8,seq_ABC,filter_l0.20,0.20,0.67000000,0,11,1,189,0,0.40000000,0.98938853,0.50385886,1.13482020,S=8,1,0,0.00000000
1126,8_8_8,seq_ABC,filter_l1.00,1.00,0.31000000,0,6,1,199,0,0.61000000,1.58635586,0.70086670,1.75673489,other_aligned,1,0,0.66666667
1127,8_8_8,sync,hard,,1.00000000,1,199,1,1,0,0.00000000,0.00000000,0.00000000,0.00000000,S=8,0,0,0.00000000
1127,8_8_8,sync,filter_l0.00,0.00,1.00000000,1,126,1,74,0,0.00666667,0.05326345,0.02299864,0.11249069,S=8,0,0,0.00000000
1127,8_8_8,sync,filter_l0.20,0.20,0.70000000,0,9,1,196,0,0.31000000,0.94069847,0.47418785,1.16669582,S=8,0,0,0.00000000
1127,8_8_8,sync,filter_l1.00,1.00,0.19000000,0,5,0,,1,0.65333333,1.68006041,0.73387318,1.77218321,not_aligned,0,0,0.66666667
1127,8_8_8,seq_ABC,hard,,1.00000000,1,199,1,1,0,0.00000000,0.00000000,0.00000000,0.00000000,S=8,0,0,0.00000000
1127,8_8_8,seq_ABC,filter_l0.00,0.00,1.00000000,1,126,1,74,0,0.00000000,0.00813686,0.00092752,0.03313334,S=8,0,0,0.00000000
1127,8_8_8,seq_ABC,filter_l0.20,0.20,0.63000000,0,7,1,196,0,0.32666667,0.94868979,0.47400662,1.21003569,S=8,0,0,0.00000000
1127,8_8_8,seq_ABC,filter_l1.00,1.00,0.28000000,0,8,0,,1,0.68000000,1.72206557,0.74783192,1.78218093,not_aligned,0,0,0.88888889
1128,8_8_8,sync,hard,,1.00000000,1,199,1,1,0,0.00000000,0.00000000,0.00000000,0.00000000,S=8,0,0,0.00000000
1128,8_8_8,sync,filter_l0.00,0.00,1.00000000,1,176,1,24,0,0.00000000,0.00001126,0.00000000,0.00012156,S=8,0,0,0.00000000
1128,8_8_8,sync,filter_l0.20,0.20,0.68000000,0,10,1,197,0,0.34333333,0.95488307,0.46543416,1.17620958,S=8,0,0,0.00000000
1128,8_8_8,sync,filter_l1.00,1.00,0.15000000,0,5,0,,1,0.64000000,1.66561102,0.73242345,1.76663893,not_aligned,0,0,0.00000000
1128,8_8_8,seq_ABC,hard,,1.00000000,1,199,1,1,0,0.00000000,0.00000000,0.00000000,0.00000000,S=8,0,0,0.00000000
1128,8_8_8,seq_ABC,filter_l0.00,0.00,1.00000000,1,164,1,36,0,0.00000000,0.00000912,0.00000000,0.00009572,S=8,0,0,0.00000000
1128,8_8_8,seq_ABC,filter_l0.20,0.20,0.72000000,0,11,1,196,0,0.26000000,0.86065021,0.41502066,1.14838732,S=8,0,0,0.00000000
1128,8_8_8,seq_ABC,filter_l1.00,1.00,0.29000000,0,5,0,,1,0.64000000,1.68284897,0.73326837,1.76316699,not_aligned,0,0,0.22222222
1129,8_8_8,sync,hard,,1.00000000,1,199,1,1,0,0.00000000,0.00000000,0.00000000,0.00000000,S=8,0,0,0.00000000
1129,8_8_8,sync,filter_l0.00,0.00,1.00000000,1,182,1,18,0,0.00000000,0.00007864,0.00000010,0.00068046,S=8,0,0,0.00000000
1129,8_8_8,sync,filter_l0.20,0.20,0.70000000,0,14,0,,1,0.34000000,0.89834996,0.45812292,1.14372253,not_aligned,0,0,2.00000000
1129,8_8_8,sync,filter_l1.00,1.00,0.29000000,0,4,0,,1,0.65666667,1.66937232,0.73905402,1.77293335,not_aligned,0,0,0.88888889
1129,8_8_8,seq_ABC,hard,,1.00000000,1,199,1,1,0,0.00000000,0.00000000,0.00000000,0.00000000,S=8,0,0,0.00000000
1129,8_8_8,seq_ABC,filter_l0.00,0.00,1.00000000,1,182,1,18,0,0.00000000,0.00007864,0.00000010,0.00068046,S=8,0,0,0.00000000
1129,8_8_8,seq_ABC,filter_l0.20,0.20,0.69000000,0,11,0,,1,0.33333333,0.88867625,0.45521334,1.14204794,not_aligned,0,0,0.88888889
1129,8_8_8,seq_ABC,filter_l1.00,1.00,0.29000000,0,6,0,,1,0.61666667,1.62352924,0.71677097,1.76604451,not_aligned,0,0,0.00000000
1130,8_8_8,sync,hard,,1.00000000,1,199,1,1,0,0.00000000,0.00000000,0.00000000,0.00000000,S=8,0,0,0.00000000
1130,8_8_8,sync,filter_l0.00,0.00,1.00000000,1,171,1,29,0,0.00000000,0.00000391,0.00000000,0.00003881,S=8,0,0,0.00000000
1130,8_8_8,sync,filter_l0.20,0.20,0.55000000,0,11,1,192,0,0.35000000,0.98188888,0.47948395,1.19081709,S=8,0,0,0.00000000
1130,8_8_8,sync,filter_l1.00,1.00,0.22000000,0,7,0,,1,0.64000000,1.67296210,0.72550973,1.75870325,not_aligned,0,0,0.00000000
1130,8_8_8,seq_ABC,hard,,1.00000000,1,199,1,1,0,0.00000000,0.00000000,0.00000000,0.00000000,S=8,0,0,0.00000000
1130,8_8_8,seq_ABC,filter_l0.00,0.00,1.00000000,1,187,1,13,0,0.00000000,0.00000143,0.00000000,0.00001568,S=8,1,0,0.00000000
1130,8_8_8,seq_ABC,filter_l0.20,0.20,0.59000000,0,14,1,192,0,0.36333333,0.98200678,0.47637855,1.19277960,S=8,1,0,0.00000000
1130,8_8_8,seq_ABC,filter_l1.00,1.00,0.27000000,0,7,0,,1,0.62666667,1.66326656,0.71992284,1.75596494,not_aligned,1,0,0.00000000
1131,8_8_8,sync,hard,,1.00000000,1,199,1,1,0,0.00000000,0.00000000,0.00000000,0.00000000,S=8,0,0,0.00000000
1131,8_8_8,sync,filter_l0.00,0.00,1.00000000,1,130,1,70,0,0.00000000,0.01329848,0.00481258,0.03357578,S=8,0,0,0.00000000
1131,8_8_8,sync,filter_l0.20,0.20,0.44000000,0,6,1,198,0,0.44333333,1.24085136,0.58376120,1.35179111,S=8,0,0,0.00000000
1131,8_8_8,sync,filter_l1.00,1.00,0.23000000,0,6,0,,1,0.65666667,1.82874975,0.76761677,1.79932473,not_aligned,0,0,0.66666667
1131,8_8_8,seq_ABC,hard,,1.00000000,1,199,1,1,0,0.00000000,0.00000000,0.00000000,0.00000000,S=8,0,0,0.00000000
1131,8_8_8,seq_ABC,filter_l0.00,0.00,1.00000000,1,130,1,70,0,0.00000000,0.01330215,0.00481258,0.03361731,S=8,0,0,0.00000000
1131,8_8_8,seq_ABC,filter_l0.20,0.20,0.43000000,0,7,1,199,0,0.47000000,1.29886233,0.60598334,1.36325335,S=8,0,0,0.22222222
1131,8_8_8,seq_ABC,filter_l1.00,1.00,0.11000000,0,3,0,,1,0.67333333,1.83698764,0.78906525,1.82320540,not_aligned,0,0,0.22222222
1132,8_8_8,sync,hard,,1.00000000,1,199,1,1,0,0.00000000,0.00000000,0.00000000,0.00000000,S=8,0,0,0.00000000
1132,8_8_8,sync,filter_l0.00,0.00,1.00000000,1,148,1,52,0,0.00000000,0.00000059,0.00000000,0.00000768,S=8,0,0,0.00000000
1132,8_8_8,sync,filter_l0.20,0.20,0.59000000,0,25,0,,1,0.28333333,0.89797948,0.42565337,1.14540109,not_aligned,0,0,0.88888889
1132,8_8_8,sync,filter_l1.00,1.00,0.21000000,0,4,1,199,0,0.63333333,1.69042504,0.73342655,1.76321029,other_aligned,0,0,0.88888889
1132,8_8_8,seq_ABC,hard,,1.00000000,1,199,1,1,0,0.00000000,0.00000000,0.00000000,0.00000000,S=8,0,0,0.00000000
1132,8_8_8,seq_ABC,filter_l0.00,0.00,1.00000000,1,148,1,52,0,0.00000000,0.00000059,0.00000000,0.00000768,S=8,1,0,0.00000000
1132,8_8_8,seq_ABC,filter_l0.20,0.20,0.52000000,0,17,0,,1,0.32666667,0.96985612,0.46455981,1.17185331,not_aligned,1,0,0.88888889
1132,8_8_8,seq_ABC,filter_l1.00,1.00,0.28000000,0,6,0,,1,0.61666667,1.66959262,0.72365600,1.75817781,not_aligned,1,0,1.55555556
1133,8_8_8,sync,hard,,1.00000000,1,199,1,1,0,0.00000000,0.00000000,0.00000000,0.00000000,S=8,0,0,0.00000000
1133,8_8_8,sync,filter_l0.00,0.00,1.00000000,1,183,1,17,0,0.00333333,0.02624021,0.01265781,0.05253667,S=8,0,0,0.00000000
1133,8_8_8,sync,filter_l0.20,0.20,0.60000000,0,11,0,,1,0.33666667,0.96114248,0.47270491,1.20498940,not_aligned,0,0,0.00000000
1133,8_8_8,sync,filter_l1.00,1.00,0.18000000,0,3,0,,1,0.63333333,1.74901810,0.75159928,1.79532658,not_aligned,0,0,0.00000000
1133,8_8_8,seq_ABC,hard,,1.00000000,1,199,1,1,0,0.00000000,0.00000000,0.00000000,0.00000000,S=8,0,0,0.00000000
1133,8_8_8,seq_ABC,filter_l0.00,0.00,1.00000000,1,103,1,97,0,0.00333333,0.02621719,0.01265771,0.05237366,S=8,1,0,0.00000000
1133,8_8_8,seq_ABC,filter_l0.20,0.20,0.66000000,0,10,0,,1,0.31333333,0.90602366,0.44446657,1.18241388,not_aligned,1,0,0.00000000
1133,8_8_8,seq_ABC,filter_l1.00,1.00,0.24000000,0,7,0,,1,0.62666667,1.68445770,0.72471983,1.76961228,not_aligned,1,0,0.00000000
1134,8_8_8,sync,hard,,1.00000000,1,199,1,1,0,0.00000000,0.00000000,0.00000000,0.00000000,S=8,0,0,0.00000000
1134,8_8_8,sync,filter_l0.00,0.00,1.00000000,1,163,1,37,0,0.00000000,0.00030409,0.00000191,0.00213691,S=8,0,0,0.00000000
1134,8_8_8,sync,filter_l0.20,0.20,0.62000000,0,11,0,,1,0.27333333,0.88669807,0.43183696,1.16235584,not_aligned,0,0,0.00000000
1134,8_8_8,sync,filter_l1.00,1.00,0.24000000,0,5,0,,1,0.64333333,1.70248594,0.73306891,1.75870425,not_aligned,0,0,0.22222222
1134,8_8_8,seq_ABC,hard,,1.00000000,1,199,1,1,0,0.00000000,0.00000000,0.00000000,0.00000000,S=8,0,0,0.00000000
1134,8_8_8,seq_ABC,filter_l0.00,0.00,1.00000000,1,163,1,37,0,0.00000000,0.00029736,0.00000191,0.00207631,S=8,0,0,0.00000000
1134,8_8_8,seq_ABC,filter_l0.20,0.20,0.63000000,0,10,0,,1,0.29666667,0.88181901,0.43009672,1.18288456,not_aligned,0,0,0.22222222
1134,8_8_8,seq_ABC,filter_l1.00,1.00,0.20000000,0,4,1,199,0,0.65333333,1.72629265,0.74267278,1.76173007,other_aligned,0,0,0.22222222
1135,8_8_8,sync,hard,,1.00000000,1,199,1,1,0,0.00000000,0.00000000,0.00000000,0.00000000,S=8,0,0,0.00000000
1135,8_8_8,sync,filter_l0.00,0.00,1.00000000,1,190,1,10,0,0.00333333,0.02406568,0.01268845,0.04292221,S=8,0,0,0.00000000
1135,8_8_8,sync,filter_l0.20,0.20,0.47000000,0,7,0,,1,0.46666667,1.10515099,0.56113006,1.27841021,not_aligned,0,0,0.00000000
1135,8_8_8,sync,filter_l1.00,1.00,0.10000000,0,4,0,,1,0.69333333,1.85167032,0.79390727,1.82175820,not_aligned,0,0,0.22222222
1135,8_8_8,seq_ABC,hard,,1.00000000,1,199,1,1,0,0.00000000,0.00000000,0.00000000,0.00000000,S=8,0,0,0.00000000
1135,8_8_8,seq_ABC,filter_l0.00,0.00,1.00000000,1,192,1,8,0,0.00333333,0.02402081,0.01268832,0.04257751,S=8,1,0,0.00000000
1135,8_8_8,seq_ABC,filter_l0.20,0.20,0.51000000,0,10,0,,1,0.44666667,1.10372875,0.54691459,1.28810724,not_aligned,1,0,0.00000000
1135,8_8_8,seq_ABC,filter_l1.00,1.00,0.20000000,0,4,0,,1,0.64666667,1.75253210,0.74837595,1.78252133,not_aligned,1,0,0.88888889
1136,8_8_8,sync,hard,,1.00000000,1,199,1,1,0,0.00000000,0.00000000,0.00000000,0.00000000,S=8,0,0,0.00000000
1136,8_8_8,sync,filter_l0.00,0.00,1.00000000,1,177,1,23,0,0.00000000,0.00567313,0.00056695,0.02367581,S=8,0,0,0.00000000
1136,8_8_8,sync,filter_l0.20,0.20,0.55000000,0,10,1,199,0,0.45333333,1.03237270,0.54591545,1.25338185,S=8,0,0,0.22222222
1136,8_8_8,sync,filter_l1.00,1.00,0.29000000,0,7,0,,1,0.68000000,1.68884986,0.73808679,1.76797647,not_aligned,0,0,0.88888889
1136,8_8_8,seq_ABC,hard,,1.00000000,1,199,1,1,0,0.00000000,0.00000000,0.00000000,0.00000000,S=8,0,0,0.00000000
1136,8_8_8,seq_ABC,filter_l0.00,0.00,1.00000000,1,177,1,23,0,0.00000000,0.00562959,0.00056682,0.02332577,S=8,1,0,0.00000000
1136,8_8_8,seq_ABC,filter_l0.20,0.20,0.55000000,0,11,1,195,0,0.42666667,1.02238175,0.53946032,1.21856941,S=8,1,0,0.00000000
1136,8_8_8,seq_ABC,filter_l1.00,1.00,0.27000000,0,10,0,,1,0.67666667,1.71106656,0.74648847,1.77898988,not_aligned,1,0,0.66666667
1137,8_8_8,sync,hard,,1.00000000,1,199,1,1,0,0.00000000,0.00000000,0.00000000,0.00000000,S=8,0,0,0.00000000
1137,8_8_8,sync,filter_l0.00,0.00,1.00000000,1,140,1,60,0,0.00000000,0.00031183,0.00000789,0.00197161,S=8,0,0,0.00000000
1137,8_8_8,sync,filter_l0.20,0.20,0.70000000,0,17,0,,1,0.19333333,0.70458720,0.33911297,1.04310991,not_aligned,0,0,0.00000000
1137,8_8_8,sync,filter_l1.00,1.00,0.18000000,0,4,0,,1,0.61666667,1.59935909,0.71367610,1.75746092,not_aligned,0,0,0.00000000
1137,8_8_8,seq_ABC,hard,,1.00000000,1,199,1,1,0,0.00000000,0.00000000,0.00000000,0.00000000,S=8,0,0,0.00000000
1137,8_8_8,seq_ABC,filter_l0.00,0.00,1.00000000,1,140,1,60,0,0.00000000,0.00015689,0.00000117,0.00117582,S=8,0,0,0.00000000
1137,8_8_8,seq_ABC,filter_l0.20,0.20,0.67000000,0,12,0,,1,0.21333333,0.71209397,0.34426730,1.04370453,not_aligned,0,0,0.00000000
1137,8_8_8,seq_ABC,filter_l1.00,1.00,0.22000000,0,6,0,,1,0.59666667,1.59921891,0.70719543,1.75540416,not_aligned,0,0,0.22222222
1138,8_8_8,sync,hard,,1.00000000,1,199,1,1,0,0.00000000,0.00000000,0.00000000,0.00000000,S=8,0,0,0.00000000
1138,8_8_8,sync,filter_l0.00,0.00,1.00000000,1,197,1,3,0,0.00000000,0.00001891,0.00000001,0.00017701,S=8,1,0,0.00000000
1138,8_8_8,sync,filter_l0.20,0.20,0.69000000,0,22,0,,1,0.31666667,0.90911007,0.44404325,1.16480521,not_aligned,1,0,0.22222222
1138,8_8_8,sync,filter_l1.00,1.00,0.32000000,0,4,1,199,0,0.63000000,1.69840733,0.73180621,1.76633649,other_aligned,1,0,0.22222222
1138,8_8_8,seq_ABC,hard,,1.00000000,1,199,1,1,0,0.00000000,0.00000000,0.00000000,0.00000000,S=8,0,0,0.00000000
1138,8_8_8,seq_ABC,filter_l0.00,0.00,1.00000000,1,192,1,8,0,0.00000000,0.00001887,0.00000001,0.00017652,S=8,1,0,0.00000000
1138,8_8_8,seq_ABC,filter_l0.20,0.20,0.60000000,0,12,0,,1,0.36333333,0.96211889,0.46577710,1.18482995,not_aligned,1,0,0.22222222
1138,8_8_8,seq_ABC,filter_l1.00,1.00,0.19000000,0,3,0,,1,0.62666667,1.69046809,0.73077127,1.76723593,not_aligned,1,0,0.66666667
1139,8_8_8,sync,hard,,1.00000000,1,199,1,1,0,0.00000000,0.00000000,0.00000000,0.00000000,S=8,0,0,0.00000000
1139,8_8_8,sync,filter_l0.00,0.00,1.00000000,1,178,1,22,0,0.00000000,0.00002758,0.00000001,0.00028904,S=8,0,0,0.00000000
1139,8_8_8,sync,filter_l0.20,0.20,0.33000000,0,11,0,,1,0.56666667,1.34798156,0.64767271,1.42745358,not_aligned,0,0,0.00000000
1139,8_8_8,sync,filter_l1.00,1.00,0.04000000,0,3,0,,1,0.67666667,1.91090443,0.79922402,1.82724260,not_aligned,0,0,2.00000000
1139,8_8_8,seq_ABC,hard,,1.00000000,1,199,1,1,0,0.00000000,0.00000000,0.00000000,0.00000000,S=8,0,0,0.00000000
1139,8_8_8,seq_ABC,filter_l0.00,0.00,1.00000000,1,178,1,22,0,0.00000000,0.00007057,0.00000004,0.00066641,S=8,0,0,0.00000000
1139,8_8_8,seq_ABC,filter_l0.20,0.20,0.42000000,0,15,0,,1,0.52333333,1.29969102,0.62900164,1.41433736,not_aligned,0,0,0.00000000
1139,8_8_8,seq_ABC,filter_l1.00,1.00,0.17000000,0,5,1,199,0,0.69333333,1.88211189,0.78804091,1.80963286,other_aligned,0,0,0.66666667
1140,8_8_8,sync,hard,,1.00000000,1,199,1,1,0,0.00000000,0.00000000,0.00000000,0.00000000,S=8,0,0,0.00000000
1140,8_8_8,sync,filter_l0.00,0.00,1.00000000,1,166,1,34,0,0.00000000,0.00800225,0.00136688,0.02785645,S=8,0,0,0.00000000
1140,8_8_8,sync,filter_l0.20,0.20,0.45000000,0,18,1,198,0,0.60333333,1.36095535,0.67799180,1.39054874,S=8,0,0,0.00000000
1140,8_8_8,sync,filter_l1.00,1.00,0.21000000,0,5,0,,1,0.70666667,1.78788772,0.76853424,1.78672631,not_aligned,0,0,0.00000000
1140,8_8_8,seq_ABC,hard,,1.00000000,1,199,1,1,0,0.00000000,0.00000000,0.00000000,0.00000000,S=8,0,0,0.00000000
1140,8_8_8,seq_ABC,filter_l0.00,0.00,1.00000000,1,197,1,3,0,0.00000000,0.00297232,0.00020754,0.01347039,S=8,0,0,0.00000000
1140,8_8_8,seq_ABC,filter_l0.20,0.20,0.48000000,0,8,1,197,0,0.53666667,1.24071103,0.62302042,1.33772731,S=8,0,0,0.00000000
1140,8_8_8,seq_ABC,filter_l1.00,1.00,0.18000000,0,5,1,199,0,0.73333333,1.85104255,0.79924939,1.81414326,S=8,0,0,0.22222222
1141,8_8_8,sync,hard,,1.00000000,1,199,1,1,0,0.00000000,0.00000000,0.00000000,0.00000000,S=8,0,0,0.00000000
1141,8_8_8,sync,filter_l0.00,0.00,1.00000000,1,180,1,20,0,0.00000000,0.00002258,0.00000001,0.00021184,S=8,0,0,0.00000000
1141,8_8_8,sync,filter_l0.20,0.20,0.59000000,0,9,1,197,0,0.33000000,0.96420372,0.46656422,1.21500242,S=8,0,0,0.00000000
1141,8_8_8,sync,filter_l1.00,1.00,0.21000000,0,6,0,,1,0.65000000,1.73880646,0.75206528,1.77736716,not_aligned,0,0,0.00000000
1141,8_8_8,seq_ABC,hard,,1.00000000,1,199,1,1,0,0.00000000,0.00000000,0.00000000,0.00000000,S=8,0,0,0.00000000
1141,8_8_8,seq_ABC,filter_l0.00,0.00,1.00000000,1,183,1,17,0,0.00000000,0.00002602,0.00000002,0.00024594,S=8,0,0,0.00000000
1141,8_8_8,seq_ABC,filter_l0.20,0.20,0.55000000,0,16,1,197,0,0.36666667,0.98324065,0.48424855,1.21780638,S=8,0,0,0.00000000
1141,8_8_8,seq_ABC,filter_l1.00,1.00,0.24000000,0,8,0,,1,0.61333333,1.68636446,0.72498871,1.75957063,not_aligned,0,0,0.00000000
1142,8_8_8,sync,hard,,1.00000000,1,199,1,1,0,0.00000000,0.00000000,0.00000000,0.00000000,S=8,0,0,0.00000000
1142,8_8_8,sync,filter_l0.00,0.00,1.00000000,1,194,1,6,0,0.00000000,0.00032763,0.00000197,0.00233187,S=8,0,0,0.00000000
1142,8_8_8,sync,filter_l0.20,0.20,0.49000000,0,18,0,,1,0.38000000,1.12070922,0.53889662,1.27645807,not_aligned,0,0,5.55555556
1142,8_8_8,sync,filter_l1.00,1.00,0.11000000,0,7,0,,1,0.66333333,1.75020428,0.75134912,1.77904335,not_aligned,0,0,0.88888889
1142,8_8_8,seq_ABC,hard,,1.00000000,1,199,1,1,0,0.00000000,0.00000000,0.00000000,0.00000000,S=8,0,0,0.00000000
1142,8_8_8,seq_ABC,filter_l0.00,0.00,1.00000000,1,183,1,17,0,0.00000000,0.00032763,0.00000197,0.00233187,S=8,1,0,0.00000000
1142,8_8_8,seq_ABC,filter_l0.20,0.20,0.52000000,0,13,0,,1,0.35666667,1.07472822,0.51463319,1.26016946,not_aligned,1,0,2.00000000
1142,8_8_8,seq_ABC,filter_l1.00,1.00,0.14000000,0,6,0,,1,0.67000000,1.76888455,0.76073778,1.78956048,not_aligned,1,0,0.88888889
1143,8_8_8,sync,hard,,1.00000000,1,199,1,1,0,0.00000000,0.00000000,0.00000000,0.00000000,S=8,0,0,0.00000000
1143,8_8_8,sync,filter_l0.00,0.00,1.00000000,1,178,1,22,0,0.00000000,0.00001308,0.00000000,0.00014206,S=8,1,0,0.00000000
1143,8_8_8,sync,filter_l0.20,0.20,0.56000000,0,13,1,199,0,0.41333333,1.04489486,0.53197023,1.22387415,S=8,1,0,0.22222222
1143,8_8_8,sync,filter_l1.00,1.00,0.11000000,0,5,0,,1,0.64333333,1.73024178,0.75809732,1.81055253,not_aligned,1,0,0.88888889
1143,8_8_8,seq_ABC,hard,,1.00000000,1,199,1,1,0,0.00000000,0.00000000,0.00000000,0.00000000,S=8,0,0,0.00000000
1143,8_8_8,seq_ABC,filter_l0.00,0.00,1.00000000,1,178,1,22,0,0.00000000,0.00001308,0.00000000,0.00014206,S=8,1,0,0.00000000
1143,8_8_8,seq_ABC,filter_l0.20,0.20,0.53000000,0,12,0,,1,0.43333333,1.06055734,0.54500820,1.20772643,not_aligned,1,0,0.22222222
1143,8_8_8,seq_ABC,filter_l1.00,1.00,0.17000000,0,5,1,199,0,0.62333333,1.65461021,0.72636011,1.77491827,S=8,1,0,0.22222222
1144,8_8_8,sync,hard,,1.00000000,1,199,1,1,0,0.00000000,0.00000000,0.00000000,0.00000000,S=8,0,0,0.00000000
1144,8_8_8,sync,filter_l0.00,0.00,1.00000000,1,145,1,55,0,0.00000000,0.00009660,0.00000013,0.00083615,S=8,0,0,0.00000000
1144,8_8_8,sync,filter_l0.20,0.20,0.72000000,0,14,0,,1,0.28333333,0.87296083,0.42016452,1.17986067,not_aligned,0,0,0.22222222
1144,8_8_8,sync,filter_l1.00,1.00,0.23000000,0,4,0,,1,0.66333333,1.72156669,0.74611128,1.78520774,not_aligned,0,0,0.22222222
1144,8_8_8,seq_ABC,hard,,1.00000000,1,199,1,1,0,0.00000000,0.00000000,0.00000000,0.00000000,S=8,0,0,0.00000000
1144,8_8_8,seq_ABC,filter_l0.00,0.00,1.00000000,1,143,1,57,0,0.00000000,0.00009029,0.00000013,0.00077721,S=8,0,0,0.00000000
1144,8_8_8,seq_ABC,filter_l0.20,0.20,0.71000000,0,9,1,197,0,0.29000000,0.88138023,0.42675725,1.18942688,S=8,0,0,0.00000000
1144,8_8_8,seq_ABC,filter_l1.00,1.00,0.22000000,0,4,0,,1,0.63000000,1.68647694,0.72812885,1.77654199,not_aligned,0,0,0.66666667
1145,8_8_8,sync,hard,,1.00000000,1,199,1,1,0,0.00000000,0.00000000,0.00000000,0.00000000,S=8,0,0,0.00000000
1145,8_8_8,sync,filter_l0.00,0.00,0.99000000,1,89,1,111,0,0.01333333,0.07990896,0.03029320,0.06509963,S=8,0,0,0.00000000
1145,8_8_8,sync,filter_l0.20,0.20,0.65000000,0,12,0,,1,0.33666667,0.97289570,0.48410075,1.26720899,not_aligned,0,0,0.00000000
1145,8_8_8,sync,filter_l1.00,1.00,0.18000000,0,5,0,,1,0.67666667,1.83013086,0.78651496,1.82081308,not_aligned,0,0,0.00000000
1145,8_8_8,seq_ABC,hard,,1.00000000,1,199,1,1,0,0.00000000,0.00000000,0.00000000,0.00000000,S=8,0,0,0.00000000
1145,8_8_8,seq_ABC,filter_l0.00,0.00,0.99000000,1,89,1,111,0,0.01333333,0.07650530,0.03029295,0.06511830,S=8,0,0,0.00000000
1145,8_8_8,seq_ABC,filter_l0.20,0.20,0.67000000,0,12,0,,1,0.34333333,1.01052724,0.50435334,1.29145992,not_aligned,0,0,0.00000000
1145,8_8_8,seq_ABC,filter_l1.00,1.00,0.32000000,0,6,0,,1,0.63333333,1.71122611,0.72968255,1.77213253,not_aligned,0,0,0.22222222
1146,8_8_8,sync,hard,,1.00000000,1,199,1,1,0,0.00000000,0.00000000,0.00000000,0.00000000,S=8,0,0,0.00000000
1146,8_8_8,sync,filter_l0.00,0.00,1.00000000,1,200,1,0,0,0.00000000,0.00000121,0.00000000,0.00001405,S=8,1,0,0.00000000
1146,8_8_8,sync,filter_l0.20,0.20,0.81000000,0,17,0,,1,0.17333333,0.66193830,0.32353693,1.09021017,not_aligned,1,0,0.00000000
1146,8_8_8,sync,filter_l1.00,1.00,0.24000000,0,4,0,,1,0.61666667,1.58630631,0.70058955,1.74911551,not_aligned,1,0,0.22222222
1146,8_8_8,seq_ABC,hard,,1.00000000,1,199,1,1,0,0.00000000,0.00000000,0.00000000,0.00000000,S=8,0,0,0.00000000
1146,8_8_8,seq_ABC,filter_l0.00,0.00,1.00000000,1,200,1,0,0,0.00000000,0.00000121,0.00000000,0.00001405,S=8,1,0,0.00000000
1146,8_8_8,seq_ABC,filter_l0.20,0.20,0.83000000,0,15,0,,1,0.18666667,0.66418774,0.32301634,1.08319606,not_aligned,1,0,0.00000000
1146,8_8_8,seq_ABC,filter_l1.00,1.00,0.41000000,0,4,0,,1,0.63000000,1.58903457,0.70467939,1.74395219,not_aligned,1,0,0.22222222
1147,8_8_8,sync,hard,,1.00000000,1,199,1,1,0,0.00000000,0.00000000,0.00000000,0.00000000,S=8,0,0,0.00000000
1147,8_8_8,sync,filter_l0.00,0.00,1.00000000,1,124,1,76,0,0.00000000,0.03242314,0.00938942,0.09083756,S=8,0,0,0.00000000
1147,8_8_8,sync,filter_l0.20,0.20,0.68000000,0,17,1,198,0,0.33666667,0.93367331,0.46842140,1.20435514,S=8,0,0,0.00000000
1147,8_8_8,sync,filter_l1.00,1.00,0.19000000,0,5,0,,1,0.63333333,1.68517112,0.73330903,1.78086670,not_aligned,0,0,0.22222222
1147,8_8_8,seq_ABC,hard,,1.00000000,1,199,1,1,0,0.00000000,0.00000000,0.00000000,0.00000000,S=8,0,0,0.00000000
1147,8_8_8,seq_ABC,filter_l0.00,0.00,1.00000000,1,118,1,82,0,0.00000000,0.00910491,0.00209018,0.03263552,S=8,1,0,0.00000000
1147,8_8_8,seq_ABC,filter_l0.20,0.20,0.66000000,0,19,1,198,0,0.32666667,0.95400222,0.47476375,1.19362803,S=8,1,0,0.00000000
1147,8_8_8,seq_ABC,filter_l1.00,1.00,0.22000000,0,5,0,,1,0.63666667,1.74519576,0.75370431,1.80847242,not_aligned,1,0,0.66666667
1148,8_8_8,sync,hard,,1.00000000,1,199,1,1,0,0.00000000,0.00000000,0.00000000,0.00000000,S=8,1,0,0.00000000
1148,8_8_8,sync,filter_l0.00,0.00,1.00000000,1,185,1,15,0,0.00000000,0.00000204,0.00000000,0.00002382,S=8,1,0,0.00000000
1148,8_8_8,sync,filter_l0.20,0.20,0.60000000,0,11,1,198,0,0.30666667,0.93028799,0.45266566,1.21221375,S=8,1,0,0.00000000
1148,8_8_8,sync,filter_l1.00,1.00,0.27000000,0,4,0,,1,0.61333333,1.65687132,0.72184995,1.76547534,not_aligned,1,0,0.88888889
1148,8_8_8,seq_ABC,hard,,1.00000000,1,199,1,1,0,0.00000000,0.00000000,0.00000000,0.00000000,S=8,1,0,0.00000000
1148,8_8_8,seq_ABC,filter_l0.00,0.00,1.00000000,1,192,1,8,0,0.00000000,0.00000204,0.00000000,0.00002382,S=8,1,0,0.00000000
1148,8_8_8,seq_ABC,filter_l0.20,0.20,0.62000000,0,14,1,197,0,0.30333333,0.93362477,0.45962169,1.20855830,S=8,1,0,0.00000000
1148,8_8_8,seq_ABC,filter_l1.00,1.00,0.37000000,0,5,1,198,0,0.61333333,1.63215445,0.71087929,1.76339888,S=8,1,0,0.00000000
1149,8_8_8,sync,hard,,1.00000000,1,199,1,1,0,0.00000000,0.00000000,0.00000000,0.00000000,S=8,0,0,0.00000000
1149,8_8_8,sync,filter_l0.00,0.00,1.00000000,1,196,1,4,0,0.00000000,0.00035222,0.00000216,0.00252717,S=8,0,0,0.00000000
1149,8_8_8,sync,filter_l0.20,0.20,0.60000000,0,9,1,191,0,0.36666667,0.97864492,0.48393702,1.14399906,S=8,0,0,0.00000000
1149,8_8_8,sync,filter_l1.00,1.00,0.31000000,0,4,1,198,0,0.67000000,1.69473182,0.74199724,1.76763788,S=8,0,0,0.00000000
1149,8_8_8,seq_ABC,hard,,1.00000000,1,199,1,1,0,0.00000000,0.00000000,0.00000000,0.00000000,S=8,0,0,0.00000000
1149,8_8_8,seq_ABC,filter_l0.00,0.00,1.00000000,1,200,1,0,0,0.00000000,0.00035222,0.00000216,0.00252717,S=8,1,0,0.00000000
1149,8_8_8,seq_ABC,filter_l0.20,0.20,0.53000000,1,20,1,180,0,0.42000000,1.02657460,0.52106521,1.19415484,S=8,1,0,0.00000000
1149,8_8_8,seq_ABC,filter_l1.00,1.00,0.22000000,0,6,1,198,0,0.64333333,1.71080561,0.74083362,1.77937496,S=8,1,0,0.00000000
1150,8_8_8,sync,hard,,1.00000000,1,199,1,1,0,0.00000000,0.00000000,0.00000000,0.00000000,S=8,0,0,0.00000000
1150,8_8_8,sync,filter_l0.00,0.00,1.00000000,1,141,1,59,0,0.00000000,0.00037414,0.00000302,0.00260147,S=8,0,0,0.00000000
1150,8_8_8,sync,filter_l0.20,0.20,0.65000000,0,9,1,196,0,0.31333333,0.96472269,0.47519340,1.18553171,S=8,0,0,0.00000000
1150,8_8_8,sync,filter_l1.00,1.00,0.20000000,0,4,0,,1,0.66666667,1.71290638,0.74760654,1.77521996,not_aligned,0,0,0.66666667
1150,8_8_8,seq_ABC,hard,,1.00000000,1,199,1,1,0,0.00000000,0.00000000,0.00000000,0.00000000,S=8,0,0,0.00000000
1150,8_8_8,seq_ABC,filter_l0.00,0.00,1.00000000,1,139,1,61,0,0.00000000,0.00036858,0.00000301,0.00254820,S=8,0,0,0.00000000
1150,8_8_8,seq_ABC,filter_l0.20,0.20,0.62000000,0,8,1,196,0,0.34666667,0.98496809,0.49023782,1.19407426,S=8,0,0,0.00000000
1150,8_8_8,seq_ABC,filter_l1.00,1.00,0.24000000,0,4,1,198,0,0.67333333,1.70372490,0.74510670,1.77747583,S=8,0,0,0.00000000
1151,8_8_8,sync,hard,,1.00000000,1,199,1,1,0,0.00000000,0.00000000,0.00000000,0.00000000,S=8,0,0,0.00000000
1151,8_8_8,sync,filter_l0.00,0.00,1.00000000,1,115,1,85,0,0.00000000,0.01151994,0.00181077,0.04142774,S=8,0,0,0.00000000
1151,8_8_8,sync,filter_l0.20,0.20,0.66000000,0,12,0,,1,0.30333333,0.87638855,0.43645563,1.16333288,not_aligned,0,0,0.00000000
1151,8_8_8,sync,filter_l1.00,1.00,0.25000000,0,4,1,199,0,0.64000000,1.67122904,0.73121571,1.77831127,other_aligned,0,0,0.66666667
1151,8_8_8,seq_ABC,hard,,1.00000000,1,199,1,1,0,0.00000000,0.00000000,0.00000000,0.00000000,S=8,0,0,0.00000000
1151,8_8_8,seq_ABC,filter_l0.00,0.00,1.00000000,1,186,1,14,0,0.02000000,0.07153616,0.03840949,0.12181228,S=8,0,0,0.00000000
1151,8_8_8,seq_ABC,filter_l0.20,0.20,0.63000000,0,12,0,,1,0.31333333,0.93568105,0.46822075,1.17558240,not_aligned,0,0,0.22222222
1151,8_8_8,seq_ABC,filter_l1.00,1.00,0.21000000,0,4,0,,1,0.64000000,1.64767990,0.72342878,1.77297925,not_aligned,0,0,0.00000000
1152,8_8_8,sync,hard,,1.00000000,1,199,1,1,0,0.00000000,0.00000000,0.00000000,0.00000000,S=8,1,0,0.00000000
1152,8_8_8,sync,filter_l0.00,0.00,1.00000000,1,159,1,41,0,0.00000000,0.01256121,0.00366758,0.03537493,S=8,0,0,0.00000000
1152,8_8_8,sync,filter_l0.20,0.20,0.67000000,0,16,1,188,0,0.26000000,0.79214290,0.37964754,1.10730831,S=8,0,0,0.00000000
1152,8_8_8,sync,filter_l1.00,1.00,0.35000000,0,7,0,,1,0.54333333,1.54828228,0.67487335,1.72810460,not_aligned,0,0,0.00000000
1152,8_8_8,seq_ABC,hard,,1.00000000,1,199,1,1,0,0.00000000,0.00000000,0.00000000,0.00000000,S=8,1,0,0.00000000
1152,8_8_8,seq_ABC,filter_l0.00,0.00,1.00000000,1,159,1,41,0,0.00000000,0.00486950,0.00066701,0.01886341,S=8,1,0,0.00000000
1152,8_8_8,seq_ABC,filter_l0.20,0.20,0.69000000,0,12,1,188,0,0.28666667,0.81839493,0.40299451,1.12562807,S=8,1,0,0.00000000
1152,8_8_8,seq_ABC,filter_l1.00,1.00,0.40000000,0,6,0,,1,0.53666667,1.56000043,0.67823699,1.73183256,not_aligned,1,0,0.22222222
1153,8_8_8,sync,hard,,1.00000000,1,199,1,1,0,0.00000000,0.00000000,0.00000000,0.00000000,S=8,0,0,0.00000000
1153,8_8_8,sync,filter_l0.00,0.00,1.00000000,1,145,1,55,0,0.00000000,0.00911770,0.00087920,0.03722370,S=8,0,0,0.00000000
1153,8_8_8,sync,filter_l0.20,0.20,0.47000000,0,8,1,197,0,0.44666667,1.09829268,0.55236960,1.25032223,S=8,0,0,0.00000000
1153,8_8_8,sync,filter_l1.00,1.00,0.35000000,0,3,0,,1,0.64666667,1.68061555,0.71806513,1.74987517,not_aligned,0,0,0.22222222
1153,8_8_8,seq_ABC,hard,,1.00000000,1,199,1,1,0,0.00000000,0.00000000,0.00000000,0.00000000,S=8,0,0,0.00000000
1153,8_8_8,seq_ABC,filter_l0.00,0.00,1.00000000,1,145,1,55,0,0.00000000,0.00333682,0.00012398,0.01712544,S=8,0,0,0.00000000
1153,8_8_8,seq_ABC,filter_l0.20,0.20,0.56000000,0,5,1,197,0,0.43666667,1.06585393,0.54634695,1.23436002,S=8,0,0,0.00000000
1153,8_8_8,seq_ABC,filter_l1.00,1.00,0.21000000,0,4,0,,1,0.64666667,1.71246652,0.73350943,1.76439782,not_aligned,0,0,0.88888889
1154,8_8_8,sync,hard,,1.00000000,1,199,1,1,0,0.00000000,0.00000000,0.00000000,0.00000000,S=8,0,0,0.00000000
1154,8_8_8,sync,filter_l0.00,0.00,1.00000000,1,198,1,2,0,0.00000000,0.00000013,0.00000000,0.00000191,S=8,0,0,0.00000000
1154,8_8_8,sync,filter_l0.20,0.20,0.57000000,0,14,0,,1,0.31000000,0.88686136,0.43741486,1.20909912,not_aligned,0,0,0.22222222
1154,8_8_8,sync,filter_l1.00,1.00,0.17000000,0,4,0,,1,0.66666667,1.72973031,0.74900409,1.78187866,not_aligned,0,0,0.22222222
1154,8_8_8,seq_ABC,hard,,1.00000000,1,199,1,1,0,0.00000000,0.00000000,0.00000000,0.00000000,S=8,0,0,0.00000000
1154,8_8_8,seq_ABC,filter_l0.00,0.00,1.00000000,1,200,1,0,0,0.00000000,0.00000005,0.00000000,0.00000076,S=8,1,0,0.00000000
1154,8_8_8,seq_ABC,filter_l0.20,0.20,0.58000000,0,19,0,,1,0.33333333,0.92509716,0.47324814,1.22774826,not_aligned,1,0,0.22222222
1154,8_8_8,seq_ABC,filter_l1.00,1.00,0.16000000,0,5,0,,1,0.66000000,1.73316664,0.75229189,1.79089511,not_aligned,1,0,0.22222222
1155,8_8_8,sync,hard,,1.00000000,1,199,1,1,0,0.00000000,0.00000000,0.00000000,0.00000000,S=8,0,0,0.00000000
1155,8_8_8,sync,filter_l0.00,0.00,1.00000000,1,184,1,16,0,0.00000000,0.00007283,0.00000031,0.00054024,S=8,0,0,0.00000000
1155,8_8_8,sync,filter_l0.20,0.20,0.63000000,0,15,1,198,0,0.35666667,0.93299276,0.47634635,1.13661002,S=8,0,0,0.00000000
1155,8_8_8,sync,filter_l1.00,1.00,0.30000000,0,4,0,,1,0.65333333,1.61041062,0.71850962,1.75012613,not_aligned,0,0,0.00000000
1155,8_8_8,seq_ABC,hard,,1.00000000,1,199,1,1,0,0.00000000,0.00000000,0.00000000,0.00000000,S=8,0,0,0.00000000
1155,8_8_8,seq_ABC,filter_l0.00,0.00,1.00000000,1,168,1,32,0,0.00000000,0.00007282,0.00000031,0.00054014,S=8,1,0,0.00000000
1155,8_8_8,seq_ABC,filter_l0.20,0.20,0.58000000,0,15,0,,1,0.33333333,0.92419520,0.46679089,1.15197845,not_aligned,1,0,0.00000000
1155,8_8_8,seq_ABC,filter_l1.00,1.00,0.29000000,0,5,0,,1,0.69666667,1.67355757,0.74602899,1.77129021,not_aligned,1,0,0.00000000
1156,8_8_8,sync,hard,,1.00000000,1,199,1,1,0,0.00000000,0.00000000,0.00000000,0.00000000,S=8,0,0,0.00000000
1156,8_8_8,sync,filter_l0.00,0.00,1.00000000,1,186,1,14,0,0.00000000,0.00098638,0.00003223,0.00520929,S=8,0,0,0.00000000
1156,8_8_8,sync,filter_l0.20,0.20,0.47000000,0,8,1,197,0,0.42666667,1.09717411,0.54354340,1.28001987,S=8,0,0,0.00000000
1156,8_8_8,sync,filter_l1.00,1.00,0.20000000,0,3,1,199,0,0.66000000,1.80234715,0.76608943,1.80197540,other_aligned,0,0,0.22222222
1156,8_8_8,seq_ABC,hard,,1.00000000,1,199,1,1,0,0.00000000,0.00000000,0.00000000,0.00000000,S=8,0,0,0.00000000
1156,8_8_8,seq_ABC,filter_l0.00,0.00,1.00000000,1,186,1,14,0,0.00000000,0.00098638,0.00003223,0.00520929,S=8,0,0,0.00000000
1156,8_8_8,seq_ABC,filter_l0.20,0.20,0.58000000,0,8,1,195,0,0.36333333,1.01471692,0.49094617,1.24556133,S=8,0,0,0.00000000
1156,8_8_8,seq_ABC,filter_l1.00,1.00,0.25000000,0,4,0,,1,0.66333333,1.75959081,0.74687243,1.77551502,not_aligned,0,0,0.22222222
1157,8_8_8,sync,hard,,1.00000000,1,199,1,1,0,0.00000000,0.00000000,0.00000000,0.00000000,S=8,0,0,0.00000000
1157,8_8_8,sync,filter_l0.00,0.00,1.00000000,1,188,1,12,0,0.00000000,0.00000057,0.00000000,0.00000786,S=8,0,0,0.00000000
1157,8_8_8,sync,filter_l0.20,0.20,0.58000000,0,13,1,199,0,0.30333333,0.90840376,0.45410319,1.21527759,S=8,0,0,0.22222222
1157,8_8_8,sync,filter_l1.00,1.00,0.17000000,0,4,1,199,0,0.66666667,1.68664351,0.73889383,1.77968736,other_aligned,0,0,0.66666667
1157,8_8_8,seq_ABC,hard,,1.00000000,1,199,1,1,0,0.00000000,0.00000000,0.00000000,0.00000000,S=8,0,0,0.00000000
1157,8_8_8,seq_ABC,filter_l0.00,0.00,1.00000000,1,193,1,7,0,0.00000000,0.00000042,0.00000000,0.00000585,S=8,1,0,0.00000000
1157,8_8_8,seq_ABC,filter_l0.20,0.20,0.62000000,0,17,1,199,0,0.31666667,0.91420073,0.46107542,1.20327288,S=8,1,0,0.22222222
1157,8_8_8,seq_ABC,filter_l1.00,1.00,0.24000000,0,4,0,,1,0.65333333,1.65887386,0.72657974,1.76659517,not_aligned,1,0,0.22222222
1158,8_8_8,sync,hard,,1.00000000,1,199,1,1,0,0.00000000,0.00000000,0.00000000,0.00000000,S=8,0,0,0.00000000
1158,8_8_8,sync,filter_l0.00,0.00,1.00000000,1,188,1,12,0,0.00000000,0.00011748,0.00000032,0.00091655,S=8,1,0,0.00000000
1158,8_8_8,sync,filter_l0.20,0.20,0.45000000,0,9,1,198,0,0.46666667,1.13672487,0.56660018,1.25959620,S=8,1,0,0.00000000
1158,8_8_8,sync,filter_l1.00,1.00,0.20000000,0,3,1,198,0,0.64000000,1.67845973,0.73456361,1.77500538,S=8,1,0,0.00000000
1158,8_8_8,seq_ABC,hard,,1.00000000,1,199,1,1,0,0.00000000,0.00000000,0.00000000,0.00000000,S=8,0,0,0.00000000
1158,8_8_8,seq_ABC,filter_l0.00,0.00,1.00000000,1,188,1,12,0,0.00000000,0.00005135,0.00000006,0.00044743,S=8,1,0,0.00000000
1158,8_8_8,seq_ABC,filter_l0.20,0.20,0.44000000,0,9,0,,1,0.44000000,1.10595704,0.54789039,1.23263432,not_aligned,1,0,0.22222222
1158,8_8_8,seq_ABC,filter_l1.00,1.00,0.22000000,0,5,0,,1,0.64000000,1.70386705,0.74906133,1.78586930,not_aligned,1,0,1.55555556
1159,8_8_8,sync,hard,,1.00000000,1,199,1,1,0,0.00000000,0.00000000,0.00000000,0.00000000,S=8,0,0,0.00000000
1159,8_8_8,sync,filter_l0.00,0.00,1.00000000,1,184,1,16,0,0.00000000,0.00051907,0.00001521,0.00276995,S=8,1,0,0.00000000
1159,8_8_8,sync,filter_l0.20,0.20,0.50000000,0,9,1,199,0,0.42666667,1.05331427,0.52029423,1.25339450,S=8,1,0,0.22222222
1159,8_8_8,sync,filter_l1.00,1.00,0.27000000,0,5,0,,1,0.62000000,1.71950295,0.72542514,1.75366027,not_aligned,1,0,0.66666667
1159,8_8_8,seq_ABC,hard,,1.00000000,1,199,1,1,0,0.00000000,0.00000000,0.00000000,0.00000000,S=8,0,0,0.00000000
1159,8_8_8,seq_ABC,filter_l0.00,0.00,1.00000000,1,184,1,16,0,0.00000000,0.00051856,0.00001521,0.00276354,S=8,0,0,0.00000000
1159,8_8_8,seq_ABC,filter_l0.20,0.20,0.65000000,0,11,1,199,0,0.35333333,0.97689878,0.47873855,1.19472123,S=8,0,0,0.22222222
1159,8_8_8,seq_ABC,filter_l1.00,1.00,0.23000000,0,4,0,,1,0.64666667,1.74135859,0.74209708,1.75949013,not_aligned,0,0,0.66666667
1160,8_8_8,sync,hard,,1.00000000,1,199,1,1,0,0.00000000,0.00000000,0.00000000,0.00000000,S=8,0,0,0.00000000
1160,8_8_8,sync,filter_l0.00,0.00,1.00000000,1,182,1,18,0,0.01333333,0.01750895,0.01260227,0.01699550,S=8,0,0,0.00000000
1160,8_8_8,sync,filter_l0.20,0.20,0.74000000,0,20,0,,1,0.22000000,0.78877284,0.37564713,1.09658769,not_aligned,0,0,0.00000000
1160,8_8_8,sync,filter_l1.00,1.00,0.32000000,0,7,0,,1,0.58000000,1.63899629,0.70171908,1.74367462,not_aligned,0,0,0.00000000
1160,8_8_8,seq_ABC,hard,,1.00000000,1,199,1,1,0,0.00000000,0.00000000,0.00000000,0.00000000,S=8,0,0,0.00000000
1160,8_8_8,seq_ABC,filter_l0.00,0.00,1.00000000,1,182,1,18,0,0.02000000,0.03254678,0.02405082,0.01797435,S=8,1,0,0.00000000
1160,8_8_8,seq_ABC,filter_l0.20,0.20,0.71000000,0,20,0,,1,0.26000000,0.83796896,0.40944053,1.10643936,not_aligned,1,0,0.00000000
1160,8_8_8,seq_ABC,filter_l1.00,1.00,0.22000000,0,8,0,,1,0.59000000,1.69910256,0.73384849,1.76929250,not_aligned,1,0,0.00000000
1161,8_8_8,sync,hard,,1.00000000,1,199,1,1,0,0.00000000,0.00000000,0.00000000,0.00000000,S=8,0,0,0.00000000
1161,8_8_8,sync,filter_l0.00,0.00,1.00000000,1,156,1,44,0,0.00000000,0.00000467,0.00000000,0.00004569,S=8,0,0,0.00000000
1161,8_8_8,sync,filter_l0.20,0.20,0.66000000,0,16,1,188,0,0.24666667,0.82363132,0.38897483,1.10130436,S=8,0,0,0.00000000
1161,8_8_8,sync,filter_l1.00,1.00,0.30000000,0,5,0,,1,0.61666667,1.61787136,0.70650701,1.73820438,not_aligned,0,0,0.00000000
1161,8_8_8,seq_ABC,hard,,1.00000000,1,199,1,1,0,0.00000000,0.00000000,0.00000000,0.00000000,S=8,0,0,0.00000000
1161,8_8_8,seq_ABC,filter_l0.00,0.00,1.00000000,1,156,1,44,0,0.00000000,0.00000467,0.00000000,0.00004555,S=8,0,0,0.00000000
1161,8_8_8,seq_ABC,filter_l0.20,0.20,0.72000000,0,14,1,188,0,0.25000000,0.82946648,0.39533558,1.11173463,S=8,0,0,0.00000000
1161,8_8_8,seq_ABC,filter_l1.00,1.00,0.37000000,0,7,1,194,0,0.58000000,1.57958649,0.68420575,1.73296603,S=8,0,0,0.00000000
1162,8_8_8,sync,hard,,1.00000000,1,199,1,1,0,0.00000000,0.00000000,0.00000000,0.00000000,S=8,0,0,0.00000000
1162,8_8_8,sync,filter_l0.00,0.00,1.00000000,1,181,1,19,0,0.00000000,0.00006206,0.00000009,0.00052642,S=8,0,0,0.00000000
1162,8_8_8,sync,filter_l0.20,0.20,0.61000000,0,22,1,198,0,0.34333333,0.91705456,0.46011022,1.13141177,S=8,0,0,0.00000000
1162,8_8_8,sync,filter_l1.00,1.00,0.30000000,0,5,0,,1,0.63000000,1.60314091,0.70688865,1.75996599,not_aligned,0,0,0.88888889
1162,8_8_8,seq_ABC,hard,,1.00000000,1,199,1,1,0,0.00000000,0.00000000,0.00000000,0.00000000,S=8,0,0,0.00000000
1162,8_8_8,seq_ABC,filter_l0.00,0.00,1.00000000,1,165,1,35,0,0.00000000,0.00006205,0.00000009,0.00052633,S=8,0,0,0.00000000
1162,8_8_8,seq_ABC,filter_l0.20,0.20,0.59000000,0,17,1,195,0,0.35000000,0.94446777,0.47506415,1.13291649,S=8,0,0,0.00000000
1162,8_8_8,seq_ABC,filter_l1.00,1.00,0.27000000,0,5,0,,1,0.65000000,1.61546903,0.71657001,1.76260383,not_aligned,0,0,0.00000000
1163,8_8_8,sync,hard,,1.00000000,1,199,1,1,0,0.00000000,0.00000000,0.00000000,0.00000000,S=8,0,0,0.00000000
1163,8_8_8,sync,filter_l0.00,0.00,1.00000000,1,179,1,21,0,0.00000000,0.00003664,0.00000002,0.00034518,S=8,0,0,0.00000000
1163,8_8_8,sync,filter_l0.20,0.20,0.65000000,0,15,1,196,0,0.36333333,0.99304557,0.48853979,1.20476280,S=8,0,0,0.00000000
1163,8_8_8,sync,filter_l1.00,1.00,0.13000000,0,7,0,,1,0.65333333,1.71892157,0.74633452,1.79503751,not_aligned,0,0,0.66666667
1163,8_8_8,seq_ABC,hard,,1.00000000,1,199,1,1,0,0.00000000,0.00000000,0.00000000,0.00000000,S=8,0,0,0.00000000
1163,8_8_8,seq_ABC,filter_l0.00,0.00,1.00000000,1,179,1,21,0,0.00000000,0.00003664,0.00000002,0.00034518,S=8,1,0,0.00000000
1163,8_8_8,seq_ABC,filter_l0.20,0.20,0.63000000,0,9,1,198,0,0.34666667,0.97581875,0.48025841,1.21020472,S=8,1,0,0.00000000
1163,8_8_8,seq_ABC,filter_l1.00,1.00,0.11000000,0,7,0,,1,0.63666667,1.75320109,0.76350076,1.81133864,not_aligned,1,0,0.22222222
1164,8_8_8,sync,hard,,1.00000000,1,199,1,1,0,0.00000000,0.00000000,0.00000000,0.00000000,S=8,0,0,0.00000000
1164,8_8_8,sync,filter_l0.00,0.00,1.00000000,1,169,1,31,0,0.00000000,0.00027757,0.00000404,0.00178421,S=8,1,0,0.00000000
1164,8_8_8,sync,filter_l0.20,0.20,0.55000000,0,11,1,195,0,0.40000000,1.03696625,0.51209180,1.25836405,S=8,1,0,0.00000000
1164,8_8_8,sync,filter_l1.00,1.00,0.16000000,0,4,0,,1,0.66333333,1.71316445,0.74730379,1.78309555,not_aligned,1,0,0.88888889
1164,8_8_8,seq_ABC,hard,,1.00000000,1,199,1,1,0,0.00000000,0.00000000,0.00000000,0.00000000,S=8,0,0,0.00000000
1164,8_8_8,seq_ABC,filter_l0.00,0.00,1.00000000,1,169,1,31,0,0.00000000,0.00027757,0.00000404,0.00178421,S=8,0,0,0.00000000
1164,8_8_8,seq_ABC,filter_l0.20,0.20,0.66000000,0,14,1,191,0,0.35666667,0.96997462,0.48396984,1.23487406,S=8,0,0,0.00000000
1164,8_8_8,seq_ABC,filter_l1.00,1.00,0.31000000,0,4,0,,1,0.65666667,1.71228857,0.73580981,1.76026611,not_aligned,0,0,0.00000000
1165,8_8_8,sync,hard,,1.00000000,1,199,1,1,0,0.00000000,0.00000000,0.00000000,0.00000000,S=8,0,0,0.00000000
1165,8_8_8,sync,filter_l0.00,0.00,1.00000000,1,112,1,88,0,0.00000000,0.00002668,0.00000002,0.00024552,S=8,0,0,0.00000000
1165,8_8_8,sync,filter_l0.20,0.20,0.68000000,0,18,0,,1,0.28666667,0.83743461,0.41720720,1.09808655,not_aligned,0,0,0.00000000
1165,8_8_8,sync,filter_l1.00,1.00,0.19000000,0,4,0,,1,0.66666667,1.66777955,0.73293128,1.77483273,not_aligned,0,0,0.22222222
1165,8_8_8,seq_ABC,hard,,1.00000000,1,199,1,1,0,0.00000000,0.00000000,0.00000000,0.00000000,S=8,0,0,0.00000000
1165,8_8_8,seq_ABC,filter_l0.00,0.00,1.00000000,1,112,1,88,0,0.00000000,0.00007262,0.00000016,0.00059131,S=8,1,0,0.00000000
1165,8_8_8,seq_ABC,filter_l0.20,0.20,0.66000000,0,16,0,,1,0.28666667,0.82272453,0.40955945,1.12405002,not_aligned,1,0,0.00000000
1165,8_8_8,seq_ABC,filter_l1.00,1.00,0.30000000,0,4,0,,1,0.62333333,1.61647227,0.70844802,1.75489290,not_aligned,1,0,0.22222222
1166,8_8_8,sync,hard,,1.00000000,1,199,1,1,0,0.00000000,0.00000000,0.00000000,0.00000000,S=8,0,0,0.00000000
1166,8_8_8,sync,filter_l0.00,0.00,1.00000000,1,187,1,13,0,0.00000000,0.00000079,0.00000000,0.00000996,S=8,0,0,0.00000000
1166,8_8_8,sync,filter_l0.20,0.20,0.55000000,0,12,1,194,0,0.27000000,0.89688608,0.42590796,1.15475012,S=8,0,0,0.00000000
1166,8_8_8,sync,filter_l1.00,1.00,0.30000000,0,5,1,198,0,0.56333333,1.59538541,0.69233681,1.75015919,other_aligned,0,0,0.00000000
1166,8_8_8,seq_ABC,hard,,1.00000000,1,199,1,1,0,0.00000000,0.00000000,0.00000000,0.00000000,S=8,0,0,0.00000000
1166,8_8_8,seq_ABC,filter_l0.00,0.00,1.00000000,1,176,1,24,0,0.00000000,0.00000051,0.00000000,0.00000689,S=8,0,0,0.00000000
1166,8_8_8,seq_ABC,filter_l0.20,0.20,0.62000000,0,10,1,194,0,0.26333333,0.87329923,0.40842320,1.13678641,S=8,0,0,0.00000000
1166,8_8_8,seq_ABC,filter_l1.00,1.00,0.19000000,0,4,0,,1,0.61666667,1.64765198,0.72069584,1.75852931,not_aligned,0,0,0.66666667
1167,8_8_8,sync,hard,,1.00000000,1,199,1,1,0,0.00000000,0.00000000,0.00000000,0.00000000,S=8,0,0,0.00000000
1167,8_8_8,sync,filter_l0.00,0.00,1.00000000,1,145,1,55,0,0.00000000,0.00051242,0.00001220,0.00293099,S=8,0,0,0.00000000
1167,8_8_8,sync,filter_l0.20,0.20,0.55000000,0,8,1,196,0,0.37333333,1.04358093,0.51676549,1.21038147,S=8,0,0,0.00000000
1167,8_8_8,sync,filter_l1.00,1.00,0.20000000,0,6,0,,1,0.58666667,1.65366485,0.71814315,1.77463760,not_aligned,0,0,0.22222222
1167,8_8_8,seq_ABC,hard,,1.00000000,1,199,1,1,0,0.00000000,0.00000000,0.00000000,0.00000000,S=8,0,0,0.00000000
1167,8_8_8,seq_ABC,filter_l0.00,0.00,1.00000000,1,145,1,55,0,0.00000000,0.00018508,0.00000161,0.00124945,S=8,1,0,0.00000000
1167,8_8_8,seq_ABC,filter_l0.20,0.20,0.52000000,0,8,1,199,0,0.39000000,1.05178944,0.52278493,1.22263921,S=8,1,0,0.22222222
1167,8_8_8,seq_ABC,filter_l1.00,1.00,0.19000000,0,3,0,,1,0.58000000,1.67331096,0.72617118,1.78526492,not_aligned,1,0,0.00000000
1168,8_8_8,sync,hard,,1.00000000,1,199,1,1,0,0.00000000,0.00000000,0.00000000,0.00000000,S=8,0,0,0.00000000
1168,8_8_8,sync,filter_l0.00,0.00,1.00000000,1,166,1,34,0,0.00000000,0.00000665,0.00000000,0.00006904,S=8,0,0,0.00000000
1168,8_8_8,sync,filter_l0.20,0.20,0.58000000,0,11,1,199,0,0.36333333,0.97472171,0.48607688,1.22779877,S=8,0,0,0.22222222
1168,8_8_8,sync,filter_l1.00,1.00,0.21000000,0,5,1,198,0,0.63000000,1.64684949,0.72129767,1.77729321,S=8,0,0,0.00000000
1168,8_8_8,seq_ABC,hard,,1.00000000,1,199,1,1,0,0.00000000,0.00000000,0.00000000,0.00000000,S=8,0,0,0.00000000
1168,8_8_8,seq_ABC,filter_l0.00,0.00,1.00000000,1,166,1,34,0,0.00000000,0.00000436,0.00000000,0.00004661,S=8,0,0,0.00000000
1168,8_8_8,seq_ABC,filter_l0.20,0.20,0.62000000,0,13,1,198,0,0.32666667,0.91758159,0.45024048,1.21251730,S=8,0,0,0.00000000
1168,8_8_8,seq_ABC,filter_l1.00,1.00,0.17000000,0,4,1,196,0,0.61000000,1.65615568,0.72339709,1.78002572,S=8,0,0,0.00000000
1169,8_8_8,sync,hard,,1.00000000,1,199,1,1,0,0.00000000,0.00000000,0.00000000,0.00000000,S=8,1,0,0.00000000
1169,8_8_8,sync,filter_l0.00,0.00,1.00000000,1,175,1,25,0,0.00000000,0.00259860,0.00012864,0.01304267,S=8,1,0,0.00000000
1169,8_8_8,sync,filter_l0.20,0.20,0.60000000,0,10,0,,1,0.30333333,0.91654491,0.44158181,1.16355543,not_aligned,1,0,0.22222222
1169,8_8_8,sync,filter_l1.00,1.00,0.14000000,0,7,0,,1,0.64333333,1.75630336,0.75539021,1.80053559,not_aligned,1,0,0.22222222
1169,8_8_8,seq_ABC,hard,,1.00000000,1,199,1,1,0,0.00000000,0.00000000,0.00000000,0.00000000,S=8,1,0,0.00000000
1169,8_8_8,seq_ABC,filter_l0.00,0.00,1.00000000,1,186,1,14,0,0.00000000,0.00122111,0.00002093,0.00742298,S=8,1,0,0.00000000
1169,8_8_8,seq_ABC,filter_l0.20,0.20,0.66000000,0,13,0,,1,0.28666667,0.87819636,0.41973435,1.15759632,not_aligned,1,0,0.22222222
1169,8_8_8,seq_ABC,filter_l1.00,1.00,0.07000000,0,5,0,,1,0.65333333,1.76632056,0.76420985,1.80331900,not_aligned,1,0,0.22222222
1170,8_8_8,sync,hard,,1.00000000,1,199,1,1,0,0.00000000,0.00000000,0.00000000,0.00000000,S=8,0,0,0.00000000
1170,8_8_8,sync,filter_l0.00,0.00,1.00000000,1,185,1,15,0,0.02000000,0.03272581,0.02219410,0.03850679,S=8,0,0,0.00000000
1170,8_8_8,sync,filter_l0.20,0.20,0.52000000,0,12,0,,1,0.43000000,1.04451758,0.52915995,1.20662657,not_aligned,0,0,0.88888889
1170,8_8_8,sync,filter_l1.00,1.00,0.30000000,0,3,0,,1,0.60000000,1.64964011,0.71835447,1.76320664,not_aligned,0,0,0.22222222
1170,8_8_8,seq_ABC,hard,,1.00000000,1,199,1,1,0,0.00000000,0.00000000,0.00000000,0.00000000,S=8,0,0,0.00000000
1170,8_8_8,seq_ABC,filter_l0.00,0.00,1.00000000,1,195,1,5,0,0.00000000,0.00221196,0.00022610,0.00888616,S=8,0,0,0.00000000
1170,8_8_8,seq_ABC,filter_l0.20,0.20,0.60000000,0,11,1,199,0,0.34000000,0.95058150,0.45973486,1.16913006,S=8,0,0,0.22222222
1170,8_8_8,seq_ABC,filter_l1.00,1.00,0.32000000,0,6,0,,1,0.59666667,1.62835231,0.70583795,1.75643089,not_aligned,0,0,0.22222222
1171,8_8_8,sync,hard,,1.00000000,1,199,1,1,0,0.00000000,0.00000000,0.00000000,0.00000000,S=8,0,0,0.00000000
1171,8_8_8,sync,filter_l0.00,0.00,1.00000000,1,193,1,7,0,0.00000000,0.00949896,0.00127882,0.03558628,S=8,0,0,0.00000000
1171,8_8_8,sync,filter_l0.20,0.20,0.60000000,0,12,1,199,0,0.41666667,1.07803784,0.52594876,1.23744422,S=8,0,0,0.22222222
1171,8_8_8,sync,filter_l1.00,1.00,0.29000000,0,6,1,199,0,0.61666667,1.65522657,0.71496452,1.76930612,S=8,0,0,0.22222222
1171,8_8_8,seq_ABC,hard,,1.00000000,1,199,1,1,0,0.00000000,0.00000000,0.00000000,0.00000000,S=8,0,0,0.00000000
1171,8_8_8,seq_ABC,filter_l0.00,0.00,1.00000000,1,193,1,7,0,0.00000000,0.00350301,0.00019049,0.01679079,S=8,1,0,0.00000000
1171,8_8_8,seq_ABC,filter_l0.20,0.20,0.65000000,0,12,1,199,0,0.39666667,1.04891417,0.50725887,1.20950431,S=8,1,0,0.22222222
1171,8_8_8,seq_ABC,filter_l1.00,1.00,0.28000000,0,6,0,,1,0.63000000,1.70103678,0.73444844,1.78660637,not_aligned,1,0,0.22222222
1172,8_8_8,sync,hard,,1.00000000,1,199,1,1,0,0.00000000,0.00000000,0.00000000,0.00000000,S=8,0,0,0.00000000
1172,8_8_8,sync,filter_l0.00,0.00,1.00000000,1,171,1,29,0,0.00000000,0.00000001,0.00000000,0.00000022,S=8,0,0,0.00000000
1172,8_8_8,sync,filter_l0.20,0.20,0.36000000,0,16,1,194,0,0.41666667,1.14385339,0.55182891,1.27406067,S=8,0,0,0.00000000
1172,8_8_8,sync,filter_l1.00,1.00,0.19000000,0,7,0,,1,0.66666667,1.78230476,0.76715172,1.80028147,not_aligned,0,0,4.22222222
1172,8_8_8,seq_ABC,hard,,1.00000000,1,199,1,1,0,0.00000000,0.00000000,0.00000000,0.00000000,S=8,0,0,0.00000000
1172,8_8_8,seq_ABC,filter_l0.00,0.00,1.00000000,1,176,1,24,0,0.00000000,0.00000001,0.00000000,0.00000020,S=8,1,0,0.00000000
1172,8_8_8,seq_ABC,filter_l0.20,0.20,0.43000000,0,14,1,199,0,0.40000000,1.11976744,0.54116145,1.24084257,S=8,1,0,0.22222222
1172,8_8_8,seq_ABC,filter_l1.00,1.00,0.23000000,0,7,0,,1,0.67666667,1.73257069,0.74715375,1.77505471,not_aligned,1,0,0.66666667
1173,8_8_8,sync,hard,,1.00000000,1,199,1,1,0,0.00000000,0.00000000,0.00000000,0.00000000,S=8,0,0,0.00000000
1173,8_8_8,sync,filter_l0.00,0.00,1.00000000,1,174,1,26,0,0.00000000,0.00020333,0.00000094,0.00149018,S=8,0,0,0.00000000
1173,8_8_8,sync,filter_l0.20,0.20,0.55000000,0,7,0,,1,0.32666667,0.99993377,0.49939155,1.23347233,not_aligned,0,0,0.22222222
1173,8_8_8,sync,filter_l1.00,1.00,0.21000000,0,4,1,196,0,0.66333333,1.73329302,0.75068408,1.77957925,S=0,0,0,0.00000000
1173,8_8_8,seq_ABC,hard,,1.00000000,1,199,1,1,0,0.00000000,0.00000000,0.00000000,0.00000000,S=8,0,0,0.00000000
1173,8_8_8,seq_ABC,filter_l0.00,0.00,1.00000000,1,174,1,26,0,0.00000000,0.00002664,0.00000002,0.00025102,S=8,0,0,0.00000000
1173,8_8_8,seq_ABC,filter_l0.20,0.20,0.50000000,0,14,0,,1,0.38000000,1.03691559,0.52324507,1.24343403,not_aligned,0,0,0.22222222
1173,8_8_8,seq_ABC,filter_l1.00,1.00,0.12000000,0,4,0,,1,0.65666667,1.72843390,0.74937055,1.78819998,not_aligned,0,0,0.22222222
1174,8_8_8,sync,hard,,1.00000000,1,199,1,1,0,0.00000000,0.00000000,0.00000000,0.00000000,S=8,0,0,0.00000000
1174,8_8_8,sync,filter_l0.00,0.00,1.00000000,1,173,1,27,0,0.00000000,0.00024626,0.00000083,0.00190179,S=8,0,0,0.00000000
1174,8_8_8,sync,filter_l0.20,0.20,0.67000000,0,12,1,198,0,0.38000000,0.96135035,0.49737588,1.18202533,S=8,0,0,0.00000000
1174,8_8_8,sync,filter_l1.00,1.00,0.32000000,0,5,0,,1,0.62666667,1.63586583,0.70935013,1.75684160,not_aligned,0,0,0.22222222
1174,8_8_8,seq_ABC,hard,,1.00000000,1,199,1,1,0,0.00000000,0.00000000,0.00000000,0.00000000,S=8,0,0,0.00000000
1174,8_8_8,seq_ABC,filter_l0.00,0.00,1.00000000,1,181,1,19,0,0.00000000,0.00008015,0.00000010,0.00070754,S=8,0,0,0.00000000
1174,8_8_8,seq_ABC,filter_l0.20,0.20,0.65000000,0,12,1,198,0,0.37333333,0.95371726,0.49406729,1.20577272,S=8,0,0,0.00000000
1174,8_8_8,seq_ABC,filter_l1.00,1.00,0.38000000,0,10,0,,1,0.63000000,1.63660032,0.70999233,1.76244673,not_aligned,0,0,1.55555556
1175,8_8_8,sync,hard,,1.00000000,1,199,1,1,0,0.00000000,0.00000000,0.00000000,0.00000000,S=8,0,0,0.00000000
1175,8_8_8,sync,filter_l0.00,0.00,1.00000000,1,175,1,25,0,0.00000000,0.00000359,0.00000000,0.00004038,S=8,0,0,0.00000000
1175,8_8_8,sync,filter_l0.20,0.20,0.53000000,0,11,0,,1,0.37333333,1.01041607,0.50466687,1.25868354,not_aligned,0,0,0.00000000
1175,8_8_8,sync,filter_l1.00,1.00,0.22000000,0,5,1,199,0,0.63666667,1.70451584,0.74346486,1.78661102,S=8,0,0,0.22222222
1175,8_8_8,seq_ABC,hard,,1.00000000,1,199,1,1,0,0.00000000,0.00000000,0.00000000,0.00000000,S=8,0,0,0.00000000
1175,8_8_8,seq_ABC,filter_l0.00,0.00,1.00000000,1,175,1,25,0,0.00000000,0.00000093,0.00000000,0.00001209,S=8,1,0,0.00000000
1175,8_8_8,seq_ABC,filter_l0.20,0.20,0.62000000,0,11,1,195,0,0.35000000,0.96405369,0.48875007,1.23553228,S=8,1,0,0.00000000
1175,8_8_8,seq_ABC,filter_l1.00,1.00,0.28000000,0,7,1,198,0,0.64000000,1.72959996,0.74992628,1.79905844,S=8,1,0,0.00000000
1176,8_8_8,sync,hard,,1.00000000,1,199,1,1,0,0.00000000,0.00000000,0.00000000,0.00000000,S=8,0,0,0.00000000
1176,8_8_8,sync,filter_l0.00,0.00,1.00000000,1,155,1,45,0,0.00000000,0.00000212,0.00000000,0.00002562,S=8,0,0,0.00000000
1176,8_8_8,sync,filter_l0.20,0.20,0.66000000,0,12,1,195,0,0.28333333,0.89070638,0.43114313,1.16652190,S=8,0,0,0.00000000
1176,8_8_8,sync,filter_l1.00,1.00,0.26000000,0,4,0,,1,0.63666667,1.63858181,0.71238576,1.74697104,not_aligned,0,0,0.22222222
1176,8_8_8,seq_ABC,hard,,1.00000000,1,199,1,1,0,0.00000000,0.00000000,0.00000000,0.00000000,S=8,0,0,0.00000000
1176,8_8_8,seq_ABC,filter_l0.00,0.00,1.00000000,1,200,1,0,0,0.00000000,0.00000029,0.00000000,0.00000404,S=8,1,0,0.00000000
1176,8_8_8,seq_ABC,filter_l0.20,0.20,0.70000000,0,14,1,196,0,0.25666667,0.84200721,0.40695362,1.14510241,S=8,1,0,0.00000000
1176,8_8_8,seq_ABC,filter_l1.00,1.00,0.27000000,0,6,1,199,0,0.65000000,1.67293833,0.72576754,1.75393672,S=8,1,0,0.22222222
1177,8_8_8,sync,hard,,1.00000000,1,199,1,1,0,0.00000000,0.00000000,0.00000000,0.00000000,S=8,0,0,0.00000000
1177,8_8_8,sync,filter_l0.00,0.00,1.00000000,1,178,1,22,0,0.00000000,0.00357140,0.00019889,0.01725473,S=8,0,0,0.00000000
1177,8_8_8,sync,filter_l0.20,0.20,0.70000000,0,17,1,193,0,0.28000000,0.87817103,0.43309748,1.21013301,S=8,0,0,0.00000000
1177,8_8_8,sync,filter_l1.00,1.00,0.23000000,0,5,0,,1,0.64333333,1.69102468,0.73204612,1.77165643,not_aligned,0,0,0.22222222
1177,8_8_8,seq_ABC,hard,,1.00000000,1,199,1,1,0,0.00000000,0.00000000,0.00000000,0.00000000,S=8,0,0,0.00000000
1177,8_8_8,seq_ABC,filter_l0.00,0.00,1.00000000,1,184,1,16,0,0.00000000,0.00357140,0.00019889,0.01725474,S=8,0,0,0.00000000
1177,8_8_8,seq_ABC,filter_l0.20,0.20,0.62000000,0,10,1,193,0,0.31333333,0.91254192,0.44878347,1.20932330,S=8,0,0,0.00000000
1177,8_8_8,seq_ABC,filter_l1.00,1.00,0.21000000,0,7,0,,1,0.65000000,1.69306059,0.73574587,1.76827469,not_aligned,0,0,0.00000000
1178,8_8_8,sync,hard,,1.00000000,1,199,1,1,0,0.00000000,0.00000000,0.00000000,0.00000000,S=8,0,0,0.00000000
1178,8_8_8,sync,filter_l0.00,0.00,1.00000000,1,143,1,57,0,0.00000000,0.00026138,0.00000143,0.00188435,S=8,0,0,0.00000000
1178,8_8_8,sync,filter_l0.20,0.20,0.71000000,0,19,1,193,0,0.26666667,0.80586751,0.39317992,1.11205303,S=8,0,0,0.00000000
1178,8_8_8,sync,filter_l1.00,1.00,0.32000000,0,8,1,198,0,0.61000000,1.60652754,0.70471625,1.75132942,S=8,0,0,0.00000000
1178,8_8_8,seq_ABC,hard,,1.00000000,1,199,1,1,0,0.00000000,0.00000000,0.00000000,0.00000000,S=8,0,0,0.00000000
1178,8_8_8,seq_ABC,filter_l0.00,0.00,1.00000000,1,200,1,0,0,0.00000000,0.00002533,0.00000003,0.00022363,S=8,1,0,0.00000000
1178,8_8_8,seq_ABC,filter_l0.20,0.20,0.73000000,0,20,1,185,0,0.24333333,0.78715600,0.37542300,1.10459062,S=8,1,0,0.00000000
1178,8_8_8,seq_ABC,filter_l1.00,1.00,0.36000000,0,5,1,197,0,0.59333333,1.58218399,0.69732079,1.73855508,S=8,1,0,0.00000000
1179,8_8_8,sync,hard,,1.00000000,1,199,1,1,0,0.00000000,0.00000000,0.00000000,0.00000000,S=8,0,0,0.00000000
1179,8_8_8,sync,filter_l0.00,0.00,1.00000000,1,132,1,68,0,0.00000000,0.00021263,0.00000112,0.00152591,S=8,0,0,0.00000000
1179,8_8_8,sync,filter_l0.20,0.20,0.70000000,0,10,1,198,0,0.26666667,0.79931764,0.39306232,1.12564643,S=8,0,0,0.00000000
1179,8_8_8,sync,filter_l1.00,1.00,0.28000000,0,5,0,,1,0.59666667,1.62777289,0.71058426,1.75136009,not_aligned,0,0,0.00000000
1179,8_8_8,seq_ABC,hard,,1.00000000,1,199,1,1,0,0.00000000,0.00000000,0.00000000,0.00000000,S=8,0,0,0.00000000
1179,8_8_8,seq_ABC,filter_l0.00,0.00,1.00000000,1,177,1,23,0,0.00000000,0.00002805,0.00000002,0.00026012,S=8,0,0,0.00000000
1179,8_8_8,seq_ABC,filter_l0.20,0.20,0.70000000,0,12,1,198,0,0.29333333,0.83262961,0.40824446,1.13011116,S=8,0,0,0.00000000
1179,8_8_8,seq_ABC,filter_l1.00,1.00,0.26000000,0,7,0,,1,0.60666667,1.62783480,0.70793632,1.74935053,not_aligned,0,0,0.22222222
1180,8_8_8,sync,hard,,1.00000000,1,199,1,1,0,0.00000000,0.00000000,0.00000000,0.00000000,S=8,0,0,0.00000000
1180,8_8_8,sync,filter_l0.00,0.00,1.00000000,1,160,1,40,0,0.00000000,0.00032999,0.00000348,0.00226709,S=8,0,0,0.00000000
1180,8_8_8,sync,filter_l0.20,0.20,0.61000000,0,17,1,189,0,0.41666667,1.05870470,0.50711700,1.19156751,S=8,0,0,0.00000000
1180,8_8_8,sync,filter_l1.00,1.00,0.19000000,0,3,0,,1,0.64000000,1.73939849,0.75010862,1.78772351,not_aligned,0,0,0.22222222
1180,8_8_8,seq_ABC,hard,,1.00000000,1,199,1,1,0,0.00000000,0.00000000,0.00000000,0.00000000,S=8,0,0,0.00000000
1180,8_8_8,seq_ABC,filter_l0.00,0.00,1.00000000,1,180,1,20,0,0.00000000,0.00008015,0.00000012,0.00068984,S=8,0,0,0.00000000
1180,8_8_8,seq_ABC,filter_l0.20,0.20,0.65000000,0,17,1,189,0,0.40333333,1.05208979,0.50353433,1.18351586,S=8,0,0,0.00000000
1180,8_8_8,seq_ABC,filter_l1.00,1.00,0.25000000,0,6,0,,1,0.63333333,1.73422254,0.74785870,1.78492120,not_aligned,0,0,0.22222222
1181,8_8_8,sync,hard,,1.00000000,1,199,1,1,0,0.00000000,0.00000000,0.00000000,0.00000000,S=8,0,0,0.00000000
1181,8_8_8,sync,filter_l0.00,0.00,1.00000000,1,148,1,52,0,0.00000000,0.03228403,0.01387035,0.06961430,S=8,1,0,0.00000000
1181,8_8_8,sync,filter_l0.20,0.20,0.65000000,0,16,1,199,0,0.35333333,0.99078200,0.48467213,1.24473871,S=8,1,0,0.22222222
1181,8_8_8,sync,filter_l1.00,1.00,0.16000000,0,4,0,,1,0.64000000,1.72350138,0.74264958,1.78556971,not_aligned,1,0,0.88888889
1181,8_8_8,seq_ABC,hard,,1.00000000,1,199,1,1,0,0.00000000,0.00000000,0.00000000,0.00000000,S=8,0,0,0.00000000
1181,8_8_8,seq_ABC,filter_l0.00,0.00,1.00000000,1,138,1,62,0,0.00000000,0.00483210,0.00047611,0.02010986,S=8,1,0,0.00000000
1181,8_8_8,seq_ABC,filter_l0.20,0.20,0.66000000,0,13,1,199,0,0.37666667,0.96721369,0.48410441,1.24340877,S=8,1,0,0.22222222
1181,8_8_8,seq_ABC,filter_l1.00,1.00,0.29000000,0,9,0,,1,0.64000000,1.68905383,0.73003147,1.77620861,not_aligned,1,0,0.88888889
1182,8_8_8,sync,hard,,1.00000000,1,199,1,1,0,0.00000000,0.00000000,0.00000000,0.00000000,S=8,0,0,0.00000000
1182,8_8_8,sync,filter_l0.00,0.00,1.00000000,1,136,1,64,0,0.00000000,0.00607809,0.00171455,0.02062274,S=8,0,0,0.00000000
1182,8_8_8,sync,filter_l0.20,0.20,0.64000000,0,11,1,197,0,0.32000000,0.91704016,0.45145367,1.14594788,S=8,0,0,0.00000000
1182,8_8_8,sync,filter_l1.00,1.00,0.19000000,0,5,0,,1,0.62000000,1.61981015,0.71586505,1.75937604,not_aligned,0,0,0.22222222
1182,8_8_8,seq_ABC,hard,,1.00000000,1,199,1,1,0,0.00000000,0.00000000,0.00000000,0.00000000,S=8,0,0,0.00000000
1182,8_8_8,seq_ABC,filter_l0.00,0.00,1.00000000,1,155,1,45,0,0.00000000,0.00015217,0.00000116,0.00114084,S=8,0,0,0.00000000
1182,8_8_8,seq_ABC,filter_l0.20,0.20,0.59000000,0,11,1,199,0,0.34333333,0.95701029,0.48299776,1.15167839,S=8,0,0,0.22222222
1182,8_8_8,seq_ABC,filter_l1.00,1.00,0.24000000,0,3,0,,1,0.63000000,1.64116940,0.72203059,1.76287715,not_aligned,0,0,0.88888889
1183,8_8_8,sync,hard,,1.00000000,1,199,1,1,0,0.00000000,0.00000000,0.00000000,0.00000000,S=8,0,0,0.00000000
1183,8_8_8,sync,filter_l0.00,0.00,1.00000000,1,176,1,24,0,0.00000000,0.00124205,0.00001854,0.00762465,S=8,0,0,0.00000000
1183,8_8_8,sync,filter_l0.20,0.20,0.61000000,0,8,0,,1,0.28000000,0.84783512,0.41835606,1.17194036,not_aligned,0,0,0.00000000
1183,8_8_8,sync,filter_l1.00,1.00,0.26000000,0,5,1,198,0,0.63000000,1.67162967,0.72321530,1.75572254,S=0,0,0,0.00000000
1183,8_8_8,seq_ABC,hard,,1.00000000,1,199,1,1,0,0.00000000,0.00000000,0.00000000,0.00000000,S=8,0,0,0.00000000
1183,8_8_8,seq_ABC,filter_l0.00,0.00,1.00000000,1,192,1,8,0,0.00000000,0.00016499,0.00000032,0.00135464,S=8,0,0,0.00000000
1183,8_8_8,seq_ABC,filter_l0.20,0.20,0.58000000,0,13,1,198,0,0.27666667,0.86188492,0.42299831,1.19617404,S=8,0,0,0.00000000
1183,8_8_8,seq_ABC,filter_l1.00,1.00,0.22000000,0,5,1,199,0,0.62000000,1.68988167,0.72775995,1.77166637,S=0,0,0,0.22222222
1184,8_8_8,sync,hard,,1.00000000,1,199,1,1,0,0.00000000,0.00000000,0.00000000,0.00000000,S=8,0,0,0.00000000
1184,8_8_8,sync,filter_l0.00,0.00,1.00000000,1,165,1,35,0,0.00000000,0.00015845,0.00000087,0.00114453,S=8,0,0,0.00000000
1184,8_8_8,sync,filter_l0.20,0.20,0.57000000,0,16,1,199,0,0.33666667,0.93692450,0.47254198,1.23551397,S=8,0,0,0.22222222
1184,8_8_8,sync,filter_l1.00,1.00,0.05000000,0,3,0,,1,0.69666667,1.87807276,0.81720944,1.87859583,not_aligned,0,0,1.55555556
1184,8_8_8,seq_ABC,hard,,1.00000000,1,199,1,1,0,0.00000000,0.00000000,0.00000000,0.00000000,S=8,0,0,0.00000000
1184,8_8_8,seq_ABC,filter_l0.00,0.00,1.00000000,1,171,1,29,0,0.00000000,0.00000575,0.00000000,0.00006542,S=8,1,0,0.00000000
1184,8_8_8,seq_ABC,filter_l0.20,0.20,0.65000000,0,18,0,,1,0.29666667,0.91505805,0.45358088,1.20072560,not_aligned,1,0,0.22222222
1184,8_8_8,seq_ABC,filter_l1.00,1.00,0.19000000,0,3,1,197,0,0.65000000,1.70290603,0.74283860,1.76211360,S=8,1,0,0.00000000
1185,8_8_8,sync,hard,,1.00000000,1,199,1,1,0,0.00000000,0.00000000,0.00000000,0.00000000,S=8,0,0,0.00000000
1185,8_8_8,sync,filter_l0.00,0.00,1.00000000,1,165,1,35,0,0.00000000,0.00464027,0.00162673,0.01306998,S=8,0,0,0.00000000
1185,8_8_8,sync,filter_l0.20,0.20,0.40000000,0,8,1,195,0,0.47666667,1.23960843,0.59410938,1.29867939,S=8,0,0,0.00000000
1185,8_8_8,sync,filter_l1.00,1.00,0.34000000,0,6,0,,1,0.64333333,1.71491961,0.73004802,1.75533669,not_aligned,0,0,0.66666667
1185,8_8_8,seq_ABC,hard,,1.00000000,1,199,1,1,0,0.00000000,0.00000000,0.00000000,0.00000000,S=8,0,0,0.00000000
1185,8_8_8,seq_ABC,filter_l0.00,0.00,1.00000000,1,184,1,16,0,0.00000000,0.00464027,0.00162673,0.01306998,S=8,0,0,0.00000000
1185,8_8_8,seq_ABC,filter_l0.20,0.20,0.47000000,0,8,1,199,0,0.43000000,1.16922441,0.54860600,1.27128684,S=8,0,0,0.22222222
1185,8_8_8,seq_ABC,filter_l1.00,1.00,0.23000000,0,6,0,,1,0.67000000,1.79281081,0.76575748,1.78018206,not_aligned,0,0,0.66666667
1186,8_8_8,sync,hard,,1.00000000,1,199,1,1,0,0.00000000,0.00000000,0.00000000,0.00000000,S=8,1,0,0.00000000
1186,8_8_8,sync,filter_l0.00,0.00,1.00000000,1,165,1,35,0,0.00000000,0.01616035,0.00524451,0.04285413,S=8,0,0,0.00000000
1186,8_8_8,sync,filter_l0.20,0.20,0.63000000,0,11,1,195,0,0.46000000,1.07657932,0.54510068,1.21453416,S=8,0,0,0.00000000
1186,8_8_8,sync,filter_l1.00,1.00,0.14000000,0,4,1,198,0,0.65666667,1.71413840,0.74791041,1.79886131,S=8,1,0,0.00000000
1186,8_8_8,seq_ABC,hard,,1.00000000,1,199,1,1,0,0.00000000,0.00000000,0.00000000,0.00000000,S=8,1,0,0.00000000
1186,8_8_8,seq_ABC,filter_l0.00,0.00,1.00000000,1,165,1,35,0,0.00000000,0.01612235,0.00524438,0.04257313,S=8,0,0,0.00000000
1186,8_8_8,seq_ABC,filter_l0.20,0.20,0.62000000,0,8,1,196,0,0.45333333,1.07817250,0.55748699,1.22674127,S=8,0,0,0.00000000
1186,8_8_8,seq_ABC,filter_l1.00,1.00,0.14000000,0,4,0,,1,0.65333333,1.71272952,0.74694458,1.79028029,not_aligned,1,0,0.00000000
1187,8_8_8,sync,hard,,1.00000000,1,199,1,1,0,0.00000000,0.00000000,0.00000000,0.00000000,S=8,0,0,0.00000000
1187,8_8_8,sync,filter_l0.00,0.00,0.99000000,1,86,1,114,0,0.00333333,0.08934173,0.01228058,0.05825347,S=8,0,0,0.00000000
1187,8_8_8,sync,filter_l0.20,0.20,0.58000000,0,12,0,,1,0.31333333,0.93436928,0.45575631,1.15876067,not_aligned,0,0,0.00000000
1187,8_8_8,sync,filter_l1.00,1.00,0.30000000,0,6,0,,1,0.65333333,1.65224424,0.72697873,1.76146278,not_aligned,0,0,0.22222222
1187,8_8_8,seq_ABC,hard,,1.00000000,1,199,1,1,0,0.00000000,0.00000000,0.00000000,0.00000000,S=8,0,0,0.00000000
1187,8_8_8,seq_ABC,filter_l0.00,0.00,0.99000000,1,86,1,114,0,0.00333333,0.08693364,0.01228058,0.05825349,S=8,0,0,0.00000000
1187,8_8_8,seq_ABC,filter_l0.20,0.20,0.56000000,0,9,0,,1,0.33333333,0.98047362,0.47770101,1.18036023,not_aligned,0,0,0.00000000
1187,8_8_8,seq_ABC,filter_l1.00,1.00,0.35000000,0,6,0,,1,0.62333333,1.61202229,0.70735021,1.74531250,not_aligned,0,0,0.22222222
1188,8_8_8,sync,hard,,1.00000000,1,199,1,1,0,0.00000000,0.00000000,0.00000000,0.00000000,S=8,1,0,0.00000000
1188,8_8_8,sync,filter_l0.00,0.00,1.00000000,1,162,1,38,0,0.00000000,0.00019914,0.00000057,0.00155351,S=8,1,0,0.00000000
1188,8_8_8,sync,filter_l0.20,0.20,0.55000000,0,12,1,197,0,0.35333333,0.89314287,0.45702462,1.15727978,S=8,1,0,0.00000000
1188,8_8_8,sync,filter_l1.00,1.00,0.38000000,0,4,1,197,0,0.60666667,1.57868903,0.70149891,1.75478305,S=8,1,0,0.00000000
1188,8_8_8,seq_ABC,hard,,1.00000000,1,199,1,1,0,0.00000000,0.00000000,0.00000000,0.00000000,S=8,1,0,0.00000000
1188,8_8_8,seq_ABC,filter_l0.00,0.00,1.00000000,1,162,1,38,0,0.00000000,0.00018273,0.00000054,0.00142030,S=8,1,0,0.00000000
1188,8_8_8,seq_ABC,filter_l0.20,0.20,0.56000000,0,11,1,198,0,0.35333333,0.91387808,0.46690510,1.15592958,S=8,1,0,0.00000000
1188,8_8_8,seq_ABC,filter_l1.00,1.00,0.32000000,0,4,1,197,0,0.61333333,1.58180018,0.70550154,1.75554503,S=8,1,0,0.00000000
1189,8_8_8,sync,hard,,1.00000000,1,199,1,1,0,0.00000000,0.00000000,0.00000000,0.00000000,S=8,1,0,0.00000000
1189,8_8_8,sync,filter_l0.00,0.00,1.00000000,1,178,1,22,0,0.00000000,0.00000057,0.00000000,0.00000789,S=8,0,0,0.00000000
1189,8_8_8,sync,filter_l0.20,0.20,0.59000000,0,10,1,197,0,0.29666667,0.89096346,0.44234356,1.15217909,S=8,0,0,0.00000000
1189,8_8_8,sync,filter_l1.00,1.00,0.18000000,0,6,1,198,0,0.60666667,1.64949678,0.71965058,1.76132341,S=8,0,0,0.00000000
1189,8_8_8,seq_ABC,hard,,1.00000000,1,199,1,1,0,0.00000000,0.00000000,0.00000000,0.00000000,S=8,1,0,0.00000000
1189,8_8_8,seq_ABC,filter_l0.00,0.00,1.00000000,1,178,1,22,0,0.00000000,0.00000076,0.00000000,0.00000992,S=8,0,0,0.00000000
1189,8_8_8,seq_ABC,filter_l0.20,0.20,0.51000000,0,11,1,197,0,0.38000000,1.01391005,0.49764448,1.16165745,S=8,0,0,0.00000000
1189,8_8_8,seq_ABC,filter_l1.00,1.00,0.23000000,0,6,0,,1,0.62666667,1.69322856,0.74288871,1.77634682,not_aligned,0,0,0.22222222
1190,8_8_8,sync,hard,,1.00000000,1,199,1,1,0,0.00000000,0.00000000,0.00000000,0.00000000,S=8,0,0,0.00000000
1190,8_8_8,sync,filter_l0.00,0.00,1.00000000,1,187,1,13,0,0.00000000,0.01392238,0.00324655,0.04172976,S=8,0,0,0.00000000
1190,8_8_8,sync,filter_l0.20,0.20,0.72000000,0,15,1,199,0,0.25666667,0.87477854,0.40688878,1.16043126,S=8,0,0,0.22222222
1190,8_8_8,sync,filter_l1.00,1.00,0.34000000,0,5,0,,1,0.62666667,1.68576722,0.72009429,1.74868264,not_aligned,0,0,0.22222222
1190,8_8_8,seq_ABC,hard,,1.00000000,1,199,1,1,0,0.00000000,0.00000000,0.00000000,0.00000000,S=8,0,0,0.00000000
1190,8_8_8,seq_ABC,filter_l0.00,0.00,1.00000000,1,187,1,13,0,0.00000000,0.03487778,0.01551682,0.07028277,S=8,0,0,0.00000000
1190,8_8_8,seq_ABC,filter_l0.20,0.20,0.68000000,0,10,1,199,0,0.26000000,0.89170321,0.41821093,1.16032803,S=8,0,0,0.22222222
1190,8_8_8,seq_ABC,filter_l1.00,1.00,0.31000000,0,5,0,,1,0.63333333,1.69193466,0.72438850,1.74650570,not_aligned,0,0,0.22222222
1191,8_8_8,sync,hard,,1.00000000,1,199,1,1,0,0.00000000,0.00000000,0.00000000,0.00000000,S=8,1,0,0.00000000
1191,8_8_8,sync,filter_l0.00,0.00,1.00000000,1,188,1,12,0,0.00000000,0.00014896,0.00000053,0.00115469,S=8,0,0,0.00000000
1191,8_8_8,sync,filter_l0.20,0.20,0.66000000,0,9,1,194,0,0.29666667,0.85692107,0.42187199,1.20669527,S=8,0,0,0.00000000
1191,8_8_8,sync,filter_l1.00,1.00,0.28000000,0,4,0,,1,0.65000000,1.68755745,0.73151717,1.76076182,not_aligned,0,0,0.00000000
1191,8_8_8,seq_ABC,hard,,1.00000000,1,199,1,1,0,0.00000000,0.00000000,0.00000000,0.00000000,S=8,1,0,0.00000000
1191,8_8_8,seq_ABC,filter_l0.00,0.00,1.00000000,1,170,1,30,0,0.00000000,0.00014897,0.00000053,0.00115490,S=8,0,0,0.00000000
1191,8_8_8,seq_ABC,filter_l0.20,0.20,0.76000000,0,15,1,197,0,0.25666667,0.80268896,0.38907510,1.18569035,S=8,0,0,0.00000000
1191,8_8_8,seq_ABC,filter_l1.00,1.00,0.21000000,0,4,0,,1,0.66666667,1.73275739,0.74919577,1.77974607,not_aligned,0,0,0.22222222
1192,8_8_8,sync,hard,,1.00000000,1,199,1,1,0,0.00000000,0.00000000,0.00000000,0.00000000,S=8,0,0,0.00000000
1192,8_8_8,sync,filter_l0.00,0.00,1.00000000,1,171,1,29,0,0.00000000,0.00000701,0.00000000,0.00007672,S=8,0,0,0.00000000
1192,8_8_8,sync,filter_l0.20,0.20,0.66000000,0,16,1,196,0,0.26333333,0.85423608,0.40241388,1.12979942,S=8,0,0,0.00000000
1192,8_8_8,sync,filter_l1.00,1.00,0.24000000,0,4,1,199,0,0.62666667,1.64391789,0.71742478,1.74839356,S=8,0,0,0.22222222
1192,8_8_8,seq_ABC,hard,,1.00000000,1,199,1,1,0,0.00000000,0.00000000,0.00000000,0.00000000,S=8,0,0,0.00000000
1192,8_8_8,seq_ABC,filter_l0.00,0.00,1.00000000,1,171,1,29,0,0.00000000,0.00000678,0.00000000,0.00007395,S=8,0,0,0.00000000
1192,8_8_8,seq_ABC,filter_l0.20,0.20,0.64000000,0,11,1,197,0,0.32000000,0.93345637,0.45271948,1.15526292,S=8,0,0,0.00000000
1192,8_8_8,seq_ABC,filter_l1.00,1.00,0.36000000,0,6,1,199,0,0.62333333,1.62468855,0.70541968,1.74121173,S=8,0,0,0.22222222
1193,8_8_8,sync,hard,,1.00000000,1,199,1,1,0,0.00000000,0.00000000,0.00000000,0.00000000,S=8,0,0,0.00000000
1193,8_8_8,sync,filter_l0.00,0.00,1.00000000,1,165,1,35,0,0.00000000,0.00000017,0.00000000,0.00000250,S=8,0,0,0.00000000
1193,8_8_8,sync,filter_l0.20,0.20,0.48000000,0,22,1,197,0,0.40000000,1.06010018,0.53085080,1.28263087,S=8,0,0,0.00000000
1193,8_8_8,sync,filter_l1.00,1.00,0.13000000,0,6,0,,1,0.65000000,1.75164863,0.75098628,1.77972334,not_aligned,0,0,0.22222222
1193,8_8_8,seq_ABC,hard,,1.00000000,1,199,1,1,0,0.00000000,0.00000000,0.00000000,0.00000000,S=8,0,0,0.00000000
1193,8_8_8,seq_ABC,filter_l0.00,0.00,1.00000000,1,165,1,35,0,0.00000000,0.00000017,0.00000000,0.00000250,S=8,1,0,0.00000000
1193,8_8_8,seq_ABC,filter_l0.20,0.20,0.42000000,0,22,1,197,0,0.42666667,1.11310438,0.55325184,1.28459204,S=8,1,0,0.00000000
1193,8_8_8,seq_ABC,filter_l1.00,1.00,0.17000000,0,6,0,,1,0.64333333,1.72968550,0.74063983,1.76471120,not_aligned,1,0,0.22222222
1194,8_8_8,sync,hard,,1.00000000,1,199,1,1,0,0.00000000,0.00000000,0.00000000,0.00000000,S=8,0,0,0.00000000
1194,8_8_8,sync,filter_l0.00,0.00,1.00000000,1,186,1,14,0,0.00000000,0.00000527,0.00000000,0.00006056,S=8,0,0,0.00000000
1194,8_8_8,sync,filter_l0.20,0.20,0.66000000,0,12,0,,1,0.31000000,1.00328185,0.47140757,1.26078152,not_aligned,0,0,0.22222222
1194,8_8_8,sync,filter_l1.00,1.00,0.27000000,0,6,0,,1,0.65666667,1.76906679,0.74268690,1.77420818,not_aligned,0,0,0.22222222
1194,8_8_8,seq_ABC,hard,,1.00000000,1,199,1,1,0,0.00000000,0.00000000,0.00000000,0.00000000,S=8,0,0,0.00000000
1194,8_8_8,seq_ABC,filter_l0.00,0.00,1.00000000,1,181,1,19,0,0.00000000,0.00000239,0.00000000,0.00002991,S=8,0,0,0.00000000
1194,8_8_8,seq_ABC,filter_l0.20,0.20,0.65000000,0,10,0,,1,0.33666667,1.00402521,0.48058241,1.25452602,not_aligned,0,0,0.22222222
1194,8_8_8,seq_ABC,filter_l1.00,1.00,0.27000000,0,4,0,,1,0.63666667,1.74902510,0.73479165,1.76822592,not_aligned,0,0,0.66666667
1195,8_8_8,sync,hard,,1.00000000,1,199,1,1,0,0.00000000,0.00000000,0.00000000,0.00000000,S=8,0,0,0.00000000
1195,8_8_8,sync,filter_l0.00,0.00,1.00000000,1,163,1,37,0,0.00000000,0.00021954,0.00000092,0.00163026,S=8,0,0,0.00000000
1195,8_8_8,sync,filter_l0.20,0.20,0.61000000,0,11,1,198,0,0.29666667,0.84725440,0.40602015,1.08616663,S=8,0,0,0.00000000
1195,8_8_8,sync,filter_l1.00,1.00,0.25000000,0,5,0,,1,0.60000000,1.60125798,0.70500870,1.75078746,not_aligned,0,0,0.22222222
1195,8_8_8,seq_ABC,hard,,1.00000000,1,199,1,1,0,0.00000000,0.00000000,0.00000000,0.00000000,S=8,0,0,0.00000000
1195,8_8_8,seq_ABC,filter_l0.00,0.00,1.00000000,1,182,1,18,0,0.00000000,0.00002848,0.00000002,0.00026985,S=8,1,0,0.00000000
1195,8_8_8,seq_ABC,filter_l0.20,0.20,0.51000000,0,10,1,198,0,0.32333333,0.91401570,0.44661929,1.12047686,S=8,1,0,0.00000000
1195,8_8_8,seq_ABC,filter_l1.00,1.00,0.27000000,0,5,1,199,0,0.58000000,1.60496977,0.70612855,1.75769205,S=8,1,0,0.22222222
1196,8_8_8,sync,hard,,1.00000000,1,199,1,1,0,0.00000000,0.00000000,0.00000000,0.00000000,S=8,0,0,0.00000000
1196,8_8_8,sync,filter_l0.00,0.00,1.00000000,1,183,1,17,0,0.00000000,0.00000565,0.00000000,0.00006137,S=8,0,0,0.00000000
1196,8_8_8,sync,filter_l0.20,0.20,0.65000000,0,11,1,199,0,0.29333333,0.89003345,0.44838854,1.17602349,S=8,0,0,0.22222222
1196,8_8_8,sync,filter_l1.00,1.00,0.29000000,0,6,0,,1,0.64000000,1.68798429,0.73220473,1.75809853,not_aligned,0,0,0.88888889
1196,8_8_8,seq_ABC,hard,,1.00000000,1,199,1,1,0,0.00000000,0.00000000,0.00000000,0.00000000,S=8,0,0,0.00000000
1196,8_8_8,seq_ABC,filter_l0.00,0.00,1.00000000,1,183,1,17,0,0.00000000,0.00000570,0.00000000,0.00006207,S=8,0,0,0.00000000
1196,8_8_8,seq_ABC,filter_l0.20,0.20,0.71000000,0,19,1,199,0,0.25666667,0.82036108,0.40323037,1.17168826,S=8,0,0,0.22222222
1196,8_8_8,seq_ABC,filter_l1.00,1.00,0.28000000,0,4,0,,1,0.62666667,1.67949035,0.72499166,1.76144859,not_aligned,0,0,0.66666667
1197,8_8_8,sync,hard,,1.00000000,1,199,1,1,0,0.00000000,0.00000000,0.00000000,0.00000000,S=8,0,0,0.00000000
1197,8_8_8,sync,filter_l0.00,0.00,1.00000000,1,177,1,23,0,0.00000000,0.00015540,0.00000083,0.00113935,S=8,0,0,0.00000000
1197,8_8_8,sync,filter_l0.20,0.20,0.67000000,0,16,0,,1,0.21000000,0.76875448,0.37875270,1.12540304,not_aligned,0,0,0.22222222
1197,8_8_8,sync,filter_l1.00,1.00,0.26000000,0,4,0,,1,0.59333333,1.58449399,0.69614972,1.74063420,not_aligned,0,0,0.22222222
1197,8_8_8,seq_ABC,hard,,1.00000000,1,199,1,1,0,0.00000000,0.00000000,0.00000000,0.00000000,S=8,0,0,0.00000000
1197,8_8_8,seq_ABC,filter_l0.00,0.00,1.00000000,1,186,1,14,0,0.00000000,0.00015688,0.00000083,0.00115565,S=8,0,0,0.00000000
1197,8_8_8,seq_ABC,filter_l0.20,0.20,0.66000000,0,16,0,,1,0.23000000,0.79633226,0.39336589,1.11858102,not_aligned,0,0,0.22222222
1197,8_8_8,seq_ABC,filter_l1.00,1.00,0.20000000,0,5,0,,1,0.61666667,1.64717819,0.72452429,1.76782855,not_aligned,0,0,0.22222222
1198,8_8_8,sync,hard,,1.00000000,1,199,1,1,0,0.00000000,0.00000000,0.00000000,0.00000000,S=8,0,0,0.00000000
1198,8_8_8,sync,filter_l0.00,0.00,1.00000000,1,179,1,21,0,0.00000000,0.00050061,0.00000488,0.00328471,S=8,1,0,0.00000000
1198,8_8_8,sync,filter_l0.20,0.20,0.39000000,0,15,1,199,0,0.51000000,1.25913533,0.60997159,1.33081213,S=8,1,0,0.22222222
1198,8_8_8,sync,filter_l1.00,1.00,0.26000000,0,7,0,,1,0.64666667,1.74613603,0.73611578,1.77424177,not_aligned,1,0,0.22222222
1198,8_8_8,seq_ABC,hard,,1.00000000,1,199,1,1,0,0.00000000,0.00000000,0.00000000,0.00000000,S=8,0,0,0.00000000
1198,8_8_8,seq_ABC,filter_l0.00,0.00,1.00000000,1,179,1,21,0,0.00000000,0.00018050,0.00000064,0.00136994,S=8,1,0,0.00000000
1198,8_8_8,seq_ABC,filter_l0.20,0.20,0.50000000,0,10,1,197,0,0.46333333,1.16868144,0.56643276,1.31282201,S=8,1,0,0.00000000
1198,8_8_8,seq_ABC,filter_l1.00,1.00,0.25000000,0,5,0,,1,0.65666667,1.76516178,0.74514731,1.77433021,not_aligned,1,0,0.22222222
1199,8_8_8,sync,hard,,1.00000000,1,199,1,1,0,0.00000000,0.00000000,0.00000000,0.00000000,S=8,0,0,0.00000000
1199,8_8_8,sync,filter_l0.00,0.00,1.00000000,1,192,1,8,0,0.00000000,0.00338116,0.00020295,0.01650405,S=8,0,0,0.00000000
1199,8_8_8,sync,filter_l0.20,0.20,0.56000000,0,12,1,194,0,0.40666667,1.07842291,0.54136167,1.26623520,S=8,0,0,0.00000000
1199,8_8_8,sync,filter_l1.00,1.00,0.22000000,0,4,0,,1,0.64000000,1.72219985,0.74940651,1.79060767,not_aligned,0,0,0.66666667
1199,8_8_8,seq_ABC,hard,,1.00000000,1,199,1,1,0,0.00000000,0.00000000,0.00000000,0.00000000,S=8,0,0,0.00000000
1199,8_8_8,seq_ABC,filter_l0.00,0.00,1.00000000,1,168,1,32,0,0.00000000,0.00119796,0.00002800,0.00702061,S=8,1,0,0.00000000
1199,8_8_8,seq_ABC,filter_l0.20,0.20,0.47000000,0,8,1,199,0,0.44666667,1.12425712,0.56659364,1.28532162,S=8,1,0,0.22222222
1199,8_8_8,seq_ABC,filter_l1.00,1.00,0.19000000,0,3,0,,1,0.64000000,1.70888471,0.74132108,1.78777700,not_aligned,1,0,0.22222222
