seed,env_mode,c_update,step,sym_var,collective_var,pairwise_dist,obs_R_A,obs_S_A,obs_I_A,obs_R_B,obs_S_B,obs_I_B,obs_R_C,obs_S_C,obs_I_C
0,shared,C_update_on,0,0.666667,0.222222,1.333333,5,3,6,5,2,6,5,1,6
0,shared,C_update_on,1,0.222222,0.148148,1.138071,7,1,6,7,0,6,7,0,5
0,shared,C_update_on,2,0.000000,0.074074,0.666667,8,0,5,8,0,6,8,0,6
0,shared,C_update_on,3,0.000000,0.148148,0.942809,8,0,7,7,0,8,7,0,8
0,shared,C_update_on,4,0.000000,0.370370,1.745356,8,0,8,6,0,8,6,0,7
0,shared,C_update_on,5,0.000000,0.148148,1.138071,8,0,6,7,0,7,7,0,6
0,shared,C_update_on,6,0.000000,0.148148,0.942809,7,0,7,6,0,8,6,0,8
0,shared,C_update_on,7,0.000000,0.000000,0.000000,7,0,8,7,0,8,7,0,8
0,shared,C_update_on,8,0.000000,0.000000,0.000000,8,0,8,8,0,8,8,0,8
0,shared,C_update_on,9,0.000000,0.074074,0.666667,8,0,8,7,0,8,7,0,8
0,shared,C_update_on,10,0.000000,0.296296,1.333333,7,0,8,5,0,8,5,0,8
0,shared,C_update_on,11,0.000000,0.296296,1.333333,7,0,8,5,0,8,5,0,8
0,shared,C_update_on,12,0.000000,0.000000,0.000000,5,0,7,5,0,7,5,0,7
0,shared,C_update_on,13,0.000000,0.074074,0.666667,5,0,8,5,0,8,5,0,7
0,shared,C_update_on,14,0.000000,0.074074,0.666667,6,0,6,6,0,7,6,0,6
0,shared,C_update_on,15,0.000000,0.074074,0.666667,8,0,7,8,0,7,8,0,8
0,shared,C_update_on,16,0.000000,0.074074,0.666667,8,0,7,8,0,8,8,0,7
0,shared,C_update_on,17,0.000000,0.074074,0.666667,8,0,7,8,0,8,8,0,7
0,shared,C_update_on,18,0.000000,0.148148,1.138071,8,0,6,7,0,6,7,0,5
0,shared,C_update_on,19,0.000000,0.370370,1.490712,7,0,5,5,0,6,5,0,6
0,shared,C_update_on,20,0.000000,0.148148,1.138071,6,0,6,5,0,7,6,0,7
0,shared,C_update_on,21,0.000000,0.148148,0.942809,6,0,7,5,0,8,5,0,8
0,shared,C_update_on,22,0.000000,0.074074,0.666667,5,0,8,5,0,8,6,0,8
0,shared,C_update_on,23,0.000000,0.074074,0.666667,6,0,8,6,0,8,6,0,7
0,shared,C_update_on,24,0.000000,0.074074,0.666667,7,0,7,7,0,8,7,0,7
0,shared,C_update_on,25,0.000000,0.074074,0.666667,7,0,7,7,0,8,7,0,7
0,shared,C_update_on,26,0.000000,0.074074,0.666667,8,0,7,8,0,7,8,0,8
0,shared,C_update_on,27,0.000000,0.074074,0.666667,8,0,8,7,0,8,7,0,8
0,shared,C_update_on,28,0.000000,0.296296,1.333333,8,0,8,6,0,8,6,0,8
0,shared,C_update_on,29,0.000000,0.296296,1.333333,6,0,8,4,0,8,4,0,8
0,shared,C_update_on,30,0.000000,0.000000,0.000000,5,0,8,5,0,8,5,0,8
0,shared,C_update_on,31,0.000000,0.074074,0.666667,5,0,8,5,0,8,6,0,8
0,shared,C_update_on,32,0.000000,0.000000,0.000000,6,0,8,6,0,8,6,0,8
0,shared,C_update_on,33,0.000000,0.000000,0.000000,8,0,8,8,0,8,8,0,8
0,shared,C_update_on,34,0.000000,0.148148,0.942809,8,0,8,8,0,8,7,0,7
0,shared,C_update_on,35,0.000000,0.074074,0.666667,7,0,7,7,0,8,7,0,8
0,shared,C_update_on,36,0.000000,0.148148,1.138071,8,0,8,7,0,8,7,0,7
0,shared,C_update_on,37,0.000000,0.370370,1.490712,8,0,7,6,0,8,6,0,8
0,shared,C_update_on,38,0.000000,0.148148,1.138071,7,0,8,6,0,8,6,0,7
0,shared,C_update_on,39,0.000000,0.148148,1.138071,7,0,7,6,0,8,6,0,7
0,shared,C_update_on,40,0.000000,0.074074,0.666667,8,0,7,8,0,7,8,0,8
0,shared,C_update_on,41,0.000000,0.074074,0.666667,8,0,8,8,0,8,7,0,8
0,shared,C_update_on,42,0.000000,0.074074,0.666667,8,0,7,8,0,8,8,0,7
0,shared,C_update_on,43,0.000000,0.370370,1.745356,8,0,8,6,0,8,6,0,7
0,shared,C_update_on,44,0.000000,0.370370,1.490712,8,0,7,6,0,8,6,0,8
0,shared,C_update_on,45,0.000000,0.074074,0.666667,7,0,8,6,0,8,6,0,8
0,shared,C_update_on,46,0.000000,0.000000,0.000000,7,0,8,7,0,8,7,0,8
0,shared,C_update_on,47,0.000000,0.000000,0.000000,7,0,8,7,0,8,7,0,8
0,shared,C_update_on,48,0.000000,0.000000,0.000000,8,0,8,8,0,8,8,0,8
0,shared,C_update_on,49,0.000000,0.296296,1.550094,8,0,7,7,0,7,6,0,6
0,shared,C_update_off,0,0.000000,0.000000,0.000000,5,2,6,5,2,6,5,2,6
0,shared,C_update_off,1,0.000000,0.000000,0.000000,5,2,6,5,2,6,5,2,6
0,shared,C_update_off,2,0.000000,0.000000,0.000000,6,2,6,6,2,6,6,2,6
0,shared,C_update_off,3,0.000000,0.074074,0.666667,6,2,6,6,2,7,6,2,7
0,shared,C_update_off,4,0.000000,0.074074,0.666667,8,2,7,8,2,8,8,2,8
0,shared,C_update_off,5,0.000000,0.000000,0.000000,8,2,8,8,2,8,8,2,8
0,shared,C_update_off,6,0.000000,0.074074,0.666667,8,2,8,7,2,8,7,2,8
0,shared,C_update_off,7,0.222222,0.370370,1.490712,8,2,8,6,3,8,6,3,8
0,shared,C_update_off,8,0.222222,0.148148,0.942809,7,3,8,6,4,8,6,4,8
0,shared,C_update_off,9,0.222222,0.074074,0.666667,7,4,8,7,5,8,7,5,8
0,shared,C_update_off,10,0.000000,0.000000,0.000000,7,5,8,7,5,8,7,5,8
0,shared,C_update_off,11,0.000000,0.074074,0.666667,8,5,8,7,5,8,7,5,8
0,shared,C_update_off,12,0.666667,0.592593,2.216761,7,5,8,5,6,8,5,7,7
0,shared,C_update_off,13,0.222222,0.444444,1.954568,5,7,7,3,6,8,3,7,7
0,shared,C_update_off,14,0.000000,0.148148,0.942809,4,7,7,5,7,8,5,7,8
0,shared,C_update_off,15,0.222222,0.148148,1.138071,6,7,8,5,7,8,5,6,8
0,shared,C_update_off,16,0.000000,0.000000,0.000000,6,6,8,6,6,8,6,6,8
0,shared,C_update_off,17,0.000000,0.000000,0.000000,8,6,8,8,6,8,8,6,8
0,shared,C_update_off,18,0.000000,0.000000,0.000000,8,5,8,8,5,8,8,5,8
0,shared,C_update_off,19,0.000000,0.074074,0.666667,8,4,7,8,4,8,8,4,8
0,shared,C_update_off,20,0.666667,0.296296,1.550094,8,3,8,7,4,8,7,5,8
0,shared,C_update_off,21,0.222222,0.444444,1.962117,8,4,8,6,5,8,6,4,7
0,shared,C_update_off,22,0.222222,0.592593,2.149830,7,3,6,5,2,7,5,2,8
0,shared,C_update_off,23,0.222222,0.148148,0.942809,6,1,8,7,2,8,7,2,8
0,shared,C_update_off,24,0.000000,0.074074,0.666667,8,1,7,8,1,8,8,1,8
0,shared,C_update_off,25,0.000000,0.000000,0.000000,8,0,8,8,0,8,8,0,8
0,shared,C_update_off,26,0.666667,0.592593,2.216761,8,1,8,6,2,8,6,3,7
0,shared,C_update_off,27,0.222222,0.444444,1.895186,8,3,7,6,4,8,6,4,7
0,shared,C_update_off,28,0.222222,0.222222,1.382088,8,4,7,7,5,8,7,4,8
0,shared,C_update_off,29,0.222222,0.148148,1.138071,7,4,8,8,3,8,8,4,8
0,shared,C_update_off,30,0.222222,0.222222,1.382088,8,4,8,7,4,8,7,5,7
0,shared,C_update_off,31,0.666667,0.518519,2.139203,7,5,7,5,4,8,6,3,7
0,shared,C_update_off,32,0.222222,0.666667,2.341994,6,3,7,4,4,8,3,3,8
0,shared,C_update_off,33,0.666667,0.518519,2.048755,5,3,8,6,4,8,7,5,7
0,shared,C_update_off,34,0.222222,0.148148,1.138071,8,5,7,8,5,8,8,6,8
0,shared,C_update_off,35,0.222222,0.370370,1.727180,8,6,8,7,6,8,6,5,7
0,shared,C_update_off,36,0.222222,0.222222,1.382088,7,5,7,7,5,8,8,6,7
0,shared,C_update_off,37,0.222222,0.074074,0.666667,8,5,7,8,6,7,8,5,7
0,shared,C_update_off,38,0.222222,0.666667,2.393847,8,4,7,6,3,8,5,4,7
0,shared,C_update_off,39,0.666667,0.370370,1.821367,6,3,6,5,4,7,6,5,6
0,shared,C_update_off,40,0.666667,0.370370,1.727180,8,4,6,7,3,7,7,2,7
0,shared,C_update_off,41,0.666667,0.370370,1.727180,8,2,7,7,3,8,7,4,8
0,shared,C_update_off,42,0.222222,0.148148,1.138071,8,4,8,8,5,8,8,5,7
0,shared,C_update_off,43,0.666667,0.370370,1.794111,8,5,7,8,4,8,7,3,7
0,shared,C_update_off,44,0.666667,0.592593,2.149830,8,3,7,6,4,8,6,5,8
0,shared,C_update_off,45,0.222222,0.370370,1.727180,7,4,7,5,3,8,6,4,7
0,shared,C_update_off,46,0.222222,0.222222,1.154701,7,4,7,8,3,8,8,3,8
0,shared,C_update_off,47,0.000000,0.074074,0.666667,8,3,8,7,3,8,7,3,8
0,shared,C_update_off,48,0.222222,0.148148,1.138071,8,3,8,7,4,8,7,3,8
0,shared,C_update_off,49,0.222222,0.370370,1.745356,8,3,8,6,2,8,6,3,8
0,isolated,C_update_on,0,0.888889,0.296296,1.333333,5,3,6,5,1,6,5,1,6
0,isolated,C_update_on,1,0.888889,0.666667,2.433521,7,2,6,5,0,6,5,2,5
0,isolated,C_update_on,2,0.000000,0.888889,2.774852,8,1,6,5,1,7,5,1,5
0,isolated,C_update_on,3,0.666667,1.407407,3.534003,8,2,6,5,0,8,5,1,5
0,isolated,C_update_on,4,0.222222,2.000000,4.133134,8,1,6,3,0,8,5,0,5
0,isolated,C_update_on,5,0.222222,2.000000,4.133134,8,1,6,3,0,8,5,0,5
0,isolated,C_update_on,6,0.222222,2.518519,4.485952,8,1,6,3,0,8,7,1,4
0,isolated,C_update_on,7,0.000000,2.444444,4.426029,8,1,6,3,1,8,7,1,4
0,isolated,C_update_on,8,0.222222,2.518519,4.485952,8,2,6,3,1,8,7,2,4
0,isolated,C_update_on,9,0.000000,2.444444,4.426029,8,2,6,3,2,8,7,2,4
0,isolated,C_update_on,10,0.222222,2.518519,4.485952,8,3,6,3,2,8,7,3,4
0,isolated,C_update_on,11,0.000000,2.444444,4.426029,8,3,6,3,3,8,7,3,4
0,isolated,C_update_on,12,0.222222,2.518519,4.485952,8,4,6,3,3,8,7,4,4
0,isolated,C_update_on,13,0.000000,2.444444,4.426029,8,4,6,3,4,8,7,4,4
0,isolated,C_update_on,14,0.222222,2.518519,4.485952,8,5,6,3,4,8,7,5,4
0,isolated,C_update_on,15,0.222222,2.518519,4.485952,8,4,6,3,5,8,7,4,4
0,isolated,C_update_on,16,0.222222,2.518519,4.485952,8,5,6,3,4,8,7,5,4
0,isolated,C_update_on,17,0.222222,2.518519,4.485952,8,4,6,3,5,8,7,4,4
0,isolated,C_update_on,18,0.222222,2.518519,4.485952,8,5,6,3,4,8,7,5,4
0,isolated,C_update_on,19,0.222222,2.518519,4.485952,8,4,6,3,5,8,7,4,4
0,isolated,C_update_on,20,0.222222,2.518519,4.485952,8,5,6,3,4,8,7,5,4
0,isolated,C_update_on,21,0.222222,2.518519,4.485952,8,4,6,3,5,8,7,4,4
0,isolated,C_update_on,22,0.222222,2.518519,4.485952,8,5,6,3,4,8,7,5,4
0,isolated,C_update_on,23,0.222222,2.518519,4.485952,8,4,6,3,5,8,7,4,4
0,isolated,C_update_on,24,0.222222,2.518519,4.485952,8,5,6,3,4,8,7,5,4
0,isolated,C_update_on,25,0.222222,2.518519,4.485952,8,4,6,3,5,8,7,4,4
0,isolated,C_update_on,26,0.222222,2.518519,4.485952,8,5,6,3,4,8,7,5,4
0,isolated,C_update_on,27,0.222222,2.518519,4.485952,8,4,6,3,5,8,7,4,4
0,isolated,C_update_on,28,0.222222,2.518519,4.485952,8,5,6,3,4,8,7,5,4
0,isolated,C_update_on,29,0.222222,2.518519,4.485952,8,4,6,3,5,8,7,4,4
0,isolated,C_update_on,30,0.222222,2.518519,4.485952,8,5,6,3,4,8,7,5,4
0,isolated,C_update_on,31,0.222222,2.518519,4.485952,8,4,6,3,5,8,7,4,4
0,isolated,C_update_on,32,0.222222,2.518519,4.485952,8,5,6,3,4,8,7,5,4
0,isolated,C_update_on,33,0.222222,2.518519,4.485952,8,4,6,3,5,8,7,4,4
0,isolated,C_update_on,34,0.222222,2.518519,4.485952,8,5,6,3,4,8,7,5,4
0,isolated,C_update_on,35,0.222222,2.518519,4.485952,8,4,6,3,5,8,7,4,4
0,isolated,C_update_on,36,0.222222,2.518519,4.485952,8,5,6,3,4,8,7,5,4
0,isolated,C_update_on,37,0.222222,2.518519,4.485952,8,4,6,3,5,8,7,4,4
0,isolated,C_update_on,38,0.222222,2.518519,4.485952,8,5,6,3,4,8,7,5,4
0,isolated,C_update_on,39,0.222222,2.518519,4.485952,8,4,6,3,5,8,7,4,4
0,isolated,C_update_on,40,0.222222,2.518519,4.485952,8,5,6,3,4,8,7,5,4
0,isolated,C_update_on,41,0.222222,2.518519,4.485952,8,4,6,3,5,8,7,4,4
0,isolated,C_update_on,42,0.222222,2.518519,4.485952,8,5,6,3,4,8,7,5,4
0,isolated,C_update_on,43,0.222222,2.518519,4.485952,8,4,6,3,5,8,7,4,4
0,isolated,C_update_on,44,0.222222,2.518519,4.485952,8,5,6,3,4,8,7,5,4
0,isolated,C_update_on,45,0.222222,2.518519,4.485952,8,4,6,3,5,8,7,4,4
0,isolated,C_update_on,46,0.222222,2.518519,4.485952,8,5,6,3,4,8,7,5,4
0,isolated,C_update_on,47,0.222222,2.518519,4.485952,8,4,6,3,5,8,7,4,4
0,isolated,C_update_on,48,0.222222,2.518519,4.485952,8,5,6,3,4,8,7,5,4
0,isolated,C_update_on,49,0.222222,2.518519,4.485952,8,4,6,3,5,8,7,4,4
0,isolated,C_update_off,0,0.000000,0.000000,0.000000,5,2,6,5,2,6,5,2,6
0,isolated,C_update_off,1,0.000000,0.000000,0.000000,5,2,6,5,2,6,5,2,6
0,isolated,C_update_off,2,0.000000,0.074074,0.666667,6,2,6,5,2,6,5,2,6
0,isolated,C_update_off,3,0.000000,0.148148,1.138071,6,2,6,5,2,7,5,2,6
0,isolated,C_update_off,4,0.000000,0.962963,2.868517,8,2,6,5,2,8,5,2,6
0,isolated,C_update_off,5,0.000000,0.962963,2.868517,8,2,6,5,2,8,5,2,6
0,isolated,C_update_off,6,0.000000,0.962963,2.868517,8,2,6,5,2,8,5,2,6
0,isolated,C_update_off,7,0.000000,0.962963,2.868517,8,2,6,5,2,8,5,2,6
0,isolated,C_update_off,8,0.222222,1.925926,3.686600,8,2,6,3,3,8,7,2,6
0,isolated,C_update_off,9,0.888889,1.111111,2.862402,8,2,6,5,4,8,7,2,6
0,isolated,C_update_off,10,2.000000,2.740741,4.469860,8,2,6,3,5,8,7,2,5
0,isolated,C_update_off,11,1.555556,2.962963,4.871301,8,2,6,3,5,8,7,3,4
0,isolated,C_update_off,12,1.555556,2.444444,4.507771,8,2,6,3,5,8,6,4,5
0,isolated,C_update_off,13,1.555556,2.222222,4.244833,8,2,6,3,5,8,6,4,6
0,isolated,C_update_off,14,2.000000,2.740741,4.827013,8,2,6,3,5,8,7,5,5
0,isolated,C_update_off,15,1.555556,2.222222,4.244833,8,2,6,3,5,8,6,4,6
0,isolated,C_update_off,16,1.555556,2.370370,4.327686,8,2,6,3,5,8,7,4,6
0,isolated,C_update_off,17,1.555556,2.370370,4.327686,8,2,6,3,5,8,7,4,6
0,isolated,C_update_off,18,1.555556,2.370370,4.327686,8,2,6,3,5,8,7,4,6
0,isolated,C_update_off,19,1.555556,2.370370,4.327686,8,2,6,3,5,8,7,4,6
0,isolated,C_update_off,20,1.555556,2.592593,4.570974,8,2,6,3,5,8,7,4,5
0,isolated,C_update_off,21,2.000000,2.518519,4.599609,8,2,6,3,5,8,7,5,6
0,isolated,C_update_off,22,2.000000,2.518519,4.599609,8,2,6,3,5,8,7,5,6
0,isolated,C_update_off,23,2.000000,2.518519,4.599609,8,2,6,3,5,8,7,5,6
0,isolated,C_update_off,24,2.000000,2.518519,4.599609,8,2,6,3,5,8,7,5,6
0,isolated,C_update_off,25,2.000000,2.518519,4.599609,8,2,6,3,5,8,7,5,6
0,isolated,C_update_off,26,2.000000,2.518519,4.599609,8,2,6,3,5,8,7,5,6
0,isolated,C_update_off,27,2.000000,2.740741,4.827013,8,2,6,3,5,8,7,5,5
0,isolated,C_update_off,28,2.888889,3.407407,5.497184,8,2,6,3,5,8,7,6,4
0,isolated,C_update_off,29,2.000000,2.740741,4.827013,8,2,6,3,5,8,7,5,5
0,isolated,C_update_off,30,2.888889,3.407407,5.497184,8,2,6,3,5,8,7,6,4
0,isolated,C_update_off,31,2.888889,3.407407,5.497184,8,2,6,3,5,8,7,6,4
0,isolated,C_update_off,32,4.666667,4.000000,5.976664,8,1,6,3,5,8,7,6,4
0,isolated,C_update_off,33,4.666667,4.000000,5.976664,8,1,6,3,5,8,7,6,4
0,isolated,C_update_off,34,4.666667,4.000000,5.976664,8,1,6,3,5,8,7,6,4
0,isolated,C_update_off,35,4.666667,4.000000,5.976664,8,1,6,3,5,8,7,6,4
0,isolated,C_update_off,36,4.666667,4.000000,5.976664,8,1,6,3,5,8,7,6,4
0,isolated,C_update_off,37,5.555556,4.296296,6.160850,8,1,6,3,6,8,7,6,4
0,isolated,C_update_off,38,5.555556,4.296296,6.160850,8,1,6,3,6,8,7,6,4
0,isolated,C_update_off,39,5.555556,4.296296,6.160850,8,1,6,3,6,8,7,6,4
0,isolated,C_update_off,40,5.555556,4.296296,6.160850,8,1,6,3,6,8,7,6,4
0,isolated,C_update_off,41,5.555556,4.296296,6.160850,8,1,6,3,6,8,7,6,4
0,isolated,C_update_off,42,5.555556,4.296296,6.160850,8,1,6,3,6,8,7,6,4
0,isolated,C_update_off,43,5.555556,4.296296,6.160850,8,1,6,3,6,8,7,6,4
0,isolated,C_update_off,44,4.666667,4.000000,5.891869,8,1,6,3,6,8,7,5,4
0,isolated,C_update_off,45,4.666667,4.000000,5.891869,8,1,6,3,6,8,7,5,4
0,isolated,C_update_off,46,4.666667,4.000000,5.891869,8,1,6,3,6,8,7,5,4
0,isolated,C_update_off,47,4.666667,4.000000,5.891869,8,1,6,3,6,8,7,5,4
0,isolated,C_update_off,48,4.666667,4.000000,5.891869,8,1,6,3,6,8,7,5,4
0,isolated,C_update_off,49,4.666667,4.000000,5.891869,8,1,6,3,6,8,7,5,4
1,shared,C_update_on,0,0.666667,0.296296,1.550094,6,3,6,6,2,7,6,1,7
1,shared,C_update_on,1,0.222222,0.148148,1.138071,8,1,7,8,0,8,8,0,7
1,shared,C_update_on,2,0.000000,0.074074,0.666667,8,0,7,8,0,8,8,0,7
1,shared,C_update_on,3,0.000000,0.074074,0.666667,8,0,6,8,0,7,8,0,7
1,shared,C_update_on,4,0.000000,0.370370,1.490712,8,0,7,6,0,8,6,0,8
1,shared,C_update_on,5,0.000000,0.296296,1.333333,8,0,8,6,0,8,6,0,8
1,shared,C_update_on,6,0.000000,0.000000,0.000000,7,0,8,7,0,8,7,0,8
1,shared,C_update_on,7,0.000000,0.074074,0.666667,8,0,8,7,0,8,7,0,8
1,shared,C_update_on,8,0.000000,0.000000,0.000000,7,0,8,7,0,8,7,0,8
1,shared,C_update_on,9,0.000000,0.074074,0.666667,7,0,7,6,0,7,6,0,7
1,shared,C_update_on,10,0.000000,0.370370,1.490712,8,0,7,6,0,8,6,0,8
1,shared,C_update_on,11,0.000000,0.074074,0.666667,7,0,8,7,0,8,7,0,7
1,shared,C_update_on,12,0.000000,0.074074,0.666667,8,0,7,8,0,7,8,0,6
1,shared,C_update_on,13,0.000000,0.074074,0.666667,8,0,6,7,0,6,7,0,6
1,shared,C_update_on,14,0.000000,0.000000,0.000000,7,0,6,7,0,6,7,0,6
1,shared,C_update_on,15,0.000000,0.296296,1.333333,8,0,6,6,0,6,6,0,6
1,shared,C_update_on,16,0.000000,0.148148,0.942809,6,0,6,5,0,7,5,0,7
1,shared,C_update_on,17,0.000000,0.148148,0.942809,7,0,7,6,0,8,6,0,8
1,shared,C_update_on,18,0.000000,0.000000,0.000000,7,0,8,7,0,8,7,0,8
1,shared,C_update_on,19,0.000000,0.000000,0.000000,7,0,8,7,0,8,7,0,8
1,shared,C_update_on,20,0.000000,0.000000,0.000000,8,0,8,8,0,8,8,0,8
1,shared,C_update_on,21,0.000000,0.000000,0.000000,8,0,8,8,0,8,8,0,8
1,shared,C_update_on,22,0.000000,0.296296,1.333333,8,0,8,6,0,8,6,0,8
1,shared,C_update_on,23,0.000000,0.296296,1.333333,8,0,8,6,0,8,6,0,8
1,shared,C_update_on,24,0.000000,0.074074,0.666667,6,0,8,6,0,8,6,0,7
1,shared,C_update_on,25,0.000000,0.148148,1.138071,6,0,7,5,0,8,5,0,7
1,shared,C_update_on,26,0.000000,0.000000,0.000000,7,0,7,7,0,7,7,0,7
1,shared,C_update_on,27,0.000000,0.000000,0.000000,8,0,7,8,0,7,8,0,7
1,shared,C_update_on,28,0.000000,0.000000,0.000000,8,0,7,8,0,7,8,0,7
1,shared,C_update_on,29,0.000000,0.370370,1.490712,8,0,7,6,0,8,6,0,8
1,shared,C_update_on,30,0.000000,0.296296,1.333333,8,0,8,6,0,8,6,0,8
1,shared,C_update_on,31,0.000000,0.074074,0.666667,7,0,8,6,0,8,6,0,8
1,shared,C_update_on,32,0.000000,0.000000,0.000000,8,0,8,8,0,8,8,0,8
1,shared,C_update_on,33,0.000000,0.074074,0.666667,8,0,8,8,0,8,8,0,7
1,shared,C_update_on,34,0.000000,0.074074,0.666667,8,0,7,8,0,8,8,0,7
1,shared,C_update_on,35,0.000000,0.074074,0.666667,8,0,7,8,0,7,8,0,6
1,shared,C_update_on,36,0.000000,0.074074,0.666667,8,0,6,8,0,7,8,0,7
1,shared,C_update_on,37,0.000000,0.074074,0.666667,8,0,7,8,0,8,8,0,8
1,shared,C_update_on,38,0.000000,0.000000,0.000000,8,0,8,8,0,8,8,0,8
1,shared,C_update_on,39,0.000000,0.370370,1.490712,8,0,7,6,0,8,6,0,8
1,shared,C_update_on,40,0.000000,0.296296,1.333333,7,0,8,5,0,8,5,0,8
1,shared,C_update_on,41,0.000000,0.074074,0.666667,7,0,8,6,0,8,6,0,8
1,shared,C_update_on,42,0.000000,0.074074,0.666667,7,0,7,7,0,8,7,0,8
1,shared,C_update_on,43,0.000000,0.000000,0.000000,8,0,8,8,0,8,8,0,8
1,shared,C_update_on,44,0.000000,0.074074,0.666667,8,0,8,8,0,8,8,0,7
1,shared,C_update_on,45,0.000000,0.074074,0.666667,8,0,7,8,0,8,8,0,7
1,shared,C_update_on,46,0.000000,0.370370,1.490712,8,0,7,6,0,8,6,0,8
1,shared,C_update_on,47,0.000000,0.296296,1.333333,6,0,8,4,0,8,4,0,8
1,shared,C_update_on,48,0.000000,0.074074,0.666667,5,0,8,4,0,8,4,0,8
1,shared,C_update_on,49,0.000000,0.000000,0.000000,5,0,8,5,0,8,5,0,8
1,shared,C_update_off,0,0.000000,0.074074,0.666667,6,2,6,6,2,7,6,2,7
1,shared,C_update_off,1,0.000000,0.074074,0.666667,7,2,7,7,2,8,7,2,8
1,shared,C_update_off,2,0.000000,0.000000,0.000000,7,2,8,7,2,8,7,2,8
1,shared,C_update_off,3,0.000000,0.000000,0.000000,7,2,8,7,2,8,7,2,8
1,shared,C_update_off,4,0.000000,0.074074,0.666667,8,2,8,7,2,8,7,2,8
1,shared,C_update_off,5,0.222222,0.148148,0.942809,8,2,8,7,3,8,7,3,8
1,shared,C_update_off,6,0.222222,0.370370,1.490712,8,3,8,6,4,8,6,4,8
1,shared,C_update_off,7,0.222222,0.148148,0.942809,7,4,8,6,5,8,6,5,8
1,shared,C_update_off,8,0.000000,0.000000,0.000000,6,5,8,6,5,8,6,5,8
1,shared,C_update_off,9,0.222222,0.148148,0.942809,6,5,8,6,5,8,6,6,7
1,shared,C_update_off,10,0.222222,0.148148,0.942809,8,6,7,8,6,7,8,7,8
1,shared,C_update_off,11,0.222222,0.444444,1.954568,8,7,8,6,7,8,6,6,7
1,shared,C_update_off,12,0.222222,0.222222,1.382088,8,6,7,7,6,7,7,7,8
1,shared,C_update_off,13,0.000000,0.074074,0.666667,8,7,8,7,7,8,7,7,8
1,shared,C_update_off,14,0.222222,0.148148,0.942809,7,7,8,6,6,8,6,6,8
1,shared,C_update_off,15,0.222222,0.074074,0.666667,7,5,8,7,5,8,7,4,8
1,shared,C_update_off,16,0.666667,0.370370,1.759306,8,3,7,7,4,7,7,5,6
1,shared,C_update_off,17,0.666667,0.370370,1.727180,8,4,6,7,3,7,7,2,7
1,shared,C_update_off,18,0.666667,0.592593,2.230710,8,1,7,6,2,8,6,3,7
1,shared,C_update_off,19,0.222222,0.222222,1.382088,6,3,7,5,4,8,5,4,7
1,shared,C_update_off,20,0.222222,0.222222,1.382088,6,4,7,5,4,8,6,5,7
1,shared,C_update_off,21,0.222222,0.148148,0.942809,7,5,7,7,5,7,7,4,8
1,shared,C_update_off,22,0.222222,0.222222,1.154701,8,4,8,8,4,8,7,5,7
1,shared,C_update_off,23,0.222222,0.222222,1.382088,8,4,7,8,4,8,7,5,7
1,shared,C_update_off,24,0.000000,0.296296,1.550094,7,4,6,7,4,7,8,4,8
1,shared,C_update_off,25,0.222222,0.370370,1.794111,8,3,8,7,4,8,6,3,7
1,shared,C_update_off,26,0.222222,0.444444,1.895186,8,3,7,6,4,8,6,4,7
1,shared,C_update_off,27,0.666667,0.518519,2.097510,7,4,6,6,3,7,7,2,8
1,shared,C_update_off,28,0.666667,0.370370,1.727180,8,2,8,8,3,8,7,4,7
1,shared,C_update_off,29,0.222222,0.444444,1.954568,8,4,7,6,3,8,6,4,7
1,shared,C_update_off,30,0.222222,0.444444,1.954568,8,4,7,6,5,8,6,4,7
1,shared,C_update_off,31,0.666667,0.296296,1.550094,7,4,7,7,5,8,7,6,8
1,shared,C_update_off,32,0.222222,0.222222,1.382088,8,6,8,7,6,8,7,7,7
1,shared,C_update_off,33,0.222222,0.148148,0.942809,8,7,7,8,7,7,8,6,6
1,shared,C_update_off,34,0.666667,0.296296,1.609476,8,6,6,8,5,7,8,4,6
1,shared,C_update_off,35,0.666667,0.814815,2.569925,8,4,6,6,5,6,5,6,7
1,shared,C_update_off,36,0.222222,0.444444,1.632993,7,5,7,5,4,8,5,4,8
1,shared,C_update_off,37,0.000000,0.148148,1.138071,5,3,8,4,3,8,5,3,7
1,shared,C_update_off,38,0.666667,0.370370,1.794111,6,3,7,6,4,8,5,5,7
1,shared,C_update_off,39,0.666667,0.370370,1.727180,7,4,7,8,5,8,8,6,8
1,shared,C_update_off,40,0.222222,0.148148,1.138071,8,5,8,7,6,8,7,5,8
1,shared,C_update_off,41,0.000000,0.000000,0.000000,8,5,8,8,5,8,8,5,8
1,shared,C_update_off,42,0.222222,0.444444,1.895186,8,5,8,6,4,8,6,4,7
1,shared,C_update_off,43,0.666667,0.814815,2.595697,7,4,7,5,5,8,4,6,7
1,shared,C_update_off,44,0.222222,0.222222,1.154701,6,6,6,6,6,6,7,5,7
1,shared,C_update_off,45,0.222222,0.148148,1.138071,8,4,7,8,4,8,8,5,7
1,shared,C_update_off,46,0.222222,0.222222,1.382088,8,4,7,8,4,8,7,3,8
1,shared,C_update_off,47,0.222222,0.148148,0.942809,7,2,8,7,2,8,7,3,7
1,shared,C_update_off,48,0.222222,0.444444,1.954568,8,2,7,6,3,8,6,2,7
1,shared,C_update_off,49,0.222222,0.444444,1.954568,7,3,6,5,2,7,5,3,6
1,isolated,C_update_on,0,0.888889,0.444444,1.895186,6,3,6,5,1,7,5,1,6
1,isolated,C_update_on,1,0.888889,1.481481,3.630312,8,2,6,5,0,8,5,2,5
1,isolated,C_update_on,2,0.222222,1.259259,3.361485,8,1,6,5,1,8,5,2,5
1,isolated,C_update_on,3,0.222222,1.259259,3.352761,8,2,6,5,1,8,5,1,5
1,isolated,C_update_on,4,0.666667,1.703704,3.844076,8,2,6,4,0,8,5,1,5
1,isolated,C_update_on,5,0.222222,1.555556,3.701795,8,1,6,4,1,8,5,0,5
1,isolated,C_update_on,6,0.666667,2.000000,4.160518,8,2,6,4,0,8,6,1,4
1,isolated,C_update_on,7,0.222222,1.481481,3.616064,8,1,6,5,1,8,6,0,4
1,isolated,C_update_on,8,0.888889,2.370370,4.398017,8,2,6,3,0,8,7,0,5
1,isolated,C_update_on,9,0.222222,2.148148,4.069759,8,1,6,3,0,8,7,0,5
1,isolated,C_update_on,10,0.000000,2.074074,3.933126,8,0,6,3,0,8,7,0,5
1,isolated,C_update_on,11,0.000000,2.074074,3.933126,8,0,6,3,0,8,7,0,5
1,isolated,C_update_on,12,0.000000,2.074074,3.933126,8,0,6,3,0,8,7,0,5
1,isolated,C_update_on,13,0.000000,2.074074,3.933126,8,0,6,3,0,8,7,0,5
1,isolated,C_update_on,14,0.000000,2.074074,3.933126,8,0,6,3,0,8,7,0,5
1,isolated,C_update_on,15,0.000000,2.074074,3.933126,8,0,6,3,0,8,7,0,5
1,isolated,C_update_on,16,0.000000,2.074074,3.933126,8,0,6,3,0,8,7,0,5
1,isolated,C_update_on,17,0.000000,2.074074,3.933126,8,0,6,3,0,8,7,0,5
1,isolated,C_update_on,18,0.000000,2.074074,3.933126,8,0,6,3,0,8,7,0,5
1,isolated,C_update_on,19,0.000000,2.074074,3.933126,8,0,6,3,0,8,7,0,5
1,isolated,C_update_on,20,0.000000,2.074074,3.933126,8,0,6,3,0,8,7,0,5
1,isolated,C_update_on,21,0.000000,2.074074,3.933126,8,0,6,3,0,8,7,0,5
1,isolated,C_update_on,22,0.000000,2.074074,3.933126,8,0,6,3,0,8,7,0,5
1,isolated,C_update_on,23,0.000000,2.074074,3.933126,8,0,6,3,0,8,7,0,5
1,isolated,C_update_on,24,0.000000,2.074074,3.933126,8,0,6,3,0,8,7,0,5
1,isolated,C_update_on,25,0.000000,2.074074,3.933126,8,0,6,3,0,8,7,0,5
1,isolated,C_update_on,26,0.000000,2.074074,3.933126,8,0,6,3,0,8,7,0,5
1,isolated,C_update_on,27,0.000000,2.074074,3.933126,8,0,6,3,0,8,7,0,5
1,isolated,C_update_on,28,0.000000,2.074074,3.933126,8,0,6,3,0,8,7,0,5
1,isolated,C_update_on,29,0.000000,2.074074,3.933126,8,0,6,3,0,8,7,0,5
1,isolated,C_update_on,30,0.000000,2.074074,3.933126,8,0,6,3,0,8,7,0,5
1,isolated,C_update_on,31,0.000000,2.074074,3.933126,8,0,6,3,0,8,7,0,5
1,isolated,C_update_on,32,0.000000,2.074074,3.933126,8,0,6,3,0,8,7,0,5
1,isolated,C_update_on,33,0.000000,2.074074,3.933126,8,0,6,3,0,8,7,0,5
1,isolated,C_update_on,34,0.000000,2.074074,3.933126,8,0,6,3,0,8,7,0,5
1,isolated,C_update_on,35,0.000000,2.444444,4.426029,8,0,6,3,0,8,7,0,4
1,isolated,C_update_on,36,0.000000,2.444444,4.426029,8,0,6,3,0,8,7,0,4
1,isolated,C_update_on,37,0.000000,2.444444,4.426029,8,0,6,3,0,8,7,0,4
1,isolated,C_update_on,38,0.000000,2.444444,4.426029,8,0,6,3,0,8,7,0,4
1,isolated,C_update_on,39,0.000000,2.444444,4.426029,8,0,6,3,0,8,7,0,4
1,isolated,C_update_on,40,0.000000,2.444444,4.426029,8,0,6,3,0,8,7,0,4
1,isolated,C_update_on,41,0.000000,2.444444,4.426029,8,0,6,3,0,8,7,0,4
1,isolated,C_update_on,42,0.000000,2.444444,4.426029,8,0,6,3,0,8,7,0,4
1,isolated,C_update_on,43,0.000000,2.444444,4.426029,8,0,6,3,0,8,7,0,4
1,isolated,C_update_on,44,0.000000,2.444444,4.426029,8,0,6,3,0,8,7,0,4
1,isolated,C_update_on,45,0.000000,2.444444,4.426029,8,0,6,3,0,8,7,0,4
1,isolated,C_update_on,46,0.000000,2.444444,4.426029,8,0,6,3,0,8,7,0,4
1,isolated,C_update_on,47,0.000000,2.444444,4.426029,8,0,6,3,0,8,7,0,4
1,isolated,C_update_on,48,0.000000,2.444444,4.426029,8,0,6,3,0,8,7,0,4
1,isolated,C_update_on,49,0.000000,2.444444,4.426029,8,0,6,3,0,8,7,0,4
1,isolated,C_update_off,0,0.000000,0.148148,1.138071,6,2,6,5,2,7,5,2,6
1,isolated,C_update_off,1,0.000000,0.592593,2.276142,7,2,6,5,2,8,5,2,6
1,isolated,C_update_off,2,0.000000,0.592593,2.276142,7,2,6,5,2,8,5,2,6
1,isolated,C_update_off,3,0.000000,0.592593,2.276142,7,2,6,5,2,8,5,2,6
1,isolated,C_update_off,4,0.000000,0.962963,2.868517,8,2,6,5,2,8,5,2,6
1,isolated,C_update_off,5,0.000000,0.962963,2.868517,8,2,6,5,2,8,5,2,6
1,isolated,C_update_off,6,0.000000,0.962963,2.868517,8,2,6,5,2,8,5,2,6
1,isolated,C_update_off,7,0.000000,0.962963,2.868517,8,2,6,5,2,8,5,2,6
1,isolated,C_update_off,8,0.222222,1.925926,3.686600,8,2,6,3,3,8,7,2,6
1,isolated,C_update_off,9,0.888889,1.111111,2.862402,8,2,6,5,4,8,7,2,6
1,isolated,C_update_off,10,2.000000,2.740741,4.469860,8,2,6,3,5,8,7,2,5
1,isolated,C_update_off,11,1.555556,2.962963,4.871301,8,2,6,3,5,8,7,3,4
1,isolated,C_update_off,12,1.555556,2.444444,4.507771,8,2,6,3,5,8,6,4,5
1,isolated,C_update_off,13,1.555556,2.370370,4.327686,8,2,6,3,5,8,7,4,6
1,isolated,C_update_off,14,1.555556,2.592593,4.570974,8,2,6,3,5,8,7,4,5
1,isolated,C_update_off,15,2.000000,2.740741,4.827013,8,2,6,3,5,8,7,5,5
1,isolated,C_update_off,16,1.555556,2.370370,4.327686,8,2,6,3,5,8,7,4,6
1,isolated,C_update_off,17,1.555556,2.370370,4.327686,8,2,6,3,5,8,7,4,6
1,isolated,C_update_off,18,1.555556,2.370370,4.327686,8,2,6,3,5,8,7,4,6
1,isolated,C_update_off,19,1.555556,2.370370,4.327686,8,2,6,3,5,8,7,4,6
1,isolated,C_update_off,20,1.555556,2.370370,4.327686,8,2,6,3,5,8,7,4,6
1,isolated,C_update_off,21,1.555556,2.592593,4.570974,8,2,6,3,5,8,7,4,5
1,isolated,C_update_off,22,2.000000,2.518519,4.599609,8,2,6,3,5,8,7,5,6
1,isolated,C_update_off,23,2.000000,2.518519,4.599609,8,2,6,3,5,8,7,5,6
1,isolated,C_update_off,24,2.000000,2.518519,4.599609,8,2,6,3,5,8,7,5,6
1,isolated,C_update_off,25,2.000000,2.518519,4.599609,8,2,6,3,5,8,7,5,6
1,isolated,C_update_off,26,2.000000,2.518519,4.599609,8,2,6,3,5,8,7,5,6
1,isolated,C_update_off,27,2.000000,2.518519,4.599609,8,2,6,3,5,8,7,5,6
1,isolated,C_update_off,28,2.000000,2.518519,4.599609,8,2,6,3,5,8,7,5,6
1,isolated,C_update_off,29,2.000000,2.518519,4.599609,8,2,6,3,5,8,7,5,6
1,isolated,C_update_off,30,2.000000,2.518519,4.599609,8,2,6,3,5,8,7,5,6
1,isolated,C_update_off,31,2.000000,2.518519,4.599609,8,2,6,3,5,8,7,5,6
1,isolated,C_update_off,32,3.555556,3.037037,5.101149,8,1,6,3,5,8,7,5,6
1,isolated,C_update_off,33,3.555556,3.037037,5.101149,8,1,6,3,5,8,7,5,6
1,isolated,C_update_off,34,3.555556,3.037037,5.101149,8,1,6,3,5,8,7,5,6
1,isolated,C_update_off,35,3.555556,3.259259,5.316948,8,1,6,3,5,8,7,5,5
1,isolated,C_update_off,36,3.555556,3.629630,5.649211,8,1,6,3,5,8,7,5,4
1,isolated,C_update_off,37,5.555556,3.925926,5.848207,8,1,6,3,6,8,7,6,5
1,isolated,C_update_off,38,5.555556,3.925926,5.848207,8,1,6,3,6,8,7,6,5
1,isolated,C_update_off,39,5.555556,3.925926,5.848207,8,1,6,3,6,8,7,6,5
1,isolated,C_update_off,40,5.555556,3.925926,5.848207,8,1,6,3,6,8,7,6,5
1,isolated,C_update_off,41,5.555556,3.925926,5.848207,8,1,6,3,6,8,7,6,5
1,isolated,C_update_off,42,5.555556,3.925926,5.848207,8,1,6,3,6,8,7,6,5
1,isolated,C_update_off,43,5.555556,3.925926,5.848207,8,1,6,3,6,8,7,6,5
1,isolated,C_update_off,44,5.555556,3.925926,5.848207,8,1,6,3,6,8,7,6,5
1,isolated,C_update_off,45,5.555556,3.925926,5.848207,8,1,6,3,6,8,7,6,5
1,isolated,C_update_off,46,5.555556,3.925926,5.848207,8,1,6,3,6,8,7,6,5
1,isolated,C_update_off,47,5.555556,3.925926,5.848207,8,1,6,3,6,8,7,6,5
1,isolated,C_update_off,48,5.555556,3.925926,5.848207,8,1,6,3,6,8,7,6,5
1,isolated,C_update_off,49,5.555556,3.925926,5.848207,8,1,6,3,6,8,7,6,5
2,shared,C_update_on,0,0.666667,0.222222,1.333333,7,3,6,7,2,6,7,1,6
2,shared,C_update_on,1,0.222222,0.148148,1.138071,8,1,6,8,0,7,8,0,6
2,shared,C_update_on,2,0.000000,0.148148,1.138071,8,0,6,7,0,7,7,0,6
2,shared,C_update_on,3,0.000000,0.370370,1.745356,8,0,5,6,0,6,6,0,5
2,shared,C_update_on,4,0.000000,0.296296,1.550094,6,0,6,5,0,7,5,0,8
2,shared,C_update_on,5,0.000000,0.148148,0.942809,6,0,7,5,0,8,5,0,8
2,shared,C_update_on,6,0.000000,0.148148,0.942809,7,0,8,7,0,8,8,0,7
2,shared,C_update_on,7,0.000000,0.148148,1.138071,8,0,7,8,0,8,7,0,7
2,shared,C_update_on,8,0.000000,0.000000,0.000000,7,0,7,7,0,7,7,0,7
2,shared,C_update_on,9,0.000000,0.000000,0.000000,8,0,6,8,0,6,8,0,6
2,shared,C_update_on,10,0.000000,0.000000,0.000000,8,0,6,8,0,6,8,0,6
2,shared,C_update_on,11,0.000000,0.074074,0.666667,8,0,6,8,0,7,8,0,7
2,shared,C_update_on,12,0.000000,0.074074,0.666667,8,0,7,8,0,8,8,0,8
2,shared,C_update_on,13,0.000000,0.074074,0.666667,8,0,8,7,0,8,7,0,8
2,shared,C_update_on,14,0.000000,0.296296,1.333333,8,0,8,6,0,8,6,0,8
2,shared,C_update_on,15,0.000000,0.296296,1.333333,8,0,8,6,0,8,6,0,8
2,shared,C_update_on,16,0.000000,0.074074,0.666667,7,0,8,7,0,8,7,0,7
2,shared,C_update_on,17,0.000000,0.000000,0.000000,8,0,7,8,0,7,8,0,7
2,shared,C_update_on,18,0.000000,0.000000,0.000000,8,0,7,8,0,7,8,0,7
2,shared,C_update_on,19,0.000000,0.148148,0.942809,8,0,7,7,0,8,7,0,8
2,shared,C_update_on,20,0.000000,0.296296,1.333333,8,0,8,6,0,8,6,0,8
2,shared,C_update_on,21,0.000000,0.148148,1.138071,8,0,8,7,0,8,7,0,7
2,shared,C_update_on,22,0.000000,0.148148,1.138071,8,0,7,7,0,7,7,0,6
2,shared,C_update_on,23,0.000000,0.074074,0.666667,8,0,6,8,0,6,8,0,7
2,shared,C_update_on,24,0.000000,0.074074,0.666667,8,0,7,8,0,8,8,0,8
2,shared,C_update_on,25,0.000000,0.148148,1.138071,8,0,8,7,0,8,7,0,7
2,shared,C_update_on,26,0.000000,0.370370,1.490712,7,0,7,5,0,8,5,0,8
2,shared,C_update_on,27,0.000000,0.296296,1.333333,7,0,8,5,0,8,5,0,8
2,shared,C_update_on,28,0.000000,0.000000,0.000000,7,0,8,7,0,8,7,0,8
2,shared,C_update_on,29,0.000000,0.000000,0.000000,8,0,8,8,0,8,8,0,8
2,shared,C_update_on,30,0.000000,0.074074,0.666667,8,0,8,8,0,8,8,0,7
2,shared,C_update_on,31,0.000000,0.148148,1.138071,8,0,7,7,0,7,7,0,8
2,shared,C_update_on,32,0.000000,0.370370,1.745356,8,0,8,6,0,8,6,0,7
2,shared,C_update_on,33,0.000000,0.148148,1.138071,7,0,7,6,0,8,6,0,7
2,shared,C_update_on,34,0.000000,0.148148,0.942809,6,0,7,5,0,8,5,0,8
2,shared,C_update_on,35,0.000000,0.000000,0.000000,5,0,8,5,0,8,5,0,8
2,shared,C_update_on,36,0.000000,0.000000,0.000000,6,0,8,6,0,8,6,0,8
2,shared,C_update_on,37,0.000000,0.074074,0.666667,7,0,7,7,0,8,7,0,8
2,shared,C_update_on,38,0.000000,0.000000,0.000000,8,0,8,8,0,8,8,0,8
2,shared,C_update_on,39,0.000000,0.296296,1.333333,8,0,8,6,0,8,6,0,8
2,shared,C_update_on,40,0.000000,0.148148,1.138071,7,0,7,6,0,7,6,0,8
2,shared,C_update_on,41,0.000000,0.074074,0.666667,7,0,8,7,0,8,7,0,7
2,shared,C_update_on,42,0.000000,0.296296,1.333333,7,0,6,5,0,6,5,0,6
2,shared,C_update_on,43,0.000000,0.074074,0.666667,7,0,6,7,0,6,7,0,5
2,shared,C_update_on,44,0.000000,0.222222,1.333333,8,0,5,8,0,6,8,0,7
2,shared,C_update_on,45,0.000000,0.074074,0.666667,8,0,7,8,0,8,8,0,8
2,shared,C_update_on,46,0.000000,0.000000,0.000000,8,0,8,8,0,8,8,0,8
2,shared,C_update_on,47,0.000000,0.370370,1.745356,8,0,7,6,0,7,6,0,6
2,shared,C_update_on,48,0.000000,0.518519,2.021498,6,0,6,4,0,7,4,0,8
2,shared,C_update_on,49,0.000000,0.074074,0.666667,6,0,8,5,0,8,6,0,8
2,shared,C_update_off,0,0.000000,0.000000,0.000000,7,2,6,7,2,6,7,2,6
2,shared,C_update_off,1,0.000000,0.074074,0.666667,8,2,6,8,2,7,8,2,7
2,shared,C_update_off,2,0.000000,0.074074,0.666667,8,2,7,8,2,8,8,2,8
2,shared,C_update_off,3,0.000000,0.000000,0.000000,8,2,8,8,2,8,8,2,8
2,shared,C_update_off,4,0.000000,0.074074,0.666667,8,2,8,7,2,8,7,2,8
2,shared,C_update_off,5,0.222222,0.370370,1.490712,7,2,8,5,3,8,5,3,8
2,shared,C_update_off,6,0.222222,0.370370,1.490712,7,3,8,5,4,8,5,4,8
2,shared,C_update_off,7,0.222222,0.074074,0.666667,7,4,8,7,5,8,7,5,8
2,shared,C_update_off,8,0.000000,0.000000,0.000000,7,5,8,7,5,8,7,5,8
2,shared,C_update_off,9,0.000000,0.074074,0.666667,8,5,8,8,5,8,8,5,7
2,shared,C_update_off,10,0.222222,0.444444,1.954568,8,5,7,6,5,7,6,6,6
2,shared,C_update_off,11,0.666667,0.740741,2.442602,8,6,6,6,7,7,6,8,8
2,shared,C_update_off,12,0.666667,0.296296,1.550094,6,8,8,6,7,8,6,6,7
2,shared,C_update_off,13,0.000000,0.074074,0.666667,8,6,7,8,6,8,8,6,8
2,shared,C_update_off,14,0.000000,0.074074,0.666667,8,6,8,7,6,8,7,6,8
2,shared,C_update_off,15,0.000000,0.000000,0.000000,8,6,8,8,6,8,8,6,8
2,shared,C_update_off,16,0.222222,0.222222,1.382088,8,5,8,7,5,8,7,4,7
2,shared,C_update_off,17,0.222222,0.444444,1.954568,8,3,6,6,2,7,6,3,6
2,shared,C_update_off,18,0.222222,0.074074,0.666667,8,2,6,8,3,6,8,3,6
2,shared,C_update_off,19,0.222222,0.222222,1.382088,8,3,6,7,4,7,7,4,6
2,shared,C_update_off,20,0.222222,0.370370,1.759306,8,3,6,7,3,7,7,2,8
2,shared,C_update_off,21,0.000000,0.000000,0.000000,8,1,8,8,1,8,8,1,8
2,shared,C_update_off,22,0.222222,0.444444,1.954568,8,1,8,6,1,8,6,2,7
2,shared,C_update_off,23,0.222222,0.222222,1.414214,7,2,7,6,1,7,6,2,8
2,shared,C_update_off,24,0.222222,0.370370,1.490712,8,2,8,6,3,8,6,3,8
2,shared,C_update_off,25,0.666667,0.222222,1.333333,8,3,8,8,4,8,8,5,8
2,shared,C_update_off,26,0.222222,0.222222,1.382088,8,4,8,7,5,8,7,5,7
2,shared,C_update_off,27,0.222222,0.444444,1.632993,8,5,7,6,6,8,6,6,8
2,shared,C_update_off,28,0.222222,0.370370,1.490712,8,6,8,6,5,8,6,5,8
2,shared,C_update_off,29,0.000000,0.000000,0.000000,7,5,8,7,5,8,7,5,8
2,shared,C_update_off,30,0.000000,0.000000,0.000000,8,5,8,8,5,8,8,5,8
2,shared,C_update_off,31,0.000000,0.074074,0.666667,8,5,8,8,5,8,8,5,7
2,shared,C_update_off,32,0.222222,0.444444,1.962117,8,5,6,6,6,6,6,5,5
2,shared,C_update_off,33,0.222222,0.814815,2.595697,7,5,5,5,4,6,4,5,7
2,shared,C_update_off,34,0.000000,0.148148,0.942809,4,4,8,4,4,8,5,4,7
2,shared,C_update_off,35,0.222222,0.222222,1.154701,5,3,6,5,3,6,4,2,7
2,shared,C_update_off,36,0.666667,0.370370,1.821367,6,3,7,5,4,8,6,5,7
2,shared,C_update_off,37,0.666667,0.222222,1.333333,8,4,8,8,3,8,8,2,8
2,shared,C_update_off,38,0.222222,0.222222,1.154701,8,1,8,8,1,8,7,2,7
2,shared,C_update_off,39,0.222222,0.148148,0.942809,8,1,6,8,1,6,8,2,5
2,shared,C_update_off,40,0.666667,0.666667,2.393847,8,1,6,6,2,7,7,3,8
2,shared,C_update_off,41,0.222222,0.666667,2.376799,8,3,8,6,4,8,5,3,7
2,shared,C_update_off,42,0.222222,0.666667,2.393847,5,3,7,6,4,8,8,3,7
2,shared,C_update_off,43,0.222222,0.444444,1.632993,8,3,7,6,2,8,6,2,8
2,shared,C_update_off,44,0.666667,0.370370,1.759306,8,2,8,7,3,8,7,4,7
2,shared,C_update_off,45,0.222222,0.370370,1.727180,8,4,7,7,5,8,6,5,8
2,shared,C_update_off,46,0.666667,0.370370,1.727180,8,5,8,8,6,8,7,7,7
2,shared,C_update_off,47,0.666667,0.518519,2.139203,8,7,6,6,6,7,7,5,6
2,shared,C_update_off,48,0.222222,0.592593,2.149830,7,5,6,5,6,7,5,6,8
2,shared,C_update_off,49,0.222222,0.148148,0.942809,7,6,8,6,7,8,6,7,8
2,isolated,C_update_on,0,0.888889,0.592593,1.885618,7,3,6,5,1,6,5,1,6
2,isolated,C_update_on,1,0.888889,1.185185,3.244121,8,2,6,5,0,7,5,2,5
2,isolated,C_update_on,2,0.222222,1.259259,3.361485,8,1,6,5,1,8,5,2,5
2,isolated,C_update_on,3,0.222222,1.259259,3.352761,8,2,6,5,1,8,5,1,5
2,isolated,C_update_on,4,0.666667,1.703704,3.844076,8,2,6,4,0,8,5,1,5
2,isolated,C_update_on,5,0.222222,1.555556,3.701795,8,1,6,4,1,8,5,0,5
2,isolated,C_update_on,6,0.666667,2.000000,4.160518,8,2,6,4,0,8,6,1,4
2,isolated,C_update_on,7,0.222222,1.481481,3.616064,8,1,6,5,1,8,6,0,4
2,isolated,C_update_on,8,0.888889,2.370370,4.398017,8,2,6,3,0,8,7,0,5
2,isolated,C_update_on,9,0.222222,2.148148,4.069759,8,1,6,3,0,8,7,0,5
2,isolated,C_update_on,10,0.000000,2.074074,3.933126,8,0,6,3,0,8,7,0,5
2,isolated,C_update_on,11,0.000000,2.074074,3.933126,8,0,6,3,0,8,7,0,5
2,isolated,C_update_on,12,0.000000,2.074074,3.933126,8,0,6,3,0,8,7,0,5
2,isolated,C_update_on,13,0.000000,2.074074,3.933126,8,0,6,3,0,8,7,0,5
2,isolated,C_update_on,14,0.000000,2.074074,3.933126,8,0,6,3,0,8,7,0,5
2,isolated,C_update_on,15,0.000000,2.074074,3.933126,8,0,6,3,0,8,7,0,5
2,isolated,C_update_on,16,0.000000,2.074074,3.933126,8,0,6,3,0,8,7,0,5
2,isolated,C_update_on,17,0.000000,2.074074,3.933126,8,0,6,3,0,8,7,0,5
2,isolated,C_update_on,18,0.000000,2.074074,3.933126,8,0,6,3,0,8,7,0,5
2,isolated,C_update_on,19,0.000000,2.074074,3.933126,8,0,6,3,0,8,7,0,5
2,isolated,C_update_on,20,0.000000,2.074074,3.933126,8,0,6,3,0,8,7,0,5
2,isolated,C_update_on,21,0.000000,2.074074,3.933126,8,0,6,3,0,8,7,0,5
2,isolated,C_update_on,22,0.000000,2.074074,3.933126,8,0,6,3,0,8,7,0,5
2,isolated,C_update_on,23,0.000000,2.074074,3.933126,8,0,6,3,0,8,7,0,5
2,isolated,C_update_on,24,0.000000,2.074074,3.933126,8,0,6,3,0,8,7,0,5
2,isolated,C_update_on,25,0.000000,2.074074,3.933126,8,0,6,3,0,8,7,0,5
2,isolated,C_update_on,26,0.000000,2.074074,3.933126,8,0,6,3,0,8,7,0,5
2,isolated,C_update_on,27,0.000000,2.074074,3.933126,8,0,6,3,0,8,7,0,5
2,isolated,C_update_on,28,0.000000,2.074074,3.933126,8,0,6,3,0,8,7,0,5
2,isolated,C_update_on,29,0.000000,2.074074,3.933126,8,0,6,3,0,8,7,0,5
2,isolated,C_update_on,30,0.000000,2.074074,3.933126,8,0,6,3,0,8,7,0,5
2,isolated,C_update_on,31,0.000000,2.074074,3.933126,8,0,6,3,0,8,7,0,5
2,isolated,C_update_on,32,0.000000,2.074074,3.933126,8,0,6,3,0,8,7,0,5
2,isolated,C_update_on,33,0.000000,2.074074,3.933126,8,0,6,3,0,8,7,0,5
2,isolated,C_update_on,34,0.000000,2.074074,3.933126,8,0,6,3,0,8,7,0,5
2,isolated,C_update_on,35,0.000000,2.444444,4.426029,8,0,6,3,0,8,7,0,4
2,isolated,C_update_on,36,0.000000,2.444444,4.426029,8,0,6,3,0,8,7,0,4
2,isolated,C_update_on,37,0.000000,2.444444,4.426029,8,0,6,3,0,8,7,0,4
2,isolated,C_update_on,38,0.000000,2.444444,4.426029,8,0,6,3,0,8,7,0,4
2,isolated,C_update_on,39,0.000000,2.444444,4.426029,8,0,6,3,0,8,7,0,4
2,isolated,C_update_on,40,0.000000,2.444444,4.426029,8,0,6,3,0,8,7,0,4
2,isolated,C_update_on,41,0.000000,2.444444,4.426029,8,0,6,3,0,8,7,0,4
2,isolated,C_update_on,42,0.000000,2.444444,4.426029,8,0,6,3,0,8,7,0,4
2,isolated,C_update_on,43,0.000000,2.444444,4.426029,8,0,6,3,0,8,7,0,4
2,isolated,C_update_on,44,0.000000,2.444444,4.426029,8,0,6,3,0,8,7,0,4
2,isolated,C_update_on,45,0.000000,2.444444,4.426029,8,0,6,3,0,8,7,0,4
2,isolated,C_update_on,46,0.000000,2.444444,4.426029,8,0,6,3,0,8,7,0,4
2,isolated,C_update_on,47,0.000000,2.444444,4.426029,8,0,6,3,0,8,7,0,4
2,isolated,C_update_on,48,0.000000,2.444444,4.426029,8,0,6,3,0,8,7,0,4
2,isolated,C_update_on,49,0.000000,2.444444,4.426029,8,0,6,3,0,8,7,0,4
2,isolated,C_update_off,0,0.000000,0.296296,1.333333,7,2,6,5,2,6,5,2,6
2,isolated,C_update_off,1,0.000000,0.740741,2.387426,8,2,6,5,2,7,5,2,6
2,isolated,C_update_off,2,0.000000,0.962963,2.868517,8,2,6,5,2,8,5,2,6
2,isolated,C_update_off,3,0.000000,0.962963,2.868517,8,2,6,5,2,8,5,2,6
2,isolated,C_update_off,4,0.000000,0.962963,2.868517,8,2,6,5,2,8,5,2,6
2,isolated,C_update_off,5,0.000000,0.962963,2.868517,8,2,6,5,2,8,5,2,6
2,isolated,C_update_off,6,0.000000,0.962963,2.868517,8,2,6,5,2,8,5,2,6
2,isolated,C_update_off,7,0.000000,0.962963,2.868517,8,2,6,5,2,8,5,2,6
2,isolated,C_update_off,8,0.222222,1.925926,3.686600,8,2,6,3,3,8,7,2,6
2,isolated,C_update_off,9,0.888889,1.111111,2.862402,8,2,6,5,4,8,7,2,6
2,isolated,C_update_off,10,2.000000,2.740741,4.469860,8,2,6,3,5,8,7,2,5
2,isolated,C_update_off,11,1.555556,2.962963,4.871301,8,2,6,3,5,8,7,3,4
2,isolated,C_update_off,12,1.555556,2.444444,4.507771,8,2,6,3,5,8,6,4,5
2,isolated,C_update_off,13,1.555556,2.222222,4.244833,8,2,6,3,5,8,6,4,6
2,isolated,C_update_off,14,2.000000,2.740741,4.827013,8,2,6,3,5,8,7,5,5
2,isolated,C_update_off,15,1.555556,2.222222,4.244833,8,2,6,3,5,8,6,4,6
2,isolated,C_update_off,16,1.555556,2.370370,4.327686,8,2,6,3,5,8,7,4,6
2,isolated,C_update_off,17,1.555556,2.370370,4.327686,8,2,6,3,5,8,7,4,6
2,isolated,C_update_off,18,1.555556,2.370370,4.327686,8,2,6,3,5,8,7,4,6
2,isolated,C_update_off,19,1.555556,2.370370,4.327686,8,2,6,3,5,8,7,4,6
2,isolated,C_update_off,20,1.555556,2.592593,4.570974,8,2,6,3,5,8,7,4,5
2,isolated,C_update_off,21,2.000000,2.518519,4.599609,8,2,6,3,5,8,7,5,6
2,isolated,C_update_off,22,2.000000,2.518519,4.599609,8,2,6,3,5,8,7,5,6
2,isolated,C_update_off,23,2.000000,2.518519,4.599609,8,2,6,3,5,8,7,5,6
2,isolated,C_update_off,24,2.000000,2.518519,4.599609,8,2,6,3,5,8,7,5,6
2,isolated,C_update_off,25,2.000000,2.518519,4.599609,8,2,6,3,5,8,7,5,6
2,isolated,C_update_off,26,2.000000,2.518519,4.599609,8,2,6,3,5,8,7,5,6
2,isolated,C_update_off,27,2.000000,2.740741,4.827013,8,2,6,3,5,8,7,5,5
2,isolated,C_update_off,28,2.888889,3.407407,5.497184,8,2,6,3,5,8,7,6,4
2,isolated,C_update_off,29,2.000000,2.740741,4.827013,8,2,6,3,5,8,7,5,5
2,isolated,C_update_off,30,2.888889,3.407407,5.497184,8,2,6,3,5,8,7,6,4
2,isolated,C_update_off,31,2.888889,3.407407,5.497184,8,2,6,3,5,8,7,6,4
2,isolated,C_update_off,32,4.666667,4.000000,5.976664,8,1,6,3,5,8,7,6,4
2,isolated,C_update_off,33,4.666667,4.000000,5.976664,8,1,6,3,5,8,7,6,4
2,isolated,C_update_off,34,4.666667,4.000000,5.976664,8,1,6,3,5,8,7,6,4
2,isolated,C_update_off,35,4.666667,4.000000,5.976664,8,1,6,3,5,8,7,6,4
2,isolated,C_update_off,36,4.666667,4.000000,5.976664,8,1,6,3,5,8,7,6,4
2,isolated,C_update_off,37,5.555556,4.296296,6.160850,8,1,6,3,6,8,7,6,4
2,isolated,C_update_off,38,5.555556,4.296296,6.160850,8,1,6,3,6,8,7,6,4
2,isolated,C_update_off,39,5.555556,4.296296,6.160850,8,1,6,3,6,8,7,6,4
2,isolated,C_update_off,40,5.555556,4.296296,6.160850,8,1,6,3,6,8,7,6,4
2,isolated,C_update_off,41,5.555556,4.296296,6.160850,8,1,6,3,6,8,7,6,4
2,isolated,C_update_off,42,5.555556,4.296296,6.160850,8,1,6,3,6,8,7,6,4
2,isolated,C_update_off,43,5.555556,4.296296,6.160850,8,1,6,3,6,8,7,6,4
2,isolated,C_update_off,44,4.666667,4.000000,5.891869,8,1,6,3,6,8,7,5,4
2,isolated,C_update_off,45,4.666667,4.000000,5.891869,8,1,6,3,6,8,7,5,4
2,isolated,C_update_off,46,4.666667,4.000000,5.891869,8,1,6,3,6,8,7,5,4
2,isolated,C_update_off,47,4.666667,4.000000,5.891869,8,1,6,3,6,8,7,5,4
2,isolated,C_update_off,48,4.666667,4.000000,5.891869,8,1,6,3,6,8,7,5,4
2,isolated,C_update_off,49,4.666667,4.000000,5.891869,8,1,6,3,6,8,7,5,4
3,shared,C_update_on,0,0.666667,0.296296,1.550094,5,3,6,5,2,7,5,1,7
3,shared,C_update_on,1,0.222222,0.148148,1.138071,7,1,7,7,0,8,7,0,7
3,shared,C_update_on,2,0.000000,0.074074,0.666667,8,0,6,8,0,7,8,0,6
3,shared,C_update_on,3,0.000000,0.148148,0.942809,8,0,5,7,0,6,7,0,6
3,shared,C_update_on,4,0.000000,0.370370,1.490712,8,0,6,6,0,7,6,0,7
3,shared,C_update_on,5,0.000000,0.148148,0.942809,7,0,7,6,0,8,6,0,8
3,shared,C_update_on,6,0.000000,0.074074,0.666667,7,0,8,6,0,8,6,0,8
3,shared,C_update_on,7,0.000000,0.000000,0.000000,6,0,8,6,0,8,6,0,8
3,shared,C_update_on,8,0.000000,0.000000,0.000000,7,0,8,7,0,8,7,0,8
3,shared,C_update_on,9,0.000000,0.000000,0.000000,7,0,8,7,0,8,7,0,8
3,shared,C_update_on,10,0.000000,0.296296,1.333333,8,0,8,6,0,8,6,0,8
3,shared,C_update_on,11,0.000000,0.370370,1.745356,6,0,8,4,0,8,4,0,7
3,shared,C_update_on,12,0.000000,0.074074,0.666667,4,0,7,4,0,8,4,0,7
3,shared,C_update_on,13,0.000000,0.074074,0.666667,5,0,7,5,0,8,5,0,8
3,shared,C_update_on,14,0.000000,0.148148,1.138071,6,0,8,5,0,8,5,0,7
3,shared,C_update_on,15,0.000000,0.074074,0.666667,5,0,7,5,0,8,5,0,8
3,shared,C_update_on,16,0.000000,0.000000,0.000000,5,0,8,5,0,8,5,0,8
3,shared,C_update_on,17,0.000000,0.000000,0.000000,7,0,8,7,0,8,7,0,8
3,shared,C_update_on,18,0.000000,0.000000,0.000000,8,0,8,8,0,8,8,0,8
3,shared,C_update_on,19,0.000000,0.000000,0.000000,8,0,8,8,0,8,8,0,8
3,shared,C_update_on,20,0.000000,0.074074,0.666667,8,0,8,7,0,8,7,0,8
3,shared,C_update_on,21,0.000000,0.296296,1.333333,7,0,8,5,0,8,5,0,8
3,shared,C_update_on,22,0.000000,0.370370,1.745356,6,0,8,4,0,8,4,0,7
3,shared,C_update_on,23,0.000000,0.074074,0.666667,5,0,6,5,0,6,5,0,5
3,shared,C_update_on,24,0.000000,0.074074,0.666667,7,0,6,7,0,7,7,0,7
3,shared,C_update_on,25,0.000000,0.000000,0.000000,8,0,7,8,0,7,8,0,7
3,shared,C_update_on,26,0.000000,0.074074,0.666667,8,0,7,8,0,8,8,0,8
3,shared,C_update_on,27,0.000000,0.000000,0.000000,8,0,8,8,0,8,8,0,8
3,shared,C_update_on,28,0.000000,0.074074,0.666667,8,0,8,7,0,8,7,0,8
3,shared,C_update_on,29,0.000000,0.296296,1.333333,8,0,8,6,0,8,6,0,8
3,shared,C_update_on,30,0.000000,0.074074,0.666667,6,0,8,5,0,8,5,0,8
3,shared,C_update_on,31,0.000000,0.148148,0.942809,6,0,7,5,0,8,5,0,8
3,shared,C_update_on,32,0.000000,0.074074,0.666667,7,0,8,7,0,8,7,0,7
3,shared,C_update_on,33,0.000000,0.074074,0.666667,8,0,6,8,0,6,8,0,5
3,shared,C_update_on,34,0.000000,0.000000,0.000000,8,0,5,8,0,5,8,0,5
3,shared,C_update_on,35,0.000000,0.000000,0.000000,8,0,5,8,0,5,8,0,5
3,shared,C_update_on,36,0.000000,0.370370,1.490712,8,0,5,6,0,6,6,0,6
3,shared,C_update_on,37,0.000000,0.370370,1.490712,6,0,6,4,0,7,4,0,7
3,shared,C_update_on,38,0.000000,0.148148,0.942809,5,0,7,4,0,8,4,0,8
3,shared,C_update_on,39,0.000000,0.000000,0.000000,5,0,8,5,0,8,5,0,8
3,shared,C_update_on,40,0.000000,0.074074,0.666667,6,0,8,6,0,8,7,0,8
3,shared,C_update_on,41,0.000000,0.000000,0.000000,8,0,7,8,0,7,8,0,7
3,shared,C_update_on,42,0.000000,0.148148,0.942809,8,0,7,8,0,7,7,0,6
3,shared,C_update_on,43,0.000000,0.148148,0.942809,8,0,6,8,0,6,7,0,5
3,shared,C_update_on,44,0.000000,0.444444,1.962117,8,0,5,6,0,6,7,0,7
3,shared,C_update_on,45,0.000000,0.370370,1.745356,8,0,7,6,0,8,6,0,7
3,shared,C_update_on,46,0.000000,0.148148,1.138071,7,0,7,6,0,7,6,0,8
3,shared,C_update_on,47,0.000000,0.000000,0.000000,6,0,8,6,0,8,6,0,8
3,shared,C_update_on,48,0.000000,0.000000,0.000000,6,0,8,6,0,8,6,0,8
3,shared,C_update_on,49,0.000000,0.000000,0.000000,7,0,8,7,0,8,7,0,8
3,shared,C_update_off,0,0.000000,0.074074,0.666667,5,2,6,5,2,7,5,2,7
3,shared,C_update_off,1,0.000000,0.074074,0.666667,6,2,7,6,2,8,6,2,8
3,shared,C_update_off,2,0.000000,0.000000,0.000000,6,2,8,6,2,8,6,2,8
3,shared,C_update_off,3,0.000000,0.000000,0.000000,6,2,8,6,2,8,6,2,8
3,shared,C_update_off,4,0.000000,0.000000,0.000000,8,2,8,8,2,8,8,2,8
3,shared,C_update_off,5,0.000000,0.000000,0.000000,8,2,8,8,2,8,8,2,8
3,shared,C_update_off,6,0.000000,0.296296,1.333333,8,2,8,6,2,8,6,2,8
3,shared,C_update_off,7,0.222222,0.370370,1.490712,6,2,8,4,3,8,4,3,8
3,shared,C_update_off,8,0.222222,0.148148,1.138071,5,3,8,5,4,8,5,4,7
3,shared,C_update_off,9,0.666667,0.296296,1.609476,5,4,7,5,5,8,5,6,7
3,shared,C_update_off,10,0.222222,0.148148,1.138071,6,6,7,6,6,8,6,7,8
3,shared,C_update_off,11,0.222222,0.222222,1.382088,6,7,8,5,7,8,5,6,7
3,shared,C_update_off,12,0.000000,0.074074,0.666667,5,6,7,5,6,8,5,6,8
3,shared,C_update_off,13,0.000000,0.370370,1.490712,6,6,8,6,6,8,8,6,7
3,shared,C_update_off,14,0.222222,0.222222,1.382088,8,6,7,8,6,8,7,5,8
3,shared,C_update_off,15,0.000000,0.370370,1.745356,7,5,8,5,5,8,5,5,7
3,shared,C_update_off,16,0.222222,0.148148,1.138071,5,5,7,5,5,8,5,4,7
3,shared,C_update_off,17,0.222222,0.222222,1.382088,7,3,7,7,3,8,8,4,8
3,shared,C_update_off,18,0.222222,0.296296,1.550094,8,3,7,7,3,7,6,4,7
3,shared,C_update_off,19,0.000000,0.148148,1.138071,8,5,7,7,5,8,8,5,8
3,shared,C_update_off,20,0.222222,0.222222,1.154701,8,4,8,8,4,8,7,5,7
3,shared,C_update_off,21,0.222222,0.222222,1.382088,8,4,8,7,4,8,7,3,7
3,shared,C_update_off,22,0.222222,0.296296,1.609476,8,2,6,6,2,6,7,3,6
3,shared,C_update_off,23,0.000000,0.000000,0.000000,8,2,6,8,2,6,8,2,6
3,shared,C_update_off,24,0.000000,0.148148,0.942809,8,1,6,7,1,7,7,1,7
3,shared,C_update_off,25,0.222222,0.148148,0.942809,8,1,7,7,2,7,7,2,7
3,shared,C_update_off,26,0.222222,0.222222,1.382088,8,2,7,7,3,8,7,3,7
3,shared,C_update_off,27,0.666667,0.592593,2.230710,7,3,7,5,4,8,5,5,7
3,shared,C_update_off,28,0.222222,0.148148,1.138071,6,5,7,6,6,8,6,5,8
3,shared,C_update_off,29,0.222222,0.296296,1.550094,7,5,8,5,4,8,6,5,8
3,shared,C_update_off,30,0.222222,0.074074,0.666667,6,5,8,6,6,8,6,6,8
3,shared,C_update_off,31,0.222222,0.222222,1.382088,7,6,8,8,5,8,8,5,7
3,shared,C_update_off,32,0.222222,0.666667,2.349559,8,5,6,6,5,6,5,6,5
3,shared,C_update_off,33,0.222222,0.518519,2.139203,6,6,5,4,7,6,5,6,7
3,shared,C_update_off,34,0.666667,0.370370,1.727180,5,6,7,4,5,8,4,4,8
3,shared,C_update_off,35,0.222222,0.222222,1.154701,5,4,8,5,4,8,6,5,7
3,shared,C_update_off,36,0.000000,0.148148,0.942809,6,4,7,6,4,7,5,4,6
3,shared,C_update_off,37,0.222222,0.444444,1.895186,5,3,7,5,3,8,7,4,7
3,shared,C_update_off,38,0.000000,0.074074,0.666667,8,3,6,8,3,6,8,3,5
3,shared,C_update_off,39,0.666667,0.370370,1.727180,8,2,5,8,3,5,7,4,4
3,shared,C_update_off,40,0.222222,0.148148,1.138071,8,3,4,8,4,5,8,4,4
3,shared,C_update_off,41,0.000000,0.296296,1.333333,8,4,4,6,4,4,6,4,4
3,shared,C_update_off,42,0.222222,0.444444,1.632993,7,4,4,5,3,5,5,3,5
3,shared,C_update_off,43,0.222222,0.222222,1.382088,7,3,5,6,4,6,7,4,6
3,shared,C_update_off,44,0.222222,0.148148,0.942809,8,4,6,8,3,7,8,3,7
3,shared,C_update_off,45,0.222222,0.222222,1.154701,8,3,7,7,4,8,7,4,8
3,shared,C_update_off,46,0.222222,0.370370,1.490712,8,4,8,6,5,8,6,5,8
3,shared,C_update_off,47,0.222222,0.148148,0.942809,6,4,8,5,3,8,5,3,8
3,shared,C_update_off,48,0.666667,0.296296,1.550094,5,3,8,5,4,8,5,5,7
3,shared,C_update_off,49,0.222222,0.148148,1.138071,6,5,7,6,6,8,6,6,7
3,isolated,C_update_on,0,0.888889,0.370370,1.745356,5,3,6,5,1,7,5,1,6
3,isolated,C_update_on,1,0.888889,1.111111,3.101907,7,2,6,5,0,8,5,2,5
3,isolated,C_update_on,2,0.222222,1.407407,3.522399,8,1,5,5,1,8,5,2,5
3,isolated,C_update_on,3,0.222222,1.259259,3.352761,8,2,6,5,1,8,5,1,5
3,isolated,C_update_on,4,0.666667,1.703704,3.844076,8,2,6,4,0,8,5,1,5
3,isolated,C_update_on,5,0.222222,1.555556,3.701795,8,1,6,4,1,8,5,0,5
3,isolated,C_update_on,6,0.666667,2.000000,4.160518,8,2,6,4,0,8,6,1,4
3,isolated,C_update_on,7,0.222222,1.481481,3.616064,8,1,6,5,1,8,6,0,4
3,isolated,C_update_on,8,0.888889,2.370370,4.398017,8,2,6,3,0,8,7,0,5
3,isolated,C_update_on,9,0.222222,2.148148,4.069759,8,1,6,3,0,8,7,0,5
3,isolated,C_update_on,10,0.222222,2.148148,4.069759,8,1,6,3,0,8,7,0,5
3,isolated,C_update_on,11,0.000000,2.074074,3.933126,8,0,6,3,0,8,7,0,5
3,isolated,C_update_on,12,0.000000,2.074074,3.933126,8,0,6,3,0,8,7,0,5
3,isolated,C_update_on,13,0.000000,2.074074,3.933126,8,0,6,3,0,8,7,0,5
3,isolated,C_update_on,14,0.000000,2.074074,3.933126,8,0,6,3,0,8,7,0,5
3,isolated,C_update_on,15,0.000000,2.074074,3.933126,8,0,6,3,0,8,7,0,5
3,isolated,C_update_on,16,0.000000,2.074074,3.933126,8,0,6,3,0,8,7,0,5
3,isolated,C_update_on,17,0.000000,2.074074,3.933126,8,0,6,3,0,8,7,0,5
3,isolated,C_update_on,18,0.000000,2.074074,3.933126,8,0,6,3,0,8,7,0,5
3,isolated,C_update_on,19,0.000000,2.074074,3.933126,8,0,6,3,0,8,7,0,5
3,isolated,C_update_on,20,0.000000,2.074074,3.933126,8,0,6,3,0,8,7,0,5
3,isolated,C_update_on,21,0.000000,2.074074,3.933126,8,0,6,3,0,8,7,0,5
3,isolated,C_update_on,22,0.000000,2.074074,3.933126,8,0,6,3,0,8,7,0,5
3,isolated,C_update_on,23,0.000000,2.074074,3.933126,8,0,6,3,0,8,7,0,5
3,isolated,C_update_on,24,0.000000,2.074074,3.933126,8,0,6,3,0,8,7,0,5
3,isolated,C_update_on,25,0.000000,2.074074,3.933126,8,0,6,3,0,8,7,0,5
3,isolated,C_update_on,26,0.000000,2.074074,3.933126,8,0,6,3,0,8,7,0,5
3,isolated,C_update_on,27,0.000000,2.074074,3.933126,8,0,6,3,0,8,7,0,5
3,isolated,C_update_on,28,0.000000,2.074074,3.933126,8,0,6,3,0,8,7,0,5
3,isolated,C_update_on,29,0.000000,2.074074,3.933126,8,0,6,3,0,8,7,0,5
3,isolated,C_update_on,30,0.000000,2.074074,3.933126,8,0,6,3,0,8,7,0,5
3,isolated,C_update_on,31,0.000000,2.074074,3.933126,8,0,6,3,0,8,7,0,5
3,isolated,C_update_on,32,0.000000,2.074074,3.933126,8,0,6,3,0,8,7,0,5
3,isolated,C_update_on,33,0.000000,2.074074,3.933126,8,0,6,3,0,8,7,0,5
3,isolated,C_update_on,34,0.000000,2.074074,3.933126,8,0,6,3,0,8,7,0,5
3,isolated,C_update_on,35,0.000000,2.444444,4.426029,8,0,6,3,0,8,7,0,4
3,isolated,C_update_on,36,0.000000,2.444444,4.426029,8,0,6,3,0,8,7,0,4
3,isolated,C_update_on,37,0.000000,2.444444,4.426029,8,0,6,3,0,8,7,0,4
3,isolated,C_update_on,38,0.000000,2.444444,4.426029,8,0,6,3,0,8,7,0,4
3,isolated,C_update_on,39,0.000000,2.444444,4.426029,8,0,6,3,0,8,7,0,4
3,isolated,C_update_on,40,0.000000,2.444444,4.426029,8,0,6,3,0,8,7,0,4
3,isolated,C_update_on,41,0.000000,2.444444,4.426029,8,0,6,3,0,8,7,0,4
3,isolated,C_update_on,42,0.000000,2.444444,4.426029,8,0,6,3,0,8,7,0,4
3,isolated,C_update_on,43,0.000000,2.444444,4.426029,8,0,6,3,0,8,7,0,4
3,isolated,C_update_on,44,0.000000,2.444444,4.426029,8,0,6,3,0,8,7,0,4
3,isolated,C_update_on,45,0.000000,2.444444,4.426029,8,0,6,3,0,8,7,0,4
3,isolated,C_update_on,46,0.000000,2.444444,4.426029,8,0,6,3,0,8,7,0,4
3,isolated,C_update_on,47,0.000000,2.444444,4.426029,8,0,6,3,0,8,7,0,4
3,isolated,C_update_on,48,0.000000,2.444444,4.426029,8,0,6,3,0,8,7,0,4
3,isolated,C_update_on,49,0.000000,2.444444,4.426029,8,0,6,3,0,8,7,0,4
3,isolated,C_update_off,0,0.000000,0.074074,0.666667,5,2,6,5,2,7,5,2,6
3,isolated,C_update_off,1,0.000000,0.370370,1.745356,6,2,6,5,2,8,5,2,6
3,isolated,C_update_off,2,0.000000,0.370370,1.745356,6,2,6,5,2,8,5,2,6
3,isolated,C_update_off,3,0.000000,0.370370,1.745356,6,2,6,5,2,8,5,2,6
3,isolated,C_update_off,4,0.000000,0.962963,2.868517,8,2,6,5,2,8,5,2,6
3,isolated,C_update_off,5,0.000000,0.962963,2.868517,8,2,6,5,2,8,5,2,6
3,isolated,C_update_off,6,0.000000,0.962963,2.868517,8,2,6,5,2,8,5,2,6
3,isolated,C_update_off,7,0.000000,0.962963,2.868517,8,2,6,5,2,8,5,2,6
3,isolated,C_update_off,8,0.222222,1.925926,3.686600,8,2,6,3,3,8,7,2,6
3,isolated,C_update_off,9,0.888889,1.111111,2.862402,8,2,6,5,4,8,7,2,6
3,isolated,C_update_off,10,2.000000,2.740741,4.469860,8,2,6,3,5,8,7,2,5
3,isolated,C_update_off,11,1.555556,2.962963,4.871301,8,2,6,3,5,8,7,3,4
3,isolated,C_update_off,12,1.555556,2.444444,4.507771,8,2,6,3,5,8,6,4,5
3,isolated,C_update_off,13,1.555556,2.222222,4.244833,8,2,6,3,5,8,6,4,6
3,isolated,C_update_off,14,2.000000,2.740741,4.827013,8,2,6,3,5,8,7,5,5
3,isolated,C_update_off,15,1.555556,2.222222,4.244833,8,2,6,3,5,8,6,4,6
3,isolated,C_update_off,16,1.555556,2.370370,4.327686,8,2,6,3,5,8,7,4,6
3,isolated,C_update_off,17,1.555556,2.370370,4.327686,8,2,6,3,5,8,7,4,6
3,isolated,C_update_off,18,1.555556,2.370370,4.327686,8,2,6,3,5,8,7,4,6
3,isolated,C_update_off,19,1.555556,2.370370,4.327686,8,2,6,3,5,8,7,4,6
3,isolated,C_update_off,20,1.555556,2.592593,4.570974,8,2,6,3,5,8,7,4,5
3,isolated,C_update_off,21,2.000000,2.518519,4.599609,8,2,6,3,5,8,7,5,6
3,isolated,C_update_off,22,2.000000,2.518519,4.599609,8,2,6,3,5,8,7,5,6
3,isolated,C_update_off,23,2.000000,2.518519,4.599609,8,2,6,3,5,8,7,5,6
3,isolated,C_update_off,24,2.000000,2.518519,4.599609,8,2,6,3,5,8,7,5,6
3,isolated,C_update_off,25,2.000000,2.518519,4.599609,8,2,6,3,5,8,7,5,6
3,isolated,C_update_off,26,2.000000,2.518519,4.599609,8,2,6,3,5,8,7,5,6
3,isolated,C_update_off,27,2.000000,2.740741,4.827013,8,2,6,3,5,8,7,5,5
3,isolated,C_update_off,28,2.888889,3.407407,5.497184,8,2,6,3,5,8,7,6,4
3,isolated,C_update_off,29,2.000000,2.740741,4.827013,8,2,6,3,5,8,7,5,5
3,isolated,C_update_off,30,2.888889,3.407407,5.497184,8,2,6,3,5,8,7,6,4
3,isolated,C_update_off,31,2.888889,3.407407,5.497184,8,2,6,3,5,8,7,6,4
3,isolated,C_update_off,32,4.666667,4.000000,5.976664,8,1,6,3,5,8,7,6,4
3,isolated,C_update_off,33,4.666667,4.000000,5.976664,8,1,6,3,5,8,7,6,4
3,isolated,C_update_off,34,4.666667,4.000000,5.976664,8,1,6,3,5,8,7,6,4
3,isolated,C_update_off,35,4.666667,4.000000,5.976664,8,1,6,3,5,8,7,6,4
3,isolated,C_update_off,36,4.666667,4.000000,5.976664,8,1,6,3,5,8,7,6,4
3,isolated,C_update_off,37,5.555556,4.296296,6.160850,8,1,6,3,6,8,7,6,4
3,isolated,C_update_off,38,5.555556,4.296296,6.160850,8,1,6,3,6,8,7,6,4
3,isolated,C_update_off,39,5.555556,4.296296,6.160850,8,1,6,3,6,8,7,6,4
3,isolated,C_update_off,40,5.555556,4.296296,6.160850,8,1,6,3,6,8,7,6,4
3,isolated,C_update_off,41,5.555556,4.296296,6.160850,8,1,6,3,6,8,7,6,4
3,isolated,C_update_off,42,5.555556,4.296296,6.160850,8,1,6,3,6,8,7,6,4
3,isolated,C_update_off,43,5.555556,4.296296,6.160850,8,1,6,3,6,8,7,6,4
3,isolated,C_update_off,44,4.666667,4.000000,5.891869,8,1,6,3,6,8,7,5,4
3,isolated,C_update_off,45,4.666667,4.000000,5.891869,8,1,6,3,6,8,7,5,4
3,isolated,C_update_off,46,4.666667,4.000000,5.891869,8,1,6,3,6,8,7,5,4
3,isolated,C_update_off,47,4.666667,4.000000,5.891869,8,1,6,3,6,8,7,5,4
3,isolated,C_update_off,48,4.666667,4.000000,5.891869,8,1,6,3,6,8,7,5,4
3,isolated,C_update_off,49,4.666667,4.000000,5.891869,8,1,6,3,6,8,7,5,4
4,shared,C_update_on,0,0.666667,0.296296,1.550094,5,3,6,5,2,7,5,1,7
4,shared,C_update_on,1,0.222222,0.148148,1.138071,7,1,7,7,0,7,7,0,6
4,shared,C_update_on,2,0.000000,0.074074,0.666667,8,0,5,8,0,6,8,0,5
4,shared,C_update_on,3,0.000000,0.148148,0.942809,8,0,6,7,0,7,7,0,7
4,shared,C_update_on,4,0.000000,0.370370,1.490712,7,0,7,5,0,8,5,0,8
4,shared,C_update_on,5,0.000000,0.148148,1.138071,6,0,8,5,0,8,5,0,7
4,shared,C_update_on,6,0.000000,0.148148,1.138071,5,0,7,4,0,7,4,0,8
4,shared,C_update_on,7,0.000000,0.000000,0.000000,4,0,8,4,0,8,4,0,8
4,shared,C_update_on,8,0.000000,0.074074,0.666667,6,0,7,6,0,7,6,0,6
4,shared,C_update_on,9,0.000000,0.074074,0.666667,8,0,7,8,0,7,8,0,6
4,shared,C_update_on,10,0.000000,0.074074,0.666667,8,0,6,8,0,6,8,0,7
4,shared,C_update_on,11,0.000000,0.074074,0.666667,8,0,7,8,0,8,8,0,8
4,shared,C_update_on,12,0.000000,0.000000,0.000000,8,0,8,8,0,8,8,0,8
4,shared,C_update_on,13,0.000000,0.296296,1.333333,8,0,8,6,0,8,6,0,8
4,shared,C_update_on,14,0.000000,0.370370,1.745356,8,0,8,6,0,8,6,0,7
4,shared,C_update_on,15,0.000000,0.074074,0.666667,8,0,6,8,0,6,8,0,5
4,shared,C_update_on,16,0.000000,0.074074,0.666667,8,0,5,8,0,6,8,0,5
4,shared,C_update_on,17,0.000000,0.148148,1.138071,8,0,5,8,0,6,7,0,6
4,shared,C_update_on,18,0.000000,0.296296,1.333333,7,0,7,5,0,7,5,0,7
4,shared,C_update_on,19,0.000000,0.296296,1.550094,7,0,7,5,0,8,6,0,8
4,shared,C_update_on,20,0.000000,0.074074,0.666667,7,0,7,7,0,8,7,0,8
4,shared,C_update_on,21,0.000000,0.000000,0.000000,8,0,8,8,0,8,8,0,8
4,shared,C_update_on,22,0.000000,0.148148,0.942809,8,0,7,7,0,8,7,0,8
4,shared,C_update_on,23,0.000000,0.000000,0.000000,8,0,8,8,0,8,8,0,8
4,shared,C_update_on,24,0.000000,0.296296,1.333333,8,0,8,6,0,8,6,0,8
4,shared,C_update_on,25,0.000000,0.592593,2.192164,7,0,8,5,0,8,4,0,7
4,shared,C_update_on,26,0.000000,0.148148,1.138071,4,0,7,4,0,8,5,0,7
4,shared,C_update_on,27,0.000000,0.074074,0.666667,7,0,7,7,0,7,8,0,7
4,shared,C_update_on,28,0.000000,0.148148,0.942809,8,0,7,8,0,7,7,0,8
4,shared,C_update_on,29,0.000000,0.074074,0.666667,8,0,8,8,0,8,8,0,7
4,shared,C_update_on,30,0.000000,0.148148,1.138071,8,0,7,7,0,8,7,0,7
4,shared,C_update_on,31,0.000000,0.370370,1.745356,8,0,7,6,0,7,6,0,8
4,shared,C_update_on,32,0.000000,0.296296,1.333333,8,0,8,6,0,8,6,0,8
4,shared,C_update_on,33,0.000000,0.148148,0.942809,6,0,8,6,0,8,7,0,7
4,shared,C_update_on,34,0.000000,0.074074,0.666667,7,0,7,7,0,8,7,0,7
4,shared,C_update_on,35,0.000000,0.148148,1.138071,8,0,7,8,0,8,7,0,7
4,shared,C_update_on,36,0.000000,0.000000,0.000000,7,0,7,7,0,7,7,0,7
4,shared,C_update_on,37,0.000000,0.370370,1.490712,7,0,7,5,0,8,5,0,8
4,shared,C_update_on,38,0.000000,0.074074,0.666667,5,0,8,4,0,8,4,0,8
4,shared,C_update_on,39,0.000000,0.000000,0.000000,6,0,8,6,0,8,6,0,8
4,shared,C_update_on,40,0.000000,0.074074,0.666667,7,0,8,6,0,8,6,0,8
4,shared,C_update_on,41,0.000000,0.074074,0.666667,6,0,8,5,0,8,6,0,8
4,shared,C_update_on,42,0.000000,0.074074,0.666667,6,0,8,6,0,8,6,0,7
4,shared,C_update_on,43,0.000000,0.148148,1.138071,8,0,7,8,0,8,7,0,7
4,shared,C_update_on,44,0.000000,0.000000,0.000000,7,0,7,7,0,7,7,0,7
4,shared,C_update_on,45,0.000000,0.000000,0.000000,8,0,7,8,0,7,8,0,7
4,shared,C_update_on,46,0.000000,0.370370,1.490712,8,0,7,6,0,8,6,0,8
4,shared,C_update_on,47,0.000000,0.296296,1.333333,6,0,8,4,0,8,4,0,8
4,shared,C_update_on,48,0.000000,0.148148,0.942809,5,0,7,4,0,8,4,0,8
4,shared,C_update_on,49,0.000000,0.074074,0.666667,5,0,7,5,0,7,6,0,7
4,shared,C_update_off,0,0.000000,0.074074,0.666667,5,2,6,5,2,7,5,2,7
4,shared,C_update_off,1,0.000000,0.000000,0.000000,5,2,7,5,2,7,5,2,7
4,shared,C_update_off,2,0.000000,0.000000,0.000000,7,2,7,7,2,7,7,2,7
4,shared,C_update_off,3,0.000000,0.074074,0.666667,7,2,7,7,2,8,7,2,8
4,shared,C_update_off,4,0.000000,0.000000,0.000000,7,2,8,7,2,8,7,2,8
4,shared,C_update_off,5,0.000000,0.000000,0.000000,8,2,8,8,2,8,8,2,8
4,shared,C_update_off,6,0.000000,0.074074,0.666667,8,2,8,7,2,8,7,2,8
4,shared,C_update_off,7,0.222222,0.370370,1.490712,7,2,8,5,3,8,5,3,8
4,shared,C_update_off,8,0.222222,0.148148,0.942809,7,3,8,6,4,8,6,4,8
4,shared,C_update_off,9,0.222222,0.074074,0.666667,6,4,8,6,5,8,6,5,8
4,shared,C_update_off,10,0.222222,0.148148,0.942809,7,5,8,7,5,8,7,6,7
4,shared,C_update_off,11,0.222222,0.148148,1.138071,8,6,7,8,6,8,8,7,8
4,shared,C_update_off,12,0.222222,0.148148,0.942809,8,7,8,8,7,8,8,6,7
4,shared,C_update_off,13,0.222222,0.222222,1.382088,8,6,7,7,5,8,7,6,8
4,shared,C_update_off,14,0.666667,0.592593,2.216761,8,6,8,6,7,8,6,8,7
4,shared,C_update_off,15,0.222222,0.444444,1.895186,8,8,7,6,8,8,6,7,8
4,shared,C_update_off,16,0.000000,0.074074,0.666667,7,7,8,7,7,8,7,7,7
4,shared,C_update_off,17,0.222222,0.148148,0.942809,8,6,7,8,6,7,8,5,6
4,shared,C_update_off,18,0.222222,0.074074,0.666667,8,4,5,8,4,5,8,3,5
4,shared,C_update_off,19,0.000000,0.074074,0.666667,8,2,5,8,2,6,8,2,6
4,shared,C_update_off,20,0.666667,0.592593,2.149830,8,1,6,6,2,7,6,3,7
4,shared,C_update_off,21,0.666667,0.814815,2.595697,7,3,7,5,4,8,4,5,7
4,shared,C_update_off,22,0.666667,0.518519,2.139203,5,5,7,4,4,8,6,3,8
4,shared,C_update_off,23,0.222222,0.222222,1.154701,7,2,8,7,2,8,6,3,7
4,shared,C_update_off,24,0.222222,0.222222,1.154701,7,2,7,7,2,7,8,1,8
4,shared,C_update_off,25,0.222222,0.222222,1.154701,8,0,8,8,0,8,7,1,7
4,shared,C_update_off,26,0.000000,0.074074,0.666667,7,0,8,7,0,8,7,0,7
4,shared,C_update_off,27,0.666667,0.592593,2.216761,8,1,6,6,2,6,6,3,7
4,shared,C_update_off,28,0.666667,0.518519,2.139203,7,3,7,5,4,8,6,5,7
4,shared,C_update_off,29,0.222222,0.222222,1.382088,8,5,6,8,6,7,7,5,6
4,shared,C_update_off,30,0.000000,0.074074,0.666667,7,5,6,7,5,7,7,5,7
4,shared,C_update_off,31,0.000000,0.074074,0.666667,8,5,7,7,5,7,7,5,7
4,shared,C_update_off,32,0.222222,0.444444,1.895186,8,5,7,6,6,8,6,6,7
4,shared,C_update_off,33,0.222222,0.222222,1.382088,6,6,7,5,5,8,5,6,8
4,shared,C_update_off,34,0.000000,0.074074,0.666667,5,6,8,5,6,8,6,6,8
4,shared,C_update_off,35,0.000000,0.074074,0.666667,7,5,8,7,5,8,7,5,7
4,shared,C_update_off,36,0.222222,0.222222,1.382088,8,4,8,7,4,8,7,3,7
4,shared,C_update_off,37,0.222222,0.222222,1.382088,8,2,6,8,2,7,7,3,6
4,shared,C_update_off,38,0.222222,0.296296,1.550094,7,2,6,7,2,7,7,3,8
4,shared,C_update_off,39,0.222222,0.074074,0.666667,8,2,8,8,3,8,8,3,8
4,shared,C_update_off,40,0.222222,0.592593,2.216761,8,2,8,6,1,8,5,2,8
4,shared,C_update_off,41,0.222222,0.370370,1.794111,5,3,8,3,4,8,4,3,7
4,shared,C_update_off,42,0.666667,0.814815,2.595697,4,3,7,5,4,8,7,5,7
4,shared,C_update_off,43,0.222222,0.592593,2.230710,8,5,6,6,4,7,6,5,8
4,shared,C_update_off,44,0.666667,0.370370,1.727180,6,4,8,6,5,8,7,6,7
4,shared,C_update_off,45,0.222222,0.222222,1.382088,8,6,7,8,7,8,7,6,7
4,shared,C_update_off,46,0.222222,0.296296,1.550094,7,6,6,7,6,7,7,5,8
4,shared,C_update_off,47,0.222222,0.148148,0.942809,7,5,8,6,4,8,6,4,8
4,shared,C_update_off,48,0.666667,0.518519,2.139203,7,4,8,5,5,8,6,6,7
4,shared,C_update_off,49,0.222222,0.444444,1.954568,7,6,7,5,7,8,5,6,7
4,isolated,C_update_on,0,0.888889,0.370370,1.745356,5,3,6,5,1,7,5,1,6
4,isolated,C_update_on,1,0.888889,0.814815,2.688165,7,2,6,5,0,7,5,2,5
4,isolated,C_update_on,2,0.000000,1.333333,3.414214,8,1,5,5,1,8,5,1,5
4,isolated,C_update_on,3,0.666667,1.555556,3.671657,8,2,5,5,0,8,5,1,5
4,isolated,C_update_on,4,0.222222,1.555556,3.687159,8,1,6,4,0,8,5,0,5
4,isolated,C_update_on,5,0.000000,1.185185,3.255943,8,0,6,5,0,8,5,0,5
4,isolated,C_update_on,6,0.000000,2.074074,3.933126,8,0,6,3,0,8,7,0,5
4,isolated,C_update_on,7,0.000000,2.444444,4.426029,8,0,6,3,0,8,7,0,4
4,isolated,C_update_on,8,0.000000,2.444444,4.426029,8,0,6,3,0,8,7,0,4
4,isolated,C_update_on,9,0.000000,2.444444,4.426029,8,0,6,3,0,8,7,0,4
4,isolated,C_update_on,10,0.000000,2.444444,4.426029,8,0,6,3,0,8,7,0,4
4,isolated,C_update_on,11,0.000000,2.444444,4.426029,8,0,6,3,0,8,7,0,4
4,isolated,C_update_on,12,0.000000,2.444444,4.426029,8,0,6,3,0,8,7,0,4
4,isolated,C_update_on,13,0.000000,2.444444,4.426029,8,0,6,3,0,8,7,0,4
4,isolated,C_update_on,14,0.000000,2.444444,4.426029,8,0,6,3,0,8,7,0,4
4,isolated,C_update_on,15,0.000000,2.444444,4.426029,8,0,6,3,0,8,7,0,4
4,isolated,C_update_on,16,0.000000,2.444444,4.426029,8,0,6,3,0,8,7,0,4
4,isolated,C_update_on,17,0.000000,2.444444,4.426029,8,0,6,3,0,8,7,0,4
4,isolated,C_update_on,18,0.000000,2.444444,4.426029,8,0,6,3,0,8,7,0,4
4,isolated,C_update_on,19,0.000000,2.444444,4.426029,8,0,6,3,0,8,7,0,4
4,isolated,C_update_on,20,0.000000,2.444444,4.426029,8,0,6,3,0,8,7,0,4
4,isolated,C_update_on,21,0.000000,2.444444,4.426029,8,0,6,3,0,8,7,0,4
4,isolated,C_update_on,22,0.000000,2.444444,4.426029,8,0,6,3,0,8,7,0,4
4,isolated,C_update_on,23,0.000000,2.444444,4.426029,8,0,6,3,0,8,7,0,4
4,isolated,C_update_on,24,0.000000,2.444444,4.426029,8,0,6,3,0,8,7,0,4
4,isolated,C_update_on,25,0.000000,2.444444,4.426029,8,0,6,3,0,8,7,0,4
4,isolated,C_update_on,26,0.000000,2.444444,4.426029,8,0,6,3,0,8,7,0,4
4,isolated,C_update_on,27,0.000000,2.444444,4.426029,8,0,6,3,0,8,7,0,4
4,isolated,C_update_on,28,0.000000,2.444444,4.426029,8,0,6,3,0,8,7,0,4
4,isolated,C_update_on,29,0.000000,2.444444,4.426029,8,0,6,3,0,8,7,0,4
4,isolated,C_update_on,30,0.000000,2.444444,4.426029,8,0,6,3,0,8,7,0,4
4,isolated,C_update_on,31,0.000000,2.444444,4.426029,8,0,6,3,0,8,7,0,4
4,isolated,C_update_on,32,0.000000,2.444444,4.426029,8,0,6,3,0,8,7,0,4
4,isolated,C_update_on,33,0.000000,2.444444,4.426029,8,0,6,3,0,8,7,0,4
4,isolated,C_update_on,34,0.000000,2.444444,4.426029,8,0,6,3,0,8,7,0,4
4,isolated,C_update_on,35,0.000000,2.444444,4.426029,8,0,6,3,0,8,7,0,4
4,isolated,C_update_on,36,0.000000,2.444444,4.426029,8,0,6,3,0,8,7,0,4
4,isolated,C_update_on,37,0.000000,2.444444,4.426029,8,0,6,3,0,8,7,0,4
4,isolated,C_update_on,38,0.000000,2.444444,4.426029,8,0,6,3,0,8,7,0,4
4,isolated,C_update_on,39,0.000000,2.444444,4.426029,8,0,6,3,0,8,7,0,4
4,isolated,C_update_on,40,0.000000,2.444444,4.426029,8,0,6,3,0,8,7,0,4
4,isolated,C_update_on,41,0.000000,2.444444,4.426029,8,0,6,3,0,8,7,0,4
4,isolated,C_update_on,42,0.000000,2.444444,4.426029,8,0,6,3,0,8,7,0,4
4,isolated,C_update_on,43,0.000000,2.444444,4.426029,8,0,6,3,0,8,7,0,4
4,isolated,C_update_on,44,0.000000,2.444444,4.426029,8,0,6,3,0,8,7,0,4
4,isolated,C_update_on,45,0.000000,2.444444,4.426029,8,0,6,3,0,8,7,0,4
4,isolated,C_update_on,46,0.000000,2.444444,4.426029,8,0,6,3,0,8,7,0,4
4,isolated,C_update_on,47,0.000000,2.444444,4.426029,8,0,6,3,0,8,7,0,4
4,isolated,C_update_on,48,0.000000,2.444444,4.426029,8,0,6,3,0,8,7,0,4
4,isolated,C_update_on,49,0.000000,2.444444,4.426029,8,0,6,3,0,8,7,0,4
4,isolated,C_update_off,0,0.000000,0.074074,0.666667,5,2,6,5,2,7,5,2,6
4,isolated,C_update_off,1,0.000000,0.074074,0.666667,5,2,6,5,2,7,5,2,6
4,isolated,C_update_off,2,0.000000,0.370370,1.745356,7,2,6,5,2,7,5,2,6
4,isolated,C_update_off,3,0.000000,0.592593,2.276142,7,2,6,5,2,8,5,2,6
4,isolated,C_update_off,4,0.000000,0.592593,2.276142,7,2,6,5,2,8,5,2,6
4,isolated,C_update_off,5,0.000000,0.962963,2.868517,8,2,6,5,2,8,5,2,6
4,isolated,C_update_off,6,0.000000,0.962963,2.868517,8,2,6,5,2,8,5,2,6
4,isolated,C_update_off,7,0.000000,0.962963,2.868517,8,2,6,5,2,8,5,2,6
4,isolated,C_update_off,8,0.222222,1.925926,3.686600,8,2,6,3,3,8,7,2,6
4,isolated,C_update_off,9,0.888889,1.111111,2.862402,8,2,6,5,4,8,7,2,6
4,isolated,C_update_off,10,2.000000,2.740741,4.469860,8,2,6,3,5,8,7,2,5
4,isolated,C_update_off,11,1.555556,2.962963,4.871301,8,2,6,3,5,8,7,3,4
4,isolated,C_update_off,12,1.555556,2.444444,4.507771,8,2,6,3,5,8,6,4,5
4,isolated,C_update_off,13,1.555556,2.222222,4.244833,8,2,6,3,5,8,6,4,6
4,isolated,C_update_off,14,2.000000,2.740741,4.827013,8,2,6,3,5,8,7,5,5
4,isolated,C_update_off,15,1.555556,2.222222,4.244833,8,2,6,3,5,8,6,4,6
4,isolated,C_update_off,16,1.555556,2.370370,4.327686,8,2,6,3,5,8,7,4,6
4,isolated,C_update_off,17,1.555556,2.370370,4.327686,8,2,6,3,5,8,7,4,6
4,isolated,C_update_off,18,1.555556,2.370370,4.327686,8,2,6,3,5,8,7,4,6
4,isolated,C_update_off,19,1.555556,2.370370,4.327686,8,2,6,3,5,8,7,4,6
4,isolated,C_update_off,20,1.555556,2.592593,4.570974,8,2,6,3,5,8,7,4,5
4,isolated,C_update_off,21,2.000000,2.518519,4.599609,8,2,6,3,5,8,7,5,6
4,isolated,C_update_off,22,2.000000,2.518519,4.599609,8,2,6,3,5,8,7,5,6
4,isolated,C_update_off,23,2.000000,2.518519,4.599609,8,2,6,3,5,8,7,5,6
4,isolated,C_update_off,24,2.000000,2.518519,4.599609,8,2,6,3,5,8,7,5,6
4,isolated,C_update_off,25,2.000000,2.518519,4.599609,8,2,6,3,5,8,7,5,6
4,isolated,C_update_off,26,2.000000,2.518519,4.599609,8,2,6,3,5,8,7,5,6
4,isolated,C_update_off,27,2.000000,2.740741,4.827013,8,2,6,3,5,8,7,5,5
4,isolated,C_update_off,28,2.888889,3.407407,5.497184,8,2,6,3,5,8,7,6,4
4,isolated,C_update_off,29,2.000000,2.740741,4.827013,8,2,6,3,5,8,7,5,5
4,isolated,C_update_off,30,2.888889,3.407407,5.497184,8,2,6,3,5,8,7,6,4
4,isolated,C_update_off,31,2.888889,3.407407,5.497184,8,2,6,3,5,8,7,6,4
4,isolated,C_update_off,32,4.666667,4.000000,5.976664,8,1,6,3,5,8,7,6,4
4,isolated,C_update_off,33,4.666667,4.000000,5.976664,8,1,6,3,5,8,7,6,4
4,isolated,C_update_off,34,4.666667,4.000000,5.976664,8,1,6,3,5,8,7,6,4
4,isolated,C_update_off,35,4.666667,4.000000,5.976664,8,1,6,3,5,8,7,6,4
4,isolated,C_update_off,36,4.666667,4.000000,5.976664,8,1,6,3,5,8,7,6,4
4,isolated,C_update_off,37,5.555556,4.296296,6.160850,8,1,6,3,6,8,7,6,4
4,isolated,C_update_off,38,5.555556,4.296296,6.160850,8,1,6,3,6,8,7,6,4
4,isolated,C_update_off,39,5.555556,4.296296,6.160850,8,1,6,3,6,8,7,6,4
4,isolated,C_update_off,40,5.555556,4.296296,6.160850,8,1,6,3,6,8,7,6,4
4,isolated,C_update_off,41,5.555556,4.296296,6.160850,8,1,6,3,6,8,7,6,4
4,isolated,C_update_off,42,5.555556,4.296296,6.160850,8,1,6,3,6,8,7,6,4
4,isolated,C_update_off,43,5.555556,4.296296,6.160850,8,1,6,3,6,8,7,6,4
4,isolated,C_update_off,44,4.666667,4.000000,5.891869,8,1,6,3,6,8,7,5,4
4,isolated,C_update_off,45,4.666667,4.000000,5.891869,8,1,6,3,6,8,7,5,4
4,isolated,C_update_off,46,4.666667,4.000000,5.891869,8,1,6,3,6,8,7,5,4
4,isolated,C_update_off,47,4.666667,4.000000,5.891869,8,1,6,3,6,8,7,5,4
4,isolated,C_update_off,48,4.666667,4.000000,5.891869,8,1,6,3,6,8,7,5,4
4,isolated,C_update_off,49,4.666667,4.000000,5.891869,8,1,6,3,6,8,7,5,4
5,shared,C_update_on,0,0.666667,0.222222,1.333333,6,3,6,6,2,6,6,1,6
5,shared,C_update_on,1,0.222222,0.148148,1.138071,8,1,6,8,0,6,8,0,5
5,shared,C_update_on,2,0.000000,0.074074,0.666667,8,0,5,8,0,6,8,0,6
5,shared,C_update_on,3,0.000000,0.074074,0.666667,8,0,7,8,0,8,8,0,8
5,shared,C_update_on,4,0.000000,0.074074,0.666667,8,0,8,8,0,8,8,0,7
5,shared,C_update_on,5,0.000000,0.074074,0.666667,8,0,6,8,0,7,8,0,6
5,shared,C_update_on,6,0.000000,0.370370,1.490712,8,0,7,6,0,8,6,0,8
5,shared,C_update_on,7,0.000000,0.296296,1.333333,8,0,8,6,0,8,6,0,8
5,shared,C_update_on,8,0.000000,0.074074,0.666667,7,0,8,6,0,8,6,0,8
5,shared,C_update_on,9,0.000000,0.000000,0.000000,6,0,8,6,0,8,6,0,8
5,shared,C_update_on,10,0.000000,0.000000,0.000000,6,0,8,6,0,8,6,0,8
5,shared,C_update_on,11,0.000000,0.370370,1.490712,7,0,7,5,0,8,5,0,8
5,shared,C_update_on,12,0.000000,0.074074,0.666667,6,0,8,6,0,8,6,0,7
5,shared,C_update_on,13,0.000000,0.074074,0.666667,7,0,6,7,0,6,7,0,5
5,shared,C_update_on,14,0.000000,0.074074,0.666667,7,0,5,7,0,6,7,0,5
5,shared,C_update_on,15,0.000000,0.148148,1.138071,8,0,5,7,0,5,7,0,6
5,shared,C_update_on,16,0.000000,0.370370,1.490712,7,0,6,5,0,7,5,0,7
5,shared,C_update_on,17,0.000000,0.074074,0.666667,7,0,7,6,0,7,6,0,7
5,shared,C_update_on,18,0.000000,0.074074,0.666667,6,0,7,5,0,7,5,0,7
5,shared,C_update_on,19,0.000000,0.000000,0.000000,7,0,7,7,0,7,7,0,7
5,shared,C_update_on,20,0.000000,0.074074,0.666667,8,0,7,8,0,8,8,0,8
5,shared,C_update_on,21,0.000000,0.000000,0.000000,8,0,8,8,0,8,8,0,8
5,shared,C_update_on,22,0.000000,0.000000,0.000000,8,0,8,8,0,8,8,0,8
5,shared,C_update_on,23,0.000000,0.296296,1.333333,8,0,8,6,0,8,6,0,8
5,shared,C_update_on,24,0.000000,0.370370,1.745356,8,0,8,6,0,8,6,0,7
5,shared,C_update_on,25,0.000000,0.074074,0.666667,6,0,7,6,0,8,6,0,8
5,shared,C_update_on,26,0.000000,0.074074,0.666667,7,0,8,6,0,8,7,0,8
5,shared,C_update_on,27,0.000000,0.074074,0.666667,7,0,8,7,0,8,7,0,7
5,shared,C_update_on,28,0.000000,0.074074,0.666667,8,0,7,8,0,8,8,0,8
5,shared,C_update_on,29,0.000000,0.148148,0.942809,8,0,8,8,0,8,7,0,7
5,shared,C_update_on,30,0.000000,0.296296,1.550094,8,0,7,6,0,8,7,0,8
5,shared,C_update_on,31,0.000000,0.296296,1.333333,8,0,8,6,0,8,6,0,8
5,shared,C_update_on,32,0.000000,0.148148,1.138071,6,0,8,5,0,8,5,0,7
5,shared,C_update_on,33,0.000000,0.074074,0.666667,5,0,7,5,0,7,5,0,8
5,shared,C_update_on,34,0.000000,0.074074,0.666667,7,0,8,7,0,8,7,0,7
5,shared,C_update_on,35,0.000000,0.148148,1.138071,8,0,7,8,0,8,7,0,8
5,shared,C_update_on,36,0.000000,0.000000,0.000000,8,0,8,8,0,8,8,0,8
5,shared,C_update_on,37,0.000000,0.000000,0.000000,8,0,8,8,0,8,8,0,8
5,shared,C_update_on,38,0.000000,0.000000,0.000000,8,0,8,8,0,8,8,0,8
5,shared,C_update_on,39,0.000000,0.370370,1.490712,8,0,7,6,0,8,6,0,8
5,shared,C_update_on,40,0.000000,0.296296,1.333333,7,0,8,5,0,8,5,0,8
5,shared,C_update_on,41,0.000000,0.074074,0.666667,5,0,8,4,0,8,4,0,8
5,shared,C_update_on,42,0.000000,0.074074,0.666667,5,0,7,5,0,7,6,0,7
5,shared,C_update_on,43,0.000000,0.074074,0.666667,6,0,8,6,0,8,6,0,7
5,shared,C_update_on,44,0.000000,0.000000,0.000000,8,0,6,8,0,6,8,0,6
5,shared,C_update_on,45,0.000000,0.148148,0.942809,8,0,6,8,0,6,7,0,5
5,shared,C_update_on,46,0.000000,0.074074,0.666667,7,0,5,7,0,6,7,0,6
5,shared,C_update_on,47,0.000000,0.074074,0.666667,8,0,6,7,0,6,7,0,6
5,shared,C_update_on,48,0.000000,0.370370,1.490712,8,0,6,6,0,7,6,0,7
5,shared,C_update_on,49,0.000000,0.370370,1.490712,7,0,7,5,0,8,5,0,8
5,shared,C_update_off,0,0.000000,0.000000,0.000000,6,2,6,6,2,6,6,2,6
5,shared,C_update_off,1,0.000000,0.000000,0.000000,8,2,6,8,2,6,8,2,6
5,shared,C_update_off,2,0.000000,0.074074,0.666667,8,2,6,8,2,7,8,2,7
5,shared,C_update_off,3,0.000000,0.000000,0.000000,8,2,7,8,2,7,8,2,7
5,shared,C_update_off,4,0.000000,0.074074,0.666667,8,2,7,8,2,8,8,2,8
5,shared,C_update_off,5,0.222222,0.370370,1.490712,8,2,8,6,3,8,6,3,8
5,shared,C_update_off,6,0.222222,0.074074,0.666667,8,3,8,8,4,8,8,4,8
5,shared,C_update_off,7,0.222222,0.370370,1.490712,8,4,8,6,5,8,6,5,8
5,shared,C_update_off,8,0.000000,0.074074,0.666667,7,5,8,6,5,8,6,5,8
5,shared,C_update_off,9,0.000000,0.000000,0.000000,6,5,8,6,5,8,6,5,8
5,shared,C_update_off,10,0.000000,0.000000,0.000000,6,5,8,6,5,8,6,5,8
5,shared,C_update_off,11,0.000000,0.296296,1.333333,7,5,8,5,5,8,5,5,8
5,shared,C_update_off,12,0.222222,0.074074,0.666667,6,5,8,6,5,8,6,6,8
5,shared,C_update_off,13,0.000000,0.000000,0.000000,7,6,8,7,6,8,7,6,8
5,shared,C_update_off,14,0.222222,0.148148,0.942809,7,6,8,7,6,8,7,5,7
5,shared,C_update_off,15,0.222222,0.222222,1.382088,8,5,7,7,5,7,7,6,6
5,shared,C_update_off,16,0.222222,0.444444,1.962117,7,5,6,5,5,7,5,4,6
5,shared,C_update_off,17,0.222222,0.148148,0.942809,7,3,5,7,3,5,7,4,6
5,shared,C_update_off,18,0.222222,0.444444,1.954568,8,3,6,6,3,6,6,4,7
5,shared,C_update_off,19,0.222222,0.148148,0.942809,8,4,7,8,4,7,8,3,6
5,shared,C_update_off,20,0.666667,0.370370,1.794111,8,2,6,8,3,7,7,4,6
5,shared,C_update_off,21,0.222222,0.370370,1.794111,7,3,6,6,4,7,7,4,8
5,shared,C_update_off,22,0.222222,0.370370,1.490712,8,3,8,6,2,8,6,2,8
5,shared,C_update_off,23,0.222222,0.222222,1.382088,7,1,8,6,1,8,6,2,7
5,shared,C_update_off,24,0.222222,0.148148,0.942809,8,3,8,8,3,8,8,2,7
5,shared,C_update_off,25,0.666667,0.518519,2.048755,8,2,6,7,3,7,6,4,7
5,shared,C_update_off,26,0.666667,0.370370,1.727180,7,4,7,8,5,8,8,6,8
5,shared,C_update_off,27,0.222222,0.370370,1.821367,8,6,7,7,7,8,6,6,7
5,shared,C_update_off,28,0.222222,0.444444,1.895186,8,5,7,6,4,8,6,5,8
5,shared,C_update_off,29,0.222222,0.222222,1.382088,6,5,8,6,6,8,7,6,7
5,shared,C_update_off,30,0.666667,0.592593,2.149830,8,6,7,6,7,8,6,8,8
5,shared,C_update_off,31,0.222222,0.148148,0.942809,7,8,8,6,7,8,6,7,8
5,shared,C_update_off,32,0.222222,0.074074,0.666667,6,7,8,6,7,8,6,6,8
5,shared,C_update_off,33,0.222222,0.370370,1.821367,6,6,8,4,6,8,5,5,7
5,shared,C_update_off,34,0.222222,0.148148,1.138071,7,5,7,7,5,8,7,6,7
5,shared,C_update_off,35,0.000000,0.148148,1.138071,8,5,7,8,5,8,7,5,8
5,shared,C_update_off,36,0.222222,0.074074,0.666667,8,4,8,8,4,8,8,5,8
5,shared,C_update_off,37,0.222222,0.148148,0.942809,8,4,7,8,5,8,8,4,7
5,shared,C_update_off,38,0.222222,0.666667,2.393847,8,3,7,6,2,8,5,3,7
5,shared,C_update_off,39,0.666667,0.518519,2.139203,7,2,7,5,1,8,6,0,7
5,shared,C_update_off,40,0.666667,0.518519,2.048755,7,0,6,6,1,7,6,2,8
5,shared,C_update_off,41,0.222222,0.222222,1.154701,6,3,8,6,3,8,5,4,7
5,shared,C_update_off,42,0.222222,0.222222,1.154701,6,3,7,6,3,7,7,2,6
5,shared,C_update_off,43,0.666667,0.296296,1.550094,7,1,6,7,2,7,7,3,7
5,shared,C_update_off,44,0.222222,0.444444,1.895186,8,4,7,6,5,8,6,4,8
5,shared,C_update_off,45,0.222222,0.370370,1.821367,7,4,8,5,4,8,6,5,7
5,shared,C_update_off,46,0.222222,0.148148,0.942809,6,4,7,6,4,7,6,3,6
5,shared,C_update_off,47,0.222222,0.148148,1.138071,8,2,6,7,2,6,7,3,6
5,shared,C_update_off,48,0.222222,0.222222,1.154701,8,4,7,8,4,7,7,5,8
5,shared,C_update_off,49,0.222222,0.074074,0.666667,8,5,8,8,5,8,8,6,8
5,isolated,C_update_on,0,0.888889,0.370370,1.490712,6,3,6,5,1,6,5,1,6
5,isolated,C_update_on,1,0.888889,1.037037,3.001299,8,2,6,5,0,6,5,2,5
5,isolated,C_update_on,2,0.000000,0.888889,2.774852,8,1,6,5,1,7,5,1,5
5,isolated,C_update_on,3,0.666667,1.407407,3.534003,8,2,6,5,0,8,5,1,5
5,isolated,C_update_on,4,0.222222,2.000000,4.133134,8,1,6,3,0,8,5,0,5
5,isolated,C_update_on,5,0.222222,2.000000,4.133134,8,1,6,3,0,8,5,0,5
5,isolated,C_update_on,6,0.222222,2.518519,4.527857,8,1,6,3,0,8,7,0,4
5,isolated,C_update_on,7,0.222222,2.518519,4.527857,8,1,6,3,0,8,7,0,4
5,isolated,C_update_on,8,0.222222,2.518519,4.527857,8,1,6,3,0,8,7,0,4
5,isolated,C_update_on,9,0.000000,2.444444,4.426029,8,0,6,3,0,8,7,0,4
5,isolated,C_update_on,10,0.000000,2.444444,4.426029,8,0,6,3,0,8,7,0,4
5,isolated,C_update_on,11,0.000000,2.444444,4.426029,8,0,6,3,0,8,7,0,4
5,isolated,C_update_on,12,0.000000,2.444444,4.426029,8,0,6,3,0,8,7,0,4
5,isolated,C_update_on,13,0.000000,2.444444,4.426029,8,0,6,3,0,8,7,0,4
5,isolated,C_update_on,14,0.000000,2.444444,4.426029,8,0,6,3,0,8,7,0,4
5,isolated,C_update_on,15,0.000000,2.444444,4.426029,8,0,6,3,0,8,7,0,4
5,isolated,C_update_on,16,0.000000,2.444444,4.426029,8,0,6,3,0,8,7,0,4
5,isolated,C_update_on,17,0.000000,2.444444,4.426029,8,0,6,3,0,8,7,0,4
5,isolated,C_update_on,18,0.000000,2.444444,4.426029,8,0,6,3,0,8,7,0,4
5,isolated,C_update_on,19,0.000000,2.444444,4.426029,8,0,6,3,0,8,7,0,4
5,isolated,C_update_on,20,0.000000,2.444444,4.426029,8,0,6,3,0,8,7,0,4
5,isolated,C_update_on,21,0.000000,2.444444,4.426029,8,0,6,3,0,8,7,0,4
5,isolated,C_update_on,22,0.000000,2.444444,4.426029,8,0,6,3,0,8,7,0,4
5,isolated,C_update_on,23,0.000000,2.444444,4.426029,8,0,6,3,0,8,7,0,4
5,isolated,C_update_on,24,0.000000,2.444444,4.426029,8,0,6,3,0,8,7,0,4
5,isolated,C_update_on,25,0.000000,2.444444,4.426029,8,0,6,3,0,8,7,0,4
5,isolated,C_update_on,26,0.000000,2.444444,4.426029,8,0,6,3,0,8,7,0,4
5,isolated,C_update_on,27,0.000000,2.444444,4.426029,8,0,6,3,0,8,7,0,4
5,isolated,C_update_on,28,0.000000,2.444444,4.426029,8,0,6,3,0,8,7,0,4
5,isolated,C_update_on,29,0.000000,2.444444,4.426029,8,0,6,3,0,8,7,0,4
5,isolated,C_update_on,30,0.000000,2.444444,4.426029,8,0,6,3,0,8,7,0,4
5,isolated,C_update_on,31,0.000000,2.444444,4.426029,8,0,6,3,0,8,7,0,4
5,isolated,C_update_on,32,0.000000,2.444444,4.426029,8,0,6,3,0,8,7,0,4
5,isolated,C_update_on,33,0.000000,2.444444,4.426029,8,0,6,3,0,8,7,0,4
5,isolated,C_update_on,34,0.000000,2.444444,4.426029,8,0,6,3,0,8,7,0,4
5,isolated,C_update_on,35,0.000000,2.444444,4.426029,8,0,6,3,0,8,7,0,4
5,isolated,C_update_on,36,0.000000,2.444444,4.426029,8,0,6,3,0,8,7,0,4
5,isolated,C_update_on,37,0.000000,2.444444,4.426029,8,0,6,3,0,8,7,0,4
5,isolated,C_update_on,38,0.000000,2.444444,4.426029,8,0,6,3,0,8,7,0,4
5,isolated,C_update_on,39,0.000000,2.444444,4.426029,8,0,6,3,0,8,7,0,4
5,isolated,C_update_on,40,0.000000,2.444444,4.426029,8,0,6,3,0,8,7,0,4
5,isolated,C_update_on,41,0.000000,2.444444,4.426029,8,0,6,3,0,8,7,0,4
5,isolated,C_update_on,42,0.000000,2.444444,4.426029,8,0,6,3,0,8,7,0,4
5,isolated,C_update_on,43,0.000000,2.444444,4.426029,8,0,6,3,0,8,7,0,4
5,isolated,C_update_on,44,0.000000,2.444444,4.426029,8,0,6,3,0,8,7,0,4
5,isolated,C_update_on,45,0.000000,2.444444,4.426029,8,0,6,3,0,8,7,0,4
5,isolated,C_update_on,46,0.000000,2.444444,4.426029,8,0,6,3,0,8,7,0,4
5,isolated,C_update_on,47,0.000000,2.444444,4.426029,8,0,6,3,0,8,7,0,4
5,isolated,C_update_on,48,0.000000,2.444444,4.426029,8,0,6,3,0,8,7,0,4
5,isolated,C_update_on,49,0.000000,2.444444,4.426029,8,0,6,3,0,8,7,0,4
5,isolated,C_update_off,0,0.000000,0.074074,0.666667,6,2,6,5,2,6,5,2,6
5,isolated,C_update_off,1,0.000000,0.666667,2.000000,8,2,6,5,2,6,5,2,6
5,isolated,C_update_off,2,0.000000,0.740741,2.387426,8,2,6,5,2,7,5,2,6
5,isolated,C_update_off,3,0.000000,0.740741,2.387426,8,2,6,5,2,7,5,2,6
5,isolated,C_update_off,4,0.000000,0.962963,2.868517,8,2,6,5,2,8,5,2,6
5,isolated,C_update_off,5,0.000000,0.962963,2.868517,8,2,6,5,2,8,5,2,6
5,isolated,C_update_off,6,0.000000,0.962963,2.868517,8,2,6,5,2,8,5,2,6
5,isolated,C_update_off,7,0.000000,0.962963,2.868517,8,2,6,5,2,8,5,2,6
5,isolated,C_update_off,8,0.222222,1.925926,3.686600,8,2,6,3,3,8,7,2,6
5,isolated,C_update_off,9,0.888889,1.111111,2.862402,8,2,6,5,4,8,7,2,6
5,isolated,C_update_off,10,2.000000,2.740741,4.469860,8,2,6,3,5,8,7,2,5
5,isolated,C_update_off,11,1.555556,2.962963,4.871301,8,2,6,3,5,8,7,3,4
5,isolated,C_update_off,12,1.555556,2.444444,4.507771,8,2,6,3,5,8,6,4,5
5,isolated,C_update_off,13,1.555556,2.222222,4.244833,8,2,6,3,5,8,6,4,6
5,isolated,C_update_off,14,2.000000,2.740741,4.827013,8,2,6,3,5,8,7,5,5
5,isolated,C_update_off,15,1.555556,2.222222,4.244833,8,2,6,3,5,8,6,4,6
5,isolated,C_update_off,16,1.555556,2.370370,4.327686,8,2,6,3,5,8,7,4,6
5,isolated,C_update_off,17,1.555556,2.370370,4.327686,8,2,6,3,5,8,7,4,6
5,isolated,C_update_off,18,1.555556,2.370370,4.327686,8,2,6,3,5,8,7,4,6
5,isolated,C_update_off,19,1.555556,2.370370,4.327686,8,2,6,3,5,8,7,4,6
5,isolated,C_update_off,20,1.555556,2.592593,4.570974,8,2,6,3,5,8,7,4,5
5,isolated,C_update_off,21,2.000000,2.518519,4.599609,8,2,6,3,5,8,7,5,6
5,isolated,C_update_off,22,2.000000,2.518519,4.599609,8,2,6,3,5,8,7,5,6
5,isolated,C_update_off,23,2.000000,2.518519,4.599609,8,2,6,3,5,8,7,5,6
5,isolated,C_update_off,24,2.000000,2.518519,4.599609,8,2,6,3,5,8,7,5,6
5,isolated,C_update_off,25,2.000000,2.518519,4.599609,8,2,6,3,5,8,7,5,6
5,isolated,C_update_off,26,2.000000,2.518519,4.599609,8,2,6,3,5,8,7,5,6
5,isolated,C_update_off,27,2.000000,2.740741,4.827013,8,2,6,3,5,8,7,5,5
5,isolated,C_update_off,28,2.888889,3.407407,5.497184,8,2,6,3,5,8,7,6,4
5,isolated,C_update_off,29,2.000000,2.740741,4.827013,8,2,6,3,5,8,7,5,5
5,isolated,C_update_off,30,2.888889,3.407407,5.497184,8,2,6,3,5,8,7,6,4
5,isolated,C_update_off,31,2.888889,3.407407,5.497184,8,2,6,3,5,8,7,6,4
5,isolated,C_update_off,32,4.666667,4.000000,5.976664,8,1,6,3,5,8,7,6,4
5,isolated,C_update_off,33,4.666667,4.000000,5.976664,8,1,6,3,5,8,7,6,4
5,isolated,C_update_off,34,4.666667,4.000000,5.976664,8,1,6,3,5,8,7,6,4
5,isolated,C_update_off,35,4.666667,4.000000,5.976664,8,1,6,3,5,8,7,6,4
5,isolated,C_update_off,36,4.666667,4.000000,5.976664,8,1,6,3,5,8,7,6,4
5,isolated,C_update_off,37,5.555556,4.296296,6.160850,8,1,6,3,6,8,7,6,4
5,isolated,C_update_off,38,5.555556,4.296296,6.160850,8,1,6,3,6,8,7,6,4
5,isolated,C_update_off,39,5.555556,4.296296,6.160850,8,1,6,3,6,8,7,6,4
5,isolated,C_update_off,40,5.555556,4.296296,6.160850,8,1,6,3,6,8,7,6,4
5,isolated,C_update_off,41,5.555556,4.296296,6.160850,8,1,6,3,6,8,7,6,4
5,isolated,C_update_off,42,5.555556,4.296296,6.160850,8,1,6,3,6,8,7,6,4
5,isolated,C_update_off,43,5.555556,4.296296,6.160850,8,1,6,3,6,8,7,6,4
5,isolated,C_update_off,44,4.666667,4.000000,5.891869,8,1,6,3,6,8,7,5,4
5,isolated,C_update_off,45,4.666667,4.000000,5.891869,8,1,6,3,6,8,7,5,4
5,isolated,C_update_off,46,4.666667,4.000000,5.891869,8,1,6,3,6,8,7,5,4
5,isolated,C_update_off,47,4.666667,4.000000,5.891869,8,1,6,3,6,8,7,5,4
5,isolated,C_update_off,48,4.666667,4.000000,5.891869,8,1,6,3,6,8,7,5,4
5,isolated,C_update_off,49,4.666667,4.000000,5.891869,8,1,6,3,6,8,7,5,4
6,shared,C_update_on,0,0.666667,0.296296,1.550094,6,3,6,6,2,7,6,1,7
6,shared,C_update_on,1,0.222222,0.148148,1.138071,8,1,7,8,0,7,8,0,6
6,shared,C_update_on,2,0.000000,0.074074,0.666667,8,0,6,8,0,7,8,0,6
6,shared,C_update_on,3,0.000000,0.074074,0.666667,8,0,5,8,0,6,8,0,6
6,shared,C_update_on,4,0.000000,0.370370,1.490712,8,0,6,6,0,7,6,0,7
6,shared,C_update_on,5,0.000000,0.370370,1.490712,6,0,7,4,0,8,4,0,8
6,shared,C_update_on,6,0.000000,0.000000,0.000000,6,0,8,6,0,8,6,0,8
6,shared,C_update_on,7,0.000000,0.074074,0.666667,7,0,8,6,0,8,6,0,8
6,shared,C_update_on,8,0.000000,0.074074,0.666667,6,0,8,6,0,8,6,0,7
6,shared,C_update_on,9,0.000000,0.222222,1.333333,7,0,6,7,0,7,7,0,8
6,shared,C_update_on,10,0.000000,0.148148,1.138071,8,0,8,7,0,8,7,0,7
6,shared,C_update_on,11,0.000000,0.148148,1.138071,8,0,7,7,0,8,7,0,7
6,shared,C_update_on,12,0.000000,0.370370,1.490712,8,0,7,6,0,8,6,0,8
6,shared,C_update_on,13,0.000000,0.296296,1.333333,6,0,8,4,0,8,4,0,8
6,shared,C_update_on,14,0.000000,0.000000,0.000000,4,0,8,4,0,8,4,0,8
6,shared,C_update_on,15,0.000000,0.148148,0.942809,4,0,8,4,0,8,5,0,7
6,shared,C_update_on,16,0.000000,0.074074,0.666667,7,0,7,7,0,7,7,0,6
6,shared,C_update_on,17,0.000000,0.222222,1.333333,8,0,6,8,0,7,8,0,8
6,shared,C_update_on,18,0.000000,0.148148,0.942809,8,0,8,8,0,8,7,0,7
6,shared,C_update_on,19,0.000000,0.074074,0.666667,7,0,7,7,0,8,7,0,8
6,shared,C_update_on,20,0.000000,0.074074,0.666667,7,0,8,8,0,8,8,0,8
6,shared,C_update_on,21,0.000000,0.370370,1.745356,8,0,8,6,0,8,6,0,7
6,shared,C_update_on,22,0.000000,0.296296,1.550094,6,0,7,4,0,8,5,0,8
6,shared,C_update_on,23,0.000000,0.148148,1.138071,5,0,8,4,0,8,4,0,7
6,shared,C_update_on,24,0.000000,0.074074,0.666667,4,0,7,4,0,8,4,0,8
6,shared,C_update_on,25,0.000000,0.000000,0.000000,6,0,8,6,0,8,6,0,8
6,shared,C_update_on,26,0.000000,0.000000,0.000000,6,0,8,6,0,8,6,0,8
6,shared,C_update_on,27,0.000000,0.000000,0.000000,7,0,8,7,0,8,7,0,8
6,shared,C_update_on,28,0.000000,0.000000,0.000000,7,0,8,7,0,8,7,0,8
6,shared,C_update_on,29,0.000000,0.074074,0.666667,8,0,8,8,0,8,8,0,7
6,shared,C_update_on,30,0.000000,0.370370,1.490712,8,0,7,6,0,8,6,0,8
6,shared,C_update_on,31,0.000000,0.296296,1.333333,7,0,8,5,0,8,5,0,8
6,shared,C_update_on,32,0.000000,0.148148,1.138071,6,0,7,5,0,8,5,0,7
6,shared,C_update_on,33,0.000000,0.074074,0.666667,6,0,8,6,0,8,7,0,8
6,shared,C_update_on,34,0.000000,0.000000,0.000000,8,0,7,8,0,7,8,0,7
6,shared,C_update_on,35,0.000000,0.148148,1.138071,8,0,6,8,0,7,7,0,6
6,shared,C_update_on,36,0.000000,0.222222,1.333333,8,0,6,8,0,7,8,0,8
6,shared,C_update_on,37,0.000000,0.296296,1.550094,8,0,8,7,0,8,6,0,7
6,shared,C_update_on,38,0.000000,0.370370,1.745356,7,0,7,5,0,8,5,0,7
6,shared,C_update_on,39,0.000000,0.148148,0.942809,5,0,7,4,0,8,4,0,8
6,shared,C_update_on,40,0.000000,0.074074,0.666667,5,0,8,4,0,8,4,0,8
6,shared,C_update_on,41,0.000000,0.000000,0.000000,5,0,8,5,0,8,5,0,8
6,shared,C_update_on,42,0.000000,0.000000,0.000000,6,0,8,6,0,8,6,0,8
6,shared,C_update_on,43,0.000000,0.000000,0.000000,7,0,8,7,0,8,7,0,8
6,shared,C_update_on,44,0.000000,0.000000,0.000000,8,0,8,8,0,8,8,0,8
6,shared,C_update_on,45,0.000000,0.074074,0.666667,8,0,8,8,0,8,8,0,7
6,shared,C_update_on,46,0.000000,0.074074,0.666667,8,0,7,8,0,8,8,0,8
6,shared,C_update_on,47,0.000000,0.370370,1.745356,8,0,8,6,0,8,6,0,7
6,shared,C_update_on,48,0.000000,0.370370,1.490712,7,0,7,5,0,8,5,0,8
6,shared,C_update_on,49,0.000000,0.074074,0.666667,6,0,8,5,0,8,6,0,8
6,shared,C_update_off,0,0.000000,0.074074,0.666667,6,2,6,6,2,7,6,2,7
6,shared,C_update_off,1,0.000000,0.000000,0.000000,6,2,7,6,2,7,6,2,7
6,shared,C_update_off,2,0.000000,0.000000,0.000000,6,2,7,6,2,7,6,2,7
6,shared,C_update_off,3,0.000000,0.000000,0.000000,7,2,7,7,2,7,7,2,7
6,shared,C_update_off,4,0.000000,0.000000,0.000000,8,2,7,8,2,7,8,2,7
6,shared,C_update_off,5,0.000000,0.074074,0.666667,8,2,7,7,2,7,7,2,7
6,shared,C_update_off,6,0.222222,0.444444,1.632993,8,2,7,6,3,8,6,3,8
6,shared,C_update_off,7,0.222222,0.370370,1.490712,7,3,8,5,4,8,5,4,8
6,shared,C_update_off,8,0.222222,0.074074,0.666667,5,4,8,5,5,8,5,5,8
6,shared,C_update_off,9,0.000000,0.000000,0.000000,6,5,8,6,5,8,6,5,8
6,shared,C_update_off,10,0.000000,0.074074,0.666667,7,5,8,7,5,8,7,5,7
6,shared,C_update_off,11,0.222222,0.148148,0.942809,8,5,7,8,5,7,8,6,6
6,shared,C_update_off,12,0.222222,0.148148,0.942809,8,6,6,8,6,6,8,7,7
6,shared,C_update_off,13,0.222222,0.444444,1.962117,8,7,7,6,7,8,6,6,7
6,shared,C_update_off,14,0.222222,0.444444,1.632993,6,6,7,4,5,8,4,5,8
6,shared,C_update_off,15,0.222222,0.148148,0.942809,4,5,8,3,6,8,3,6,8
6,shared,C_update_off,16,0.000000,0.000000,0.000000,5,6,8,5,6,8,5,6,8
6,shared,C_update_off,17,0.000000,0.000000,0.000000,6,5,8,6,5,8,6,5,8
6,shared,C_update_off,18,0.000000,0.074074,0.666667,8,4,7,8,4,8,8,4,8
6,shared,C_update_off,19,0.000000,0.074074,0.666667,8,3,7,8,3,8,8,3,8
6,shared,C_update_off,20,0.000000,0.000000,0.000000,8,2,8,8,2,8,8,2,8
6,shared,C_update_off,21,0.222222,0.222222,1.414214,8,1,8,7,2,8,7,1,7
6,shared,C_update_off,22,0.666667,0.592593,2.230710,7,1,7,5,2,8,5,3,7
6,shared,C_update_off,23,0.222222,0.222222,1.382088,5,3,7,4,2,8,4,3,7
6,shared,C_update_off,24,0.222222,0.148148,1.138071,4,3,7,4,3,8,4,2,8
6,shared,C_update_off,25,0.222222,0.222222,1.382088,6,1,8,5,1,8,5,2,7
6,shared,C_update_off,26,0.222222,0.222222,1.154701,5,2,7,5,2,7,6,3,6
6,shared,C_update_off,27,0.666667,0.296296,1.550094,7,3,6,7,4,7,7,5,7
6,shared,C_update_off,28,0.222222,0.074074,0.666667,7,5,7,7,6,7,7,6,7
6,shared,C_update_off,29,0.222222,0.148148,0.942809,8,6,7,8,5,8,8,5,8
6,shared,C_update_off,30,0.222222,0.370370,1.490712,8,5,8,6,4,8,6,4,8
6,shared,C_update_off,31,0.222222,0.370370,1.490712,7,4,8,5,5,8,5,5,8
6,shared,C_update_off,32,0.222222,0.074074,0.666667,6,5,8,6,6,8,6,6,8
6,shared,C_update_off,33,0.000000,0.148148,1.138071,7,6,8,6,6,8,7,6,7
6,shared,C_update_off,34,0.222222,0.222222,1.154701,8,6,7,8,6,7,7,5,6
6,shared,C_update_off,35,0.222222,0.296296,1.550094,8,5,6,8,5,7,8,4,8
6,shared,C_update_off,36,0.000000,0.074074,0.666667,8,4,8,8,4,8,8,4,7
6,shared,C_update_off,37,0.222222,0.148148,0.942809,8,3,7,7,4,7,7,4,7
6,shared,C_update_off,38,0.222222,0.444444,1.632993,8,3,7,6,2,8,6,2,8
6,shared,C_update_off,39,0.000000,0.148148,0.942809,6,1,7,5,1,8,5,1,8
6,shared,C_update_off,40,0.222222,0.148148,0.942809,7,0,7,7,0,7,7,1,6
6,shared,C_update_off,41,0.666667,0.296296,1.609476,8,2,7,8,3,8,8,4,7
6,shared,C_update_off,42,0.222222,0.222222,1.154701,8,4,7,7,5,8,7,5,8
6,shared,C_update_off,43,0.222222,0.444444,1.895186,8,4,8,6,3,8,6,3,7
6,shared,C_update_off,44,0.222222,0.370370,1.794111,7,2,6,6,1,7,6,2,8
6,shared,C_update_off,45,0.666667,0.444444,1.885618,7,2,8,6,3,8,5,4,8
6,shared,C_update_off,46,0.222222,0.222222,1.414214,7,4,8,8,5,8,8,4,7
6,shared,C_update_off,47,0.666667,0.518519,2.097510,8,4,7,7,5,8,6,6,7
6,shared,C_update_off,48,0.666667,0.518519,2.104398,7,6,7,5,5,8,6,4,8
6,shared,C_update_off,49,0.000000,0.074074,0.666667,7,4,8,6,4,8,6,4,8
6,isolated,C_update_on,0,0.888889,0.444444,1.895186,6,3,6,5,1,7,5,1,6
6,isolated,C_update_on,1,0.888889,1.185185,3.244121,8,2,6,5,0,7,5,2,5
6,isolated,C_update_on,2,0.222222,1.259259,3.361485,8,1,6,5,1,8,5,2,5
6,isolated,C_update_on,3,0.222222,1.259259,3.352761,8,2,6,5,1,8,5,1,5
6,isolated,C_update_on,4,0.666667,1.703704,3.844076,8,2,6,4,0,8,5,1,5
6,isolated,C_update_on,5,0.222222,1.555556,3.701795,8,1,6,4,1,8,5,0,5
6,isolated,C_update_on,6,0.666667,2.000000,4.160518,8,2,6,4,0,8,6,1,4
6,isolated,C_update_on,7,0.222222,1.481481,3.616064,8,1,6,5,1,8,6,0,4
6,isolated,C_update_on,8,0.888889,2.370370,4.398017,8,2,6,3,0,8,7,0,5
6,isolated,C_update_on,9,0.222222,2.148148,4.069759,8,1,6,3,0,8,7,0,5
6,isolated,C_update_on,10,0.000000,2.074074,3.933126,8,0,6,3,0,8,7,0,5
6,isolated,C_update_on,11,0.000000,2.074074,3.933126,8,0,6,3,0,8,7,0,5
6,isolated,C_update_on,12,0.000000,2.074074,3.933126,8,0,6,3,0,8,7,0,5
6,isolated,C_update_on,13,0.000000,2.074074,3.933126,8,0,6,3,0,8,7,0,5
6,isolated,C_update_on,14,0.000000,2.074074,3.933126,8,0,6,3,0,8,7,0,5
6,isolated,C_update_on,15,0.000000,2.074074,3.933126,8,0,6,3,0,8,7,0,5
6,isolated,C_update_on,16,0.000000,2.074074,3.933126,8,0,6,3,0,8,7,0,5
6,isolated,C_update_on,17,0.000000,2.074074,3.933126,8,0,6,3,0,8,7,0,5
6,isolated,C_update_on,18,0.000000,2.074074,3.933126,8,0,6,3,0,8,7,0,5
6,isolated,C_update_on,19,0.000000,2.074074,3.933126,8,0,6,3,0,8,7,0,5
6,isolated,C_update_on,20,0.000000,2.074074,3.933126,8,0,6,3,0,8,7,0,5
6,isolated,C_update_on,21,0.000000,2.074074,3.933126,8,0,6,3,0,8,7,0,5
6,isolated,C_update_on,22,0.000000,2.074074,3.933126,8,0,6,3,0,8,7,0,5
6,isolated,C_update_on,23,0.000000,2.074074,3.933126,8,0,6,3,0,8,7,0,5
6,isolated,C_update_on,24,0.000000,2.074074,3.933126,8,0,6,3,0,8,7,0,5
6,isolated,C_update_on,25,0.000000,2.074074,3.933126,8,0,6,3,0,8,7,0,5
6,isolated,C_update_on,26,0.000000,2.074074,3.933126,8,0,6,3,0,8,7,0,5
6,isolated,C_update_on,27,0.000000,2.074074,3.933126,8,0,6,3,0,8,7,0,5
6,isolated,C_update_on,28,0.000000,2.074074,3.933126,8,0,6,3,0,8,7,0,5
6,isolated,C_update_on,29,0.000000,2.074074,3.933126,8,0,6,3,0,8,7,0,5
6,isolated,C_update_on,30,0.000000,2.074074,3.933126,8,0,6,3,0,8,7,0,5
6,isolated,C_update_on,31,0.000000,2.074074,3.933126,8,0,6,3,0,8,7,0,5
6,isolated,C_update_on,32,0.000000,2.074074,3.933126,8,0,6,3,0,8,7,0,5
6,isolated,C_update_on,33,0.000000,2.074074,3.933126,8,0,6,3,0,8,7,0,5
6,isolated,C_update_on,34,0.000000,2.074074,3.933126,8,0,6,3,0,8,7,0,5
6,isolated,C_update_on,35,0.000000,2.444444,4.426029,8,0,6,3,0,8,7,0,4
6,isolated,C_update_on,36,0.000000,2.444444,4.426029,8,0,6,3,0,8,7,0,4
6,isolated,C_update_on,37,0.000000,2.444444,4.426029,8,0,6,3,0,8,7,0,4
6,isolated,C_update_on,38,0.000000,2.444444,4.426029,8,0,6,3,0,8,7,0,4
6,isolated,C_update_on,39,0.000000,2.444444,4.426029,8,0,6,3,0,8,7,0,4
6,isolated,C_update_on,40,0.000000,2.444444,4.426029,8,0,6,3,0,8,7,0,4
6,isolated,C_update_on,41,0.000000,2.444444,4.426029,8,0,6,3,0,8,7,0,4
6,isolated,C_update_on,42,0.000000,2.444444,4.426029,8,0,6,3,0,8,7,0,4
6,isolated,C_update_on,43,0.000000,2.444444,4.426029,8,0,6,3,0,8,7,0,4
6,isolated,C_update_on,44,0.000000,2.444444,4.426029,8,0,6,3,0,8,7,0,4
6,isolated,C_update_on,45,0.000000,2.444444,4.426029,8,0,6,3,0,8,7,0,4
6,isolated,C_update_on,46,0.000000,2.444444,4.426029,8,0,6,3,0,8,7,0,4
6,isolated,C_update_on,47,0.000000,2.444444,4.426029,8,0,6,3,0,8,7,0,4
6,isolated,C_update_on,48,0.000000,2.444444,4.426029,8,0,6,3,0,8,7,0,4
6,isolated,C_update_on,49,0.000000,2.444444,4.426029,8,0,6,3,0,8,7,0,4
6,isolated,C_update_off,0,0.000000,0.148148,1.138071,6,2,6,5,2,7,5,2,6
6,isolated,C_update_off,1,0.000000,0.148148,1.138071,6,2,6,5,2,7,5,2,6
6,isolated,C_update_off,2,0.000000,0.148148,1.138071,6,2,6,5,2,7,5,2,6
6,isolated,C_update_off,3,0.000000,0.370370,1.745356,7,2,6,5,2,7,5,2,6
6,isolated,C_update_off,4,0.000000,0.740741,2.387426,8,2,6,5,2,7,5,2,6
6,isolated,C_update_off,5,0.000000,0.740741,2.387426,8,2,6,5,2,7,5,2,6
6,isolated,C_update_off,6,0.000000,0.740741,2.387426,8,2,6,5,2,7,5,2,6
6,isolated,C_update_off,7,0.000000,0.740741,2.387426,8,2,6,5,2,7,5,2,6
6,isolated,C_update_off,8,0.222222,1.703704,3.479598,8,2,6,3,3,7,7,2,6
6,isolated,C_update_off,9,0.888889,1.111111,2.862402,8,2,6,5,4,8,7,2,6
6,isolated,C_update_off,10,2.000000,2.740741,4.469860,8,2,6,3,5,8,7,2,5
6,isolated,C_update_off,11,1.555556,2.962963,4.871301,8,2,6,3,5,8,7,3,4
6,isolated,C_update_off,12,1.555556,2.444444,4.507771,8,2,6,3,5,8,6,4,5
6,isolated,C_update_off,13,1.555556,2.370370,4.327686,8,2,6,3,5,8,7,4,6
6,isolated,C_update_off,14,1.555556,2.592593,4.570974,8,2,6,3,5,8,7,4,5
6,isolated,C_update_off,15,2.000000,2.740741,4.827013,8,2,6,3,5,8,7,5,5
6,isolated,C_update_off,16,1.555556,2.370370,4.327686,8,2,6,3,5,8,7,4,6
6,isolated,C_update_off,17,1.555556,2.370370,4.327686,8,2,6,3,5,8,7,4,6
6,isolated,C_update_off,18,1.555556,2.370370,4.327686,8,2,6,3,5,8,7,4,6
6,isolated,C_update_off,19,1.555556,2.370370,4.327686,8,2,6,3,5,8,7,4,6
6,isolated,C_update_off,20,1.555556,2.592593,4.570974,8,2,6,3,5,8,7,4,5
6,isolated,C_update_off,21,2.000000,3.111111,5.187642,8,2,6,3,5,8,7,5,4
6,isolated,C_update_off,22,2.000000,3.111111,5.187642,8,2,6,3,5,8,7,5,4
6,isolated,C_update_off,23,2.000000,3.111111,5.187642,8,2,6,3,5,8,7,5,4
6,isolated,C_update_off,24,2.000000,3.111111,5.187642,8,2,6,3,5,8,7,5,4
6,isolated,C_update_off,25,2.000000,3.111111,5.187642,8,2,6,3,5,8,7,5,4
6,isolated,C_update_off,26,2.000000,3.111111,5.187642,8,2,6,3,5,8,7,5,4
6,isolated,C_update_off,27,2.000000,3.111111,5.187642,8,2,6,3,5,8,7,5,4
6,isolated,C_update_off,28,2.000000,3.111111,5.187642,8,2,6,3,5,8,7,5,4
6,isolated,C_update_off,29,2.000000,3.111111,5.187642,8,2,6,3,5,8,7,5,4
6,isolated,C_update_off,30,2.000000,3.111111,5.187642,8,2,6,3,5,8,7,5,4
6,isolated,C_update_off,31,2.000000,3.111111,5.187642,8,2,6,3,5,8,7,5,4
6,isolated,C_update_off,32,3.555556,3.629630,5.649211,8,1,6,3,5,8,7,5,4
6,isolated,C_update_off,33,3.555556,3.629630,5.649211,8,1,6,3,5,8,7,5,4
6,isolated,C_update_off,34,3.555556,3.629630,5.649211,8,1,6,3,5,8,7,5,4
6,isolated,C_update_off,35,3.555556,3.629630,5.649211,8,1,6,3,5,8,7,5,4
6,isolated,C_update_off,36,3.555556,3.629630,5.649211,8,1,6,3,5,8,7,5,4
6,isolated,C_update_off,37,4.666667,4.000000,5.891869,8,1,6,3,6,8,7,5,4
6,isolated,C_update_off,38,4.666667,4.000000,5.891869,8,1,6,3,6,8,7,5,4
6,isolated,C_update_off,39,4.666667,4.000000,5.891869,8,1,6,3,6,8,7,5,4
6,isolated,C_update_off,40,4.666667,4.000000,5.891869,8,1,6,3,6,8,7,5,4
6,isolated,C_update_off,41,4.666667,4.000000,5.891869,8,1,6,3,6,8,7,5,4
6,isolated,C_update_off,42,4.666667,4.000000,5.891869,8,1,6,3,6,8,7,5,4
6,isolated,C_update_off,43,4.666667,4.000000,5.891869,8,1,6,3,6,8,7,5,4
6,isolated,C_update_off,44,4.666667,4.000000,5.891869,8,1,6,3,6,8,7,5,4
6,isolated,C_update_off,45,4.666667,4.000000,5.891869,8,1,6,3,6,8,7,5,4
6,isolated,C_update_off,46,4.666667,4.000000,5.891869,8,1,6,3,6,8,7,5,4
6,isolated,C_update_off,47,4.666667,4.000000,5.891869,8,1,6,3,6,8,7,5,4
6,isolated,C_update_off,48,4.666667,4.000000,5.891869,8,1,6,3,6,8,7,5,4
6,isolated,C_update_off,49,4.666667,4.000000,5.891869,8,1,6,3,6,8,7,5,4
7,shared,C_update_on,0,0.666667,0.296296,1.550094,6,3,6,6,2,7,6,1,7
7,shared,C_update_on,1,0.222222,0.148148,1.138071,8,1,7,8,0,8,8,0,7
7,shared,C_update_on,2,0.000000,0.074074,0.666667,8,0,7,8,0,8,8,0,7
7,shared,C_update_on,3,0.000000,0.370370,1.490712,8,0,6,6,0,7,6,0,7
7,shared,C_update_on,4,0.000000,0.370370,1.490712,7,0,7,5,0,8,5,0,8
7,shared,C_update_on,5,0.000000,0.000000,0.000000,5,0,8,5,0,8,5,0,8
7,shared,C_update_on,6,0.000000,0.074074,0.666667,7,0,8,6,0,8,6,0,8
7,shared,C_update_on,7,0.000000,0.000000,0.000000,6,0,7,6,0,7,6,0,7
7,shared,C_update_on,8,0.000000,0.074074,0.666667,6,0,7,6,0,8,6,0,8
7,shared,C_update_on,9,0.000000,0.000000,0.000000,8,0,8,8,0,8,8,0,8
7,shared,C_update_on,10,0.000000,0.000000,0.000000,8,0,8,8,0,8,8,0,8
7,shared,C_update_on,11,0.000000,0.148148,1.138071,8,0,8,7,0,8,7,0,7
7,shared,C_update_on,12,0.000000,0.370370,1.745356,8,0,7,6,0,8,6,0,7
7,shared,C_update_on,13,0.000000,0.148148,0.942809,6,0,7,5,0,8,5,0,8
7,shared,C_update_on,14,0.000000,0.074074,0.666667,7,0,8,6,0,8,6,0,8
7,shared,C_update_on,15,0.000000,0.000000,0.000000,7,0,8,7,0,8,7,0,8
7,shared,C_update_on,16,0.000000,0.000000,0.000000,8,0,8,8,0,8,8,0,8
7,shared,C_update_on,17,0.000000,0.000000,0.000000,8,0,8,8,0,8,8,0,8
7,shared,C_update_on,18,0.000000,0.074074,0.666667,8,0,8,7,0,8,7,0,8
7,shared,C_update_on,19,0.000000,0.296296,1.333333,7,0,8,5,0,8,5,0,8
7,shared,C_update_on,20,0.000000,0.074074,0.666667,6,0,8,5,0,8,5,0,8
7,shared,C_update_on,21,0.000000,0.148148,1.138071,6,0,8,5,0,8,5,0,7
7,shared,C_update_on,22,0.000000,0.074074,0.666667,7,0,7,7,0,8,7,0,8
7,shared,C_update_on,23,0.000000,0.000000,0.000000,8,0,8,8,0,8,8,0,8
7,shared,C_update_on,24,0.000000,0.000000,0.000000,8,0,8,8,0,8,8,0,8
7,shared,C_update_on,25,0.000000,0.074074,0.666667,8,0,8,7,0,8,7,0,8
7,shared,C_update_on,26,0.000000,0.296296,1.333333,7,0,8,5,0,8,5,0,8
7,shared,C_update_on,27,0.000000,0.370370,1.490712,7,0,7,5,0,8,5,0,8
7,shared,C_update_on,28,0.000000,0.000000,0.000000,6,0,8,6,0,8,6,0,8
7,shared,C_update_on,29,0.000000,0.074074,0.666667,7,0,7,7,0,8,7,0,7
7,shared,C_update_on,30,0.000000,0.074074,0.666667,8,0,7,8,0,8,8,0,8
7,shared,C_update_on,31,0.000000,0.074074,0.666667,8,0,7,8,0,7,8,0,6
7,shared,C_update_on,32,0.000000,0.148148,1.138071,8,0,6,7,0,6,7,0,7
7,shared,C_update_on,33,0.000000,0.370370,1.490712,8,0,7,6,0,8,6,0,8
7,shared,C_update_on,34,0.000000,0.074074,0.666667,8,0,8,7,0,8,7,0,8
7,shared,C_update_on,35,0.000000,0.074074,0.666667,7,0,8,6,0,8,6,0,8
7,shared,C_update_on,36,0.000000,0.074074,0.666667,7,0,8,7,0,8,7,0,7
7,shared,C_update_on,37,0.000000,0.074074,0.666667,7,0,7,7,0,8,7,0,7
7,shared,C_update_on,38,0.000000,0.148148,1.138071,8,0,7,7,0,7,8,0,8
7,shared,C_update_on,39,0.000000,0.296296,1.333333,8,0,8,6,0,8,6,0,8
7,shared,C_update_on,40,0.000000,0.074074,0.666667,6,0,8,5,0,8,5,0,8
7,shared,C_update_on,41,0.000000,0.000000,0.000000,6,0,8,6,0,8,6,0,8
7,shared,C_update_on,42,0.000000,0.148148,1.138071,7,0,8,6,0,8,6,0,7
7,shared,C_update_on,43,0.000000,0.074074,0.666667,6,0,7,6,0,7,6,0,6
7,shared,C_update_on,44,0.000000,0.074074,0.666667,7,0,6,7,0,7,7,0,7
7,shared,C_update_on,45,0.000000,0.074074,0.666667,7,0,7,7,0,8,7,0,8
7,shared,C_update_on,46,0.000000,0.370370,1.745356,8,0,8,6,0,8,6,0,7
7,shared,C_update_on,47,0.000000,0.370370,1.490712,7,0,7,5,0,8,5,0,8
7,shared,C_update_on,48,0.000000,0.000000,0.000000,6,0,8,6,0,8,6,0,8
7,shared,C_update_on,49,0.000000,0.000000,0.000000,6,0,8,6,0,8,6,0,8
7,shared,C_update_off,0,0.000000,0.074074,0.666667,6,2,6,6,2,7,6,2,7
7,shared,C_update_off,1,0.000000,0.074074,0.666667,8,2,7,8,2,8,8,2,8
7,shared,C_update_off,2,0.000000,0.000000,0.000000,8,2,8,8,2,8,8,2,8
7,shared,C_update_off,3,0.000000,0.000000,0.000000,8,2,8,8,2,8,8,2,8
7,shared,C_update_off,4,0.000000,0.296296,1.333333,8,2,8,6,2,8,6,2,8
7,shared,C_update_off,5,0.222222,0.370370,1.490712,6,2,8,4,3,8,4,3,8
7,shared,C_update_off,6,0.222222,0.148148,0.942809,6,3,8,5,4,8,5,4,8
7,shared,C_update_off,7,0.222222,0.074074,0.666667,5,4,8,5,5,8,5,5,8
7,shared,C_update_off,8,0.000000,0.074074,0.666667,5,5,8,5,5,8,5,5,7
7,shared,C_update_off,9,0.222222,0.148148,0.942809,7,5,7,7,5,7,7,6,6
7,shared,C_update_off,10,0.222222,0.148148,0.942809,8,6,6,8,6,6,8,7,7
7,shared,C_update_off,11,0.222222,0.222222,1.382088,8,7,7,7,7,7,7,6,6
7,shared,C_update_off,12,0.222222,0.222222,1.154701,8,6,6,7,5,7,7,5,7
7,shared,C_update_off,13,0.222222,0.222222,1.154701,7,5,7,8,6,8,8,6,8
7,shared,C_update_off,14,0.000000,0.296296,1.333333,8,6,8,6,6,8,6,6,8
7,shared,C_update_off,15,0.222222,0.370370,1.490712,7,6,8,5,7,8,5,7,8
7,shared,C_update_off,16,0.666667,0.370370,1.759306,7,6,8,6,5,8,6,4,7
7,shared,C_update_off,17,0.666667,0.296296,1.609476,8,3,6,8,4,7,8,5,6
7,shared,C_update_off,18,0.000000,0.074074,0.666667,8,4,6,8,4,7,8,4,7
7,shared,C_update_off,19,0.000000,0.074074,0.666667,8,3,7,7,3,7,7,3,7
7,shared,C_update_off,20,0.222222,0.222222,1.154701,8,2,7,7,3,8,7,3,8
7,shared,C_update_off,21,0.222222,0.444444,1.895186,8,2,8,6,1,8,6,1,7
7,shared,C_update_off,22,0.222222,0.296296,1.609476,8,1,6,8,2,7,8,1,8
7,shared,C_update_off,23,0.666667,0.370370,1.759306,8,1,8,7,2,8,7,3,7
7,shared,C_update_off,24,0.666667,0.370370,1.794111,8,3,7,7,4,8,7,5,7
7,shared,C_update_off,25,0.222222,0.370370,1.759306,8,5,6,8,6,7,7,6,8
7,shared,C_update_off,26,0.000000,0.296296,1.333333,7,6,8,5,6,8,5,6,8
7,shared,C_update_off,27,0.222222,0.074074,0.666667,7,6,8,7,6,8,7,5,8
7,shared,C_update_off,28,0.222222,0.296296,1.609476,8,4,8,6,4,8,7,5,8
7,shared,C_update_off,29,0.000000,0.074074,0.666667,8,5,8,8,5,8,8,5,7
7,shared,C_update_off,30,0.222222,0.148148,1.138071,8,5,7,8,5,8,8,6,7
7,shared,C_update_off,31,0.222222,0.222222,1.154701,8,6,7,8,6,7,7,5,6
7,shared,C_update_off,32,0.222222,0.222222,1.382088,8,5,6,7,5,6,7,4,7
7,shared,C_update_off,33,0.666667,0.518519,2.104398,8,3,7,6,4,8,7,5,8
7,shared,C_update_off,34,0.222222,0.148148,0.942809,8,4,8,7,3,8,7,3,8
7,shared,C_update_off,35,0.666667,0.296296,1.550094,8,2,7,8,3,8,8,4,8
7,shared,C_update_off,36,0.222222,0.444444,1.895186,8,4,8,6,5,8,6,5,7
7,shared,C_update_off,37,0.222222,0.666667,2.393847,6,4,6,4,3,7,3,4,6
7,shared,C_update_off,38,0.222222,0.222222,1.382088,4,3,7,3,4,8,4,4,7
7,shared,C_update_off,39,0.222222,0.148148,0.942809,6,3,6,6,4,7,6,4,7
7,shared,C_update_off,40,0.222222,0.074074,0.666667,8,5,8,8,4,8,8,4,8
7,shared,C_update_off,41,0.000000,0.074074,0.666667,8,4,8,8,4,8,7,4,8
7,shared,C_update_off,42,0.000000,0.148148,0.942809,8,3,7,7,3,8,7,3,8
7,shared,C_update_off,43,0.222222,0.370370,1.490712,7,2,8,5,3,8,5,3,8
7,shared,C_update_off,44,0.222222,0.370370,1.490712,6,4,8,4,5,8,4,5,8
7,shared,C_update_off,45,0.000000,0.074074,0.666667,4,5,8,4,5,8,5,5,8
7,shared,C_update_off,46,0.222222,0.074074,0.666667,7,5,8,7,5,8,7,6,8
7,shared,C_update_off,47,0.222222,0.148148,0.942809,8,5,8,8,5,8,8,6,7
7,shared,C_update_off,48,0.222222,0.222222,1.382088,8,5,6,8,5,7,7,4,7
7,shared,C_update_off,49,0.000000,0.000000,0.000000,7,4,7,7,4,7,7,4,7
7,isolated,C_update_on,0,0.888889,0.444444,1.895186,6,3,6,5,1,7,5,1,6
7,isolated,C_update_on,1,0.888889,1.481481,3.630312,8,2,6,5,0,8,5,2,5
7,isolated,C_update_on,2,0.222222,1.259259,3.361485,8,1,6,5,1,8,5,2,5
7,isolated,C_update_on,3,0.222222,1.259259,3.352761,8,2,6,5,1,8,5,1,5
7,isolated,C_update_on,4,0.666667,1.703704,3.844076,8,2,6,4,0,8,5,1,5
7,isolated,C_update_on,5,0.222222,1.555556,3.701795,8,1,6,4,1,8,5,0,5
7,isolated,C_update_on,6,0.666667,2.000000,4.160518,8,2,6,4,0,8,6,1,4
7,isolated,C_update_on,7,0.222222,1.481481,3.545872,8,1,6,5,1,8,7,0,4
7,isolated,C_update_on,8,0.666667,2.666667,4.646205,8,2,6,3,0,8,7,1,4
7,isolated,C_update_on,9,0.222222,2.518519,4.526406,8,1,6,3,1,8,7,0,4
7,isolated,C_update_on,10,0.666667,2.666667,4.646205,8,2,6,3,0,8,7,1,4
7,isolated,C_update_on,11,0.222222,2.518519,4.526406,8,1,6,3,1,8,7,0,4
7,isolated,C_update_on,12,0.666667,2.666667,4.646205,8,2,6,3,0,8,7,1,4
7,isolated,C_update_on,13,0.222222,2.518519,4.526406,8,1,6,3,1,8,7,0,4
7,isolated,C_update_on,14,0.666667,2.666667,4.646205,8,2,6,3,0,8,7,1,4
7,isolated,C_update_on,15,0.222222,2.518519,4.526406,8,1,6,3,1,8,7,0,4
7,isolated,C_update_on,16,0.666667,2.666667,4.646205,8,2,6,3,0,8,7,1,4
7,isolated,C_update_on,17,0.222222,2.518519,4.526406,8,1,6,3,1,8,7,0,4
7,isolated,C_update_on,18,0.000000,2.444444,4.426029,8,0,6,3,0,8,7,0,4
7,isolated,C_update_on,19,0.000000,2.518519,4.300673,8,0,5,3,0,8,7,0,4
7,isolated,C_update_on,20,0.000000,2.444444,4.426029,8,0,6,3,0,8,7,0,4
7,isolated,C_update_on,21,0.000000,2.444444,4.426029,8,0,6,3,0,8,7,0,4
7,isolated,C_update_on,22,0.000000,2.444444,4.426029,8,0,6,3,0,8,7,0,4
7,isolated,C_update_on,23,0.000000,2.444444,4.426029,8,0,6,3,0,8,7,0,4
7,isolated,C_update_on,24,0.000000,2.444444,4.426029,8,0,6,3,0,8,7,0,4
7,isolated,C_update_on,25,0.000000,2.444444,4.426029,8,0,6,3,0,8,7,0,4
7,isolated,C_update_on,26,0.000000,2.444444,4.426029,8,0,6,3,0,8,7,0,4
7,isolated,C_update_on,27,0.000000,2.444444,4.426029,8,0,6,3,0,8,7,0,4
7,isolated,C_update_on,28,0.000000,2.444444,4.426029,8,0,6,3,0,8,7,0,4
7,isolated,C_update_on,29,0.000000,2.444444,4.426029,8,0,6,3,0,8,7,0,4
7,isolated,C_update_on,30,0.000000,2.444444,4.426029,8,0,6,3,0,8,7,0,4
7,isolated,C_update_on,31,0.000000,2.444444,4.426029,8,0,6,3,0,8,7,0,4
7,isolated,C_update_on,32,0.000000,2.444444,4.426029,8,0,6,3,0,8,7,0,4
7,isolated,C_update_on,33,0.000000,2.444444,4.426029,8,0,6,3,0,8,7,0,4
7,isolated,C_update_on,34,0.000000,2.444444,4.426029,8,0,6,3,0,8,7,0,4
7,isolated,C_update_on,35,0.000000,2.444444,4.426029,8,0,6,3,0,8,7,0,4
7,isolated,C_update_on,36,0.000000,2.444444,4.426029,8,0,6,3,0,8,7,0,4
7,isolated,C_update_on,37,0.000000,2.444444,4.426029,8,0,6,3,0,8,7,0,4
7,isolated,C_update_on,38,0.000000,2.444444,4.426029,8,0,6,3,0,8,7,0,4
7,isolated,C_update_on,39,0.000000,2.444444,4.426029,8,0,6,3,0,8,7,0,4
7,isolated,C_update_on,40,0.000000,2.444444,4.426029,8,0,6,3,0,8,7,0,4
7,isolated,C_update_on,41,0.000000,2.444444,4.426029,8,0,6,3,0,8,7,0,4
7,isolated,C_update_on,42,0.000000,2.444444,4.426029,8,0,6,3,0,8,7,0,4
7,isolated,C_update_on,43,0.000000,2.444444,4.426029,8,0,6,3,0,8,7,0,4
7,isolated,C_update_on,44,0.000000,2.444444,4.426029,8,0,6,3,0,8,7,0,4
7,isolated,C_update_on,45,0.000000,2.444444,4.426029,8,0,6,3,0,8,7,0,4
7,isolated,C_update_on,46,0.000000,2.444444,4.426029,8,0,6,3,0,8,7,0,4
7,isolated,C_update_on,47,0.000000,2.444444,4.426029,8,0,6,3,0,8,7,0,4
7,isolated,C_update_on,48,0.000000,2.444444,4.426029,8,0,6,3,0,8,7,0,4
7,isolated,C_update_on,49,0.000000,2.444444,4.426029,8,0,6,3,0,8,7,0,4
7,isolated,C_update_off,0,0.000000,0.148148,1.138071,6,2,6,5,2,7,5,2,6
7,isolated,C_update_off,1,0.000000,0.962963,2.868517,8,2,6,5,2,8,5,2,6
7,isolated,C_update_off,2,0.000000,0.962963,2.868517,8,2,6,5,2,8,5,2,6
7,isolated,C_update_off,3,0.000000,0.962963,2.868517,8,2,6,5,2,8,5,2,6
7,isolated,C_update_off,4,0.000000,0.962963,2.868517,8,2,6,5,2,8,5,2,6
7,isolated,C_update_off,5,0.000000,0.962963,2.868517,8,2,6,5,2,8,5,2,6
7,isolated,C_update_off,6,0.000000,0.962963,2.868517,8,2,6,5,2,8,5,2,6
7,isolated,C_update_off,7,0.000000,0.962963,2.868517,8,2,6,5,2,8,5,2,6
7,isolated,C_update_off,8,0.222222,1.925926,3.686600,8,2,6,3,3,8,7,2,6
7,isolated,C_update_off,9,0.888889,1.111111,2.862402,8,2,6,5,4,8,7,2,6
7,isolated,C_update_off,10,2.000000,2.740741,4.469860,8,2,6,3,5,8,7,2,5
7,isolated,C_update_off,11,1.555556,2.962963,4.871301,8,2,6,3,5,8,7,3,4
7,isolated,C_update_off,12,1.555556,2.444444,4.507771,8,2,6,3,5,8,6,4,5
7,isolated,C_update_off,13,1.555556,2.222222,4.244833,8,2,6,3,5,8,6,4,6
7,isolated,C_update_off,14,2.000000,2.740741,4.827013,8,2,6,3,5,8,7,5,5
7,isolated,C_update_off,15,1.555556,2.222222,4.244833,8,2,6,3,5,8,6,4,6
7,isolated,C_update_off,16,1.555556,2.370370,4.327686,8,2,6,3,5,8,7,4,6
7,isolated,C_update_off,17,1.555556,2.370370,4.327686,8,2,6,3,5,8,7,4,6
7,isolated,C_update_off,18,1.555556,2.370370,4.327686,8,2,6,3,5,8,7,4,6
7,isolated,C_update_off,19,1.555556,2.370370,4.327686,8,2,6,3,5,8,7,4,6
7,isolated,C_update_off,20,1.555556,2.592593,4.570974,8,2,6,3,5,8,7,4,5
7,isolated,C_update_off,21,2.000000,2.518519,4.599609,8,2,6,3,5,8,7,5,6
7,isolated,C_update_off,22,2.000000,2.518519,4.599609,8,2,6,3,5,8,7,5,6
7,isolated,C_update_off,23,2.000000,2.518519,4.599609,8,2,6,3,5,8,7,5,6
7,isolated,C_update_off,24,2.000000,2.518519,4.599609,8,2,6,3,5,8,7,5,6
7,isolated,C_update_off,25,2.000000,2.518519,4.599609,8,2,6,3,5,8,7,5,6
7,isolated,C_update_off,26,2.000000,2.518519,4.599609,8,2,6,3,5,8,7,5,6
7,isolated,C_update_off,27,2.000000,2.740741,4.827013,8,2,6,3,5,8,7,5,5
7,isolated,C_update_off,28,2.888889,3.407407,5.497184,8,2,6,3,5,8,7,6,4
7,isolated,C_update_off,29,2.000000,2.740741,4.827013,8,2,6,3,5,8,7,5,5
7,isolated,C_update_off,30,2.888889,3.407407,5.497184,8,2,6,3,5,8,7,6,4
7,isolated,C_update_off,31,2.888889,3.407407,5.497184,8,2,6,3,5,8,7,6,4
7,isolated,C_update_off,32,4.666667,4.000000,5.976664,8,1,6,3,5,8,7,6,4
7,isolated,C_update_off,33,4.666667,4.000000,5.976664,8,1,6,3,5,8,7,6,4
7,isolated,C_update_off,34,4.666667,4.000000,5.976664,8,1,6,3,5,8,7,6,4
7,isolated,C_update_off,35,4.666667,4.000000,5.976664,8,1,6,3,5,8,7,6,4
7,isolated,C_update_off,36,4.666667,4.000000,5.976664,8,1,6,3,5,8,7,6,4
7,isolated,C_update_off,37,5.555556,4.296296,6.160850,8,1,6,3,6,8,7,6,4
7,isolated,C_update_off,38,5.555556,4.296296,6.160850,8,1,6,3,6,8,7,6,4
7,isolated,C_update_off,39,5.555556,4.296296,6.160850,8,1,6,3,6,8,7,6,4
7,isolated,C_update_off,40,5.555556,4.296296,6.160850,8,1,6,3,6,8,7,6,4
7,isolated,C_update_off,41,5.555556,4.296296,6.160850,8,1,6,3,6,8,7,6,4
7,isolated,C_update_off,42,5.555556,4.296296,6.160850,8,1,6,3,6,8,7,6,4
7,isolated,C_update_off,43,5.555556,4.296296,6.160850,8,1,6,3,6,8,7,6,4
7,isolated,C_update_off,44,4.666667,4.000000,5.891869,8,1,6,3,6,8,7,5,4
7,isolated,C_update_off,45,4.666667,4.000000,5.891869,8,1,6,3,6,8,7,5,4
7,isolated,C_update_off,46,4.666667,4.000000,5.891869,8,1,6,3,6,8,7,5,4
7,isolated,C_update_off,47,4.666667,4.000000,5.891869,8,1,6,3,6,8,7,5,4
7,isolated,C_update_off,48,4.666667,4.000000,5.891869,8,1,6,3,6,8,7,5,4
7,isolated,C_update_off,49,4.666667,4.000000,5.891869,8,1,6,3,6,8,7,5,4
8,shared,C_update_on,0,0.666667,0.296296,1.550094,5,3,6,5,2,7,5,1,7
8,shared,C_update_on,1,0.222222,0.148148,1.138071,7,1,7,7,0,8,7,0,7
8,shared,C_update_on,2,0.000000,0.074074,0.666667,8,0,6,8,0,7,8,0,6
8,shared,C_update_on,3,0.000000,0.148148,0.942809,8,0,5,7,0,6,7,0,6
8,shared,C_update_on,4,0.000000,0.370370,1.490712,8,0,6,6,0,7,6,0,7
8,shared,C_update_on,5,0.000000,0.148148,0.942809,6,0,7,5,0,8,5,0,8
8,shared,C_update_on,6,0.000000,0.074074,0.666667,7,0,8,6,0,8,6,0,8
8,shared,C_update_on,7,0.000000,0.000000,0.000000,7,0,8,7,0,8,7,0,8
8,shared,C_update_on,8,0.000000,0.000000,0.000000,8,0,8,8,0,8,8,0,8
8,shared,C_update_on,9,0.000000,0.000000,0.000000,8,0,8,8,0,8,8,0,8
8,shared,C_update_on,10,0.000000,0.074074,0.666667,8,0,8,7,0,8,7,0,8
8,shared,C_update_on,11,0.000000,0.370370,1.745356,8,0,8,6,0,8,6,0,7
8,shared,C_update_on,12,0.000000,0.370370,1.745356,7,0,7,5,0,8,5,0,7
8,shared,C_update_on,13,0.000000,0.074074,0.666667,5,0,7,5,0,8,5,0,8
8,shared,C_update_on,14,0.000000,0.074074,0.666667,6,0,8,6,0,8,6,0,7
8,shared,C_update_on,15,0.000000,0.074074,0.666667,6,0,7,6,0,8,6,0,8
8,shared,C_update_on,16,0.000000,0.000000,0.000000,7,0,8,7,0,8,7,0,8
8,shared,C_update_on,17,0.000000,0.000000,0.000000,8,0,8,8,0,8,8,0,8
8,shared,C_update_on,18,0.000000,0.296296,1.333333,8,0,8,6,0,8,6,0,8
8,shared,C_update_on,19,0.000000,0.074074,0.666667,6,0,8,5,0,8,5,0,8
8,shared,C_update_on,20,0.000000,0.296296,1.333333,5,0,8,3,0,8,3,0,8
8,shared,C_update_on,21,0.000000,0.000000,0.000000,4,0,8,4,0,8,4,0,8
8,shared,C_update_on,22,0.000000,0.074074,0.666667,5,0,8,5,0,8,5,0,7
8,shared,C_update_on,23,0.000000,0.074074,0.666667,5,0,6,5,0,6,5,0,5
8,shared,C_update_on,24,0.000000,0.074074,0.666667,7,0,6,7,0,7,7,0,7
8,shared,C_update_on,25,0.000000,0.074074,0.666667,8,0,7,8,0,8,8,0,8
8,shared,C_update_on,26,0.000000,0.000000,0.000000,8,0,8,8,0,8,8,0,8
8,shared,C_update_on,27,0.000000,0.074074,0.666667,8,0,8,7,0,8,7,0,8
8,shared,C_update_on,28,0.000000,0.370370,1.490712,8,0,7,6,0,8,6,0,8
8,shared,C_update_on,29,0.000000,0.296296,1.333333,7,0,8,5,0,8,5,0,8
8,shared,C_update_on,30,0.000000,0.074074,0.666667,5,0,7,5,0,8,5,0,8
8,shared,C_update_on,31,0.000000,0.074074,0.666667,7,0,8,7,0,8,7,0,7
8,shared,C_update_on,32,0.000000,0.148148,0.942809,8,0,7,8,0,7,7,0,6
8,shared,C_update_on,33,0.000000,0.074074,0.666667,8,0,6,8,0,7,8,0,7
8,shared,C_update_on,34,0.000000,0.074074,0.666667,8,0,7,8,0,8,8,0,8
8,shared,C_update_on,35,0.000000,0.074074,0.666667,8,0,8,7,0,8,7,0,8
8,shared,C_update_on,36,0.000000,0.296296,1.333333,8,0,8,6,0,8,6,0,8
8,shared,C_update_on,37,0.000000,0.074074,0.666667,6,0,8,5,0,8,5,0,8
8,shared,C_update_on,38,0.000000,0.074074,0.666667,5,0,8,4,0,8,4,0,8
8,shared,C_update_on,39,0.000000,0.148148,0.942809,5,0,8,5,0,8,6,0,7
8,shared,C_update_on,40,0.000000,0.148148,1.138071,7,0,7,7,0,8,6,0,7
8,shared,C_update_on,41,0.000000,0.148148,1.138071,8,0,7,8,0,8,7,0,8
8,shared,C_update_on,42,0.000000,0.000000,0.000000,8,0,8,8,0,8,8,0,8
8,shared,C_update_on,43,0.000000,0.000000,0.000000,8,0,8,8,0,8,8,0,8
8,shared,C_update_on,44,0.000000,0.000000,0.000000,8,0,8,8,0,8,8,0,8
8,shared,C_update_on,45,0.000000,0.296296,1.333333,8,0,8,6,0,8,6,0,8
8,shared,C_update_on,46,0.000000,0.296296,1.333333,6,0,8,4,0,8,4,0,8
8,shared,C_update_on,47,0.000000,0.074074,0.666667,5,0,8,4,0,8,4,0,8
8,shared,C_update_on,48,0.000000,0.074074,0.666667,6,0,8,6,0,8,7,0,8
8,shared,C_update_on,49,0.000000,0.074074,0.666667,8,0,8,8,0,8,7,0,8
8,shared,C_update_off,0,0.000000,0.074074,0.666667,5,2,6,5,2,7,5,2,7
8,shared,C_update_off,1,0.000000,0.074074,0.666667,5,2,7,5,2,8,5,2,8
8,shared,C_update_off,2,0.000000,0.000000,0.000000,7,2,8,7,2,8,7,2,8
8,shared,C_update_off,3,0.000000,0.000000,0.000000,8,2,8,8,2,8,8,2,8
8,shared,C_update_off,4,0.000000,0.000000,0.000000,8,2,8,8,2,8,8,2,8
8,shared,C_update_off,5,0.000000,0.000000,0.000000,8,2,8,8,2,8,8,2,8
8,shared,C_update_off,6,0.222222,0.148148,0.942809,8,2,8,7,3,8,7,3,8
8,shared,C_update_off,7,0.222222,0.148148,0.942809,8,3,8,7,4,8,7,4,8
8,shared,C_update_off,8,0.222222,0.222222,1.382088,8,4,8,7,5,8,7,5,7
8,shared,C_update_off,9,0.222222,0.148148,0.942809,7,5,7,7,5,7,7,6,6
8,shared,C_update_off,10,0.222222,0.592593,2.216761,7,6,6,5,6,7,5,7,8
8,shared,C_update_off,11,0.222222,0.222222,1.382088,6,7,8,5,7,8,5,6,7
8,shared,C_update_off,12,0.000000,0.148148,0.942809,6,6,7,5,6,8,5,6,8
8,shared,C_update_off,13,0.000000,0.000000,0.000000,5,6,8,5,6,8,5,6,8
8,shared,C_update_off,14,0.000000,0.074074,0.666667,6,6,8,6,6,8,6,6,7
8,shared,C_update_off,15,0.222222,0.148148,1.138071,6,6,7,6,6,8,6,5,8
8,shared,C_update_off,16,0.000000,0.074074,0.666667,7,4,8,7,4,8,7,4,7
8,shared,C_update_off,17,0.222222,0.222222,1.382088,8,3,6,7,3,6,7,2,5
8,shared,C_update_off,18,0.222222,0.148148,0.942809,8,1,5,8,1,5,8,2,6
8,shared,C_update_off,19,0.222222,0.370370,1.794111,8,2,6,6,2,7,7,3,6
8,shared,C_update_off,20,0.222222,0.814815,2.569925,7,3,6,5,3,7,4,4,8
8,shared,C_update_off,21,0.222222,0.370370,1.490712,5,4,8,5,4,8,7,3,8
8,shared,C_update_off,22,0.222222,0.148148,0.942809,8,2,8,8,2,8,7,1,8
8,shared,C_update_off,23,0.666667,0.370370,1.727180,7,0,8,7,1,8,8,2,7
8,shared,C_update_off,24,0.222222,0.222222,1.382088,8,2,7,7,1,8,7,2,8
8,shared,C_update_off,25,0.666667,0.370370,1.727180,8,2,8,8,3,8,7,4,7
8,shared,C_update_off,26,0.222222,0.222222,1.382088,7,4,7,8,5,8,8,5,7
8,shared,C_update_off,27,0.666667,0.518519,2.139203,8,5,7,6,4,8,7,3,7
8,shared,C_update_off,28,0.222222,0.444444,1.632993,8,2,7,6,3,8,6,3,8
8,shared,C_update_off,29,0.222222,0.148148,0.942809,7,2,8,6,3,8,6,3,8
8,shared,C_update_off,30,0.222222,0.222222,1.154701,6,4,7,7,3,8,7,3,8
8,shared,C_update_off,31,0.222222,0.148148,0.942809,8,3,8,7,4,8,7,4,8
8,shared,C_update_off,32,0.222222,0.370370,1.490712,8,4,8,6,3,8,6,3,8
8,shared,C_update_off,33,0.222222,0.148148,0.942809,8,3,8,7,4,8,7,4,8
8,shared,C_update_off,34,0.222222,0.148148,0.942809,8,4,8,7,5,8,7,5,8
8,shared,C_update_off,35,0.222222,0.074074,0.666667,8,4,8,8,3,8,8,3,8
8,shared,C_update_off,36,0.222222,0.148148,1.138071,8,3,7,8,3,8,8,4,7
8,shared,C_update_off,37,0.666667,0.296296,1.550094,8,4,7,8,5,7,7,6,7
8,shared,C_update_off,38,0.222222,0.370370,1.794111,7,6,7,5,6,8,6,5,7
8,shared,C_update_off,39,0.222222,0.222222,1.154701,7,5,7,6,6,8,6,6,8
8,shared,C_update_off,40,0.000000,0.296296,1.333333,7,5,8,5,5,8,5,5,8
8,shared,C_update_off,41,0.000000,0.074074,0.666667,7,4,8,7,4,8,7,4,7
8,shared,C_update_off,42,0.222222,0.148148,0.942809,8,4,7,8,4,7,8,3,6
8,shared,C_update_off,43,0.222222,0.148148,0.942809,8,2,5,8,2,5,8,3,6
8,shared,C_update_off,44,0.222222,0.148148,1.138071,8,3,6,8,4,6,7,3,6
8,shared,C_update_off,45,0.222222,0.222222,1.382088,8,3,6,7,2,7,7,3,6
8,shared,C_update_off,46,0.222222,0.592593,2.230710,7,3,6,5,4,7,5,3,8
8,shared,C_update_off,47,0.222222,0.370370,1.794111,6,3,8,4,2,8,5,3,7
8,shared,C_update_off,48,0.222222,0.222222,1.382088,7,3,7,7,3,8,6,2,7
8,shared,C_update_off,49,0.222222,0.222222,1.382088,7,1,7,7,1,8,8,2,8
8,isolated,C_update_on,0,0.888889,0.370370,1.745356,5,3,6,5,1,7,5,1,6
8,isolated,C_update_on,1,0.888889,1.111111,3.101907,7,2,6,5,0,8,5,2,5
8,isolated,C_update_on,2,0.222222,1.259259,3.361485,8,1,6,5,1,8,5,2,5
8,isolated,C_update_on,3,0.222222,1.259259,3.352761,8,2,6,5,1,8,5,1,5
8,isolated,C_update_on,4,0.666667,1.703704,3.844076,8,2,6,4,0,8,5,1,5
8,isolated,C_update_on,5,0.222222,1.555556,3.701795,8,1,6,4,1,8,5,0,5
8,isolated,C_update_on,6,0.666667,2.000000,4.160518,8,2,6,4,0,8,6,1,4
8,isolated,C_update_on,7,0.222222,1.481481,3.616064,8,1,6,5,1,8,6,0,4
8,isolated,C_update_on,8,0.888889,2.370370,4.398017,8,2,6,3,0,8,7,0,5
8,isolated,C_update_on,9,0.222222,2.148148,4.069759,8,1,6,3,0,8,7,0,5
8,isolated,C_update_on,10,0.222222,2.148148,4.069759,8,1,6,3,0,8,7,0,5
8,isolated,C_update_on,11,0.000000,2.074074,3.933126,8,0,6,3,0,8,7,0,5
8,isolated,C_update_on,12,0.000000,2.074074,3.933126,8,0,6,3,0,8,7,0,5
8,isolated,C_update_on,13,0.000000,2.074074,3.933126,8,0,6,3,0,8,7,0,5
8,isolated,C_update_on,14,0.000000,2.074074,3.933126,8,0,6,3,0,8,7,0,5
8,isolated,C_update_on,15,0.000000,2.074074,3.933126,8,0,6,3,0,8,7,0,5
8,isolated,C_update_on,16,0.000000,2.074074,3.933126,8,0,6,3,0,8,7,0,5
8,isolated,C_update_on,17,0.000000,2.074074,3.933126,8,0,6,3,0,8,7,0,5
8,isolated,C_update_on,18,0.000000,2.074074,3.933126,8,0,6,3,0,8,7,0,5
8,isolated,C_update_on,19,0.000000,2.074074,3.933126,8,0,6,3,0,8,7,0,5
8,isolated,C_update_on,20,0.000000,2.074074,3.933126,8,0,6,3,0,8,7,0,5
8,isolated,C_update_on,21,0.000000,2.074074,3.933126,8,0,6,3,0,8,7,0,5
8,isolated,C_update_on,22,0.000000,2.074074,3.933126,8,0,6,3,0,8,7,0,5
8,isolated,C_update_on,23,0.000000,2.074074,3.933126,8,0,6,3,0,8,7,0,5
8,isolated,C_update_on,24,0.000000,2.074074,3.933126,8,0,6,3,0,8,7,0,5
8,isolated,C_update_on,25,0.000000,2.074074,3.933126,8,0,6,3,0,8,7,0,5
8,isolated,C_update_on,26,0.000000,2.074074,3.933126,8,0,6,3,0,8,7,0,5
8,isolated,C_update_on,27,0.000000,2.074074,3.933126,8,0,6,3,0,8,7,0,5
8,isolated,C_update_on,28,0.000000,2.074074,3.933126,8,0,6,3,0,8,7,0,5
8,isolated,C_update_on,29,0.000000,2.074074,3.933126,8,0,6,3,0,8,7,0,5
8,isolated,C_update_on,30,0.000000,2.074074,3.933126,8,0,6,3,0,8,7,0,5
8,isolated,C_update_on,31,0.000000,2.074074,3.933126,8,0,6,3,0,8,7,0,5
8,isolated,C_update_on,32,0.000000,2.074074,3.933126,8,0,6,3,0,8,7,0,5
8,isolated,C_update_on,33,0.000000,2.074074,3.933126,8,0,6,3,0,8,7,0,5
8,isolated,C_update_on,34,0.000000,2.074074,3.933126,8,0,6,3,0,8,7,0,5
8,isolated,C_update_on,35,0.000000,2.444444,4.426029,8,0,6,3,0,8,7,0,4
8,isolated,C_update_on,36,0.000000,2.444444,4.426029,8,0,6,3,0,8,7,0,4
8,isolated,C_update_on,37,0.000000,2.444444,4.426029,8,0,6,3,0,8,7,0,4
8,isolated,C_update_on,38,0.000000,2.444444,4.426029,8,0,6,3,0,8,7,0,4
8,isolated,C_update_on,39,0.000000,2.444444,4.426029,8,0,6,3,0,8,7,0,4
8,isolated,C_update_on,40,0.000000,2.444444,4.426029,8,0,6,3,0,8,7,0,4
8,isolated,C_update_on,41,0.000000,2.444444,4.426029,8,0,6,3,0,8,7,0,4
8,isolated,C_update_on,42,0.000000,2.444444,4.426029,8,0,6,3,0,8,7,0,4
8,isolated,C_update_on,43,0.000000,2.444444,4.426029,8,0,6,3,0,8,7,0,4
8,isolated,C_update_on,44,0.000000,2.444444,4.426029,8,0,6,3,0,8,7,0,4
8,isolated,C_update_on,45,0.000000,2.444444,4.426029,8,0,6,3,0,8,7,0,4
8,isolated,C_update_on,46,0.000000,2.444444,4.426029,8,0,6,3,0,8,7,0,4
8,isolated,C_update_on,47,0.000000,2.444444,4.426029,8,0,6,3,0,8,7,0,4
8,isolated,C_update_on,48,0.000000,2.444444,4.426029,8,0,6,3,0,8,7,0,4
8,isolated,C_update_on,49,0.000000,2.444444,4.426029,8,0,6,3,0,8,7,0,4
8,isolated,C_update_off,0,0.000000,0.074074,0.666667,5,2,6,5,2,7,5,2,6
8,isolated,C_update_off,1,0.000000,0.296296,1.333333,5,2,6,5,2,8,5,2,6
8,isolated,C_update_off,2,0.000000,0.592593,2.276142,7,2,6,5,2,8,5,2,6
8,isolated,C_update_off,3,0.000000,0.962963,2.868517,8,2,6,5,2,8,5,2,6
8,isolated,C_update_off,4,0.000000,0.962963,2.868517,8,2,6,5,2,8,5,2,6
8,isolated,C_update_off,5,0.000000,0.962963,2.868517,8,2,6,5,2,8,5,2,6
8,isolated,C_update_off,6,0.000000,0.962963,2.868517,8,2,6,5,2,8,5,2,6
8,isolated,C_update_off,7,0.000000,0.962963,2.868517,8,2,6,5,2,8,5,2,6
8,isolated,C_update_off,8,0.222222,1.925926,3.686600,8,2,6,3,3,8,7,2,6
8,isolated,C_update_off,9,0.888889,1.111111,2.862402,8,2,6,5,4,8,7,2,6
8,isolated,C_update_off,10,2.000000,2.740741,4.469860,8,2,6,3,5,8,7,2,5
8,isolated,C_update_off,11,1.555556,2.962963,4.871301,8,2,6,3,5,8,7,3,4
8,isolated,C_update_off,12,1.555556,2.444444,4.507771,8,2,6,3,5,8,6,4,5
8,isolated,C_update_off,13,1.555556,2.370370,4.327686,8,2,6,3,5,8,7,4,6
8,isolated,C_update_off,14,1.555556,2.592593,4.570974,8,2,6,3,5,8,7,4,5
8,isolated,C_update_off,15,2.000000,2.740741,4.827013,8,2,6,3,5,8,7,5,5
8,isolated,C_update_off,16,1.555556,2.370370,4.327686,8,2,6,3,5,8,7,4,6
8,isolated,C_update_off,17,1.555556,2.370370,4.327686,8,2,6,3,5,8,7,4,6
8,isolated,C_update_off,18,1.555556,2.370370,4.327686,8,2,6,3,5,8,7,4,6
8,isolated,C_update_off,19,1.555556,2.370370,4.327686,8,2,6,3,5,8,7,4,6
8,isolated,C_update_off,20,1.555556,2.592593,4.570974,8,2,6,3,5,8,7,4,5
8,isolated,C_update_off,21,2.000000,3.111111,5.187642,8,2,6,3,5,8,7,5,4
8,isolated,C_update_off,22,2.000000,3.111111,5.187642,8,2,6,3,5,8,7,5,4
8,isolated,C_update_off,23,2.000000,3.111111,5.187642,8,2,6,3,5,8,7,5,4
8,isolated,C_update_off,24,2.000000,3.111111,5.187642,8,2,6,3,5,8,7,5,4
8,isolated,C_update_off,25,2.000000,3.111111,5.187642,8,2,6,3,5,8,7,5,4
8,isolated,C_update_off,26,2.000000,3.111111,5.187642,8,2,6,3,5,8,7,5,4
8,isolated,C_update_off,27,2.000000,3.111111,5.187642,8,2,6,3,5,8,7,5,4
8,isolated,C_update_off,28,2.000000,3.111111,5.187642,8,2,6,3,5,8,7,5,4
8,isolated,C_update_off,29,2.000000,3.111111,5.187642,8,2,6,3,5,8,7,5,4
8,isolated,C_update_off,30,2.000000,3.111111,5.187642,8,2,6,3,5,8,7,5,4
8,isolated,C_update_off,31,2.000000,3.111111,5.187642,8,2,6,3,5,8,7,5,4
8,isolated,C_update_off,32,3.555556,3.629630,5.649211,8,1,6,3,5,8,7,5,4
8,isolated,C_update_off,33,3.555556,3.629630,5.649211,8,1,6,3,5,8,7,5,4
8,isolated,C_update_off,34,3.555556,3.629630,5.649211,8,1,6,3,5,8,7,5,4
8,isolated,C_update_off,35,3.555556,3.629630,5.649211,8,1,6,3,5,8,7,5,4
8,isolated,C_update_off,36,3.555556,3.629630,5.649211,8,1,6,3,5,8,7,5,4
8,isolated,C_update_off,37,3.555556,3.629630,5.649211,8,1,6,3,5,8,7,5,4
8,isolated,C_update_off,38,3.555556,3.629630,5.649211,8,1,6,3,5,8,7,5,4
8,isolated,C_update_off,39,4.666667,4.000000,5.891869,8,1,6,3,6,8,7,5,4
8,isolated,C_update_off,40,4.666667,4.000000,5.891869,8,1,6,3,6,8,7,5,4
8,isolated,C_update_off,41,4.666667,4.000000,5.891869,8,1,6,3,6,8,7,5,4
8,isolated,C_update_off,42,4.666667,4.000000,5.891869,8,1,6,3,6,8,7,5,4
8,isolated,C_update_off,43,4.666667,4.000000,5.891869,8,1,6,3,6,8,7,5,4
8,isolated,C_update_off,44,4.666667,4.000000,5.891869,8,1,6,3,6,8,7,5,4
8,isolated,C_update_off,45,4.666667,4.000000,5.891869,8,1,6,3,6,8,7,5,4
8,isolated,C_update_off,46,4.666667,4.000000,5.891869,8,1,6,3,6,8,7,5,4
8,isolated,C_update_off,47,4.666667,4.000000,5.891869,8,1,6,3,6,8,7,5,4
8,isolated,C_update_off,48,4.666667,4.000000,5.891869,8,1,6,3,6,8,7,5,4
8,isolated,C_update_off,49,4.666667,4.000000,5.891869,8,1,6,3,6,8,7,5,4
9,shared,C_update_on,0,0.666667,0.296296,1.550094,6,3,6,6,2,7,6,1,7
9,shared,C_update_on,1,0.222222,0.148148,1.138071,8,1,7,8,0,7,8,0,6
9,shared,C_update_on,2,0.000000,0.074074,0.666667,8,0,6,8,0,7,8,0,6
9,shared,C_update_on,3,0.000000,0.370370,1.490712,8,0,5,6,0,6,6,0,6
9,shared,C_update_on,4,0.000000,0.370370,1.490712,7,0,6,5,0,7,5,0,7
9,shared,C_update_on,5,0.000000,0.148148,0.942809,6,0,7,5,0,8,5,0,8
9,shared,C_update_on,6,0.000000,0.000000,0.000000,7,0,8,7,0,8,7,0,8
9,shared,C_update_on,7,0.000000,0.000000,0.000000,8,0,8,8,0,8,8,0,8
9,shared,C_update_on,8,0.000000,0.074074,0.666667,8,0,8,8,0,8,8,0,7
9,shared,C_update_on,9,0.000000,0.074074,0.666667,8,0,6,8,0,6,8,0,7
9,shared,C_update_on,10,0.000000,0.000000,0.000000,8,0,7,8,0,7,8,0,7
9,shared,C_update_on,11,0.000000,0.370370,1.745356,8,0,7,6,0,8,6,0,7
9,shared,C_update_on,12,0.000000,0.370370,1.490712,7,0,7,5,0,8,5,0,8
9,shared,C_update_on,13,0.000000,0.074074,0.666667,6,0,8,5,0,8,5,0,8
9,shared,C_update_on,14,0.000000,0.000000,0.000000,6,0,8,6,0,8,6,0,8
9,shared,C_update_on,15,0.000000,0.074074,0.666667,7,0,8,7,0,8,7,0,7
9,shared,C_update_on,16,0.000000,0.074074,0.666667,7,0,7,7,0,8,7,0,8
9,shared,C_update_on,17,0.000000,0.074074,0.666667,8,0,8,8,0,8,8,0,7
9,shared,C_update_on,18,0.000000,0.370370,1.490712,8,0,7,6,0,8,6,0,8
9,shared,C_update_on,19,0.000000,0.296296,1.333333,6,0,8,4,0,8,4,0,8
9,shared,C_update_on,20,0.000000,0.074074,0.666667,6,0,8,5,0,8,5,0,8
9,shared,C_update_on,21,0.000000,0.074074,0.666667,7,0,8,7,0,8,7,0,7
9,shared,C_update_on,22,0.000000,0.074074,0.666667,8,0,7,8,0,8,8,0,8
9,shared,C_update_on,23,0.000000,0.074074,0.666667,8,0,8,8,0,8,8,0,7
9,shared,C_update_on,24,0.000000,0.074074,0.666667,8,0,7,8,0,8,8,0,8
9,shared,C_update_on,25,0.000000,0.074074,0.666667,8,0,8,7,0,8,7,0,8
9,shared,C_update_on,26,0.000000,0.296296,1.333333,8,0,8,6,0,8,6,0,8
9,shared,C_update_on,27,0.000000,0.074074,0.666667,7,0,8,6,0,8,6,0,8
9,shared,C_update_on,28,0.000000,0.074074,0.666667,8,0,8,7,0,8,7,0,8
9,shared,C_update_on,29,0.000000,0.074074,0.666667,7,0,8,7,0,8,7,0,7
9,shared,C_update_on,30,0.000000,0.000000,0.000000,8,0,7,8,0,7,8,0,7
9,shared,C_update_on,31,0.000000,0.000000,0.000000,8,0,7,8,0,7,8,0,7
9,shared,C_update_on,32,0.000000,0.148148,0.942809,8,0,6,7,0,7,7,0,7
9,shared,C_update_on,33,0.000000,0.370370,1.490712,8,0,7,6,0,8,6,0,8
9,shared,C_update_on,34,0.000000,0.148148,1.138071,7,0,7,6,0,8,6,0,7
9,shared,C_update_on,35,0.000000,0.148148,1.138071,7,0,7,6,0,7,6,0,8
9,shared,C_update_on,36,0.000000,0.000000,0.000000,7,0,8,7,0,8,7,0,8
9,shared,C_update_on,37,0.000000,0.074074,0.666667,8,0,8,8,0,8,8,0,7
9,shared,C_update_on,38,0.000000,0.074074,0.666667,8,0,7,8,0,7,8,0,6
9,shared,C_update_on,39,0.000000,0.296296,1.333333,8,0,6,6,0,6,6,0,6
9,shared,C_update_on,40,0.000000,0.370370,1.490712,7,0,6,5,0,7,5,0,7
9,shared,C_update_on,41,0.000000,0.000000,0.000000,6,0,7,6,0,7,6,0,7
9,shared,C_update_on,42,0.000000,0.074074,0.666667,6,0,7,5,0,7,5,0,7
9,shared,C_update_on,43,0.000000,0.074074,0.666667,6,0,7,6,0,8,6,0,8
9,shared,C_update_on,44,0.000000,0.000000,0.000000,8,0,8,8,0,8,8,0,8
9,shared,C_update_on,45,0.000000,0.000000,0.000000,8,0,8,8,0,8,8,0,8
9,shared,C_update_on,46,0.000000,0.000000,0.000000,8,0,8,8,0,8,8,0,8
9,shared,C_update_on,47,0.000000,0.000000,0.000000,8,0,8,8,0,8,8,0,8
9,shared,C_update_on,48,0.000000,0.296296,1.333333,8,0,8,6,0,8,6,0,8
9,shared,C_update_on,49,0.000000,0.370370,1.745356,8,0,8,6,0,8,6,0,7
9,shared,C_update_off,0,0.000000,0.074074,0.666667,6,2,6,6,2,7,6,2,7
9,shared,C_update_off,1,0.000000,0.000000,0.000000,7,2,7,7,2,7,7,2,7
9,shared,C_update_off,2,0.000000,0.000000,0.000000,7,2,7,7,2,7,7,2,7
9,shared,C_update_off,3,0.000000,0.074074,0.666667,7,2,7,7,2,8,7,2,8
9,shared,C_update_off,4,0.000000,0.000000,0.000000,8,2,8,8,2,8,8,2,8
9,shared,C_update_off,5,0.222222,0.370370,1.490712,8,2,8,6,3,8,6,3,8
9,shared,C_update_off,6,0.222222,0.148148,0.942809,8,3,8,7,4,8,7,4,8
9,shared,C_update_off,7,0.222222,0.074074,0.666667,8,4,8,8,5,8,8,5,8
9,shared,C_update_off,8,0.000000,0.296296,1.333333,8,5,8,6,5,8,6,5,8
9,shared,C_update_off,9,0.222222,0.370370,1.490712,7,5,8,5,6,8,5,6,8
9,shared,C_update_off,10,0.222222,0.148148,1.138071,6,6,8,6,5,8,6,6,7
9,shared,C_update_off,11,0.222222,0.148148,0.942809,6,6,7,6,6,7,6,7,8
9,shared,C_update_off,12,0.222222,0.148148,0.942809,7,7,8,7,7,8,7,6,7
9,shared,C_update_off,13,0.222222,0.148148,1.138071,8,6,7,8,6,8,8,5,8
9,shared,C_update_off,14,0.222222,0.148148,1.138071,8,5,8,7,4,8,7,5,8
9,shared,C_update_off,15,0.222222,0.370370,1.745356,8,5,8,6,6,8,6,5,8
9,shared,C_update_off,16,0.222222,0.370370,1.490712,6,4,8,4,3,8,4,3,8
9,shared,C_update_off,17,0.222222,0.148148,1.138071,6,2,7,6,2,8,6,3,7
9,shared,C_update_off,18,0.222222,0.148148,0.942809,8,2,7,8,3,8,8,3,8
9,shared,C_update_off,19,0.222222,0.074074,0.666667,8,3,8,8,3,8,8,4,8
9,shared,C_update_off,20,0.222222,0.222222,1.154701,8,4,8,8,4,8,7,3,7
9,shared,C_update_off,21,0.666667,0.296296,1.550094,8,3,7,8,4,7,8,5,6
9,shared,C_update_off,22,0.222222,0.370370,1.759306,8,4,6,6,3,7,7,3,6
9,shared,C_update_off,23,0.222222,0.444444,1.632993,7,2,6,5,3,7,5,3,7
9,shared,C_update_off,24,0.222222,0.222222,1.154701,6,2,7,5,3,8,5,3,8
9,shared,C_update_off,25,0.222222,0.148148,0.942809,5,3,8,6,2,8,6,2,8
9,shared,C_update_off,26,0.222222,0.370370,1.490712,8,2,8,6,3,8,6,3,8
9,shared,C_update_off,27,0.222222,0.074074,0.666667,7,3,8,7,4,8,7,4,8
9,shared,C_update_off,28,0.222222,0.370370,1.490712,8,4,8,6,5,8,6,5,8
9,shared,C_update_off,29,0.222222,0.370370,1.490712,6,5,8,8,6,8,8,6,8
9,shared,C_update_off,30,0.222222,0.444444,1.954568,8,6,7,6,5,8,6,6,7
9,shared,C_update_off,31,0.222222,0.444444,1.962117,7,6,7,5,6,8,5,5,7
9,shared,C_update_off,32,0.222222,0.222222,1.382088,5,5,7,4,5,8,5,6,7
9,shared,C_update_off,33,0.222222,0.074074,0.666667,7,6,7,7,7,7,7,7,7
9,shared,C_update_off,34,0.222222,0.074074,0.666667,8,6,6,8,5,6,8,5,6
9,shared,C_update_off,35,0.222222,0.148148,0.942809,8,4,6,8,5,7,8,5,7
9,shared,C_update_off,36,0.000000,0.074074,0.666667,8,4,8,8,4,8,7,4,8
9,shared,C_update_off,37,0.222222,0.148148,1.138071,8,3,8,8,2,8,8,2,7
9,shared,C_update_off,38,0.222222,0.444444,1.954568,8,1,6,6,2,7,6,1,6
9,shared,C_update_off,39,0.666667,0.666667,2.393847,7,1,6,5,2,7,6,3,8
9,shared,C_update_off,40,0.666667,0.370370,1.794111,7,3,8,8,4,8,7,5,7
9,shared,C_update_off,41,0.000000,0.444444,1.962117,8,5,6,6,5,7,7,5,8
9,shared,C_update_off,42,0.222222,0.074074,0.666667,7,4,8,7,4,8,7,3,8
9,shared,C_update_off,43,0.222222,0.222222,1.154701,8,2,8,8,2,8,7,3,7
9,shared,C_update_off,44,0.222222,0.444444,1.895186,8,4,8,6,5,8,6,5,7
9,shared,C_update_off,45,0.222222,0.148148,0.942809,7,5,7,7,6,8,7,6,8
9,shared,C_update_off,46,0.000000,0.296296,1.333333,8,6,8,6,6,8,6,6,8
9,shared,C_update_off,47,0.222222,0.222222,1.382088,7,5,7,6,6,8,7,5,8
9,shared,C_update_off,48,0.222222,0.222222,1.382088,8,5,8,8,4,8,7,5,7
9,shared,C_update_off,49,0.222222,0.370370,1.794111,8,5,7,6,5,8,7,4,7
9,isolated,C_update_on,0,0.888889,0.444444,1.895186,6,3,6,5,1,7,5,1,6
9,isolated,C_update_on,1,0.888889,1.185185,3.244121,8,2,6,5,0,7,5,2,5
9,isolated,C_update_on,2,0.000000,1.185185,3.255943,8,1,6,5,1,8,5,1,5
9,isolated,C_update_on,3,0.666667,1.407407,3.534003,8,2,6,5,0,8,5,1,5
9,isolated,C_update_on,4,0.222222,1.555556,3.687159,8,1,6,4,0,8,5,0,5
9,isolated,C_update_on,5,0.222222,1.555556,3.687159,8,1,6,4,0,8,5,0,5
9,isolated,C_update_on,6,0.000000,1.851852,3.902735,8,0,6,4,0,8,7,0,4
9,isolated,C_update_on,7,0.000000,2.444444,4.426029,8,0,6,3,0,8,7,0,4
9,isolated,C_update_on,8,0.000000,2.444444,4.426029,8,0,6,3,0,8,7,0,4
9,isolated,C_update_on,9,0.000000,2.444444,4.426029,8,0,6,3,0,8,7,0,4
9,isolated,C_update_on,10,0.000000,2.444444,4.426029,8,0,6,3,0,8,7,0,4
9,isolated,C_update_on,11,0.000000,2.444444,4.426029,8,0,6,3,0,8,7,0,4
9,isolated,C_update_on,12,0.000000,2.444444,4.426029,8,0,6,3,0,8,7,0,4
9,isolated,C_update_on,13,0.000000,2.444444,4.426029,8,0,6,3,0,8,7,0,4
9,isolated,C_update_on,14,0.000000,2.444444,4.426029,8,0,6,3,0,8,7,0,4
9,isolated,C_update_on,15,0.000000,2.444444,4.426029,8,0,6,3,0,8,7,0,4
9,isolated,C_update_on,16,0.000000,2.444444,4.426029,8,0,6,3,0,8,7,0,4
9,isolated,C_update_on,17,0.000000,2.444444,4.426029,8,0,6,3,0,8,7,0,4
9,isolated,C_update_on,18,0.000000,2.444444,4.426029,8,0,6,3,0,8,7,0,4
9,isolated,C_update_on,19,0.000000,2.444444,4.426029,8,0,6,3,0,8,7,0,4
9,isolated,C_update_on,20,0.000000,2.444444,4.426029,8,0,6,3,0,8,7,0,4
9,isolated,C_update_on,21,0.000000,2.444444,4.426029,8,0,6,3,0,8,7,0,4
9,isolated,C_update_on,22,0.000000,2.444444,4.426029,8,0,6,3,0,8,7,0,4
9,isolated,C_update_on,23,0.000000,2.444444,4.426029,8,0,6,3,0,8,7,0,4
9,isolated,C_update_on,24,0.000000,2.444444,4.426029,8,0,6,3,0,8,7,0,4
9,isolated,C_update_on,25,0.000000,2.444444,4.426029,8,0,6,3,0,8,7,0,4
9,isolated,C_update_on,26,0.000000,2.444444,4.426029,8,0,6,3,0,8,7,0,4
9,isolated,C_update_on,27,0.000000,2.444444,4.426029,8,0,6,3,0,8,7,0,4
9,isolated,C_update_on,28,0.000000,2.444444,4.426029,8,0,6,3,0,8,7,0,4
9,isolated,C_update_on,29,0.000000,2.444444,4.426029,8,0,6,3,0,8,7,0,4
9,isolated,C_update_on,30,0.000000,2.444444,4.426029,8,0,6,3,0,8,7,0,4
9,isolated,C_update_on,31,0.000000,2.444444,4.426029,8,0,6,3,0,8,7,0,4
9,isolated,C_update_on,32,0.000000,2.444444,4.426029,8,0,6,3,0,8,7,0,4
9,isolated,C_update_on,33,0.000000,2.444444,4.426029,8,0,6,3,0,8,7,0,4
9,isolated,C_update_on,34,0.000000,2.444444,4.426029,8,0,6,3,0,8,7,0,4
9,isolated,C_update_on,35,0.000000,2.444444,4.426029,8,0,6,3,0,8,7,0,4
9,isolated,C_update_on,36,0.000000,2.444444,4.426029,8,0,6,3,0,8,7,0,4
9,isolated,C_update_on,37,0.000000,2.444444,4.426029,8,0,6,3,0,8,7,0,4
9,isolated,C_update_on,38,0.000000,2.444444,4.426029,8,0,6,3,0,8,7,0,4
9,isolated,C_update_on,39,0.000000,2.444444,4.426029,8,0,6,3,0,8,7,0,4
9,isolated,C_update_on,40,0.000000,2.444444,4.426029,8,0,6,3,0,8,7,0,4
9,isolated,C_update_on,41,0.000000,2.444444,4.426029,8,0,6,3,0,8,7,0,4
9,isolated,C_update_on,42,0.000000,2.444444,4.426029,8,0,6,3,0,8,7,0,4
9,isolated,C_update_on,43,0.000000,2.444444,4.426029,8,0,6,3,0,8,7,0,4
9,isolated,C_update_on,44,0.000000,2.444444,4.426029,8,0,6,3,0,8,7,0,4
9,isolated,C_update_on,45,0.000000,2.444444,4.426029,8,0,6,3,0,8,7,0,4
9,isolated,C_update_on,46,0.000000,2.444444,4.426029,8,0,6,3,0,8,7,0,4
9,isolated,C_update_on,47,0.000000,2.444444,4.426029,8,0,6,3,0,8,7,0,4
9,isolated,C_update_on,48,0.000000,2.444444,4.426029,8,0,6,3,0,8,7,0,4
9,isolated,C_update_on,49,0.000000,2.444444,4.426029,8,0,6,3,0,8,7,0,4
9,isolated,C_update_off,0,0.000000,0.148148,1.138071,6,2,6,5,2,7,5,2,6
9,isolated,C_update_off,1,0.000000,0.370370,1.745356,7,2,6,5,2,7,5,2,6
9,isolated,C_update_off,2,0.000000,0.370370,1.745356,7,2,6,5,2,7,5,2,6
9,isolated,C_update_off,3,0.000000,0.592593,2.276142,7,2,6,5,2,8,5,2,6
9,isolated,C_update_off,4,0.000000,0.962963,2.868517,8,2,6,5,2,8,5,2,6
9,isolated,C_update_off,5,0.000000,0.962963,2.868517,8,2,6,5,2,8,5,2,6
9,isolated,C_update_off,6,0.000000,0.962963,2.868517,8,2,6,5,2,8,5,2,6
9,isolated,C_update_off,7,0.000000,0.962963,2.868517,8,2,6,5,2,8,5,2,6
9,isolated,C_update_off,8,0.222222,1.925926,3.686600,8,2,6,3,3,8,7,2,6
9,isolated,C_update_off,9,0.888889,1.111111,2.862402,8,2,6,5,4,8,7,2,6
9,isolated,C_update_off,10,2.000000,2.740741,4.469860,8,2,6,3,5,8,7,2,5
9,isolated,C_update_off,11,1.555556,2.962963,4.871301,8,2,6,3,5,8,7,3,4
9,isolated,C_update_off,12,1.555556,2.444444,4.507771,8,2,6,3,5,8,6,4,5
9,isolated,C_update_off,13,1.555556,2.370370,4.327686,8,2,6,3,5,8,7,4,6
9,isolated,C_update_off,14,1.555556,2.592593,4.570974,8,2,6,3,5,8,7,4,5
9,isolated,C_update_off,15,2.000000,2.740741,4.827013,8,2,6,3,5,8,7,5,5
9,isolated,C_update_off,16,1.555556,2.370370,4.327686,8,2,6,3,5,8,7,4,6
9,isolated,C_update_off,17,1.555556,2.370370,4.327686,8,2,6,3,5,8,7,4,6
9,isolated,C_update_off,18,1.555556,2.370370,4.327686,8,2,6,3,5,8,7,4,6
9,isolated,C_update_off,19,1.555556,2.370370,4.327686,8,2,6,3,5,8,7,4,6
9,isolated,C_update_off,20,1.555556,2.592593,4.570974,8,2,6,3,5,8,7,4,5
9,isolated,C_update_off,21,2.000000,3.111111,5.187642,8,2,6,3,5,8,7,5,4
9,isolated,C_update_off,22,2.000000,3.111111,5.187642,8,2,6,3,5,8,7,5,4
9,isolated,C_update_off,23,2.000000,3.111111,5.187642,8,2,6,3,5,8,7,5,4
9,isolated,C_update_off,24,2.000000,3.111111,5.187642,8,2,6,3,5,8,7,5,4
9,isolated,C_update_off,25,2.000000,3.111111,5.187642,8,2,6,3,5,8,7,5,4
9,isolated,C_update_off,26,2.000000,3.111111,5.187642,8,2,6,3,5,8,7,5,4
9,isolated,C_update_off,27,2.000000,3.111111,5.187642,8,2,6,3,5,8,7,5,4
9,isolated,C_update_off,28,2.000000,3.111111,5.187642,8,2,6,3,5,8,7,5,4
9,isolated,C_update_off,29,2.000000,3.111111,5.187642,8,2,6,3,5,8,7,5,4
9,isolated,C_update_off,30,2.000000,3.111111,5.187642,8,2,6,3,5,8,7,5,4
9,isolated,C_update_off,31,2.000000,3.111111,5.187642,8,2,6,3,5,8,7,5,4
9,isolated,C_update_off,32,3.555556,3.629630,5.649211,8,1,6,3,5,8,7,5,4
9,isolated,C_update_off,33,3.555556,3.629630,5.649211,8,1,6,3,5,8,7,5,4
9,isolated,C_update_off,34,3.555556,3.629630,5.649211,8,1,6,3,5,8,7,5,4
9,isolated,C_update_off,35,3.555556,3.629630,5.649211,8,1,6,3,5,8,7,5,4
9,isolated,C_update_off,36,3.555556,3.629630,5.649211,8,1,6,3,5,8,7,5,4
9,isolated,C_update_off,37,4.666667,4.000000,5.891869,8,1,6,3,6,8,7,5,4
9,isolated,C_update_off,38,4.666667,4.000000,5.891869,8,1,6,3,6,8,7,5,4
9,isolated,C_update_off,39,4.666667,4.000000,5.891869,8,1,6,3,6,8,7,5,4
9,isolated,C_update_off,40,4.666667,4.000000,5.891869,8,1,6,3,6,8,7,5,4
9,isolated,C_update_off,41,4.666667,4.000000,5.891869,8,1,6,3,6,8,7,5,4
9,isolated,C_update_off,42,4.666667,4.000000,5.891869,8,1,6,3,6,8,7,5,4
9,isolated,C_update_off,43,4.666667,4.000000,5.891869,8,1,6,3,6,8,7,5,4
9,isolated,C_update_off,44,4.666667,4.000000,5.891869,8,1,6,3,6,8,7,5,4
9,isolated,C_update_off,45,4.666667,4.000000,5.891869,8,1,6,3,6,8,7,5,4
9,isolated,C_update_off,46,4.666667,4.000000,5.891869,8,1,6,3,6,8,7,5,4
9,isolated,C_update_off,47,4.666667,4.000000,5.891869,8,1,6,3,6,8,7,5,4
9,isolated,C_update_off,48,4.666667,4.000000,5.891869,8,1,6,3,6,8,7,5,4
9,isolated,C_update_off,49,4.666667,4.000000,5.891869,8,1,6,3,6,8,7,5,4
10,shared,C_update_on,0,0.666667,0.222222,1.333333,6,3,6,6,2,6,6,1,6
10,shared,C_update_on,1,0.222222,0.148148,1.138071,8,1,6,8,0,6,8,0,5
10,shared,C_update_on,2,0.000000,0.074074,0.666667,8,0,5,8,0,6,8,0,6
10,shared,C_update_on,3,0.000000,0.148148,0.942809,8,0,7,7,0,8,7,0,8
10,shared,C_update_on,4,0.000000,0.370370,1.745356,8,0,8,6,0,8,6,0,7
10,shared,C_update_on,5,0.000000,0.148148,1.138071,6,0,6,5,0,7,5,0,6
10,shared,C_update_on,6,0.000000,0.148148,0.942809,6,0,7,5,0,8,5,0,8
10,shared,C_update_on,7,0.000000,0.000000,0.000000,7,0,8,7,0,8,7,0,8
10,shared,C_update_on,8,0.000000,0.000000,0.000000,8,0,8,8,0,8,8,0,8
10,shared,C_update_on,9,0.000000,0.000000,0.000000,8,0,8,8,0,8,8,0,8
10,shared,C_update_on,10,0.000000,0.000000,0.000000,8,0,8,8,0,8,8,0,8
10,shared,C_update_on,11,0.000000,0.296296,1.333333,8,0,7,6,0,7,6,0,7
10,shared,C_update_on,12,0.000000,0.370370,1.490712,6,0,7,4,0,8,4,0,8
10,shared,C_update_on,13,0.000000,0.148148,1.138071,4,0,7,3,0,8,3,0,7
10,shared,C_update_on,14,0.000000,0.074074,0.666667,3,0,7,3,0,8,3,0,7
10,shared,C_update_on,15,0.000000,0.148148,1.138071,4,0,7,4,0,8,5,0,8
10,shared,C_update_on,16,0.000000,0.148148,0.942809,7,0,8,7,0,8,8,0,7
10,shared,C_update_on,17,0.000000,0.148148,0.942809,8,0,7,8,0,7,7,0,6
10,shared,C_update_on,18,0.000000,0.148148,1.138071,8,0,6,8,0,7,7,0,6
10,shared,C_update_on,19,0.000000,0.074074,0.666667,8,0,6,8,0,7,8,0,7
10,shared,C_update_on,20,0.000000,0.074074,0.666667,8,0,7,8,0,8,8,0,8
10,shared,C_update_on,21,0.000000,0.296296,1.333333,8,0,8,6,0,8,6,0,8
10,shared,C_update_on,22,0.000000,0.296296,1.333333,7,0,8,5,0,8,5,0,8
10,shared,C_update_on,23,0.000000,0.000000,0.000000,6,0,8,6,0,8,6,0,8
10,shared,C_update_on,24,0.000000,0.148148,0.942809,8,0,8,8,0,8,7,0,7
10,shared,C_update_on,25,0.000000,0.074074,0.666667,8,0,7,8,0,8,8,0,7
10,shared,C_update_on,26,0.000000,0.148148,1.138071,8,0,7,8,0,8,7,0,7
10,shared,C_update_on,27,0.000000,0.148148,0.942809,8,0,7,7,0,8,7,0,8
10,shared,C_update_on,28,0.000000,0.222222,1.333333,8,0,8,6,0,8,7,0,8
10,shared,C_update_on,29,0.000000,0.074074,0.666667,7,0,8,6,0,8,6,0,8
10,shared,C_update_on,30,0.000000,0.074074,0.666667,8,0,8,7,0,8,7,0,8
10,shared,C_update_on,31,0.000000,0.000000,0.000000,8,0,8,8,0,8,8,0,8
10,shared,C_update_on,32,0.000000,0.074074,0.666667,8,0,8,8,0,8,8,0,7
10,shared,C_update_on,33,0.000000,0.074074,0.666667,8,0,7,8,0,7,8,0,6
10,shared,C_update_on,34,0.000000,0.074074,0.666667,8,0,6,8,0,7,8,0,7
10,shared,C_update_on,35,0.000000,0.074074,0.666667,8,0,7,8,0,8,8,0,8
10,shared,C_update_on,36,0.000000,0.000000,0.000000,8,0,8,8,0,8,8,0,8
10,shared,C_update_on,37,0.000000,0.370370,1.745356,8,0,8,6,0,8,6,0,7
10,shared,C_update_on,38,0.000000,0.370370,1.490712,7,0,7,5,0,8,5,0,8
10,shared,C_update_on,39,0.000000,0.074074,0.666667,6,0,8,5,0,8,5,0,8
10,shared,C_update_on,40,0.000000,0.074074,0.666667,7,0,8,7,0,8,7,0,7
10,shared,C_update_on,41,0.000000,0.074074,0.666667,8,0,7,8,0,8,8,0,7
10,shared,C_update_on,42,0.000000,0.074074,0.666667,8,0,7,8,0,7,8,0,8
10,shared,C_update_on,43,0.000000,0.074074,0.666667,8,0,8,8,0,8,7,0,8
10,shared,C_update_on,44,0.000000,0.148148,0.942809,8,0,7,7,0,8,8,0,7
10,shared,C_update_on,45,0.000000,0.148148,1.138071,8,0,7,7,0,8,7,0,7
10,shared,C_update_on,46,0.000000,0.370370,1.745356,8,0,6,6,0,7,6,0,6
10,shared,C_update_on,47,0.000000,0.370370,1.490712,7,0,6,5,0,7,5,0,7
10,shared,C_update_on,48,0.000000,0.074074,0.666667,5,0,7,5,0,8,5,0,8
10,shared,C_update_on,49,0.000000,0.000000,0.000000,6,0,8,6,0,8,6,0,8
10,shared,C_update_off,0,0.000000,0.000000,0.000000,6,2,6,6,2,6,6,2,6
10,shared,C_update_off,1,0.000000,0.000000,0.000000,7,2,6,7,2,6,7,2,6
10,shared,C_update_off,2,0.000000,0.000000,0.000000,8,2,6,8,2,6,8,2,6
10,shared,C_update_off,3,0.000000,0.000000,0.000000,8,2,6,8,2,6,8,2,6
10,shared,C_update_off,4,0.000000,0.000000,0.000000,8,2,6,8,2,6,8,2,6
10,shared,C_update_off,5,0.222222,0.444444,1.632993,8,2,6,6,3,7,6,3,7
10,shared,C_update_off,6,0.222222,0.444444,1.632993,7,3,7,5,4,8,5,4,8
10,shared,C_update_off,7,0.222222,0.148148,0.942809,7,4,8,8,5,8,8,5,8
10,shared,C_update_off,8,0.222222,0.370370,1.490712,8,5,8,6,6,8,6,6,8
10,shared,C_update_off,9,0.222222,0.370370,1.490712,7,6,8,5,5,8,5,5,8
10,shared,C_update_off,10,0.222222,0.074074,0.666667,6,5,8,6,6,8,6,6,8
10,shared,C_update_off,11,0.000000,0.000000,0.000000,8,6,8,8,6,8,8,6,8
10,shared,C_update_off,12,0.000000,0.000000,0.000000,8,6,8,8,6,8,8,6,8
10,shared,C_update_off,13,0.000000,0.000000,0.000000,8,6,8,8,6,8,8,6,8
10,shared,C_update_off,14,0.222222,0.444444,1.954568,8,6,8,6,6,8,6,5,7
10,shared,C_update_off,15,0.222222,0.444444,1.895186,7,4,7,5,5,8,5,4,8
10,shared,C_update_off,16,0.000000,0.148148,1.138071,7,3,7,6,3,8,6,3,7
10,shared,C_update_off,17,0.222222,0.148148,0.942809,8,4,7,8,4,7,8,5,8
10,shared,C_update_off,18,0.222222,0.148148,0.942809,8,4,8,8,4,8,8,3,7
10,shared,C_update_off,19,0.000000,0.074074,0.666667,8,2,8,8,2,8,8,2,7
10,shared,C_update_off,20,0.666667,0.296296,1.609476,8,1,7,8,2,8,8,3,7
10,shared,C_update_off,21,0.222222,0.666667,2.322302,8,3,7,6,3,8,5,2,8
10,shared,C_update_off,22,0.222222,0.296296,1.550094,6,1,8,4,0,8,5,1,8
10,shared,C_update_off,23,0.666667,0.370370,1.727180,6,1,7,5,2,8,5,3,8
10,shared,C_update_off,24,0.666667,0.370370,1.759306,7,2,8,8,3,8,8,4,7
10,shared,C_update_off,25,0.222222,0.148148,1.138071,8,3,6,8,4,7,8,4,6
10,shared,C_update_off,26,0.222222,0.222222,1.414214,8,5,7,8,6,8,7,5,8
10,shared,C_update_off,27,0.222222,0.222222,1.382088,8,5,8,7,4,8,8,5,7
10,shared,C_update_off,28,0.666667,0.814815,2.595697,8,5,7,6,6,8,5,7,7
10,shared,C_update_off,29,0.222222,0.222222,1.382088,5,7,7,4,7,8,5,6,7
10,shared,C_update_off,30,0.222222,0.148148,1.138071,7,6,7,7,6,8,7,5,8
10,shared,C_update_off,31,0.000000,0.074074,0.666667,8,5,8,8,5,8,8,5,7
10,shared,C_update_off,32,0.222222,0.222222,1.382088,8,4,7,8,4,8,7,5,8
10,shared,C_update_off,33,0.000000,0.074074,0.666667,8,4,7,8,4,7,8,4,6
10,shared,C_update_off,34,0.666667,0.222222,1.333333,8,3,7,8,4,7,8,5,7
10,shared,C_update_off,35,0.222222,0.444444,1.895186,8,4,7,6,3,8,6,3,7
10,shared,C_update_off,36,0.222222,0.370370,1.759306,6,2,6,4,3,7,5,3,6
10,shared,C_update_off,37,0.222222,0.148148,1.138071,7,2,6,7,3,7,7,3,6
10,shared,C_update_off,38,0.222222,0.222222,1.154701,8,3,6,8,3,6,7,4,7
10,shared,C_update_off,39,0.666667,0.296296,1.550094,8,4,7,8,5,8,8,6,8
10,shared,C_update_off,40,0.666667,0.370370,1.759306,8,6,8,7,5,8,7,4,7
10,shared,C_update_off,41,0.222222,0.444444,1.632993,8,4,7,6,5,8,6,5,8
10,shared,C_update_off,42,0.666667,0.518519,2.139203,6,5,8,4,4,8,5,3,7
10,shared,C_update_off,43,0.666667,0.370370,1.794111,6,3,7,6,4,8,5,5,7
10,shared,C_update_off,44,0.000000,0.148148,1.138071,6,5,7,6,5,8,7,5,8
10,shared,C_update_off,45,0.222222,0.148148,0.942809,8,4,7,8,5,8,8,5,8
10,shared,C_update_off,46,0.000000,0.074074,0.666667,8,5,8,8,5,8,8,5,7
10,shared,C_update_off,47,0.222222,0.666667,2.376799,8,5,7,6,4,7,5,5,6
10,shared,C_update_off,48,0.222222,0.518519,2.139203,5,5,6,3,6,7,4,5,8
10,shared,C_update_off,49,0.222222,0.074074,0.666667,5,5,8,5,5,8,5,6,8
10,isolated,C_update_on,0,0.888889,0.370370,1.490712,6,3,6,5,1,6,5,1,6
10,isolated,C_update_on,1,0.888889,1.037037,3.001299,8,2,6,5,0,6,5,2,5
10,isolated,C_update_on,2,0.000000,0.888889,2.774852,8,1,6,5,1,7,5,1,5
10,isolated,C_update_on,3,0.666667,1.407407,3.534003,8,2,6,5,0,8,5,1,5
10,isolated,C_update_on,4,0.222222,2.000000,4.133134,8,1,6,3,0,8,5,0,5
10,isolated,C_update_on,5,0.222222,2.000000,4.133134,8,1,6,3,0,8,5,0,5
10,isolated,C_update_on,6,0.000000,2.444444,4.426029,8,0,6,3,0,8,7,0,4
10,isolated,C_update_on,7,0.000000,2.444444,4.426029,8,0,6,3,0,8,7,0,4
10,isolated,C_update_on,8,0.000000,2.444444,4.426029,8,0,6,3,0,8,7,0,4
10,isolated,C_update_on,9,0.000000,2.444444,4.426029,8,0,6,3,0,8,7,0,4
10,isolated,C_update_on,10,0.000000,2.444444,4.426029,8,0,6,3,0,8,7,0,4
10,isolated,C_update_on,11,0.000000,2.444444,4.426029,8,0,6,3,0,8,7,0,4
10,isolated,C_update_on,12,0.000000,2.444444,4.426029,8,0,6,3,0,8,7,0,4
10,isolated,C_update_on,13,0.000000,2.444444,4.426029,8,0,6,3,0,8,7,0,4
10,isolated,C_update_on,14,0.000000,2.444444,4.426029,8,0,6,3,0,8,7,0,4
10,isolated,C_update_on,15,0.000000,2.444444,4.426029,8,0,6,3,0,8,7,0,4
10,isolated,C_update_on,16,0.000000,2.444444,4.426029,8,0,6,3,0,8,7,0,4
10,isolated,C_update_on,17,0.000000,2.444444,4.426029,8,0,6,3,0,8,7,0,4
10,isolated,C_update_on,18,0.000000,2.444444,4.426029,8,0,6,3,0,8,7,0,4
10,isolated,C_update_on,19,0.000000,2.444444,4.426029,8,0,6,3,0,8,7,0,4
10,isolated,C_update_on,20,0.000000,2.444444,4.426029,8,0,6,3,0,8,7,0,4
10,isolated,C_update_on,21,0.000000,2.444444,4.426029,8,0,6,3,0,8,7,0,4
10,isolated,C_update_on,22,0.000000,2.444444,4.426029,8,0,6,3,0,8,7,0,4
10,isolated,C_update_on,23,0.000000,2.444444,4.426029,8,0,6,3,0,8,7,0,4
10,isolated,C_update_on,24,0.000000,2.444444,4.426029,8,0,6,3,0,8,7,0,4
10,isolated,C_update_on,25,0.000000,2.444444,4.426029,8,0,6,3,0,8,7,0,4
10,isolated,C_update_on,26,0.000000,2.444444,4.426029,8,0,6,3,0,8,7,0,4
10,isolated,C_update_on,27,0.000000,2.444444,4.426029,8,0,6,3,0,8,7,0,4
10,isolated,C_update_on,28,0.000000,2.444444,4.426029,8,0,6,3,0,8,7,0,4
10,isolated,C_update_on,29,0.000000,2.444444,4.426029,8,0,6,3,0,8,7,0,4
10,isolated,C_update_on,30,0.000000,2.444444,4.426029,8,0,6,3,0,8,7,0,4
10,isolated,C_update_on,31,0.000000,2.444444,4.426029,8,0,6,3,0,8,7,0,4
10,isolated,C_update_on,32,0.000000,2.444444,4.426029,8,0,6,3,0,8,7,0,4
10,isolated,C_update_on,33,0.000000,2.444444,4.426029,8,0,6,3,0,8,7,0,4
10,isolated,C_update_on,34,0.000000,2.444444,4.426029,8,0,6,3,0,8,7,0,4
10,isolated,C_update_on,35,0.000000,2.444444,4.426029,8,0,6,3,0,8,7,0,4
10,isolated,C_update_on,36,0.000000,2.444444,4.426029,8,0,6,3,0,8,7,0,4
10,isolated,C_update_on,37,0.000000,2.444444,4.426029,8,0,6,3,0,8,7,0,4
10,isolated,C_update_on,38,0.000000,2.444444,4.426029,8,0,6,3,0,8,7,0,4
10,isolated,C_update_on,39,0.000000,2.444444,4.426029,8,0,6,3,0,8,7,0,4
10,isolated,C_update_on,40,0.000000,2.444444,4.426029,8,0,6,3,0,8,7,0,4
10,isolated,C_update_on,41,0.000000,2.444444,4.426029,8,0,6,3,0,8,7,0,4
10,isolated,C_update_on,42,0.000000,2.444444,4.426029,8,0,6,3,0,8,7,0,4
10,isolated,C_update_on,43,0.000000,2.444444,4.426029,8,0,6,3,0,8,7,0,4
10,isolated,C_update_on,44,0.000000,2.444444,4.426029,8,0,6,3,0,8,7,0,4
10,isolated,C_update_on,45,0.000000,2.444444,4.426029,8,0,6,3,0,8,7,0,4
10,isolated,C_update_on,46,0.000000,2.444444,4.426029,8,0,6,3,0,8,7,0,4
10,isolated,C_update_on,47,0.000000,2.444444,4.426029,8,0,6,3,0,8,7,0,4
10,isolated,C_update_on,48,0.000000,2.444444,4.426029,8,0,6,3,0,8,7,0,4
10,isolated,C_update_on,49,0.000000,2.444444,4.426029,8,0,6,3,0,8,7,0,4
10,isolated,C_update_off,0,0.000000,0.074074,0.666667,6,2,6,5,2,6,5,2,6
10,isolated,C_update_off,1,0.000000,0.296296,1.333333,7,2,6,5,2,6,5,2,6
10,isolated,C_update_off,2,0.000000,0.666667,2.000000,8,2,6,5,2,6,5,2,6
10,isolated,C_update_off,3,0.000000,0.666667,2.000000,8,2,6,5,2,6,5,2,6
10,isolated,C_update_off,4,0.000000,0.666667,2.000000,8,2,6,5,2,6,5,2,6
10,isolated,C_update_off,5,0.000000,0.740741,2.387426,8,2,6,5,2,7,5,2,6
10,isolated,C_update_off,6,0.000000,0.962963,2.868517,8,2,6,5,2,8,5,2,6
10,isolated,C_update_off,7,0.000000,0.962963,2.868517,8,2,6,5,2,8,5,2,6
10,isolated,C_update_off,8,0.222222,1.925926,3.686600,8,2,6,3,3,8,7,2,6
10,isolated,C_update_off,9,0.888889,1.111111,2.862402,8,2,6,5,4,8,7,2,6
10,isolated,C_update_off,10,2.000000,2.740741,4.469860,8,2,6,3,5,8,7,2,5
10,isolated,C_update_off,11,1.555556,2.962963,4.871301,8,2,6,3,5,8,7,3,4
10,isolated,C_update_off,12,1.555556,2.444444,4.507771,8,2,6,3,5,8,6,4,5
10,isolated,C_update_off,13,1.555556,2.222222,4.244833,8,2,6,3,5,8,6,4,6
10,isolated,C_update_off,14,2.000000,2.740741,4.827013,8,2,6,3,5,8,7,5,5
10,isolated,C_update_off,15,1.555556,2.222222,4.244833,8,2,6,3,5,8,6,4,6
10,isolated,C_update_off,16,1.555556,2.370370,4.327686,8,2,6,3,5,8,7,4,6
10,isolated,C_update_off,17,1.555556,2.370370,4.327686,8,2,6,3,5,8,7,4,6
10,isolated,C_update_off,18,1.555556,2.370370,4.327686,8,2,6,3,5,8,7,4,6
10,isolated,C_update_off,19,1.555556,2.370370,4.327686,8,2,6,3,5,8,7,4,6
10,isolated,C_update_off,20,1.555556,2.592593,4.570974,8,2,6,3,5,8,7,4,5
10,isolated,C_update_off,21,2.000000,2.518519,4.599609,8,2,6,3,5,8,7,5,6
10,isolated,C_update_off,22,2.000000,2.518519,4.599609,8,2,6,3,5,8,7,5,6
10,isolated,C_update_off,23,2.000000,2.518519,4.599609,8,2,6,3,5,8,7,5,6
10,isolated,C_update_off,24,2.000000,2.518519,4.599609,8,2,6,3,5,8,7,5,6
10,isolated,C_update_off,25,2.000000,2.518519,4.599609,8,2,6,3,5,8,7,5,6
10,isolated,C_update_off,26,2.000000,2.518519,4.599609,8,2,6,3,5,8,7,5,6
10,isolated,C_update_off,27,2.000000,2.740741,4.827013,8,2,6,3,5,8,7,5,5
10,isolated,C_update_off,28,2.888889,3.407407,5.497184,8,2,6,3,5,8,7,6,4
10,isolated,C_update_off,29,2.000000,2.740741,4.827013,8,2,6,3,5,8,7,5,5
10,isolated,C_update_off,30,2.888889,3.407407,5.497184,8,2,6,3,5,8,7,6,4
10,isolated,C_update_off,31,2.888889,3.407407,5.497184,8,2,6,3,5,8,7,6,4
10,isolated,C_update_off,32,4.666667,4.000000,5.976664,8,1,6,3,5,8,7,6,4
10,isolated,C_update_off,33,4.666667,4.000000,5.976664,8,1,6,3,5,8,7,6,4
10,isolated,C_update_off,34,4.666667,4.000000,5.976664,8,1,6,3,5,8,7,6,4
10,isolated,C_update_off,35,4.666667,4.000000,5.976664,8,1,6,3,5,8,7,6,4
10,isolated,C_update_off,36,4.666667,4.000000,5.976664,8,1,6,3,5,8,7,6,4
10,isolated,C_update_off,37,5.555556,4.296296,6.160850,8,1,6,3,6,8,7,6,4
10,isolated,C_update_off,38,5.555556,4.296296,6.160850,8,1,6,3,6,8,7,6,4
10,isolated,C_update_off,39,5.555556,4.296296,6.160850,8,1,6,3,6,8,7,6,4
10,isolated,C_update_off,40,5.555556,4.296296,6.160850,8,1,6,3,6,8,7,6,4
10,isolated,C_update_off,41,5.555556,4.296296,6.160850,8,1,6,3,6,8,7,6,4
10,isolated,C_update_off,42,5.555556,4.296296,6.160850,8,1,6,3,6,8,7,6,4
10,isolated,C_update_off,43,5.555556,4.296296,6.160850,8,1,6,3,6,8,7,6,4
10,isolated,C_update_off,44,4.666667,4.000000,5.891869,8,1,6,3,6,8,7,5,4
10,isolated,C_update_off,45,4.666667,4.000000,5.891869,8,1,6,3,6,8,7,5,4
10,isolated,C_update_off,46,4.666667,4.000000,5.891869,8,1,6,3,6,8,7,5,4
10,isolated,C_update_off,47,4.666667,4.000000,5.891869,8,1,6,3,6,8,7,5,4
10,isolated,C_update_off,48,4.666667,4.000000,5.891869,8,1,6,3,6,8,7,5,4
10,isolated,C_update_off,49,4.666667,4.000000,5.891869,8,1,6,3,6,8,7,5,4
11,shared,C_update_on,0,0.666667,0.296296,1.550094,7,3,6,7,2,7,7,1,7
11,shared,C_update_on,1,0.222222,0.148148,1.138071,8,1,7,8,0,8,8,0,7
11,shared,C_update_on,2,0.000000,0.148148,1.138071,8,0,7,7,0,8,7,0,7
11,shared,C_update_on,3,0.000000,0.370370,1.490712,8,0,6,6,0,7,6,0,7
11,shared,C_update_on,4,0.000000,0.148148,0.942809,6,0,7,5,0,8,5,0,8
11,shared,C_update_on,5,0.000000,0.074074,0.666667,5,0,8,4,0,8,4,0,8
11,shared,C_update_on,6,0.000000,0.000000,0.000000,5,0,8,5,0,8,5,0,8
11,shared,C_update_on,7,0.000000,0.000000,0.000000,7,0,7,7,0,7,7,0,7
11,shared,C_update_on,8,0.000000,0.074074,0.666667,8,0,7,8,0,8,8,0,8
11,shared,C_update_on,9,0.000000,0.000000,0.000000,8,0,8,8,0,8,8,0,8
11,shared,C_update_on,10,0.000000,0.074074,0.666667,8,0,8,8,0,8,8,0,7
11,shared,C_update_on,11,0.000000,0.074074,0.666667,8,0,7,8,0,8,8,0,7
11,shared,C_update_on,12,0.000000,0.370370,1.490712,8,0,7,6,0,8,6,0,8
11,shared,C_update_on,13,0.000000,0.296296,1.333333,7,0,8,5,0,8,5,0,8
11,shared,C_update_on,14,0.000000,0.074074,0.666667,6,0,8,5,0,8,5,0,8
11,shared,C_update_on,15,0.000000,0.000000,0.000000,6,0,8,6,0,8,6,0,8
11,shared,C_update_on,16,0.000000,0.000000,0.000000,7,0,8,7,0,8,7,0,8
11,shared,C_update_on,17,0.000000,0.000000,0.000000,7,0,8,7,0,8,7,0,8
11,shared,C_update_on,18,0.000000,0.074074,0.666667,8,0,8,8,0,8,8,0,7
11,shared,C_update_on,19,0.000000,0.074074,0.666667,8,0,7,8,0,7,8,0,6
11,shared,C_update_on,20,0.000000,0.370370,1.745356,8,0,6,6,0,7,6,0,6
11,shared,C_update_on,21,0.000000,0.370370,1.490712,6,0,6,4,0,7,4,0,7
11,shared,C_update_on,22,0.000000,0.148148,0.942809,5,0,7,4,0,8,4,0,8
11,shared,C_update_on,23,0.000000,0.000000,0.000000,5,0,8,5,0,8,5,0,8
11,shared,C_update_on,24,0.000000,0.000000,0.000000,7,0,8,7,0,8,7,0,8
11,shared,C_update_on,25,0.000000,0.000000,0.000000,8,0,8,8,0,8,8,0,8
11,shared,C_update_on,26,0.000000,0.000000,0.000000,8,0,8,8,0,8,8,0,8
11,shared,C_update_on,27,0.000000,0.000000,0.000000,8,0,8,8,0,8,8,0,8
11,shared,C_update_on,28,0.000000,0.074074,0.666667,8,0,8,7,0,8,7,0,8
11,shared,C_update_on,29,0.000000,0.370370,1.745356,8,0,8,6,0,8,6,0,7
11,shared,C_update_on,30,0.000000,0.148148,1.138071,6,0,6,5,0,7,5,0,6
11,shared,C_update_on,31,0.000000,0.148148,0.942809,7,0,7,6,0,8,6,0,8
11,shared,C_update_on,32,0.000000,0.000000,0.000000,7,0,8,7,0,8,7,0,8
11,shared,C_update_on,33,0.000000,0.074074,0.666667,7,0,7,7,0,8,7,0,8
11,shared,C_update_on,34,0.000000,0.074074,0.666667,8,0,7,8,0,8,8,0,8
11,shared,C_update_on,35,0.000000,0.074074,0.666667,8,0,8,7,0,8,7,0,8
11,shared,C_update_on,36,0.000000,0.296296,1.333333,8,0,8,6,0,8,6,0,8
11,shared,C_update_on,37,0.000000,0.370370,1.745356,7,0,8,5,0,8,5,0,7
11,shared,C_update_on,38,0.000000,0.074074,0.666667,6,0,7,6,0,7,6,0,6
11,shared,C_update_on,39,0.000000,0.074074,0.666667,8,0,6,8,0,7,8,0,7
11,shared,C_update_on,40,0.000000,0.074074,0.666667,8,0,7,8,0,8,8,0,8
11,shared,C_update_on,41,0.000000,0.000000,0.000000,8,0,8,8,0,8,8,0,8
11,shared,C_update_on,42,0.000000,0.000000,0.000000,8,0,8,8,0,8,8,0,8
11,shared,C_update_on,43,0.000000,0.296296,1.333333,8,0,8,6,0,8,6,0,8
11,shared,C_update_on,44,0.000000,0.296296,1.333333,7,0,8,5,0,8,5,0,8
11,shared,C_update_on,45,0.000000,0.148148,1.138071,7,0,8,6,0,8,6,0,7
11,shared,C_update_on,46,0.000000,0.074074,0.666667,7,0,7,7,0,7,7,0,6
11,shared,C_update_on,47,0.000000,0.000000,0.000000,8,0,6,8,0,6,8,0,6
11,shared,C_update_on,48,0.000000,0.074074,0.666667,8,0,6,8,0,7,8,0,7
11,shared,C_update_on,49,0.000000,0.074074,0.666667,8,0,7,8,0,8,8,0,8
11,shared,C_update_off,0,0.000000,0.074074,0.666667,7,2,6,7,2,7,7,2,7
11,shared,C_update_off,1,0.000000,0.074074,0.666667,7,2,7,7,2,8,7,2,8
11,shared,C_update_off,2,0.000000,0.000000,0.000000,8,2,8,8,2,8,8,2,8
11,shared,C_update_off,3,0.000000,0.000000,0.000000,8,2,8,8,2,8,8,2,8
11,shared,C_update_off,4,0.000000,0.074074,0.666667,8,2,8,7,2,8,7,2,8
11,shared,C_update_off,5,0.222222,0.148148,0.942809,7,2,8,6,3,8,6,3,8
11,shared,C_update_off,6,0.222222,0.370370,1.490712,7,3,8,5,4,8,5,4,8
11,shared,C_update_off,7,0.222222,0.074074,0.666667,7,4,8,7,5,8,7,5,8
11,shared,C_update_off,8,0.000000,0.000000,0.000000,8,5,8,8,5,8,8,5,8
11,shared,C_update_off,9,0.222222,0.148148,0.942809,8,5,8,8,5,8,8,6,7
11,shared,C_update_off,10,0.222222,0.444444,1.954568,8,6,7,6,6,7,6,7,6
11,shared,C_update_off,11,0.666667,0.592593,2.149830,7,7,6,5,6,7,5,5,7
11,shared,C_update_off,12,0.222222,0.222222,1.154701,5,5,7,4,6,8,4,6,8
11,shared,C_update_off,13,0.000000,0.000000,0.000000,5,6,8,5,6,8,5,6,8
11,shared,C_update_off,14,0.000000,0.000000,0.000000,6,6,8,6,6,8,6,6,8
11,shared,C_update_off,15,0.000000,0.074074,0.666667,7,6,8,7,6,8,7,6,7
11,shared,C_update_off,16,0.222222,0.148148,1.138071,8,5,7,8,5,8,8,4,7
11,shared,C_update_off,17,0.000000,0.074074,0.666667,8,3,6,8,3,7,8,3,6
11,shared,C_update_off,18,0.222222,0.296296,1.550094,8,2,6,8,2,7,8,3,8
11,shared,C_update_off,19,0.666667,0.740741,2.418611,8,3,8,6,4,8,5,5,8
11,shared,C_update_off,20,0.222222,0.444444,1.962117,6,4,8,4,5,8,6,5,7
11,shared,C_update_off,21,0.666667,0.370370,1.794111,6,4,7,5,3,8,5,2,7
11,shared,C_update_off,22,0.000000,0.074074,0.666667,6,1,7,6,1,8,6,1,8
11,shared,C_update_off,23,0.000000,0.000000,0.000000,7,1,8,7,1,8,7,1,8
11,shared,C_update_off,24,0.666667,0.222222,1.333333,8,1,8,8,2,8,8,3,8
11,shared,C_update_off,25,0.666667,0.518519,2.021498,8,3,8,6,4,8,6,5,8
11,shared,C_update_off,26,0.222222,0.296296,1.550094,8,5,8,6,6,8,7,6,8
11,shared,C_update_off,27,0.222222,0.222222,1.414214,7,6,8,8,5,8,8,6,7
11,shared,C_update_off,28,0.222222,0.222222,1.382088,8,6,7,8,6,8,7,5,7
11,shared,C_update_off,29,0.222222,0.222222,1.382088,8,5,7,7,5,7,7,4,8
11,shared,C_update_off,30,0.222222,0.370370,1.759306,7,4,7,5,3,8,6,3,7
11,shared,C_update_off,31,0.222222,0.222222,1.154701,8,3,7,7,4,8,7,4,8
11,shared,C_update_off,32,0.222222,0.222222,1.154701,8,4,7,7,5,8,7,5,8
11,shared,C_update_off,33,0.222222,0.148148,0.942809,7,4,8,8,5,8,8,5,8
11,shared,C_update_off,34,0.222222,0.222222,1.382088,8,5,8,7,5,8,7,6,7
11,shared,C_update_off,35,0.222222,0.444444,1.954568,8,6,7,6,7,8,6,6,7
11,shared,C_update_off,36,0.222222,0.444444,1.632993,8,6,7,6,5,8,6,5,8
11,shared,C_update_off,37,0.222222,0.222222,1.382088,7,4,8,8,5,8,8,5,7
11,shared,C_update_off,38,0.666667,0.444444,1.885618,8,4,8,7,5,8,6,6,8
11,shared,C_update_off,39,0.222222,0.222222,1.382088,8,5,8,7,5,8,7,4,7
11,shared,C_update_off,40,0.666667,0.518519,2.139203,8,3,6,6,2,7,7,1,6
11,shared,C_update_off,41,0.222222,0.518519,2.048755,7,0,6,6,0,7,5,1,8
11,shared,C_update_off,42,0.666667,0.296296,1.550094,6,2,8,6,3,8,7,4,8
11,shared,C_update_off,43,0.666667,0.296296,1.609476,8,3,7,8,4,8,8,5,7
11,shared,C_update_off,44,0.222222,0.666667,2.322302,8,5,7,6,5,8,5,4,8
11,shared,C_update_off,45,0.666667,0.518519,2.139203,7,4,8,5,5,8,6,6,7
11,shared,C_update_off,46,0.222222,0.148148,0.942809,7,6,7,7,7,8,7,7,8
11,shared,C_update_off,47,0.222222,0.074074,0.666667,8,7,8,8,6,8,8,6,8
11,shared,C_update_off,48,0.000000,0.370370,1.745356,8,6,8,6,6,8,6,6,7
11,shared,C_update_off,49,0.000000,0.370370,1.490712,8,6,7,6,6,8,6,6,8
11,isolated,C_update_on,0,0.888889,0.666667,2.276142,7,3,6,5,1,7,5,1,6
11,isolated,C_update_on,1,0.888889,1.481481,3.630312,8,2,6,5,0,8,5,2,5
11,isolated,C_update_on,2,0.222222,1.259259,3.361485,8,1,6,5,1,8,5,2,5
11,isolated,C_update_on,3,0.222222,1.259259,3.352761,8,2,6,5,1,8,5,1,5
11,isolated,C_update_on,4,0.666667,1.703704,3.844076,8,2,6,4,0,8,5,1,5
11,isolated,C_update_on,5,0.222222,1.555556,3.701795,8,1,6,4,1,8,5,0,5
11,isolated,C_update_on,6,0.666667,2.000000,4.160518,8,2,6,4,0,8,6,1,4
11,isolated,C_update_on,7,0.222222,1.481481,3.616064,8,1,6,5,1,8,6,0,4
11,isolated,C_update_on,8,0.888889,2.370370,4.398017,8,2,6,3,0,8,7,0,5
11,isolated,C_update_on,9,0.222222,2.148148,4.069759,8,1,6,3,0,8,7,0,5
11,isolated,C_update_on,10,0.222222,2.148148,4.069759,8,1,6,3,0,8,7,0,5
11,isolated,C_update_on,11,0.222222,2.148148,4.069759,8,1,6,3,0,8,7,0,5
11,isolated,C_update_on,12,0.000000,2.074074,3.933126,8,0,6,3,0,8,7,0,5
11,isolated,C_update_on,13,0.000000,2.074074,3.933126,8,0,6,3,0,8,7,0,5
11,isolated,C_update_on,14,0.000000,2.074074,3.933126,8,0,6,3,0,8,7,0,5
11,isolated,C_update_on,15,0.000000,2.074074,3.933126,8,0,6,3,0,8,7,0,5
11,isolated,C_update_on,16,0.000000,2.074074,3.933126,8,0,6,3,0,8,7,0,5
11,isolated,C_update_on,17,0.000000,2.074074,3.933126,8,0,6,3,0,8,7,0,5
11,isolated,C_update_on,18,0.000000,2.074074,3.933126,8,0,6,3,0,8,7,0,5
11,isolated,C_update_on,19,0.000000,2.074074,3.933126,8,0,6,3,0,8,7,0,5
11,isolated,C_update_on,20,0.000000,2.074074,3.933126,8,0,6,3,0,8,7,0,5
11,isolated,C_update_on,21,0.000000,2.074074,3.933126,8,0,6,3,0,8,7,0,5
11,isolated,C_update_on,22,0.000000,2.074074,3.933126,8,0,6,3,0,8,7,0,5
11,isolated,C_update_on,23,0.000000,2.074074,3.933126,8,0,6,3,0,8,7,0,5
11,isolated,C_update_on,24,0.000000,2.074074,3.933126,8,0,6,3,0,8,7,0,5
11,isolated,C_update_on,25,0.000000,2.074074,3.933126,8,0,6,3,0,8,7,0,5
11,isolated,C_update_on,26,0.000000,2.074074,3.933126,8,0,6,3,0,8,7,0,5
11,isolated,C_update_on,27,0.000000,2.074074,3.933126,8,0,6,3,0,8,7,0,5
11,isolated,C_update_on,28,0.000000,2.074074,3.933126,8,0,6,3,0,8,7,0,5
11,isolated,C_update_on,29,0.000000,2.074074,3.933126,8,0,6,3,0,8,7,0,5
11,isolated,C_update_on,30,0.000000,2.074074,3.933126,8,0,6,3,0,8,7,0,5
11,isolated,C_update_on,31,0.000000,2.074074,3.933126,8,0,6,3,0,8,7,0,5
11,isolated,C_update_on,32,0.000000,2.074074,3.933126,8,0,6,3,0,8,7,0,5
11,isolated,C_update_on,33,0.000000,2.074074,3.933126,8,0,6,3,0,8,7,0,5
11,isolated,C_update_on,34,0.000000,2.074074,3.933126,8,0,6,3,0,8,7,0,5
11,isolated,C_update_on,35,0.000000,2.444444,4.426029,8,0,6,3,0,8,7,0,4
11,isolated,C_update_on,36,0.000000,2.444444,4.426029,8,0,6,3,0,8,7,0,4
11,isolated,C_update_on,37,0.000000,2.444444,4.426029,8,0,6,3,0,8,7,0,4
11,isolated,C_update_on,38,0.000000,2.444444,4.426029,8,0,6,3,0,8,7,0,4
11,isolated,C_update_on,39,0.000000,2.444444,4.426029,8,0,6,3,0,8,7,0,4
11,isolated,C_update_on,40,0.000000,2.444444,4.426029,8,0,6,3,0,8,7,0,4
11,isolated,C_update_on,41,0.000000,2.444444,4.426029,8,0,6,3,0,8,7,0,4
11,isolated,C_update_on,42,0.000000,2.444444,4.426029,8,0,6,3,0,8,7,0,4
11,isolated,C_update_on,43,0.000000,2.444444,4.426029,8,0,6,3,0,8,7,0,4
11,isolated,C_update_on,44,0.000000,2.444444,4.426029,8,0,6,3,0,8,7,0,4
11,isolated,C_update_on,45,0.000000,2.444444,4.426029,8,0,6,3,0,8,7,0,4
11,isolated,C_update_on,46,0.000000,2.444444,4.426029,8,0,6,3,0,8,7,0,4
11,isolated,C_update_on,47,0.000000,2.444444,4.426029,8,0,6,3,0,8,7,0,4
11,isolated,C_update_on,48,0.000000,2.444444,4.426029,8,0,6,3,0,8,7,0,4
11,isolated,C_update_on,49,0.000000,2.444444,4.426029,8,0,6,3,0,8,7,0,4
11,isolated,C_update_off,0,0.000000,0.370370,1.745356,7,2,6,5,2,7,5,2,6
11,isolated,C_update_off,1,0.000000,0.592593,2.276142,7,2,6,5,2,8,5,2,6
11,isolated,C_update_off,2,0.000000,0.962963,2.868517,8,2,6,5,2,8,5,2,6
11,isolated,C_update_off,3,0.000000,0.962963,2.868517,8,2,6,5,2,8,5,2,6
11,isolated,C_update_off,4,0.000000,0.962963,2.868517,8,2,6,5,2,8,5,2,6
11,isolated,C_update_off,5,0.000000,0.962963,2.868517,8,2,6,5,2,8,5,2,6
11,isolated,C_update_off,6,0.000000,0.962963,2.868517,8,2,6,5,2,8,5,2,6
11,isolated,C_update_off,7,0.000000,0.962963,2.868517,8,2,6,5,2,8,5,2,6
11,isolated,C_update_off,8,0.222222,1.925926,3.686600,8,2,6,3,3,8,7,2,6
11,isolated,C_update_off,9,0.888889,1.111111,2.862402,8,2,6,5,4,8,7,2,6
11,isolated,C_update_off,10,2.000000,2.740741,4.469860,8,2,6,3,5,8,7,2,5
11,isolated,C_update_off,11,1.555556,2.962963,4.871301,8,2,6,3,5,8,7,3,4
11,isolated,C_update_off,12,1.555556,2.444444,4.507771,8,2,6,3,5,8,6,4,5
11,isolated,C_update_off,13,1.555556,2.222222,4.244833,8,2,6,3,5,8,6,4,6
11,isolated,C_update_off,14,2.000000,2.740741,4.827013,8,2,6,3,5,8,7,5,5
11,isolated,C_update_off,15,1.555556,2.222222,4.244833,8,2,6,3,5,8,6,4,6
11,isolated,C_update_off,16,1.555556,2.370370,4.327686,8,2,6,3,5,8,7,4,6
11,isolated,C_update_off,17,1.555556,2.370370,4.327686,8,2,6,3,5,8,7,4,6
11,isolated,C_update_off,18,1.555556,2.370370,4.327686,8,2,6,3,5,8,7,4,6
11,isolated,C_update_off,19,1.555556,2.370370,4.327686,8,2,6,3,5,8,7,4,6
11,isolated,C_update_off,20,1.555556,2.592593,4.570974,8,2,6,3,5,8,7,4,5
11,isolated,C_update_off,21,2.000000,2.518519,4.599609,8,2,6,3,5,8,7,5,6
11,isolated,C_update_off,22,2.000000,2.518519,4.599609,8,2,6,3,5,8,7,5,6
11,isolated,C_update_off,23,2.000000,2.518519,4.599609,8,2,6,3,5,8,7,5,6
11,isolated,C_update_off,24,2.000000,2.518519,4.599609,8,2,6,3,5,8,7,5,6
11,isolated,C_update_off,25,2.000000,2.518519,4.599609,8,2,6,3,5,8,7,5,6
11,isolated,C_update_off,26,2.000000,2.518519,4.599609,8,2,6,3,5,8,7,5,6
11,isolated,C_update_off,27,2.000000,2.740741,4.827013,8,2,6,3,5,8,7,5,5
11,isolated,C_update_off,28,2.888889,3.407407,5.497184,8,2,6,3,5,8,7,6,4
11,isolated,C_update_off,29,2.000000,2.740741,4.827013,8,2,6,3,5,8,7,5,5
11,isolated,C_update_off,30,2.888889,3.407407,5.497184,8,2,6,3,5,8,7,6,4
11,isolated,C_update_off,31,2.888889,3.407407,5.497184,8,2,6,3,5,8,7,6,4
11,isolated,C_update_off,32,4.666667,4.000000,5.976664,8,1,6,3,5,8,7,6,4
11,isolated,C_update_off,33,4.666667,4.000000,5.976664,8,1,6,3,5,8,7,6,4
11,isolated,C_update_off,34,4.666667,4.000000,5.976664,8,1,6,3,5,8,7,6,4
11,isolated,C_update_off,35,4.666667,4.000000,5.976664,8,1,6,3,5,8,7,6,4
11,isolated,C_update_off,36,4.666667,4.000000,5.976664,8,1,6,3,5,8,7,6,4
11,isolated,C_update_off,37,5.555556,4.296296,6.160850,8,1,6,3,6,8,7,6,4
11,isolated,C_update_off,38,5.555556,4.296296,6.160850,8,1,6,3,6,8,7,6,4
11,isolated,C_update_off,39,5.555556,4.296296,6.160850,8,1,6,3,6,8,7,6,4
11,isolated,C_update_off,40,5.555556,4.296296,6.160850,8,1,6,3,6,8,7,6,4
11,isolated,C_update_off,41,5.555556,4.296296,6.160850,8,1,6,3,6,8,7,6,4
11,isolated,C_update_off,42,5.555556,4.296296,6.160850,8,1,6,3,6,8,7,6,4
11,isolated,C_update_off,43,5.555556,4.296296,6.160850,8,1,6,3,6,8,7,6,4
11,isolated,C_update_off,44,4.666667,4.000000,5.891869,8,1,6,3,6,8,7,5,4
11,isolated,C_update_off,45,4.666667,4.000000,5.891869,8,1,6,3,6,8,7,5,4
11,isolated,C_update_off,46,4.666667,4.000000,5.891869,8,1,6,3,6,8,7,5,4
11,isolated,C_update_off,47,4.666667,4.000000,5.891869,8,1,6,3,6,8,7,5,4
11,isolated,C_update_off,48,4.666667,4.000000,5.891869,8,1,6,3,6,8,7,5,4
11,isolated,C_update_off,49,4.666667,4.000000,5.891869,8,1,6,3,6,8,7,5,4
12,shared,C_update_on,0,0.666667,0.296296,1.550094,6,3,6,6,2,7,6,1,7
12,shared,C_update_on,1,0.222222,0.148148,1.138071,8,1,7,8,0,8,8,0,7
12,shared,C_update_on,2,0.000000,0.074074,0.666667,8,0,7,8,0,8,8,0,7
12,shared,C_update_on,3,0.000000,0.148148,0.942809,8,0,6,7,0,7,7,0,7
12,shared,C_update_on,4,0.000000,0.370370,1.490712,8,0,7,6,0,8,6,0,8
12,shared,C_update_on,5,0.000000,0.074074,0.666667,6,0,8,5,0,8,5,0,8
12,shared,C_update_on,6,0.000000,0.074074,0.666667,6,0,8,5,0,8,5,0,8
12,shared,C_update_on,7,0.000000,0.074074,0.666667,5,0,7,5,0,8,5,0,8
12,shared,C_update_on,8,0.000000,0.000000,0.000000,5,0,8,5,0,8,5,0,8
12,shared,C_update_on,9,0.000000,0.000000,0.000000,7,0,8,7,0,8,7,0,8
12,shared,C_update_on,10,0.000000,0.000000,0.000000,8,0,8,8,0,8,8,0,8
12,shared,C_update_on,11,0.000000,0.074074,0.666667,8,0,8,8,0,8,8,0,7
12,shared,C_update_on,12,0.000000,0.296296,1.333333,8,0,7,6,0,7,6,0,7
12,shared,C_update_on,13,0.000000,0.296296,1.333333,7,0,7,5,0,7,5,0,7
12,shared,C_update_on,14,0.000000,0.074074,0.666667,7,0,7,6,0,7,6,0,7
12,shared,C_update_on,15,0.000000,0.000000,0.000000,6,0,7,6,0,7,6,0,7
12,shared,C_update_on,16,0.000000,0.000000,0.000000,6,0,7,6,0,7,6,0,7
12,shared,C_update_on,17,0.000000,0.074074,0.666667,6,0,7,6,0,8,6,0,8
12,shared,C_update_on,18,0.000000,0.074074,0.666667,7,0,8,7,0,8,7,0,7
12,shared,C_update_on,19,0.000000,0.370370,1.490712,8,0,7,6,0,8,6,0,8
12,shared,C_update_on,20,0.000000,0.296296,1.333333,8,0,8,6,0,8,6,0,8
12,shared,C_update_on,21,0.000000,0.000000,0.000000,7,0,8,7,0,8,7,0,8
12,shared,C_update_on,22,0.000000,0.000000,0.000000,8,0,8,8,0,8,8,0,8
12,shared,C_update_on,23,0.000000,0.000000,0.000000,8,0,8,8,0,8,8,0,8
12,shared,C_update_on,24,0.000000,0.296296,1.333333,8,0,8,6,0,8,6,0,8
12,shared,C_update_on,25,0.000000,0.370370,1.745356,7,0,8,5,0,8,5,0,7
12,shared,C_update_on,26,0.000000,0.074074,0.666667,7,0,7,7,0,7,7,0,6
12,shared,C_update_on,27,0.000000,0.148148,1.138071,7,0,6,6,0,6,6,0,7
12,shared,C_update_on,28,0.000000,0.074074,0.666667,8,0,7,8,0,7,8,0,6
12,shared,C_update_on,29,0.000000,0.000000,0.000000,8,0,6,8,0,6,8,0,6
12,shared,C_update_on,30,0.000000,0.000000,0.000000,8,0,6,8,0,6,8,0,6
12,shared,C_update_on,31,0.000000,0.370370,1.490712,8,0,6,6,0,7,6,0,7
12,shared,C_update_on,32,0.000000,0.370370,1.490712,7,0,7,5,0,8,5,0,8
12,shared,C_update_on,33,0.000000,0.000000,0.000000,5,0,8,5,0,8,5,0,8
12,shared,C_update_on,34,0.000000,0.074074,0.666667,6,0,8,5,0,8,5,0,8
12,shared,C_update_on,35,0.000000,0.074074,0.666667,7,0,8,7,0,8,7,0,7
12,shared,C_update_on,36,0.000000,0.074074,0.666667,8,0,7,8,0,8,8,0,7
12,shared,C_update_on,37,0.000000,0.074074,0.666667,8,0,7,8,0,7,7,0,7
12,shared,C_update_on,38,0.000000,0.148148,1.138071,8,0,7,7,0,7,7,0,6
12,shared,C_update_on,39,0.000000,0.444444,1.962117,8,0,5,6,0,6,7,0,7
12,shared,C_update_on,40,0.000000,0.296296,1.333333,8,0,8,6,0,8,6,0,8
12,shared,C_update_on,41,0.000000,0.074074,0.666667,8,0,7,8,0,8,8,0,8
12,shared,C_update_on,42,0.000000,0.074074,0.666667,8,0,8,8,0,8,7,0,8
12,shared,C_update_on,43,0.000000,0.074074,0.666667,8,0,8,8,0,8,8,0,7
12,shared,C_update_on,44,0.000000,0.296296,1.609476,8,0,6,6,0,6,7,0,5
12,shared,C_update_on,45,0.000000,0.740741,2.418611,7,0,5,5,0,6,4,0,7
12,shared,C_update_on,46,0.000000,0.074074,0.666667,5,0,7,4,0,7,5,0,7
12,shared,C_update_on,47,0.000000,0.074074,0.666667,6,0,7,6,0,8,6,0,7
12,shared,C_update_on,48,0.000000,0.074074,0.666667,7,0,7,7,0,8,7,0,8
12,shared,C_update_on,49,0.000000,0.000000,0.000000,8,0,8,8,0,8,8,0,8
12,shared,C_update_off,0,0.000000,0.074074,0.666667,6,2,6,6,2,7,6,2,7
12,shared,C_update_off,1,0.000000,0.074074,0.666667,6,2,7,6,2,8,6,2,8
12,shared,C_update_off,2,0.000000,0.000000,0.000000,7,2,8,7,2,8,7,2,8
12,shared,C_update_off,3,0.000000,0.000000,0.000000,7,2,8,7,2,8,7,2,8
12,shared,C_update_off,4,0.000000,0.000000,0.000000,8,2,8,8,2,8,8,2,8
12,shared,C_update_off,5,0.000000,0.296296,1.333333,8,2,8,6,2,8,6,2,8
12,shared,C_update_off,6,0.222222,0.370370,1.490712,7,2,8,5,3,8,5,3,8
12,shared,C_update_off,7,0.222222,0.148148,0.942809,5,3,8,6,4,8,6,4,8
12,shared,C_update_off,8,0.222222,0.148148,0.942809,6,4,8,5,5,8,5,5,8
12,shared,C_update_off,9,0.222222,0.148148,0.942809,7,5,8,7,5,8,7,6,7
12,shared,C_update_off,10,0.222222,0.222222,1.382088,8,6,7,7,6,7,7,7,8
12,shared,C_update_off,11,0.000000,0.000000,0.000000,8,7,8,8,7,8,8,7,8
12,shared,C_update_off,12,0.222222,0.222222,1.382088,8,7,8,7,7,8,7,6,7
12,shared,C_update_off,13,0.222222,0.444444,1.962117,8,6,7,6,5,7,6,6,8
12,shared,C_update_off,14,0.222222,0.148148,1.138071,8,6,8,7,6,8,7,5,8
12,shared,C_update_off,15,0.222222,0.148148,0.942809,7,5,8,7,5,8,7,4,7
12,shared,C_update_off,16,0.000000,0.000000,0.000000,7,3,7,7,3,7,7,3,7
12,shared,C_update_off,17,0.222222,0.222222,1.382088,8,2,6,7,3,7,7,3,6
12,shared,C_update_off,18,0.222222,0.370370,1.794111,8,4,6,7,3,7,7,4,8
12,shared,C_update_off,19,0.666667,0.592593,2.216761,8,3,8,6,4,8,6,5,7
12,shared,C_update_off,20,0.222222,0.222222,1.414214,8,6,8,7,7,8,7,6,7
12,shared,C_update_off,21,0.666667,0.444444,1.885618,8,5,6,8,6,7,8,7,8
12,shared,C_update_off,22,0.222222,0.148148,0.942809,8,6,8,8,6,8,8,5,7
12,shared,C_update_off,23,0.222222,0.148148,0.942809,8,4,8,8,4,8,7,5,8
12,shared,C_update_off,24,0.222222,0.370370,1.490712,8,4,8,6,3,8,6,3,8
12,shared,C_update_off,25,0.222222,0.444444,1.632993,7,2,7,5,3,8,5,3,8
12,shared,C_update_off,26,0.222222,0.074074,0.666667,7,2,8,7,1,8,7,2,8
12,shared,C_update_off,27,0.222222,0.222222,1.414214,7,1,8,8,2,8,8,1,7
12,shared,C_update_off,28,0.666667,0.592593,2.230710,8,2,6,6,3,7,6,4,6
12,shared,C_update_off,29,0.666667,0.518519,2.048755,8,4,6,7,5,7,7,6,8
12,shared,C_update_off,30,0.222222,0.148148,1.138071,8,6,8,8,7,8,8,7,7
12,shared,C_update_off,31,0.666667,0.814815,2.535120,8,7,7,6,6,8,5,5,8
12,shared,C_update_off,32,0.000000,0.296296,1.333333,6,5,8,4,5,8,6,5,8
12,shared,C_update_off,33,0.222222,0.222222,1.414214,6,5,8,5,6,8,5,5,7
12,shared,C_update_off,34,0.222222,0.222222,1.154701,6,5,7,6,5,7,5,4,8
12,shared,C_update_off,35,0.000000,0.074074,0.666667,7,4,8,7,4,8,7,4,7
12,shared,C_update_off,36,0.000000,0.074074,0.666667,8,4,7,8,4,8,8,4,7
12,shared,C_update_off,37,0.000000,0.000000,0.000000,8,3,7,8,3,7,8,3,7
12,shared,C_update_off,38,0.000000,0.148148,1.138071,8,2,7,7,2,7,7,2,6
12,shared,C_update_off,39,0.666667,0.740741,2.442602,8,1,6,6,2,7,6,3,8
12,shared,C_update_off,40,0.222222,0.296296,1.609476,7,3,8,5,3,8,6,4,8
12,shared,C_update_off,41,0.000000,0.000000,0.000000,8,3,8,8,3,8,8,3,8
12,shared,C_update_off,42,0.666667,0.370370,1.727180,8,2,8,8,3,8,7,4,7
12,shared,C_update_off,43,0.222222,0.148148,1.138071,8,5,6,8,4,7,8,4,6
12,shared,C_update_off,44,0.222222,0.814815,2.595697,8,4,6,6,5,7,5,4,8
12,shared,C_update_off,45,0.222222,0.444444,1.895186,5,4,8,3,5,8,3,5,7
12,shared,C_update_off,46,0.222222,0.222222,1.382088,4,4,7,4,5,8,5,4,7
12,shared,C_update_off,47,0.666667,0.666667,2.309401,6,3,6,5,2,7,4,1,8
12,shared,C_update_off,48,0.222222,0.148148,0.942809,5,2,8,5,2,8,6,3,8
12,shared,C_update_off,49,0.666667,0.296296,1.550094,7,3,8,7,4,8,6,5,8
12,isolated,C_update_on,0,0.888889,0.444444,1.895186,6,3,6,5,1,7,5,1,6
12,isolated,C_update_on,1,0.888889,1.481481,3.630312,8,2,6,5,0,8,5,2,5
12,isolated,C_update_on,2,0.222222,1.259259,3.361485,8,1,6,5,1,8,5,2,5
12,isolated,C_update_on,3,0.222222,1.259259,3.352761,8,2,6,5,1,8,5,1,5
12,isolated,C_update_on,4,0.666667,1.703704,3.844076,8,2,6,4,0,8,5,1,5
12,isolated,C_update_on,5,0.222222,1.555556,3.701795,8,1,6,4,1,8,5,0,5
12,isolated,C_update_on,6,0.666667,2.000000,4.160518,8,2,6,4,0,8,6,1,4
12,isolated,C_update_on,7,0.222222,1.481481,3.616064,8,1,6,5,1,8,6,0,4
12,isolated,C_update_on,8,0.888889,2.370370,4.398017,8,2,6,3,0,8,7,0,5
12,isolated,C_update_on,9,0.222222,2.148148,4.069759,8,1,6,3,0,8,7,0,5
12,isolated,C_update_on,10,0.222222,2.148148,4.069759,8,1,6,3,0,8,7,0,5
12,isolated,C_update_on,11,0.000000,2.074074,3.933126,8,0,6,3,0,8,7,0,5
12,isolated,C_update_on,12,0.000000,2.074074,3.933126,8,0,6,3,0,8,7,0,5
12,isolated,C_update_on,13,0.000000,2.074074,3.933126,8,0,6,3,0,8,7,0,5
12,isolated,C_update_on,14,0.000000,2.074074,3.933126,8,0,6,3,0,8,7,0,5
12,isolated,C_update_on,15,0.000000,2.074074,3.933126,8,0,6,3,0,8,7,0,5
12,isolated,C_update_on,16,0.000000,2.074074,3.933126,8,0,6,3,0,8,7,0,5
12,isolated,C_update_on,17,0.000000,2.074074,3.933126,8,0,6,3,0,8,7,0,5
12,isolated,C_update_on,18,0.000000,2.074074,3.933126,8,0,6,3,0,8,7,0,5
12,isolated,C_update_on,19,0.000000,2.074074,3.933126,8,0,6,3,0,8,7,0,5
12,isolated,C_update_on,20,0.000000,2.074074,3.933126,8,0,6,3,0,8,7,0,5
12,isolated,C_update_on,21,0.000000,2.074074,3.933126,8,0,6,3,0,8,7,0,5
12,isolated,C_update_on,22,0.000000,2.074074,3.933126,8,0,6,3,0,8,7,0,5
12,isolated,C_update_on,23,0.000000,2.074074,3.933126,8,0,6,3,0,8,7,0,5
12,isolated,C_update_on,24,0.000000,2.074074,3.933126,8,0,6,3,0,8,7,0,5
12,isolated,C_update_on,25,0.000000,2.074074,3.933126,8,0,6,3,0,8,7,0,5
12,isolated,C_update_on,26,0.000000,2.074074,3.933126,8,0,6,3,0,8,7,0,5
12,isolated,C_update_on,27,0.000000,2.074074,3.933126,8,0,6,3,0,8,7,0,5
12,isolated,C_update_on,28,0.000000,2.074074,3.933126,8,0,6,3,0,8,7,0,5
12,isolated,C_update_on,29,0.000000,2.074074,3.933126,8,0,6,3,0,8,7,0,5
12,isolated,C_update_on,30,0.000000,2.074074,3.933126,8,0,6,3,0,8,7,0,5
12,isolated,C_update_on,31,0.000000,2.074074,3.933126,8,0,6,3,0,8,7,0,5
12,isolated,C_update_on,32,0.000000,2.074074,3.933126,8,0,6,3,0,8,7,0,5
12,isolated,C_update_on,33,0.000000,2.074074,3.933126,8,0,6,3,0,8,7,0,5
12,isolated,C_update_on,34,0.000000,2.074074,3.933126,8,0,6,3,0,8,7,0,5
12,isolated,C_update_on,35,0.000000,2.444444,4.426029,8,0,6,3,0,8,7,0,4
12,isolated,C_update_on,36,0.000000,2.444444,4.426029,8,0,6,3,0,8,7,0,4
12,isolated,C_update_on,37,0.000000,2.444444,4.426029,8,0,6,3,0,8,7,0,4
12,isolated,C_update_on,38,0.000000,2.444444,4.426029,8,0,6,3,0,8,7,0,4
12,isolated,C_update_on,39,0.000000,2.444444,4.426029,8,0,6,3,0,8,7,0,4
12,isolated,C_update_on,40,0.000000,2.444444,4.426029,8,0,6,3,0,8,7,0,4
12,isolated,C_update_on,41,0.000000,2.444444,4.426029,8,0,6,3,0,8,7,0,4
12,isolated,C_update_on,42,0.000000,2.444444,4.426029,8,0,6,3,0,8,7,0,4
12,isolated,C_update_on,43,0.000000,2.444444,4.426029,8,0,6,3,0,8,7,0,4
12,isolated,C_update_on,44,0.000000,2.444444,4.426029,8,0,6,3,0,8,7,0,4
12,isolated,C_update_on,45,0.000000,2.444444,4.426029,8,0,6,3,0,8,7,0,4
12,isolated,C_update_on,46,0.000000,2.444444,4.426029,8,0,6,3,0,8,7,0,4
12,isolated,C_update_on,47,0.000000,2.444444,4.426029,8,0,6,3,0,8,7,0,4
12,isolated,C_update_on,48,0.000000,2.444444,4.426029,8,0,6,3,0,8,7,0,4
12,isolated,C_update_on,49,0.000000,2.444444,4.426029,8,0,6,3,0,8,7,0,4
12,isolated,C_update_off,0,0.000000,0.148148,1.138071,6,2,6,5,2,7,5,2,6
12,isolated,C_update_off,1,0.000000,0.370370,1.745356,6,2,6,5,2,8,5,2,6
12,isolated,C_update_off,2,0.000000,0.592593,2.276142,7,2,6,5,2,8,5,2,6
12,isolated,C_update_off,3,0.000000,0.592593,2.276142,7,2,6,5,2,8,5,2,6
12,isolated,C_update_off,4,0.000000,0.962963,2.868517,8,2,6,5,2,8,5,2,6
12,isolated,C_update_off,5,0.000000,0.962963,2.868517,8,2,6,5,2,8,5,2,6
12,isolated,C_update_off,6,0.000000,0.962963,2.868517,8,2,6,5,2,8,5,2,6
12,isolated,C_update_off,7,0.000000,0.962963,2.868517,8,2,6,5,2,8,5,2,6
12,isolated,C_update_off,8,0.222222,1.925926,3.686600,8,2,6,3,3,8,7,2,6
12,isolated,C_update_off,9,0.888889,1.111111,2.862402,8,2,6,5,4,8,7,2,6
12,isolated,C_update_off,10,2.000000,2.740741,4.469860,8,2,6,3,5,8,7,2,5
12,isolated,C_update_off,11,1.555556,2.962963,4.871301,8,2,6,3,5,8,7,3,4
12,isolated,C_update_off,12,1.555556,2.444444,4.507771,8,2,6,3,5,8,6,4,5
12,isolated,C_update_off,13,1.555556,2.222222,4.244833,8,2,6,3,5,8,6,4,6
12,isolated,C_update_off,14,2.000000,2.740741,4.827013,8,2,6,3,5,8,7,5,5
12,isolated,C_update_off,15,1.555556,2.222222,4.244833,8,2,6,3,5,8,6,4,6
12,isolated,C_update_off,16,1.555556,2.370370,4.327686,8,2,6,3,5,8,7,4,6
12,isolated,C_update_off,17,1.555556,2.370370,4.327686,8,2,6,3,5,8,7,4,6
12,isolated,C_update_off,18,1.555556,2.370370,4.327686,8,2,6,3,5,8,7,4,6
12,isolated,C_update_off,19,1.555556,2.370370,4.327686,8,2,6,3,5,8,7,4,6
12,isolated,C_update_off,20,1.555556,2.592593,4.570974,8,2,6,3,5,8,7,4,5
12,isolated,C_update_off,21,2.000000,2.518519,4.599609,8,2,6,3,5,8,7,5,6
12,isolated,C_update_off,22,2.000000,2.518519,4.599609,8,2,6,3,5,8,7,5,6
12,isolated,C_update_off,23,2.000000,2.518519,4.599609,8,2,6,3,5,8,7,5,6
12,isolated,C_update_off,24,2.000000,2.518519,4.599609,8,2,6,3,5,8,7,5,6
12,isolated,C_update_off,25,2.000000,2.518519,4.599609,8,2,6,3,5,8,7,5,6
12,isolated,C_update_off,26,2.000000,2.518519,4.599609,8,2,6,3,5,8,7,5,6
12,isolated,C_update_off,27,2.000000,2.740741,4.827013,8,2,6,3,5,8,7,5,5
12,isolated,C_update_off,28,2.888889,3.407407,5.497184,8,2,6,3,5,8,7,6,4
12,isolated,C_update_off,29,2.000000,2.740741,4.827013,8,2,6,3,5,8,7,5,5
12,isolated,C_update_off,30,2.888889,3.037037,5.168691,8,2,6,3,5,8,7,6,5
12,isolated,C_update_off,31,2.888889,3.037037,5.168691,8,2,6,3,5,8,7,6,5
12,isolated,C_update_off,32,4.666667,3.629630,5.667792,8,1,6,3,5,8,7,6,5
12,isolated,C_update_off,33,4.666667,3.629630,5.667792,8,1,6,3,5,8,7,6,5
12,isolated,C_update_off,34,4.666667,3.629630,5.667792,8,1,6,3,5,8,7,6,5
12,isolated,C_update_off,35,4.666667,3.629630,5.667792,8,1,6,3,5,8,7,6,5
12,isolated,C_update_off,36,4.666667,3.629630,5.667792,8,1,6,3,5,8,7,6,5
12,isolated,C_update_off,37,4.666667,4.000000,5.976664,8,1,6,3,5,8,7,6,4
12,isolated,C_update_off,38,3.555556,3.259259,5.316948,8,1,6,3,5,8,7,5,5
12,isolated,C_update_off,39,4.666667,4.000000,5.976664,8,1,6,3,5,8,7,6,4
12,isolated,C_update_off,40,3.555556,3.259259,5.316948,8,1,6,3,5,8,7,5,5
12,isolated,C_update_off,41,4.666667,4.000000,5.891869,8,1,6,3,6,8,7,5,4
12,isolated,C_update_off,42,4.666667,4.000000,5.891869,8,1,6,3,6,8,7,5,4
12,isolated,C_update_off,43,4.666667,4.000000,5.891869,8,1,6,3,6,8,7,5,4
12,isolated,C_update_off,44,4.666667,4.000000,5.891869,8,1,6,3,6,8,7,5,4
12,isolated,C_update_off,45,4.666667,4.000000,5.891869,8,1,6,3,6,8,7,5,4
12,isolated,C_update_off,46,4.666667,4.000000,5.891869,8,1,6,3,6,8,7,5,4
12,isolated,C_update_off,47,4.666667,4.000000,5.891869,8,1,6,3,6,8,7,5,4
12,isolated,C_update_off,48,4.666667,4.000000,5.891869,8,1,6,3,6,8,7,5,4
12,isolated,C_update_off,49,4.666667,4.000000,5.891869,8,1,6,3,6,8,7,5,4
13,shared,C_update_on,0,0.666667,0.222222,1.333333,6,3,6,6,2,6,6,1,6
13,shared,C_update_on,1,0.222222,0.148148,1.138071,8,1,6,8,0,7,8,0,6
13,shared,C_update_on,2,0.000000,0.074074,0.666667,8,0,6,8,0,7,8,0,6
13,shared,C_update_on,3,0.000000,0.148148,1.138071,8,0,5,7,0,6,7,0,5
13,shared,C_update_on,4,0.000000,0.518519,2.021498,8,0,6,6,0,7,6,0,8
13,shared,C_update_on,5,0.000000,0.148148,0.942809,8,0,7,7,0,8,7,0,8
13,shared,C_update_on,6,0.000000,0.296296,1.550094,8,0,8,7,0,8,6,0,7
13,shared,C_update_on,7,0.000000,0.074074,0.666667,8,0,7,8,0,8,8,0,7
13,shared,C_update_on,8,0.000000,0.148148,1.138071,8,0,7,8,0,8,7,0,8
13,shared,C_update_on,9,0.000000,0.370370,1.490712,8,0,7,6,0,8,6,0,8
13,shared,C_update_on,10,0.000000,0.296296,1.333333,6,0,8,4,0,8,4,0,8
13,shared,C_update_on,11,0.000000,0.074074,0.666667,6,0,8,5,0,8,6,0,8
13,shared,C_update_on,12,0.000000,0.000000,0.000000,8,0,8,8,0,8,8,0,8
13,shared,C_update_on,13,0.000000,0.074074,0.666667,8,0,8,8,0,8,7,0,8
13,shared,C_update_on,14,0.000000,0.148148,0.942809,7,0,8,7,0,8,8,0,7
13,shared,C_update_on,15,0.000000,0.148148,0.942809,8,0,7,8,0,7,7,0,6
13,shared,C_update_on,16,0.000000,0.148148,0.942809,8,0,6,7,0,7,7,0,7
13,shared,C_update_on,17,0.000000,0.370370,1.490712,8,0,7,6,0,8,6,0,8
13,shared,C_update_on,18,0.000000,0.074074,0.666667,7,0,8,6,0,8,6,0,8
13,shared,C_update_on,19,0.000000,0.000000,0.000000,6,0,8,6,0,8,6,0,8
13,shared,C_update_on,20,0.000000,0.074074,0.666667,6,0,8,5,0,8,6,0,8
13,shared,C_update_on,21,0.000000,0.000000,0.000000,8,0,8,8,0,8,8,0,8
13,shared,C_update_on,22,0.000000,0.074074,0.666667,8,0,8,8,0,8,7,0,8
13,shared,C_update_on,23,0.000000,0.370370,1.745356,8,0,8,6,0,8,6,0,7
13,shared,C_update_on,24,0.000000,0.148148,0.942809,7,0,7,7,0,7,8,0,6
13,shared,C_update_on,25,0.000000,0.296296,1.333333,8,0,6,6,0,6,6,0,6
13,shared,C_update_on,26,0.000000,0.074074,0.666667,6,0,6,5,0,6,5,0,6
13,shared,C_update_on,27,0.000000,0.074074,0.666667,5,0,6,5,0,7,5,0,7
13,shared,C_update_on,28,0.000000,0.000000,0.000000,6,0,7,6,0,7,6,0,7
13,shared,C_update_on,29,0.000000,0.074074,0.666667,7,0,7,7,0,8,7,0,8
13,shared,C_update_on,30,0.000000,0.000000,0.000000,8,0,8,8,0,8,8,0,8
13,shared,C_update_on,31,0.000000,0.296296,1.333333,8,0,8,6,0,8,6,0,8
13,shared,C_update_on,32,0.000000,0.000000,0.000000,7,0,8,7,0,8,7,0,8
13,shared,C_update_on,33,0.000000,0.296296,1.333333,8,0,8,6,0,8,6,0,8
13,shared,C_update_on,34,0.000000,0.148148,1.138071,7,0,8,6,0,8,6,0,7
13,shared,C_update_on,35,0.000000,0.074074,0.666667,7,0,7,7,0,8,7,0,7
13,shared,C_update_on,36,0.000000,0.074074,0.666667,8,0,7,8,0,8,8,0,7
13,shared,C_update_on,37,0.000000,0.148148,1.138071,8,0,7,8,0,8,7,0,8
13,shared,C_update_on,38,0.000000,0.148148,1.138071,8,0,7,7,0,7,7,0,6
13,shared,C_update_on,39,0.000000,0.370370,1.745356,8,0,7,6,0,8,6,0,7
13,shared,C_update_on,40,0.000000,0.296296,1.550094,8,0,7,6,0,8,7,0,8
13,shared,C_update_on,41,0.000000,0.000000,0.000000,8,0,8,8,0,8,8,0,8
13,shared,C_update_on,42,0.000000,0.074074,0.666667,8,0,7,8,0,8,8,0,8
13,shared,C_update_on,43,0.000000,0.074074,0.666667,8,0,7,8,0,8,8,0,8
13,shared,C_update_on,44,0.000000,0.148148,1.138071,8,0,8,7,0,8,7,0,7
13,shared,C_update_on,45,0.000000,0.370370,1.745356,8,0,7,6,0,8,6,0,7
13,shared,C_update_on,46,0.000000,0.296296,1.550094,6,0,7,5,0,8,4,0,8
13,shared,C_update_on,47,0.000000,0.074074,0.666667,5,0,8,4,0,8,5,0,8
13,shared,C_update_on,48,0.000000,0.074074,0.666667,5,0,8,5,0,8,5,0,7
13,shared,C_update_on,49,0.000000,0.074074,0.666667,7,0,7,7,0,8,7,0,7
13,shared,C_update_off,0,0.000000,0.000000,0.000000,6,2,6,6,2,6,6,2,6
13,shared,C_update_off,1,0.000000,0.074074,0.666667,7,2,6,7,2,7,7,2,7
13,shared,C_update_off,2,0.000000,0.074074,0.666667,8,2,7,8,2,8,8,2,8
13,shared,C_update_off,3,0.000000,0.000000,0.000000,8,2,8,8,2,8,8,2,8
13,shared,C_update_off,4,0.000000,0.000000,0.000000,8,2,8,8,2,8,8,2,8
13,shared,C_update_off,5,0.222222,0.370370,1.490712,8,2,8,6,3,8,6,3,8
13,shared,C_update_off,6,0.222222,0.370370,1.490712,7,3,8,5,4,8,5,4,8
13,shared,C_update_off,7,0.222222,0.074074,0.666667,7,4,8,7,5,8,7,5,8
13,shared,C_update_off,8,0.222222,0.148148,0.942809,8,5,8,7,6,8,7,6,8
13,shared,C_update_off,9,0.222222,0.444444,1.895186,8,6,8,6,5,8,6,5,7
13,shared,C_update_off,10,0.222222,0.222222,1.414214,6,5,7,5,5,8,5,6,7
13,shared,C_update_off,11,0.222222,0.222222,1.382088,7,6,7,6,6,7,6,7,8
13,shared,C_update_off,12,0.222222,0.148148,0.942809,8,7,8,8,7,8,8,6,7
13,shared,C_update_off,13,0.000000,0.000000,0.000000,8,6,7,8,6,7,8,6,7
13,shared,C_update_off,14,0.000000,0.000000,0.000000,8,6,7,8,6,7,8,6,7
13,shared,C_update_off,15,0.000000,0.148148,1.138071,8,6,7,7,6,7,7,6,6
13,shared,C_update_off,16,0.222222,0.592593,2.230710,8,5,6,6,6,7,6,5,8
13,shared,C_update_off,17,0.222222,0.222222,1.382088,7,4,7,6,3,8,6,3,7
13,shared,C_update_off,18,0.666667,0.370370,1.794111,8,2,7,7,3,8,7,4,7
13,shared,C_update_off,19,0.222222,0.222222,1.382088,7,3,7,8,2,8,8,3,8
13,shared,C_update_off,20,0.222222,0.148148,0.942809,8,2,8,7,3,8,7,3,8
13,shared,C_update_off,21,0.666667,0.592593,2.216761,8,2,8,6,3,8,6,4,7
13,shared,C_update_off,22,0.222222,0.444444,1.954568,7,4,7,5,5,8,5,4,7
13,shared,C_update_off,23,0.222222,0.148148,0.942809,6,4,7,6,3,8,6,3,8
13,shared,C_update_off,24,0.666667,0.370370,1.759306,7,3,8,8,4,8,8,5,7
13,shared,C_update_off,25,0.222222,0.444444,1.962117,8,5,6,6,5,7,6,4,6
13,shared,C_update_off,26,0.222222,0.814815,2.595697,6,3,6,4,2,7,3,3,8
13,shared,C_update_off,27,0.000000,0.074074,0.666667,3,3,8,3,3,8,4,3,8
13,shared,C_update_off,28,0.222222,0.222222,1.414214,5,3,8,4,4,8,5,4,7
13,shared,C_update_off,29,0.666667,0.370370,1.727180,6,4,7,7,5,8,7,6,8
13,shared,C_update_off,30,0.666667,0.370370,1.759306,8,6,8,7,5,8,7,4,7
13,shared,C_update_off,31,0.000000,0.074074,0.666667,8,4,7,8,4,7,8,4,8
13,shared,C_update_off,32,0.666667,0.370370,1.727180,8,4,8,8,5,8,7,6,7
13,shared,C_update_off,33,0.666667,0.592593,2.230710,8,6,7,6,5,8,6,4,7
13,shared,C_update_off,34,0.666667,0.518519,2.104398,7,4,7,5,5,8,6,6,8
13,shared,C_update_off,35,0.222222,0.222222,1.154701,7,6,7,6,7,8,6,7,8
13,shared,C_update_off,36,0.222222,0.074074,0.666667,7,6,8,7,5,8,7,5,8
13,shared,C_update_off,37,0.222222,0.074074,0.666667,8,4,8,8,5,8,8,5,8
13,shared,C_update_off,38,0.000000,0.296296,1.333333,8,5,8,6,5,8,6,5,8
13,shared,C_update_off,39,0.222222,0.370370,1.490712,7,4,8,5,3,8,5,3,8
13,shared,C_update_off,40,0.222222,0.074074,0.666667,7,2,8,7,3,8,7,3,8
13,shared,C_update_off,41,0.666667,0.296296,1.550094,8,2,8,7,3,8,7,4,8
13,shared,C_update_off,42,0.222222,0.222222,1.154701,8,3,7,7,4,8,7,4,8
13,shared,C_update_off,43,0.222222,0.370370,1.490712,8,3,8,6,2,8,6,2,8
13,shared,C_update_off,44,0.222222,0.444444,1.632993,8,3,7,6,4,8,6,4,8
13,shared,C_update_off,45,0.222222,0.074074,0.666667,7,4,8,7,5,8,7,5,8
13,shared,C_update_off,46,0.222222,0.148148,1.138071,7,5,8,7,4,8,7,4,7
13,shared,C_update_off,47,0.222222,0.222222,1.382088,8,4,7,7,4,7,7,5,6
13,shared,C_update_off,48,0.222222,0.592593,2.230710,7,5,6,5,6,7,5,5,8
13,shared,C_update_off,49,0.000000,0.148148,1.138071,7,4,8,6,4,8,7,4,7
13,isolated,C_update_on,0,0.888889,0.370370,1.490712,6,3,6,5,1,6,5,1,6
13,isolated,C_update_on,1,0.888889,1.185185,3.244121,8,2,6,5,0,7,5,2,5
13,isolated,C_update_on,2,0.222222,1.259259,3.361485,8,1,6,5,1,8,5,2,5
13,isolated,C_update_on,3,0.222222,1.259259,3.352761,8,2,6,5,1,8,5,1,5
13,isolated,C_update_on,4,0.666667,1.703704,3.844076,8,2,6,4,0,8,5,1,5
13,isolated,C_update_on,5,0.222222,1.555556,3.701795,8,1,6,4,1,8,5,0,5
13,isolated,C_update_on,6,0.666667,2.000000,4.160518,8,2,6,4,0,8,6,1,4
13,isolated,C_update_on,7,0.222222,1.629630,3.646880,8,1,6,5,1,8,8,0,4
13,isolated,C_update_on,8,0.888889,2.370370,4.398017,8,2,6,3,0,8,7,0,5
13,isolated,C_update_on,9,0.222222,2.148148,4.069759,8,1,6,3,0,8,7,0,5
13,isolated,C_update_on,10,0.222222,2.148148,4.069759,8,1,6,3,0,8,7,0,5
13,isolated,C_update_on,11,0.222222,2.148148,4.069759,8,1,6,3,0,8,7,0,5
13,isolated,C_update_on,12,0.000000,2.074074,3.933126,8,0,6,3,0,8,7,0,5
13,isolated,C_update_on,13,0.000000,2.074074,3.933126,8,0,6,3,0,8,7,0,5
13,isolated,C_update_on,14,0.000000,2.074074,3.933126,8,0,6,3,0,8,7,0,5
13,isolated,C_update_on,15,0.000000,2.074074,3.933126,8,0,6,3,0,8,7,0,5
13,isolated,C_update_on,16,0.000000,2.074074,3.933126,8,0,6,3,0,8,7,0,5
13,isolated,C_update_on,17,0.000000,2.074074,3.933126,8,0,6,3,0,8,7,0,5
13,isolated,C_update_on,18,0.000000,2.074074,3.933126,8,0,6,3,0,8,7,0,5
13,isolated,C_update_on,19,0.000000,2.074074,3.933126,8,0,6,3,0,8,7,0,5
13,isolated,C_update_on,20,0.000000,2.074074,3.933126,8,0,6,3,0,8,7,0,5
13,isolated,C_update_on,21,0.000000,2.074074,3.933126,8,0,6,3,0,8,7,0,5
13,isolated,C_update_on,22,0.000000,2.074074,3.933126,8,0,6,3,0,8,7,0,5
13,isolated,C_update_on,23,0.000000,2.074074,3.933126,8,0,6,3,0,8,7,0,5
13,isolated,C_update_on,24,0.000000,2.074074,3.933126,8,0,6,3,0,8,7,0,5
13,isolated,C_update_on,25,0.000000,2.074074,3.933126,8,0,6,3,0,8,7,0,5
13,isolated,C_update_on,26,0.000000,2.074074,3.933126,8,0,6,3,0,8,7,0,5
13,isolated,C_update_on,27,0.000000,2.074074,3.933126,8,0,6,3,0,8,7,0,5
13,isolated,C_update_on,28,0.000000,2.074074,3.933126,8,0,6,3,0,8,7,0,5
13,isolated,C_update_on,29,0.000000,2.074074,3.933126,8,0,6,3,0,8,7,0,5
13,isolated,C_update_on,30,0.000000,2.074074,3.933126,8,0,6,3,0,8,7,0,5
13,isolated,C_update_on,31,0.000000,2.074074,3.933126,8,0,6,3,0,8,7,0,5
13,isolated,C_update_on,32,0.000000,2.074074,3.933126,8,0,6,3,0,8,7,0,5
13,isolated,C_update_on,33,0.000000,2.074074,3.933126,8,0,6,3,0,8,7,0,5
13,isolated,C_update_on,34,0.000000,2.074074,3.933126,8,0,6,3,0,8,7,0,5
13,isolated,C_update_on,35,0.000000,2.444444,4.426029,8,0,6,3,0,8,7,0,4
13,isolated,C_update_on,36,0.000000,2.444444,4.426029,8,0,6,3,0,8,7,0,4
13,isolated,C_update_on,37,0.000000,2.444444,4.426029,8,0,6,3,0,8,7,0,4
13,isolated,C_update_on,38,0.000000,2.444444,4.426029,8,0,6,3,0,8,7,0,4
13,isolated,C_update_on,39,0.000000,2.444444,4.426029,8,0,6,3,0,8,7,0,4
13,isolated,C_update_on,40,0.000000,2.444444,4.426029,8,0,6,3,0,8,7,0,4
13,isolated,C_update_on,41,0.000000,2.444444,4.426029,8,0,6,3,0,8,7,0,4
13,isolated,C_update_on,42,0.000000,2.444444,4.426029,8,0,6,3,0,8,7,0,4
13,isolated,C_update_on,43,0.000000,2.444444,4.426029,8,0,6,3,0,8,7,0,4
13,isolated,C_update_on,44,0.000000,2.444444,4.426029,8,0,6,3,0,8,7,0,4
13,isolated,C_update_on,45,0.000000,2.444444,4.426029,8,0,6,3,0,8,7,0,4
13,isolated,C_update_on,46,0.000000,2.444444,4.426029,8,0,6,3,0,8,7,0,4
13,isolated,C_update_on,47,0.000000,2.444444,4.426029,8,0,6,3,0,8,7,0,4
13,isolated,C_update_on,48,0.000000,2.444444,4.426029,8,0,6,3,0,8,7,0,4
13,isolated,C_update_on,49,0.000000,2.444444,4.426029,8,0,6,3,0,8,7,0,4
13,isolated,C_update_off,0,0.000000,0.074074,0.666667,6,2,6,5,2,6,5,2,6
13,isolated,C_update_off,1,0.000000,0.370370,1.745356,7,2,6,5,2,7,5,2,6
13,isolated,C_update_off,2,0.000000,0.962963,2.868517,8,2,6,5,2,8,5,2,6
13,isolated,C_update_off,3,0.000000,0.962963,2.868517,8,2,6,5,2,8,5,2,6
13,isolated,C_update_off,4,0.000000,0.962963,2.868517,8,2,6,5,2,8,5,2,6
13,isolated,C_update_off,5,0.000000,0.962963,2.868517,8,2,6,5,2,8,5,2,6
13,isolated,C_update_off,6,0.000000,0.962963,2.868517,8,2,6,5,2,8,5,2,6
13,isolated,C_update_off,7,0.000000,0.962963,2.868517,8,2,6,5,2,8,5,2,6
13,isolated,C_update_off,8,0.222222,1.925926,3.686600,8,2,6,3,3,8,7,2,6
13,isolated,C_update_off,9,0.888889,1.111111,2.862402,8,2,6,5,4,8,7,2,6
13,isolated,C_update_off,10,2.000000,2.740741,4.469860,8,2,6,3,5,8,7,2,5
13,isolated,C_update_off,11,1.555556,2.962963,4.871301,8,2,6,3,5,8,7,3,4
13,isolated,C_update_off,12,1.555556,2.444444,4.507771,8,2,6,3,5,8,6,4,5
13,isolated,C_update_off,13,1.555556,2.222222,4.244833,8,2,6,3,5,8,6,4,6
13,isolated,C_update_off,14,2.000000,2.740741,4.827013,8,2,6,3,5,8,7,5,5
13,isolated,C_update_off,15,1.555556,2.222222,4.244833,8,2,6,3,5,8,6,4,6
13,isolated,C_update_off,16,1.555556,2.370370,4.327686,8,2,6,3,5,8,7,4,6
13,isolated,C_update_off,17,1.555556,2.370370,4.327686,8,2,6,3,5,8,7,4,6
13,isolated,C_update_off,18,1.555556,2.370370,4.327686,8,2,6,3,5,8,7,4,6
13,isolated,C_update_off,19,1.555556,2.370370,4.327686,8,2,6,3,5,8,7,4,6
13,isolated,C_update_off,20,1.555556,2.592593,4.570974,8,2,6,3,5,8,7,4,5
13,isolated,C_update_off,21,2.000000,2.518519,4.599609,8,2,6,3,5,8,7,5,6
13,isolated,C_update_off,22,2.000000,2.518519,4.599609,8,2,6,3,5,8,7,5,6
13,isolated,C_update_off,23,2.000000,2.518519,4.599609,8,2,6,3,5,8,7,5,6
13,isolated,C_update_off,24,2.000000,2.518519,4.599609,8,2,6,3,5,8,7,5,6
13,isolated,C_update_off,25,2.000000,2.518519,4.599609,8,2,6,3,5,8,7,5,6
13,isolated,C_update_off,26,2.000000,2.518519,4.599609,8,2,6,3,5,8,7,5,6
13,isolated,C_update_off,27,2.000000,2.740741,4.827013,8,2,6,3,5,8,7,5,5
13,isolated,C_update_off,28,2.888889,3.407407,5.497184,8,2,6,3,5,8,7,6,4
13,isolated,C_update_off,29,2.000000,2.740741,4.827013,8,2,6,3,5,8,7,5,5
13,isolated,C_update_off,30,2.888889,3.407407,5.497184,8,2,6,3,5,8,7,6,4
13,isolated,C_update_off,31,2.888889,3.407407,5.497184,8,2,6,3,5,8,7,6,4
13,isolated,C_update_off,32,4.666667,4.000000,5.976664,8,1,6,3,5,8,7,6,4
13,isolated,C_update_off,33,4.666667,4.000000,5.976664,8,1,6,3,5,8,7,6,4
13,isolated,C_update_off,34,4.666667,4.000000,5.976664,8,1,6,3,5,8,7,6,4
13,isolated,C_update_off,35,4.666667,4.000000,5.976664,8,1,6,3,5,8,7,6,4
13,isolated,C_update_off,36,4.666667,4.000000,5.976664,8,1,6,3,5,8,7,6,4
13,isolated,C_update_off,37,5.555556,4.296296,6.160850,8,1,6,3,6,8,7,6,4
13,isolated,C_update_off,38,5.555556,4.296296,6.160850,8,1,6,3,6,8,7,6,4
13,isolated,C_update_off,39,5.555556,4.296296,6.160850,8,1,6,3,6,8,7,6,4
13,isolated,C_update_off,40,5.555556,4.296296,6.160850,8,1,6,3,6,8,7,6,4
13,isolated,C_update_off,41,5.555556,4.296296,6.160850,8,1,6,3,6,8,7,6,4
13,isolated,C_update_off,42,5.555556,4.296296,6.160850,8,1,6,3,6,8,7,6,4
13,isolated,C_update_off,43,5.555556,4.296296,6.160850,8,1,6,3,6,8,7,6,4
13,isolated,C_update_off,44,4.666667,4.000000,5.891869,8,1,6,3,6,8,7,5,4
13,isolated,C_update_off,45,4.666667,4.000000,5.891869,8,1,6,3,6,8,7,5,4
13,isolated,C_update_off,46,4.666667,4.000000,5.891869,8,1,6,3,6,8,7,5,4
13,isolated,C_update_off,47,4.666667,4.000000,5.891869,8,1,6,3,6,8,7,5,4
13,isolated,C_update_off,48,4.666667,4.000000,5.891869,8,1,6,3,6,8,7,5,4
13,isolated,C_update_off,49,4.666667,4.000000,5.891869,8,1,6,3,6,8,7,5,4
14,shared,C_update_on,0,0.666667,0.296296,1.550094,5,3,6,5,2,7,5,1,7
14,shared,C_update_on,1,0.222222,0.148148,1.138071,7,1,7,7,0,7,7,0,6
14,shared,C_update_on,2,0.000000,0.074074,0.666667,8,0,5,8,0,6,8,0,5
14,shared,C_update_on,3,0.000000,0.074074,0.666667,8,0,6,8,0,7,8,0,7
14,shared,C_update_on,4,0.000000,0.074074,0.666667,8,0,7,8,0,8,8,0,8
14,shared,C_update_on,5,0.000000,0.370370,1.745356,8,0,8,6,0,8,6,0,7
14,shared,C_update_on,6,0.000000,0.370370,1.490712,6,0,7,4,0,8,4,0,8
14,shared,C_update_on,7,0.000000,0.074074,0.666667,4,0,8,3,0,8,3,0,8
14,shared,C_update_on,8,0.000000,0.000000,0.000000,4,0,7,4,0,7,4,0,7
14,shared,C_update_on,9,0.000000,0.000000,0.000000,6,0,8,6,0,8,6,0,8
14,shared,C_update_on,10,0.000000,0.074074,0.666667,8,0,8,8,0,8,8,0,7
14,shared,C_update_on,11,0.000000,0.074074,0.666667,8,0,6,8,0,6,8,0,5
14,shared,C_update_on,12,0.000000,0.222222,1.333333,8,0,4,8,0,5,8,0,6
14,shared,C_update_on,13,0.000000,0.148148,0.942809,8,0,7,7,0,8,7,0,8
14,shared,C_update_on,14,0.000000,0.370370,1.745356,8,0,7,6,0,8,6,0,7
14,shared,C_update_on,15,0.000000,0.370370,1.490712,7,0,7,5,0,8,5,0,8
14,shared,C_update_on,16,0.000000,0.000000,0.000000,7,0,8,7,0,8,7,0,8
14,shared,C_update_on,17,0.000000,0.000000,0.000000,8,0,8,8,0,8,8,0,8
14,shared,C_update_on,18,0.000000,0.074074,0.666667,8,0,8,8,0,8,8,0,7
14,shared,C_update_on,19,0.000000,0.074074,0.666667,8,0,7,8,0,8,8,0,8
14,shared,C_update_on,20,0.000000,0.296296,1.333333,8,0,8,6,0,8,6,0,8
14,shared,C_update_on,21,0.000000,0.296296,1.333333,7,0,8,5,0,8,5,0,8
14,shared,C_update_on,22,0.000000,0.074074,0.666667,5,0,8,5,0,8,5,0,7
14,shared,C_update_on,23,0.000000,0.148148,0.942809,6,0,7,5,0,8,5,0,8
14,shared,C_update_on,24,0.000000,0.148148,0.942809,6,0,8,6,0,8,7,0,7
14,shared,C_update_on,25,0.000000,0.074074,0.666667,8,0,7,8,0,8,8,0,8
14,shared,C_update_on,26,0.000000,0.074074,0.666667,8,0,8,8,0,8,7,0,8
14,shared,C_update_on,27,0.000000,0.074074,0.666667,7,0,8,7,0,8,7,0,7
14,shared,C_update_on,28,0.000000,0.148148,1.138071,7,0,7,6,0,7,6,0,8
14,shared,C_update_on,29,0.000000,0.296296,1.609476,6,0,8,4,0,8,5,0,7
14,shared,C_update_on,30,0.000000,0.370370,1.490712,5,0,7,3,0,8,3,0,8
14,shared,C_update_on,31,0.000000,0.000000,0.000000,4,0,8,4,0,8,4,0,8
14,shared,C_update_on,32,0.000000,0.148148,0.942809,5,0,8,5,0,8,4,0,7
14,shared,C_update_on,33,0.000000,0.148148,0.942809,5,0,7,5,0,7,6,0,6
14,shared,C_update_on,34,0.000000,0.000000,0.000000,7,0,6,7,0,6,7,0,6
14,shared,C_update_on,35,0.000000,0.000000,0.000000,8,0,6,8,0,6,8,0,6
14,shared,C_update_on,36,0.000000,0.074074,0.666667,8,0,6,8,0,7,8,0,7
14,shared,C_update_on,37,0.000000,0.148148,1.138071,8,0,7,8,0,8,7,0,8
14,shared,C_update_on,38,0.000000,0.074074,0.666667,8,0,8,7,0,8,7,0,8
14,shared,C_update_on,39,0.000000,0.296296,1.333333,7,0,8,5,0,8,5,0,8
14,shared,C_update_on,40,0.000000,0.148148,1.138071,6,0,8,5,0,8,5,0,7
14,shared,C_update_on,41,0.000000,0.074074,0.666667,5,0,7,5,0,7,6,0,7
14,shared,C_update_on,42,0.000000,0.148148,0.942809,7,0,7,6,0,8,6,0,8
14,shared,C_update_on,43,0.000000,0.074074,0.666667,7,0,7,7,0,7,7,0,6
14,shared,C_update_on,44,0.000000,0.074074,0.666667,8,0,7,8,0,8,8,0,7
14,shared,C_update_on,45,0.000000,0.000000,0.000000,8,0,7,8,0,7,8,0,7
14,shared,C_update_on,46,0.000000,0.296296,1.550094,8,0,7,7,0,8,6,0,8
14,shared,C_update_on,47,0.000000,0.296296,1.550094,6,0,7,4,0,8,5,0,7
14,shared,C_update_on,48,0.000000,0.148148,0.942809,7,0,7,6,0,8,6,0,8
14,shared,C_update_on,49,0.000000,0.148148,1.138071,6,0,8,5,0,8,5,0,7
14,shared,C_update_off,0,0.000000,0.074074,0.666667,5,2,6,5,2,7,5,2,7
14,shared,C_update_off,1,0.000000,0.000000,0.000000,6,2,7,6,2,7,6,2,7
14,shared,C_update_off,2,0.000000,0.074074,0.666667,7,2,7,7,2,8,7,2,8
14,shared,C_update_off,3,0.000000,0.000000,0.000000,8,2,8,8,2,8,8,2,8
14,shared,C_update_off,4,0.000000,0.000000,0.000000,8,2,8,8,2,8,8,2,8
14,shared,C_update_off,5,0.000000,0.000000,0.000000,8,2,8,8,2,8,8,2,8
14,shared,C_update_off,6,0.222222,0.370370,1.490712,8,2,8,6,3,8,6,3,8
14,shared,C_update_off,7,0.222222,0.370370,1.490712,6,3,8,4,4,8,4,4,8
14,shared,C_update_off,8,0.222222,0.148148,0.942809,5,4,8,6,5,8,6,5,8
14,shared,C_update_off,9,0.000000,0.074074,0.666667,7,5,8,6,5,8,6,5,8
14,shared,C_update_off,10,0.222222,0.148148,1.138071,8,5,8,8,6,8,8,6,7
14,shared,C_update_off,11,0.222222,0.222222,1.154701,8,6,7,7,5,8,7,5,8
14,shared,C_update_off,12,0.222222,0.444444,1.954568,8,5,8,6,5,8,6,6,7
14,shared,C_update_off,13,0.222222,0.444444,1.954568,6,6,7,4,7,8,4,6,7
14,shared,C_update_off,14,0.222222,0.148148,0.942809,5,6,7,5,6,7,5,7,8
14,shared,C_update_off,15,0.000000,0.000000,0.000000,6,7,8,6,7,8,6,7,8
14,shared,C_update_off,16,0.666667,0.222222,1.333333,8,7,8,8,6,8,8,5,8
14,shared,C_update_off,17,0.222222,0.148148,0.942809,8,4,8,8,4,8,8,5,7
14,shared,C_update_off,18,0.222222,0.148148,0.942809,8,4,6,8,5,7,8,4,6
14,shared,C_update_off,19,0.222222,0.814815,2.535120,8,3,6,6,2,7,5,2,8
14,shared,C_update_off,20,0.666667,0.518519,2.021498,7,1,8,5,2,8,5,3,8
14,shared,C_update_off,21,0.222222,0.222222,1.382088,7,2,8,6,2,8,6,3,7
14,shared,C_update_off,22,0.222222,0.222222,1.382088,6,2,7,6,2,8,7,3,7
14,shared,C_update_off,23,0.222222,0.222222,1.382088,8,2,7,8,2,8,7,3,7
14,shared,C_update_off,24,0.222222,0.148148,0.942809,8,4,6,8,5,7,8,4,6
14,shared,C_update_off,25,0.222222,0.222222,1.382088,8,4,6,8,4,7,7,5,6
14,shared,C_update_off,26,0.222222,0.444444,1.954568,8,5,6,6,4,7,6,5,6
14,shared,C_update_off,27,0.666667,0.518519,2.139203,6,4,6,4,5,7,5,6,6
14,shared,C_update_off,28,0.222222,0.370370,1.821367,5,6,6,4,7,7,5,6,8
14,shared,C_update_off,29,0.222222,0.148148,0.942809,5,6,8,5,6,8,5,5,7
14,shared,C_update_off,30,0.222222,0.222222,1.154701,5,5,7,5,5,7,4,6,6
14,shared,C_update_off,31,0.222222,0.222222,1.154701,5,6,6,5,6,6,6,5,5
14,shared,C_update_off,32,0.222222,0.370370,1.727180,7,5,5,7,5,6,8,6,7
14,shared,C_update_off,33,0.000000,0.148148,0.942809,8,6,7,8,6,7,7,6,8
14,shared,C_update_off,34,0.222222,0.074074,0.666667,8,5,8,8,5,8,8,4,8
14,shared,C_update_off,35,0.222222,0.148148,0.942809,8,3,7,8,3,7,7,2,7
14,shared,C_update_off,36,0.222222,0.148148,1.138071,8,1,8,8,2,8,8,2,7
14,shared,C_update_off,37,0.222222,0.444444,1.632993,8,2,6,6,1,7,6,1,7
14,shared,C_update_off,38,0.222222,0.222222,1.414214,7,0,7,6,0,8,7,1,8
14,shared,C_update_off,39,0.666667,0.296296,1.550094,7,0,8,6,1,8,6,2,8
14,shared,C_update_off,40,0.666667,0.370370,1.727180,7,3,8,7,4,8,6,5,7
14,shared,C_update_off,41,0.222222,0.222222,1.414214,6,5,7,6,6,8,7,6,7
14,shared,C_update_off,42,0.222222,0.444444,1.895186,8,5,7,6,6,8,6,5,8
14,shared,C_update_off,43,0.666667,0.370370,1.794111,7,5,8,6,4,8,7,3,7
14,shared,C_update_off,44,0.666667,0.370370,1.794111,8,3,6,7,4,7,7,5,6
14,shared,C_update_off,45,0.222222,0.148148,0.942809,8,5,6,8,5,6,8,4,7
14,shared,C_update_off,46,0.222222,0.222222,1.382088,8,4,7,8,4,8,7,5,8
14,shared,C_update_off,47,0.222222,0.222222,1.154701,7,5,8,7,5,8,8,4,7
14,shared,C_update_off,48,0.222222,0.148148,1.138071,8,4,7,8,3,8,8,3,7
14,shared,C_update_off,49,0.666667,0.592593,2.149830,8,3,7,6,4,8,6,5,8
14,isolated,C_update_on,0,0.888889,0.370370,1.745356,5,3,6,5,1,7,5,1,6
14,isolated,C_update_on,1,0.888889,0.814815,2.688165,7,2,6,5,0,7,5,2,5
14,isolated,C_update_on,2,0.222222,1.259259,3.361485,8,1,6,5,1,8,5,2,5
14,isolated,C_update_on,3,0.222222,1.259259,3.352761,8,2,6,5,1,8,5,1,5
14,isolated,C_update_on,4,0.666667,1.703704,3.844076,8,2,6,4,0,8,5,1,5
14,isolated,C_update_on,5,0.222222,1.555556,3.701795,8,1,6,4,1,8,5,0,5
14,isolated,C_update_on,6,0.666667,2.000000,4.160518,8,2,6,4,0,8,6,1,4
14,isolated,C_update_on,7,0.222222,1.481481,3.616064,8,1,6,5,1,8,6,0,4
14,isolated,C_update_on,8,0.888889,2.370370,4.398017,8,2,6,3,0,8,7,0,5
14,isolated,C_update_on,9,0.222222,2.148148,4.069759,8,1,6,3,0,8,7,0,5
14,isolated,C_update_on,10,0.222222,2.148148,4.069759,8,1,6,3,0,8,7,0,5
14,isolated,C_update_on,11,0.222222,2.148148,4.069759,8,1,6,3,0,8,7,0,5
14,isolated,C_update_on,12,0.000000,2.074074,3.933126,8,0,6,3,0,8,7,0,5
14,isolated,C_update_on,13,0.000000,2.074074,3.933126,8,0,6,3,0,8,7,0,5
14,isolated,C_update_on,14,0.000000,2.074074,3.933126,8,0,6,3,0,8,7,0,5
14,isolated,C_update_on,15,0.000000,2.074074,3.933126,8,0,6,3,0,8,7,0,5
14,isolated,C_update_on,16,0.000000,2.074074,3.933126,8,0,6,3,0,8,7,0,5
14,isolated,C_update_on,17,0.000000,2.074074,3.933126,8,0,6,3,0,8,7,0,5
14,isolated,C_update_on,18,0.000000,2.074074,3.933126,8,0,6,3,0,8,7,0,5
14,isolated,C_update_on,19,0.000000,2.074074,3.933126,8,0,6,3,0,8,7,0,5
14,isolated,C_update_on,20,0.000000,2.074074,3.933126,8,0,6,3,0,8,7,0,5
14,isolated,C_update_on,21,0.000000,2.074074,3.933126,8,0,6,3,0,8,7,0,5
14,isolated,C_update_on,22,0.000000,2.074074,3.933126,8,0,6,3,0,8,7,0,5
14,isolated,C_update_on,23,0.000000,2.074074,3.933126,8,0,6,3,0,8,7,0,5
14,isolated,C_update_on,24,0.000000,2.074074,3.933126,8,0,6,3,0,8,7,0,5
14,isolated,C_update_on,25,0.000000,2.074074,3.933126,8,0,6,3,0,8,7,0,5
14,isolated,C_update_on,26,0.000000,2.074074,3.933126,8,0,6,3,0,8,7,0,5
14,isolated,C_update_on,27,0.000000,2.074074,3.933126,8,0,6,3,0,8,7,0,5
14,isolated,C_update_on,28,0.000000,2.074074,3.933126,8,0,6,3,0,8,7,0,5
14,isolated,C_update_on,29,0.000000,2.074074,3.933126,8,0,6,3,0,8,7,0,5
14,isolated,C_update_on,30,0.000000,2.074074,3.933126,8,0,6,3,0,8,7,0,5
14,isolated,C_update_on,31,0.000000,2.074074,3.933126,8,0,6,3,0,8,7,0,5
14,isolated,C_update_on,32,0.000000,2.074074,3.933126,8,0,6,3,0,8,7,0,5
14,isolated,C_update_on,33,0.000000,2.074074,3.933126,8,0,6,3,0,8,7,0,5
14,isolated,C_update_on,34,0.000000,2.074074,3.933126,8,0,6,3,0,8,7,0,5
14,isolated,C_update_on,35,0.000000,2.444444,4.426029,8,0,6,3,0,8,7,0,4
14,isolated,C_update_on,36,0.000000,2.444444,4.426029,8,0,6,3,0,8,7,0,4
14,isolated,C_update_on,37,0.000000,2.444444,4.426029,8,0,6,3,0,8,7,0,4
14,isolated,C_update_on,38,0.000000,2.444444,4.426029,8,0,6,3,0,8,7,0,4
14,isolated,C_update_on,39,0.000000,2.444444,4.426029,8,0,6,3,0,8,7,0,4
14,isolated,C_update_on,40,0.000000,2.444444,4.426029,8,0,6,3,0,8,7,0,4
14,isolated,C_update_on,41,0.000000,2.444444,4.426029,8,0,6,3,0,8,7,0,4
14,isolated,C_update_on,42,0.000000,2.444444,4.426029,8,0,6,3,0,8,7,0,4
14,isolated,C_update_on,43,0.000000,2.444444,4.426029,8,0,6,3,0,8,7,0,4
14,isolated,C_update_on,44,0.000000,2.444444,4.426029,8,0,6,3,0,8,7,0,4
14,isolated,C_update_on,45,0.000000,2.444444,4.426029,8,0,6,3,0,8,7,0,4
14,isolated,C_update_on,46,0.000000,2.444444,4.426029,8,0,6,3,0,8,7,0,4
14,isolated,C_update_on,47,0.000000,2.444444,4.426029,8,0,6,3,0,8,7,0,4
14,isolated,C_update_on,48,0.000000,2.444444,4.426029,8,0,6,3,0,8,7,0,4
14,isolated,C_update_on,49,0.000000,2.444444,4.426029,8,0,6,3,0,8,7,0,4
14,isolated,C_update_off,0,0.000000,0.074074,0.666667,5,2,6,5,2,7,5,2,6
14,isolated,C_update_off,1,0.000000,0.148148,1.138071,6,2,6,5,2,7,5,2,6
14,isolated,C_update_off,2,0.000000,0.592593,2.276142,7,2,6,5,2,8,5,2,6
14,isolated,C_update_off,3,0.000000,0.962963,2.868517,8,2,6,5,2,8,5,2,6
14,isolated,C_update_off,4,0.000000,0.962963,2.868517,8,2,6,5,2,8,5,2,6
14,isolated,C_update_off,5,0.000000,0.962963,2.868517,8,2,6,5,2,8,5,2,6
14,isolated,C_update_off,6,0.000000,0.962963,2.868517,8,2,6,5,2,8,5,2,6
14,isolated,C_update_off,7,0.000000,0.962963,2.868517,8,2,6,5,2,8,5,2,6
14,isolated,C_update_off,8,0.222222,1.925926,3.686600,8,2,6,3,3,8,7,2,6
14,isolated,C_update_off,9,0.888889,1.111111,2.862402,8,2,6,5,4,8,7,2,6
14,isolated,C_update_off,10,2.000000,2.740741,4.469860,8,2,6,3,5,8,7,2,5
14,isolated,C_update_off,11,1.555556,2.962963,4.871301,8,2,6,3,5,8,7,3,4
14,isolated,C_update_off,12,1.555556,2.444444,4.507771,8,2,6,3,5,8,6,4,5
14,isolated,C_update_off,13,1.555556,2.370370,4.327686,8,2,6,3,5,8,7,4,6
14,isolated,C_update_off,14,1.555556,2.592593,4.570974,8,2,6,3,5,8,7,4,5
14,isolated,C_update_off,15,2.000000,2.740741,4.827013,8,2,6,3,5,8,7,5,5
14,isolated,C_update_off,16,1.555556,2.370370,4.327686,8,2,6,3,5,8,7,4,6
14,isolated,C_update_off,17,1.555556,2.370370,4.327686,8,2,6,3,5,8,7,4,6
14,isolated,C_update_off,18,1.555556,2.370370,4.327686,8,2,6,3,5,8,7,4,6
14,isolated,C_update_off,19,1.555556,2.370370,4.327686,8,2,6,3,5,8,7,4,6
14,isolated,C_update_off,20,1.555556,2.370370,4.327686,8,2,6,3,5,8,7,4,6
14,isolated,C_update_off,21,1.555556,2.370370,4.327686,8,2,6,3,5,8,7,4,6
14,isolated,C_update_off,22,1.555556,2.592593,4.570974,8,2,6,3,5,8,7,4,5
14,isolated,C_update_off,23,2.000000,2.518519,4.599609,8,2,6,3,5,8,7,5,6
14,isolated,C_update_off,24,2.000000,2.518519,4.599609,8,2,6,3,5,8,7,5,6
14,isolated,C_update_off,25,2.000000,2.518519,4.599609,8,2,6,3,5,8,7,5,6
14,isolated,C_update_off,26,2.000000,2.518519,4.599609,8,2,6,3,5,8,7,5,6
14,isolated,C_update_off,27,2.000000,2.518519,4.599609,8,2,6,3,5,8,7,5,6
14,isolated,C_update_off,28,2.000000,2.518519,4.599609,8,2,6,3,5,8,7,5,6
14,isolated,C_update_off,29,2.000000,2.518519,4.599609,8,2,6,3,5,8,7,5,6
14,isolated,C_update_off,30,2.000000,2.518519,4.599609,8,2,6,3,5,8,7,5,6
14,isolated,C_update_off,31,2.000000,2.518519,4.599609,8,2,6,3,5,8,7,5,6
14,isolated,C_update_off,32,3.555556,3.259259,5.316948,8,1,6,3,5,8,7,5,5
14,isolated,C_update_off,33,4.666667,3.407407,5.463266,8,1,6,3,5,8,7,6,6
14,isolated,C_update_off,34,3.555556,3.259259,5.316948,8,1,6,3,5,8,7,5,5
14,isolated,C_update_off,35,4.666667,4.000000,5.976664,8,1,6,3,5,8,7,6,4
14,isolated,C_update_off,36,4.666667,4.000000,5.976664,8,1,6,3,5,8,7,6,4
14,isolated,C_update_off,37,5.555556,4.296296,6.160850,8,1,6,3,6,8,7,6,4
14,isolated,C_update_off,38,5.555556,4.296296,6.160850,8,1,6,3,6,8,7,6,4
14,isolated,C_update_off,39,4.666667,4.000000,5.891869,8,1,6,3,6,8,7,5,4
14,isolated,C_update_off,40,4.666667,4.000000,5.891869,8,1,6,3,6,8,7,5,4
14,isolated,C_update_off,41,4.666667,4.000000,5.891869,8,1,6,3,6,8,7,5,4
14,isolated,C_update_off,42,4.666667,4.000000,5.891869,8,1,6,3,6,8,7,5,4
14,isolated,C_update_off,43,4.666667,4.000000,5.891869,8,1,6,3,6,8,7,5,4
14,isolated,C_update_off,44,4.666667,4.000000,5.891869,8,1,6,3,6,8,7,5,4
14,isolated,C_update_off,45,4.666667,4.000000,5.891869,8,1,6,3,6,8,7,5,4
14,isolated,C_update_off,46,4.666667,4.000000,5.891869,8,1,6,3,6,8,7,5,4
14,isolated,C_update_off,47,4.666667,4.000000,5.891869,8,1,6,3,6,8,7,5,4
14,isolated,C_update_off,48,4.666667,4.000000,5.891869,8,1,6,3,6,8,7,5,4
14,isolated,C_update_off,49,4.666667,4.000000,5.891869,8,1,6,3,6,8,7,5,4
15,shared,C_update_on,0,0.666667,0.296296,1.550094,6,3,6,6,2,7,6,1,7
15,shared,C_update_on,1,0.222222,0.148148,1.138071,8,1,7,8,0,8,8,0,7
15,shared,C_update_on,2,0.000000,0.074074,0.666667,8,0,7,8,0,8,8,0,7
15,shared,C_update_on,3,0.000000,0.074074,0.666667,8,0,6,8,0,7,8,0,7
15,shared,C_update_on,4,0.000000,0.370370,1.490712,8,0,7,6,0,8,6,0,8
15,shared,C_update_on,5,0.000000,0.296296,1.333333,8,0,8,6,0,8,6,0,8
15,shared,C_update_on,6,0.000000,0.074074,0.666667,8,0,8,7,0,8,7,0,8
15,shared,C_update_on,7,0.000000,0.074074,0.666667,8,0,7,8,0,8,8,0,8
15,shared,C_update_on,8,0.000000,0.000000,0.000000,8,0,8,8,0,8,8,0,8
15,shared,C_update_on,9,0.000000,0.000000,0.000000,8,0,8,8,0,8,8,0,8
15,shared,C_update_on,10,0.000000,0.074074,0.666667,8,0,8,8,0,8,8,0,7
15,shared,C_update_on,11,0.000000,0.370370,1.745356,8,0,7,6,0,8,6,0,7
15,shared,C_update_on,12,0.000000,0.370370,1.490712,6,0,7,4,0,8,4,0,8
15,shared,C_update_on,13,0.000000,0.074074,0.666667,6,0,8,5,0,8,5,0,8
15,shared,C_update_on,14,0.000000,0.000000,0.000000,6,0,8,6,0,8,6,0,8
15,shared,C_update_on,15,0.000000,0.000000,0.000000,7,0,8,7,0,8,7,0,8
15,shared,C_update_on,16,0.000000,0.000000,0.000000,8,0,8,8,0,8,8,0,8
15,shared,C_update_on,17,0.000000,0.000000,0.000000,8,0,8,8,0,8,8,0,8
15,shared,C_update_on,18,0.000000,0.148148,1.138071,8,0,8,7,0,8,7,0,7
15,shared,C_update_on,19,0.000000,0.074074,0.666667,8,0,7,8,0,8,8,0,7
15,shared,C_update_on,20,0.000000,0.370370,1.745356,8,0,7,6,0,8,6,0,7
15,shared,C_update_on,21,0.000000,0.148148,0.942809,8,0,7,7,0,8,7,0,8
15,shared,C_update_on,22,0.000000,0.074074,0.666667,8,0,8,7,0,8,7,0,8
15,shared,C_update_on,23,0.000000,0.074074,0.666667,7,0,8,6,0,8,6,0,8
15,shared,C_update_on,24,0.000000,0.000000,0.000000,6,0,8,6,0,8,6,0,8
15,shared,C_update_on,25,0.000000,0.000000,0.000000,6,0,8,6,0,8,6,0,8
15,shared,C_update_on,26,0.000000,0.370370,1.490712,8,0,7,6,0,8,6,0,8
15,shared,C_update_on,27,0.000000,0.074074,0.666667,6,0,8,5,0,8,5,0,8
15,shared,C_update_on,28,0.000000,0.000000,0.000000,5,0,8,5,0,8,5,0,8
15,shared,C_update_on,29,0.000000,0.074074,0.666667,5,0,7,5,0,7,5,0,6
15,shared,C_update_on,30,0.000000,0.074074,0.666667,7,0,6,7,0,6,7,0,5
15,shared,C_update_on,31,0.000000,0.296296,1.550094,8,0,4,7,0,5,7,0,6
15,shared,C_update_on,32,0.000000,0.148148,0.942809,8,0,7,7,0,8,7,0,8
15,shared,C_update_on,33,0.000000,0.074074,0.666667,8,0,8,8,0,8,8,0,7
15,shared,C_update_on,34,0.000000,0.074074,0.666667,8,0,6,8,0,7,8,0,7
15,shared,C_update_on,35,0.000000,0.296296,1.333333,8,0,7,6,0,7,6,0,7
15,shared,C_update_on,36,0.000000,0.296296,1.333333,6,0,7,4,0,7,4,0,7
15,shared,C_update_on,37,0.000000,0.074074,0.666667,5,0,7,4,0,7,4,0,7
15,shared,C_update_on,38,0.000000,0.074074,0.666667,6,0,7,6,0,7,6,0,6
15,shared,C_update_on,39,0.000000,0.074074,0.666667,8,0,6,8,0,6,8,0,5
15,shared,C_update_on,40,0.000000,0.074074,0.666667,8,0,5,8,0,6,8,0,6
15,shared,C_update_on,41,0.000000,0.000000,0.000000,8,0,6,8,0,6,8,0,6
15,shared,C_update_on,42,0.000000,0.074074,0.666667,8,0,6,8,0,7,8,0,7
15,shared,C_update_on,43,0.000000,0.370370,1.490712,8,0,7,6,0,8,6,0,8
15,shared,C_update_on,44,0.000000,0.074074,0.666667,7,0,8,6,0,8,6,0,8
15,shared,C_update_on,45,0.000000,0.000000,0.000000,6,0,8,6,0,8,6,0,8
15,shared,C_update_on,46,0.000000,0.074074,0.666667,8,0,8,7,0,8,7,0,8
15,shared,C_update_on,47,0.000000,0.000000,0.000000,7,0,8,7,0,8,7,0,8
15,shared,C_update_on,48,0.000000,0.000000,0.000000,8,0,8,8,0,8,8,0,8
15,shared,C_update_on,49,0.000000,0.370370,1.745356,8,0,8,6,0,8,6,0,7
15,shared,C_update_off,0,0.000000,0.074074,0.666667,6,2,6,6,2,7,6,2,7
15,shared,C_update_off,1,0.000000,0.074074,0.666667,6,2,7,6,2,8,6,2,8
15,shared,C_update_off,2,0.000000,0.000000,0.000000,6,2,8,6,2,8,6,2,8
15,shared,C_update_off,3,0.000000,0.000000,0.000000,8,2,8,8,2,8,8,2,8
15,shared,C_update_off,4,0.000000,0.000000,0.000000,8,2,8,8,2,8,8,2,8
15,shared,C_update_off,5,0.000000,0.074074,0.666667,8,2,8,7,2,8,7,2,8
15,shared,C_update_off,6,0.222222,0.370370,1.490712,8,2,8,6,3,8,6,3,8
15,shared,C_update_off,7,0.222222,0.074074,0.666667,7,3,8,7,4,8,7,4,8
15,shared,C_update_off,8,0.222222,0.370370,1.490712,8,4,8,6,5,8,6,5,8
15,shared,C_update_off,9,0.222222,0.148148,0.942809,6,5,8,6,5,8,6,6,7
15,shared,C_update_off,10,0.222222,0.148148,1.138071,7,6,7,7,6,8,7,7,7
15,shared,C_update_off,11,0.222222,0.148148,1.138071,8,7,7,7,7,7,7,6,7
15,shared,C_update_off,12,0.222222,0.222222,1.154701,7,6,7,6,5,8,6,5,8
15,shared,C_update_off,13,0.000000,0.074074,0.666667,8,5,8,7,5,8,7,5,8
15,shared,C_update_off,14,0.000000,0.000000,0.000000,8,5,8,8,5,8,8,5,8
15,shared,C_update_off,15,0.000000,0.370370,1.745356,8,5,8,6,5,8,6,5,7
15,shared,C_update_off,16,0.222222,0.148148,0.942809,8,5,7,8,5,7,8,4,6
15,shared,C_update_off,17,0.000000,0.074074,0.666667,8,3,6,8,3,7,8,3,6
15,shared,C_update_off,18,0.666667,0.592593,2.216761,8,2,5,6,3,5,6,4,6
15,shared,C_update_off,19,0.666667,0.296296,1.550094,8,3,6,7,4,6,7,5,6
15,shared,C_update_off,20,0.222222,0.444444,1.895186,8,5,6,6,6,7,6,6,6
15,shared,C_update_off,21,0.222222,0.148148,1.138071,8,6,6,8,6,7,8,5,7
15,shared,C_update_off,22,0.000000,0.074074,0.666667,8,5,7,8,5,8,8,5,8
15,shared,C_update_off,23,0.000000,0.000000,0.000000,8,4,8,8,4,8,8,4,8
15,shared,C_update_off,24,0.222222,0.370370,1.490712,8,3,8,6,2,8,6,2,8
15,shared,C_update_off,25,0.222222,0.370370,1.490712,6,1,8,4,2,8,4,2,8
15,shared,C_update_off,26,0.666667,0.370370,1.759306,6,2,8,5,3,8,5,4,7
15,shared,C_update_off,27,0.000000,0.074074,0.666667,5,4,7,5,4,8,5,4,7
15,shared,C_update_off,28,0.222222,0.148148,0.942809,5,3,6,5,3,6,6,2,6
15,shared,C_update_off,29,0.222222,0.148148,0.942809,6,1,6,6,1,6,6,2,5
15,shared,C_update_off,30,0.222222,0.222222,1.154701,8,3,6,8,3,6,7,4,7
15,shared,C_update_off,31,0.222222,0.148148,1.138071,8,4,7,8,4,8,8,5,8
15,shared,C_update_off,32,0.222222,0.074074,0.666667,8,5,8,8,6,8,8,5,8
15,shared,C_update_off,33,0.222222,0.370370,1.745356,8,5,8,6,5,8,6,6,8
15,shared,C_update_off,34,0.666667,0.592593,2.216761,7,6,8,5,5,8,5,4,7
15,shared,C_update_off,35,0.222222,0.370370,1.727180,6,4,7,5,5,8,4,5,8
15,shared,C_update_off,36,0.222222,0.592593,2.192164,4,5,8,5,6,8,7,6,8
15,shared,C_update_off,37,0.000000,0.000000,0.000000,8,5,8,8,5,8,8,5,8
15,shared,C_update_off,38,0.000000,0.296296,1.550094,8,4,7,7,4,7,6,4,6
15,shared,C_update_off,39,0.222222,0.148148,0.942809,8,3,7,8,3,7,8,4,6
15,shared,C_update_off,40,0.222222,0.370370,1.727180,8,3,5,8,3,6,7,4,7
15,shared,C_update_off,41,0.222222,0.444444,1.895186,8,3,7,6,4,8,6,4,7
15,shared,C_update_off,42,0.222222,0.444444,1.895186,7,3,7,5,2,8,5,3,8
15,shared,C_update_off,43,0.222222,0.370370,1.794111,6,4,8,7,5,8,8,4,7
15,shared,C_update_off,44,0.222222,0.666667,2.393847,8,4,7,6,3,8,5,4,7
15,shared,C_update_off,45,0.000000,0.074074,0.666667,5,4,7,5,4,7,5,4,8
15,shared,C_update_off,46,0.000000,0.000000,0.000000,7,4,8,7,4,8,7,4,8
15,shared,C_update_off,47,0.000000,0.000000,0.000000,7,3,8,7,3,8,7,3,8
15,shared,C_update_off,48,0.666667,0.592593,2.216761,8,3,8,6,4,8,6,5,7
15,shared,C_update_off,49,0.222222,0.148148,1.138071,7,5,7,6,5,7,7,4,7
15,isolated,C_update_on,0,0.888889,0.444444,1.895186,6,3,6,5,1,7,5,1,6
15,isolated,C_update_on,1,0.888889,1.481481,3.630312,8,2,6,5,0,8,5,2,5
15,isolated,C_update_on,2,0.222222,1.259259,3.361485,8,1,6,5,1,8,5,2,5
15,isolated,C_update_on,3,0.222222,1.259259,3.352761,8,2,6,5,1,8,5,1,5
15,isolated,C_update_on,4,0.666667,1.703704,3.844076,8,2,6,4,0,8,5,1,5
15,isolated,C_update_on,5,0.222222,1.555556,3.701795,8,1,6,4,1,8,5,0,5
15,isolated,C_update_on,6,0.666667,2.000000,4.160518,8,2,6,4,0,8,6,1,4
15,isolated,C_update_on,7,0.222222,1.481481,3.616064,8,1,6,5,1,8,6,0,4
15,isolated,C_update_on,8,0.888889,2.370370,4.398017,8,2,6,3,0,8,7,0,5
15,isolated,C_update_on,9,0.222222,2.148148,4.069759,8,1,6,3,0,8,7,0,5
15,isolated,C_update_on,10,0.222222,2.148148,4.069759,8,1,6,3,0,8,7,0,5
15,isolated,C_update_on,11,0.222222,2.148148,4.069759,8,1,6,3,0,8,7,0,5
15,isolated,C_update_on,12,0.000000,2.074074,3.933126,8,0,6,3,0,8,7,0,5
15,isolated,C_update_on,13,0.000000,2.074074,3.933126,8,0,6,3,0,8,7,0,5
15,isolated,C_update_on,14,0.000000,2.074074,3.933126,8,0,6,3,0,8,7,0,5
15,isolated,C_update_on,15,0.000000,2.074074,3.933126,8,0,6,3,0,8,7,0,5
15,isolated,C_update_on,16,0.000000,2.074074,3.933126,8,0,6,3,0,8,7,0,5
15,isolated,C_update_on,17,0.000000,2.074074,3.933126,8,0,6,3,0,8,7,0,5
15,isolated,C_update_on,18,0.000000,2.074074,3.933126,8,0,6,3,0,8,7,0,5
15,isolated,C_update_on,19,0.000000,2.074074,3.933126,8,0,6,3,0,8,7,0,5
15,isolated,C_update_on,20,0.000000,2.074074,3.933126,8,0,6,3,0,8,7,0,5
15,isolated,C_update_on,21,0.000000,2.074074,3.933126,8,0,6,3,0,8,7,0,5
15,isolated,C_update_on,22,0.000000,2.074074,3.933126,8,0,6,3,0,8,7,0,5
15,isolated,C_update_on,23,0.000000,2.074074,3.933126,8,0,6,3,0,8,7,0,5
15,isolated,C_update_on,24,0.000000,2.074074,3.933126,8,0,6,3,0,8,7,0,5
15,isolated,C_update_on,25,0.000000,2.074074,3.933126,8,0,6,3,0,8,7,0,5
15,isolated,C_update_on,26,0.000000,2.074074,3.933126,8,0,6,3,0,8,7,0,5
15,isolated,C_update_on,27,0.000000,2.074074,3.933126,8,0,6,3,0,8,7,0,5
15,isolated,C_update_on,28,0.000000,2.074074,3.933126,8,0,6,3,0,8,7,0,5
15,isolated,C_update_on,29,0.000000,2.074074,3.933126,8,0,6,3,0,8,7,0,5
15,isolated,C_update_on,30,0.000000,2.074074,3.933126,8,0,6,3,0,8,7,0,5
15,isolated,C_update_on,31,0.000000,2.074074,3.933126,8,0,6,3,0,8,7,0,5
15,isolated,C_update_on,32,0.000000,2.074074,3.933126,8,0,6,3,0,8,7,0,5
15,isolated,C_update_on,33,0.000000,2.074074,3.933126,8,0,6,3,0,8,7,0,5
15,isolated,C_update_on,34,0.000000,2.074074,3.933126,8,0,6,3,0,8,7,0,5
15,isolated,C_update_on,35,0.000000,2.444444,4.426029,8,0,6,3,0,8,7,0,4
15,isolated,C_update_on,36,0.000000,2.444444,4.426029,8,0,6,3,0,8,7,0,4
15,isolated,C_update_on,37,0.000000,2.444444,4.426029,8,0,6,3,0,8,7,0,4
15,isolated,C_update_on,38,0.000000,2.444444,4.426029,8,0,6,3,0,8,7,0,4
15,isolated,C_update_on,39,0.000000,2.444444,4.426029,8,0,6,3,0,8,7,0,4
15,isolated,C_update_on,40,0.000000,2.444444,4.426029,8,0,6,3,0,8,7,0,4
15,isolated,C_update_on,41,0.000000,2.444444,4.426029,8,0,6,3,0,8,7,0,4
15,isolated,C_update_on,42,0.000000,2.444444,4.426029,8,0,6,3,0,8,7,0,4
15,isolated,C_update_on,43,0.000000,2.444444,4.426029,8,0,6,3,0,8,7,0,4
15,isolated,C_update_on,44,0.000000,2.444444,4.426029,8,0,6,3,0,8,7,0,4
15,isolated,C_update_on,45,0.000000,2.444444,4.426029,8,0,6,3,0,8,7,0,4
15,isolated,C_update_on,46,0.000000,2.444444,4.426029,8,0,6,3,0,8,7,0,4
15,isolated,C_update_on,47,0.000000,2.444444,4.426029,8,0,6,3,0,8,7,0,4
15,isolated,C_update_on,48,0.000000,2.444444,4.426029,8,0,6,3,0,8,7,0,4
15,isolated,C_update_on,49,0.000000,2.444444,4.426029,8,0,6,3,0,8,7,0,4
15,isolated,C_update_off,0,0.000000,0.148148,1.138071,6,2,6,5,2,7,5,2,6
15,isolated,C_update_off,1,0.000000,0.370370,1.745356,6,2,6,5,2,8,5,2,6
15,isolated,C_update_off,2,0.000000,0.370370,1.745356,6,2,6,5,2,8,5,2,6
15,isolated,C_update_off,3,0.000000,0.962963,2.868517,8,2,6,5,2,8,5,2,6
15,isolated,C_update_off,4,0.000000,0.962963,2.868517,8,2,6,5,2,8,5,2,6
15,isolated,C_update_off,5,0.000000,0.962963,2.868517,8,2,6,5,2,8,5,2,6
15,isolated,C_update_off,6,0.000000,0.962963,2.868517,8,2,6,5,2,8,5,2,6
15,isolated,C_update_off,7,0.000000,0.962963,2.868517,8,2,6,5,2,8,5,2,6
15,isolated,C_update_off,8,0.222222,1.925926,3.686600,8,2,6,3,3,8,7,2,6
15,isolated,C_update_off,9,0.888889,1.111111,2.862402,8,2,6,5,4,8,7,2,6
15,isolated,C_update_off,10,2.000000,2.740741,4.469860,8,2,6,3,5,8,7,2,5
15,isolated,C_update_off,11,1.555556,2.962963,4.871301,8,2,6,3,5,8,7,3,4
15,isolated,C_update_off,12,1.555556,2.444444,4.507771,8,2,6,3,5,8,6,4,5
15,isolated,C_update_off,13,1.555556,2.222222,4.244833,8,2,6,3,5,8,6,4,6
15,isolated,C_update_off,14,2.000000,2.740741,4.827013,8,2,6,3,5,8,7,5,5
15,isolated,C_update_off,15,1.555556,2.222222,4.244833,8,2,6,3,5,8,6,4,6
15,isolated,C_update_off,16,1.555556,2.370370,4.327686,8,2,6,3,5,8,7,4,6
15,isolated,C_update_off,17,1.555556,2.370370,4.327686,8,2,6,3,5,8,7,4,6
15,isolated,C_update_off,18,1.555556,2.370370,4.327686,8,2,6,3,5,8,7,4,6
15,isolated,C_update_off,19,1.555556,2.370370,4.327686,8,2,6,3,5,8,7,4,6
15,isolated,C_update_off,20,1.555556,2.592593,4.570974,8,2,6,3,5,8,7,4,5
15,isolated,C_update_off,21,2.000000,2.518519,4.599609,8,2,6,3,5,8,7,5,6
15,isolated,C_update_off,22,2.000000,2.518519,4.599609,8,2,6,3,5,8,7,5,6
15,isolated,C_update_off,23,2.000000,2.518519,4.599609,8,2,6,3,5,8,7,5,6
15,isolated,C_update_off,24,2.000000,2.518519,4.599609,8,2,6,3,5,8,7,5,6
15,isolated,C_update_off,25,2.000000,2.518519,4.599609,8,2,6,3,5,8,7,5,6
15,isolated,C_update_off,26,2.000000,2.518519,4.599609,8,2,6,3,5,8,7,5,6
15,isolated,C_update_off,27,2.000000,2.740741,4.827013,8,2,6,3,5,8,7,5,5
15,isolated,C_update_off,28,2.888889,3.407407,5.497184,8,2,6,3,5,8,7,6,4
15,isolated,C_update_off,29,2.000000,2.740741,4.827013,8,2,6,3,5,8,7,5,5
15,isolated,C_update_off,30,2.888889,3.407407,5.497184,8,2,6,3,5,8,7,6,4
15,isolated,C_update_off,31,2.888889,3.407407,5.497184,8,2,6,3,5,8,7,6,4
15,isolated,C_update_off,32,4.666667,4.000000,5.976664,8,1,6,3,5,8,7,6,4
15,isolated,C_update_off,33,4.666667,4.000000,5.976664,8,1,6,3,5,8,7,6,4
15,isolated,C_update_off,34,4.666667,4.000000,5.976664,8,1,6,3,5,8,7,6,4
15,isolated,C_update_off,35,4.666667,4.000000,5.976664,8,1,6,3,5,8,7,6,4
15,isolated,C_update_off,36,4.666667,4.000000,5.976664,8,1,6,3,5,8,7,6,4
15,isolated,C_update_off,37,5.555556,4.296296,6.160850,8,1,6,3,6,8,7,6,4
15,isolated,C_update_off,38,5.555556,4.296296,6.160850,8,1,6,3,6,8,7,6,4
15,isolated,C_update_off,39,5.555556,4.296296,6.160850,8,1,6,3,6,8,7,6,4
15,isolated,C_update_off,40,5.555556,4.296296,6.160850,8,1,6,3,6,8,7,6,4
15,isolated,C_update_off,41,5.555556,4.296296,6.160850,8,1,6,3,6,8,7,6,4
15,isolated,C_update_off,42,5.555556,4.296296,6.160850,8,1,6,3,6,8,7,6,4
15,isolated,C_update_off,43,5.555556,4.296296,6.160850,8,1,6,3,6,8,7,6,4
15,isolated,C_update_off,44,4.666667,4.000000,5.891869,8,1,6,3,6,8,7,5,4
15,isolated,C_update_off,45,4.666667,4.000000,5.891869,8,1,6,3,6,8,7,5,4
15,isolated,C_update_off,46,4.666667,4.000000,5.891869,8,1,6,3,6,8,7,5,4
15,isolated,C_update_off,47,4.666667,4.000000,5.891869,8,1,6,3,6,8,7,5,4
15,isolated,C_update_off,48,4.666667,4.000000,5.891869,8,1,6,3,6,8,7,5,4
15,isolated,C_update_off,49,4.666667,4.000000,5.891869,8,1,6,3,6,8,7,5,4
16,shared,C_update_on,0,0.666667,0.296296,1.550094,6,3,6,6,2,7,6,1,7
16,shared,C_update_on,1,0.222222,0.148148,1.138071,8,1,7,8,0,8,8,0,7
16,shared,C_update_on,2,0.000000,0.074074,0.666667,8,0,7,8,0,8,8,0,7
16,shared,C_update_on,3,0.000000,0.074074,0.666667,8,0,6,8,0,7,8,0,7
16,shared,C_update_on,4,0.000000,0.370370,1.490712,8,0,7,6,0,8,6,0,8
16,shared,C_update_on,5,0.000000,0.296296,1.333333,7,0,8,5,0,8,5,0,8
16,shared,C_update_on,6,0.000000,0.000000,0.000000,6,0,8,6,0,8,6,0,8
16,shared,C_update_on,7,0.000000,0.148148,0.942809,7,0,7,6,0,8,6,0,8
16,shared,C_update_on,8,0.000000,0.000000,0.000000,6,0,8,6,0,8,6,0,8
16,shared,C_update_on,9,0.000000,0.000000,0.000000,7,0,8,7,0,8,7,0,8
16,shared,C_update_on,10,0.000000,0.148148,1.138071,7,0,8,6,0,8,6,0,7
16,shared,C_update_on,11,0.000000,0.148148,1.138071,6,0,7,5,0,7,5,0,6
16,shared,C_update_on,12,0.000000,0.148148,0.942809,5,0,6,4,0,7,4,0,7
16,shared,C_update_on,13,0.000000,0.148148,0.942809,5,0,7,4,0,8,4,0,8
16,shared,C_update_on,14,0.000000,0.000000,0.000000,6,0,8,6,0,8,6,0,8
16,shared,C_update_on,15,0.000000,0.000000,0.000000,7,0,8,7,0,8,7,0,8
16,shared,C_update_on,16,0.000000,0.000000,0.000000,8,0,8,8,0,8,8,0,8
16,shared,C_update_on,17,0.000000,0.000000,0.000000,8,0,8,8,0,8,8,0,8
16,shared,C_update_on,18,0.000000,0.148148,1.138071,8,0,8,7,0,8,7,0,7
16,shared,C_update_on,19,0.000000,0.296296,1.333333,7,0,7,5,0,7,5,0,7
16,shared,C_update_on,20,0.000000,0.370370,1.745356,7,0,7,5,0,8,5,0,7
16,shared,C_update_on,21,0.000000,0.074074,0.666667,5,0,7,5,0,7,5,0,6
16,shared,C_update_on,22,0.000000,0.074074,0.666667,6,0,6,6,0,7,6,0,7
16,shared,C_update_on,23,0.000000,0.148148,1.138071,6,0,7,6,0,8,7,0,8
16,shared,C_update_on,24,0.000000,0.074074,0.666667,8,0,8,8,0,8,7,0,8
16,shared,C_update_on,25,0.000000,0.000000,0.000000,8,0,8,8,0,8,8,0,8
16,shared,C_update_on,26,0.000000,0.074074,0.666667,8,0,8,7,0,8,7,0,8
16,shared,C_update_on,27,0.000000,0.000000,0.000000,8,0,8,8,0,8,8,0,8
16,shared,C_update_on,28,0.000000,0.296296,1.333333,8,0,8,6,0,8,6,0,8
16,shared,C_update_on,29,0.000000,0.370370,1.745356,7,0,8,5,0,8,5,0,7
16,shared,C_update_on,30,0.000000,0.074074,0.666667,7,0,7,7,0,8,7,0,7
16,shared,C_update_on,31,0.000000,0.000000,0.000000,8,0,7,8,0,7,8,0,7
16,shared,C_update_on,32,0.000000,0.000000,0.000000,8,0,7,8,0,7,8,0,7
16,shared,C_update_on,33,0.000000,0.148148,0.942809,8,0,6,7,0,7,7,0,7
16,shared,C_update_on,34,0.000000,0.370370,1.490712,8,0,7,6,0,8,6,0,8
16,shared,C_update_on,35,0.000000,0.370370,1.490712,7,0,7,5,0,8,5,0,8
16,shared,C_update_on,36,0.000000,0.000000,0.000000,6,0,8,6,0,8,6,0,8
16,shared,C_update_on,37,0.000000,0.000000,0.000000,7,0,8,7,0,8,7,0,8
16,shared,C_update_on,38,0.000000,0.074074,0.666667,7,0,8,7,0,8,7,0,7
16,shared,C_update_on,39,0.000000,0.074074,0.666667,7,0,7,7,0,7,7,0,6
16,shared,C_update_on,40,0.000000,0.074074,0.666667,8,0,6,7,0,6,7,0,6
16,shared,C_update_on,41,0.000000,0.370370,1.490712,8,0,6,6,0,7,6,0,7
16,shared,C_update_on,42,0.000000,0.370370,1.490712,6,0,7,4,0,8,4,0,8
16,shared,C_update_on,43,0.000000,0.074074,0.666667,4,0,8,4,0,8,5,0,8
16,shared,C_update_on,44,0.000000,0.000000,0.000000,6,0,8,6,0,8,6,0,8
16,shared,C_update_on,45,0.000000,0.000000,0.000000,8,0,8,8,0,8,8,0,8
16,shared,C_update_on,46,0.000000,0.148148,0.942809,8,0,8,8,0,8,7,0,7
16,shared,C_update_on,47,0.000000,0.074074,0.666667,7,0,7,7,0,8,7,0,7
16,shared,C_update_on,48,0.000000,0.074074,0.666667,8,0,7,7,0,7,7,0,7
16,shared,C_update_on,49,0.000000,0.370370,1.490712,7,0,7,5,0,8,5,0,8
16,shared,C_update_off,0,0.000000,0.074074,0.666667,6,2,6,6,2,7,6,2,7
16,shared,C_update_off,1,0.000000,0.074074,0.666667,7,2,7,7,2,8,7,2,8
16,shared,C_update_off,2,0.000000,0.000000,0.000000,8,2,8,8,2,8,8,2,8
16,shared,C_update_off,3,0.000000,0.000000,0.000000,8,2,8,8,2,8,8,2,8
16,shared,C_update_off,4,0.000000,0.000000,0.000000,8,2,8,8,2,8,8,2,8
16,shared,C_update_off,5,0.222222,0.370370,1.490712,8,2,8,6,3,8,6,3,8
16,shared,C_update_off,6,0.222222,0.370370,1.490712,7,3,8,5,4,8,5,4,8
16,shared,C_update_off,7,0.222222,0.074074,0.666667,6,4,8,6,5,8,6,5,8
16,shared,C_update_off,8,0.222222,0.074074,0.666667,6,5,8,6,6,8,6,6,8
16,shared,C_update_off,9,0.222222,0.444444,1.962117,7,6,8,5,5,8,5,6,7
16,shared,C_update_off,10,0.222222,0.148148,1.138071,5,6,7,5,6,8,5,7,8
16,shared,C_update_off,11,0.222222,0.444444,1.954568,5,7,8,3,7,8,3,6,7
16,shared,C_update_off,12,0.222222,0.148148,1.138071,3,6,7,3,6,8,3,7,8
16,shared,C_update_off,13,0.000000,0.074074,0.666667,4,7,8,4,7,8,5,7,8
16,shared,C_update_off,14,0.222222,0.222222,1.154701,7,7,8,7,7,8,8,6,7
16,shared,C_update_off,15,0.222222,0.074074,0.666667,8,5,7,8,5,7,8,4,7
16,shared,C_update_off,16,0.000000,0.074074,0.666667,8,3,6,8,3,7,8,3,7
16,shared,C_update_off,17,0.000000,0.148148,1.138071,8,2,7,8,2,8,7,2,7
16,shared,C_update_off,18,0.666667,0.370370,1.794111,8,1,7,7,2,8,8,3,8
16,shared,C_update_off,19,0.222222,0.370370,1.794111,8,3,8,7,2,8,6,3,7
16,shared,C_update_off,20,0.222222,0.370370,1.759306,8,3,7,6,4,8,7,3,8
16,shared,C_update_off,21,0.666667,0.296296,1.550094,7,3,8,7,4,8,7,5,7
16,shared,C_update_off,22,0.222222,0.148148,1.138071,8,5,7,8,5,8,8,4,8
16,shared,C_update_off,23,0.000000,0.074074,0.666667,8,4,8,8,4,8,7,4,8
16,shared,C_update_off,24,0.222222,0.370370,1.490712,8,3,8,6,4,8,6,4,8
16,shared,C_update_off,25,0.222222,0.370370,1.794111,7,3,7,5,3,8,6,4,7
16,shared,C_update_off,26,0.666667,0.296296,1.550094,7,3,7,6,4,7,6,5,7
16,shared,C_update_off,27,0.666667,0.370370,1.794111,7,5,6,8,4,7,8,3,6
16,shared,C_update_off,28,0.000000,0.074074,0.666667,8,3,6,8,3,7,8,3,6
16,shared,C_update_off,29,0.666667,0.296296,1.550094,8,3,6,8,4,6,7,5,6
16,shared,C_update_off,30,0.666667,0.740741,2.442602,8,5,6,6,4,7,6,3,8
16,shared,C_update_off,31,0.222222,0.370370,1.794111,8,3,8,6,2,8,7,3,7
16,shared,C_update_off,32,0.666667,0.370370,1.794111,8,3,7,7,4,8,7,5,7
16,shared,C_update_off,33,0.222222,0.222222,1.154701,7,5,7,8,6,8,7,5,7
16,shared,C_update_off,34,0.666667,0.518519,2.104398,8,5,7,6,6,8,7,7,8
16,shared,C_update_off,35,0.666667,0.592593,2.216761,8,7,8,6,6,8,6,5,7
16,shared,C_update_off,36,0.666667,0.370370,1.821367,7,5,7,8,6,8,7,7,7
16,shared,C_update_off,37,0.222222,0.444444,1.895186,8,7,7,6,8,8,6,7,8
16,shared,C_update_off,38,0.666667,0.518519,2.157379,6,7,8,4,6,8,6,5,8
16,shared,C_update_off,39,0.000000,0.074074,0.666667,6,4,8,5,4,8,5,4,8
16,shared,C_update_off,40,0.222222,0.222222,1.154701,7,3,8,7,3,8,6,4,7
16,shared,C_update_off,41,0.222222,0.222222,1.382088,7,3,6,7,3,7,8,2,7
16,shared,C_update_off,42,0.222222,0.222222,1.382088,8,1,7,8,1,8,7,2,7
16,shared,C_update_off,43,0.222222,0.148148,0.942809,7,1,7,7,1,7,7,2,6
16,shared,C_update_off,44,0.666667,0.518519,2.139203,8,1,5,6,2,6,7,3,5
16,shared,C_update_off,45,0.222222,0.814815,2.595697,8,4,6,6,5,7,5,4,8
16,shared,C_update_off,46,0.222222,0.370370,1.759306,6,4,8,7,3,8,8,3,7
16,shared,C_update_off,47,0.666667,0.518519,2.048755,8,3,7,7,4,8,6,5,8
16,shared,C_update_off,48,0.222222,0.296296,1.550094,7,4,8,5,5,8,6,4,8
16,shared,C_update_off,49,0.222222,0.592593,2.216761,6,4,8,4,3,8,3,4,8
16,isolated,C_update_on,0,0.888889,0.444444,1.895186,6,3,6,5,1,7,5,1,6
16,isolated,C_update_on,1,0.888889,1.481481,3.630312,8,2,6,5,0,8,5,2,5
16,isolated,C_update_on,2,0.222222,1.259259,3.361485,8,1,6,5,1,8,5,2,5
16,isolated,C_update_on,3,0.222222,1.259259,3.352761,8,2,6,5,1,8,5,1,5
16,isolated,C_update_on,4,0.666667,1.703704,3.844076,8,2,6,4,0,8,5,1,5
16,isolated,C_update_on,5,0.222222,1.555556,3.701795,8,1,6,4,1,8,5,0,5
16,isolated,C_update_on,6,0.666667,2.000000,4.160518,8,2,6,4,0,8,6,1,4
16,isolated,C_update_on,7,0.222222,1.481481,3.616064,8,1,6,5,1,8,6,0,4
16,isolated,C_update_on,8,0.888889,2.370370,4.398017,8,2,6,3,0,8,7,0,5
16,isolated,C_update_on,9,0.222222,2.148148,4.069759,8,1,6,3,0,8,7,0,5
16,isolated,C_update_on,10,0.222222,2.148148,4.069759,8,1,6,3,0,8,7,0,5
16,isolated,C_update_on,11,0.000000,2.074074,3.933126,8,0,6,3,0,8,7,0,5
16,isolated,C_update_on,12,0.000000,2.074074,3.933126,8,0,6,3,0,8,7,0,5
16,isolated,C_update_on,13,0.000000,2.074074,3.933126,8,0,6,3,0,8,7,0,5
16,isolated,C_update_on,14,0.000000,2.074074,3.933126,8,0,6,3,0,8,7,0,5
16,isolated,C_update_on,15,0.000000,2.074074,3.933126,8,0,6,3,0,8,7,0,5
16,isolated,C_update_on,16,0.000000,2.074074,3.933126,8,0,6,3,0,8,7,0,5
16,isolated,C_update_on,17,0.000000,2.074074,3.933126,8,0,6,3,0,8,7,0,5
16,isolated,C_update_on,18,0.000000,2.074074,3.933126,8,0,6,3,0,8,7,0,5
16,isolated,C_update_on,19,0.000000,2.074074,3.933126,8,0,6,3,0,8,7,0,5
16,isolated,C_update_on,20,0.000000,2.074074,3.933126,8,0,6,3,0,8,7,0,5
16,isolated,C_update_on,21,0.000000,2.074074,3.933126,8,0,6,3,0,8,7,0,5
16,isolated,C_update_on,22,0.000000,2.074074,3.933126,8,0,6,3,0,8,7,0,5
16,isolated,C_update_on,23,0.000000,2.074074,3.933126,8,0,6,3,0,8,7,0,5
16,isolated,C_update_on,24,0.000000,2.074074,3.933126,8,0,6,3,0,8,7,0,5
16,isolated,C_update_on,25,0.000000,2.074074,3.933126,8,0,6,3,0,8,7,0,5
16,isolated,C_update_on,26,0.000000,2.074074,3.933126,8,0,6,3,0,8,7,0,5
16,isolated,C_update_on,27,0.000000,2.074074,3.933126,8,0,6,3,0,8,7,0,5
16,isolated,C_update_on,28,0.000000,2.074074,3.933126,8,0,6,3,0,8,7,0,5
16,isolated,C_update_on,29,0.000000,2.074074,3.933126,8,0,6,3,0,8,7,0,5
16,isolated,C_update_on,30,0.000000,2.074074,3.933126,8,0,6,3,0,8,7,0,5
16,isolated,C_update_on,31,0.000000,2.074074,3.933126,8,0,6,3,0,8,7,0,5
16,isolated,C_update_on,32,0.000000,2.074074,3.933126,8,0,6,3,0,8,7,0,5
16,isolated,C_update_on,33,0.000000,2.074074,3.933126,8,0,6,3,0,8,7,0,5
16,isolated,C_update_on,34,0.000000,2.074074,3.933126,8,0,6,3,0,8,7,0,5
16,isolated,C_update_on,35,0.000000,2.444444,4.426029,8,0,6,3,0,8,7,0,4
16,isolated,C_update_on,36,0.000000,2.444444,4.426029,8,0,6,3,0,8,7,0,4
16,isolated,C_update_on,37,0.000000,2.444444,4.426029,8,0,6,3,0,8,7,0,4
16,isolated,C_update_on,38,0.000000,2.444444,4.426029,8,0,6,3,0,8,7,0,4
16,isolated,C_update_on,39,0.000000,2.444444,4.426029,8,0,6,3,0,8,7,0,4
16,isolated,C_update_on,40,0.000000,2.444444,4.426029,8,0,6,3,0,8,7,0,4
16,isolated,C_update_on,41,0.000000,2.444444,4.426029,8,0,6,3,0,8,7,0,4
16,isolated,C_update_on,42,0.000000,2.444444,4.426029,8,0,6,3,0,8,7,0,4
16,isolated,C_update_on,43,0.000000,2.444444,4.426029,8,0,6,3,0,8,7,0,4
16,isolated,C_update_on,44,0.000000,2.444444,4.426029,8,0,6,3,0,8,7,0,4
16,isolated,C_update_on,45,0.000000,2.444444,4.426029,8,0,6,3,0,8,7,0,4
16,isolated,C_update_on,46,0.000000,2.444444,4.426029,8,0,6,3,0,8,7,0,4
16,isolated,C_update_on,47,0.000000,2.444444,4.426029,8,0,6,3,0,8,7,0,4
16,isolated,C_update_on,48,0.000000,2.444444,4.426029,8,0,6,3,0,8,7,0,4
16,isolated,C_update_on,49,0.000000,2.444444,4.426029,8,0,6,3,0,8,7,0,4
16,isolated,C_update_off,0,0.000000,0.148148,1.138071,6,2,6,5,2,7,5,2,6
16,isolated,C_update_off,1,0.000000,0.592593,2.276142,7,2,6,5,2,8,5,2,6
16,isolated,C_update_off,2,0.000000,0.962963,2.868517,8,2,6,5,2,8,5,2,6
16,isolated,C_update_off,3,0.000000,0.962963,2.868517,8,2,6,5,2,8,5,2,6
16,isolated,C_update_off,4,0.000000,0.962963,2.868517,8,2,6,5,2,8,5,2,6
16,isolated,C_update_off,5,0.000000,0.962963,2.868517,8,2,6,5,2,8,5,2,6
16,isolated,C_update_off,6,0.000000,0.962963,2.868517,8,2,6,5,2,8,5,2,6
16,isolated,C_update_off,7,0.000000,0.962963,2.868517,8,2,6,5,2,8,5,2,6
16,isolated,C_update_off,8,0.222222,1.925926,3.686600,8,2,6,3,3,8,7,2,6
16,isolated,C_update_off,9,0.888889,1.111111,2.862402,8,2,6,5,4,8,7,2,6
16,isolated,C_update_off,10,2.000000,2.740741,4.469860,8,2,6,3,5,8,7,2,5
16,isolated,C_update_off,11,1.555556,2.962963,4.871301,8,2,6,3,5,8,7,3,4
16,isolated,C_update_off,12,1.555556,2.444444,4.507771,8,2,6,3,5,8,6,4,5
16,isolated,C_update_off,13,1.555556,2.222222,4.244833,8,2,6,3,5,8,6,4,6
16,isolated,C_update_off,14,2.000000,2.740741,4.827013,8,2,6,3,5,8,7,5,5
16,isolated,C_update_off,15,1.555556,2.222222,4.244833,8,2,6,3,5,8,6,4,6
16,isolated,C_update_off,16,1.555556,2.370370,4.327686,8,2,6,3,5,8,7,4,6
16,isolated,C_update_off,17,1.555556,2.370370,4.327686,8,2,6,3,5,8,7,4,6
16,isolated,C_update_off,18,1.555556,2.370370,4.327686,8,2,6,3,5,8,7,4,6
16,isolated,C_update_off,19,1.555556,2.370370,4.327686,8,2,6,3,5,8,7,4,6
16,isolated,C_update_off,20,1.555556,2.592593,4.570974,8,2,6,3,5,8,7,4,5
16,isolated,C_update_off,21,2.000000,2.518519,4.599609,8,2,6,3,5,8,7,5,6
16,isolated,C_update_off,22,2.000000,2.518519,4.599609,8,2,6,3,5,8,7,5,6
16,isolated,C_update_off,23,2.000000,2.518519,4.599609,8,2,6,3,5,8,7,5,6
16,isolated,C_update_off,24,2.000000,2.518519,4.599609,8,2,6,3,5,8,7,5,6
16,isolated,C_update_off,25,2.000000,2.518519,4.599609,8,2,6,3,5,8,7,5,6
16,isolated,C_update_off,26,2.000000,2.518519,4.599609,8,2,6,3,5,8,7,5,6
16,isolated,C_update_off,27,2.000000,2.740741,4.827013,8,2,6,3,5,8,7,5,5
16,isolated,C_update_off,28,2.888889,3.407407,5.497184,8,2,6,3,5,8,7,6,4
16,isolated,C_update_off,29,2.000000,2.740741,4.827013,8,2,6,3,5,8,7,5,5
16,isolated,C_update_off,30,2.888889,3.407407,5.497184,8,2,6,3,5,8,7,6,4
16,isolated,C_update_off,31,2.888889,3.407407,5.497184,8,2,6,3,5,8,7,6,4
16,isolated,C_update_off,32,4.666667,4.000000,5.976664,8,1,6,3,5,8,7,6,4
16,isolated,C_update_off,33,4.666667,4.000000,5.976664,8,1,6,3,5,8,7,6,4
16,isolated,C_update_off,34,4.666667,4.000000,5.976664,8,1,6,3,5,8,7,6,4
16,isolated,C_update_off,35,4.666667,4.000000,5.976664,8,1,6,3,5,8,7,6,4
16,isolated,C_update_off,36,4.666667,4.000000,5.976664,8,1,6,3,5,8,7,6,4
16,isolated,C_update_off,37,5.555556,4.296296,6.160850,8,1,6,3,6,8,7,6,4
16,isolated,C_update_off,38,5.555556,4.296296,6.160850,8,1,6,3,6,8,7,6,4
16,isolated,C_update_off,39,5.555556,4.296296,6.160850,8,1,6,3,6,8,7,6,4
16,isolated,C_update_off,40,5.555556,4.296296,6.160850,8,1,6,3,6,8,7,6,4
16,isolated,C_update_off,41,5.555556,4.296296,6.160850,8,1,6,3,6,8,7,6,4
16,isolated,C_update_off,42,5.555556,4.296296,6.160850,8,1,6,3,6,8,7,6,4
16,isolated,C_update_off,43,5.555556,4.296296,6.160850,8,1,6,3,6,8,7,6,4
16,isolated,C_update_off,44,4.666667,4.000000,5.891869,8,1,6,3,6,8,7,5,4
16,isolated,C_update_off,45,4.666667,4.000000,5.891869,8,1,6,3,6,8,7,5,4
16,isolated,C_update_off,46,4.666667,4.000000,5.891869,8,1,6,3,6,8,7,5,4
16,isolated,C_update_off,47,4.666667,4.000000,5.891869,8,1,6,3,6,8,7,5,4
16,isolated,C_update_off,48,4.666667,4.000000,5.891869,8,1,6,3,6,8,7,5,4
16,isolated,C_update_off,49,4.666667,4.000000,5.891869,8,1,6,3,6,8,7,5,4
17,shared,C_update_on,0,0.666667,0.222222,1.333333,6,3,6,6,2,6,6,1,6
17,shared,C_update_on,1,0.222222,0.148148,1.138071,8,1,6,8,0,7,8,0,6
17,shared,C_update_on,2,0.000000,0.074074,0.666667,8,0,6,8,0,7,8,0,6
17,shared,C_update_on,3,0.000000,0.074074,0.666667,8,0,5,8,0,6,8,0,5
17,shared,C_update_on,4,0.000000,0.518519,2.021498,8,0,6,6,0,7,6,0,8
17,shared,C_update_on,5,0.000000,0.370370,1.490712,7,0,7,5,0,8,5,0,8
17,shared,C_update_on,6,0.000000,0.074074,0.666667,6,0,8,6,0,8,5,0,8
17,shared,C_update_on,7,0.000000,0.296296,1.550094,7,0,8,6,0,8,8,0,7
17,shared,C_update_on,8,0.000000,0.148148,0.942809,8,0,7,8,0,7,7,0,6
17,shared,C_update_on,9,0.000000,0.222222,1.333333,8,0,5,8,0,6,8,0,7
17,shared,C_update_on,10,0.000000,0.296296,1.333333,8,0,7,6,0,7,6,0,7
17,shared,C_update_on,11,0.000000,0.370370,1.490712,6,0,7,4,0,8,4,0,8
17,shared,C_update_on,12,0.000000,0.148148,1.138071,6,0,8,5,0,8,5,0,7
17,shared,C_update_on,13,0.000000,0.000000,0.000000,6,0,7,6,0,7,6,0,7
17,shared,C_update_on,14,0.000000,0.074074,0.666667,7,0,7,7,0,7,7,0,6
17,shared,C_update_on,15,0.000000,0.222222,1.333333,8,0,6,8,0,7,8,0,8
17,shared,C_update_on,16,0.000000,0.000000,0.000000,8,0,8,8,0,8,8,0,8
17,shared,C_update_on,17,0.000000,0.000000,0.000000,8,0,8,8,0,8,8,0,8
17,shared,C_update_on,18,0.000000,0.148148,1.138071,8,0,8,7,0,8,7,0,7
17,shared,C_update_on,19,0.000000,0.370370,1.490712,8,0,7,6,0,8,6,0,8
17,shared,C_update_on,20,0.000000,0.074074,0.666667,6,0,8,5,0,8,5,0,8
17,shared,C_update_on,21,0.000000,0.000000,0.000000,5,0,8,5,0,8,5,0,8
17,shared,C_update_on,22,0.000000,0.074074,0.666667,5,0,8,5,0,8,5,0,7
17,shared,C_update_on,23,0.000000,0.148148,1.138071,6,0,7,5,0,7,6,0,6
17,shared,C_update_on,24,0.000000,0.074074,0.666667,7,0,6,7,0,6,7,0,5
17,shared,C_update_on,25,0.000000,0.148148,0.942809,7,0,5,7,0,5,6,0,6
17,shared,C_update_on,26,0.000000,0.074074,0.666667,8,0,6,8,0,6,8,0,7
17,shared,C_update_on,27,0.000000,0.074074,0.666667,8,0,7,7,0,7,7,0,7
17,shared,C_update_on,28,0.000000,0.370370,1.745356,7,0,7,5,0,8,5,0,7
17,shared,C_update_on,29,0.000000,0.148148,0.942809,6,0,7,5,0,8,5,0,8
17,shared,C_update_on,30,0.000000,0.074074,0.666667,7,0,8,6,0,8,6,0,8
17,shared,C_update_on,31,0.000000,0.074074,0.666667,7,0,8,7,0,8,7,0,7
17,shared,C_update_on,32,0.000000,0.074074,0.666667,8,0,7,8,0,8,8,0,7
17,shared,C_update_on,33,0.000000,0.074074,0.666667,8,0,7,8,0,7,7,0,7
17,shared,C_update_on,34,0.000000,0.000000,0.000000,7,0,7,7,0,7,7,0,7
17,shared,C_update_on,35,0.000000,0.074074,0.666667,8,0,7,8,0,8,8,0,7
17,shared,C_update_on,36,0.000000,0.148148,0.942809,8,0,7,7,0,8,7,0,8
17,shared,C_update_on,37,0.000000,0.296296,1.333333,8,0,8,6,0,8,6,0,8
17,shared,C_update_on,38,0.000000,0.222222,1.333333,6,0,8,4,0,8,5,0,8
17,shared,C_update_on,39,0.000000,0.074074,0.666667,6,0,8,6,0,8,6,0,7
17,shared,C_update_on,40,0.000000,0.148148,1.138071,6,0,7,6,0,8,5,0,7
17,shared,C_update_on,41,0.000000,0.148148,1.138071,6,0,7,6,0,8,7,0,8
17,shared,C_update_on,42,0.000000,0.000000,0.000000,7,0,8,7,0,8,7,0,8
17,shared,C_update_on,43,0.000000,0.074074,0.666667,8,0,7,8,0,8,8,0,7
17,shared,C_update_on,44,0.000000,0.222222,1.333333,8,0,7,7,0,7,6,0,7
17,shared,C_update_on,45,0.000000,0.296296,1.550094,8,0,7,6,0,8,7,0,8
17,shared,C_update_on,46,0.000000,0.370370,1.745356,8,0,8,6,0,8,6,0,7
17,shared,C_update_on,47,0.000000,0.074074,0.666667,7,0,7,7,0,8,7,0,8
17,shared,C_update_on,48,0.000000,0.000000,0.000000,8,0,7,8,0,7,8,0,7
17,shared,C_update_on,49,0.000000,0.148148,1.138071,8,0,7,8,0,8,7,0,8
17,shared,C_update_off,0,0.000000,0.000000,0.000000,6,2,6,6,2,6,6,2,6
17,shared,C_update_off,1,0.000000,0.074074,0.666667,6,2,6,6,2,7,6,2,7
17,shared,C_update_off,2,0.000000,0.000000,0.000000,8,2,7,8,2,7,8,2,7
17,shared,C_update_off,3,0.000000,0.000000,0.000000,8,2,7,8,2,7,8,2,7
17,shared,C_update_off,4,0.000000,0.074074,0.666667,8,2,7,8,2,8,8,2,8
17,shared,C_update_off,5,0.000000,0.000000,0.000000,8,2,8,8,2,8,8,2,8
17,shared,C_update_off,6,0.000000,0.074074,0.666667,8,2,8,7,2,8,7,2,8
17,shared,C_update_off,7,0.222222,0.370370,1.490712,8,2,8,6,3,8,6,3,8
17,shared,C_update_off,8,0.222222,0.148148,0.942809,6,3,8,5,4,8,5,4,8
17,shared,C_update_off,9,0.222222,0.074074,0.666667,6,4,8,6,5,8,6,5,8
17,shared,C_update_off,10,0.222222,0.222222,1.382088,7,5,8,6,4,8,6,4,7
17,shared,C_update_off,11,0.222222,0.222222,1.414214,6,4,7,5,4,8,5,5,7
17,shared,C_update_off,12,0.222222,0.148148,1.138071,7,5,7,7,5,8,7,6,8
17,shared,C_update_off,13,0.000000,0.000000,0.000000,8,6,8,8,6,8,8,6,8
17,shared,C_update_off,14,0.000000,0.296296,1.333333,8,6,8,6,6,8,6,6,8
17,shared,C_update_off,15,0.000000,0.074074,0.666667,7,6,8,6,6,8,6,6,8
17,shared,C_update_off,16,0.000000,0.000000,0.000000,7,6,8,7,6,8,7,6,8
17,shared,C_update_off,17,0.222222,0.222222,1.382088,7,6,8,6,6,8,6,5,7
17,shared,C_update_off,18,0.666667,0.370370,1.727180,8,4,7,7,5,8,7,6,8
17,shared,C_update_off,19,0.222222,0.148148,1.138071,8,5,7,8,5,8,8,4,8
17,shared,C_update_off,20,0.000000,0.000000,0.000000,8,3,8,8,3,8,8,3,8
17,shared,C_update_off,21,0.222222,0.444444,1.962117,8,2,8,6,3,8,6,2,7
17,shared,C_update_off,22,0.222222,0.444444,1.954568,7,1,7,5,0,8,5,1,7
17,shared,C_update_off,23,0.666667,0.370370,1.794111,6,0,7,5,1,7,6,2,8
17,shared,C_update_off,24,0.000000,0.074074,0.666667,7,1,8,7,1,8,7,1,7
17,shared,C_update_off,25,0.222222,0.222222,1.154701,8,2,6,8,2,6,7,3,5
17,shared,C_update_off,26,0.666667,0.296296,1.550094,8,3,5,8,4,5,8,5,6
17,shared,C_update_off,27,0.666667,0.296296,1.609476,8,5,6,8,6,7,8,7,6
17,shared,C_update_off,28,0.222222,0.814815,2.595697,8,7,6,6,8,7,5,7,8
17,shared,C_update_off,29,0.222222,0.444444,1.895186,6,7,8,4,6,8,4,6,7
17,shared,C_update_off,30,0.222222,0.222222,1.414214,6,6,7,5,6,8,6,5,8
17,shared,C_update_off,31,0.222222,0.148148,0.942809,7,4,8,7,4,8,7,3,7
17,shared,C_update_off,32,0.000000,0.074074,0.666667,8,3,7,8,3,8,8,3,7
17,shared,C_update_off,33,0.222222,0.148148,0.942809,8,3,7,8,3,7,8,4,6
17,shared,C_update_off,34,0.222222,0.148148,0.942809,8,4,6,8,4,6,8,5,7
17,shared,C_update_off,35,0.222222,0.148148,0.942809,8,5,7,8,6,8,8,6,8
17,shared,C_update_off,36,0.222222,0.148148,0.942809,8,6,8,7,5,8,7,5,8
17,shared,C_update_off,37,0.222222,0.444444,1.895186,8,4,7,6,5,8,6,4,8
17,shared,C_update_off,38,0.222222,0.296296,1.550094,6,3,8,5,4,8,4,4,8
17,shared,C_update_off,39,0.222222,0.148148,0.942809,6,3,8,6,3,8,7,4,8
17,shared,C_update_off,40,0.222222,0.370370,1.794111,8,3,7,7,3,8,6,4,7
17,shared,C_update_off,41,0.000000,0.148148,1.138071,7,3,7,7,3,8,8,3,8
17,shared,C_update_off,42,0.000000,0.074074,0.666667,8,3,8,8,3,8,7,3,8
17,shared,C_update_off,43,0.222222,0.222222,1.414214,8,3,8,7,4,8,7,3,7
17,shared,C_update_off,44,0.666667,0.518519,2.104398,8,3,7,6,4,8,7,5,8
17,shared,C_update_off,45,0.666667,0.370370,1.794111,8,5,7,8,4,8,7,3,7
17,shared,C_update_off,46,0.666667,0.370370,1.794111,8,3,7,7,4,8,8,5,8
17,shared,C_update_off,47,0.222222,0.666667,2.376799,8,5,8,6,4,8,5,5,7
17,shared,C_update_off,48,0.222222,0.370370,1.727180,6,5,7,4,6,8,5,5,7
17,shared,C_update_off,49,0.222222,0.148148,1.138071,7,5,7,7,5,8,7,4,8
17,isolated,C_update_on,0,0.888889,0.370370,1.490712,6,3,6,5,1,6,5,1,6
17,isolated,C_update_on,1,0.888889,1.185185,3.244121,8,2,6,5,0,7,5,2,5
17,isolated,C_update_on,2,0.222222,1.259259,3.361485,8,1,6,5,1,8,5,2,5
17,isolated,C_update_on,3,0.222222,1.259259,3.352761,8,2,6,5,1,8,5,1,5
17,isolated,C_update_on,4,0.666667,1.703704,3.844076,8,2,6,4,0,8,5,1,5
17,isolated,C_update_on,5,0.222222,1.555556,3.701795,8,1,6,4,1,8,5,0,5
17,isolated,C_update_on,6,0.666667,2.000000,4.160518,8,2,6,4,0,8,6,1,4
17,isolated,C_update_on,7,0.222222,1.481481,3.616064,8,1,6,5,1,8,6,0,4
17,isolated,C_update_on,8,0.888889,2.370370,4.398017,8,2,6,3,0,8,7,0,5
17,isolated,C_update_on,9,0.222222,2.148148,4.069759,8,1,6,3,0,8,7,0,5
17,isolated,C_update_on,10,0.222222,2.148148,4.069759,8,1,6,3,0,8,7,0,5
17,isolated,C_update_on,11,0.000000,2.074074,3.933126,8,0,6,3,0,8,7,0,5
17,isolated,C_update_on,12,0.000000,2.074074,3.933126,8,0,6,3,0,8,7,0,5
17,isolated,C_update_on,13,0.000000,2.074074,3.933126,8,0,6,3,0,8,7,0,5
17,isolated,C_update_on,14,0.000000,2.074074,3.933126,8,0,6,3,0,8,7,0,5
17,isolated,C_update_on,15,0.000000,2.074074,3.933126,8,0,6,3,0,8,7,0,5
17,isolated,C_update_on,16,0.000000,2.074074,3.933126,8,0,6,3,0,8,7,0,5
17,isolated,C_update_on,17,0.000000,2.074074,3.933126,8,0,6,3,0,8,7,0,5
17,isolated,C_update_on,18,0.000000,2.074074,3.933126,8,0,6,3,0,8,7,0,5
17,isolated,C_update_on,19,0.000000,2.074074,3.933126,8,0,6,3,0,8,7,0,5
17,isolated,C_update_on,20,0.000000,2.074074,3.933126,8,0,6,3,0,8,7,0,5
17,isolated,C_update_on,21,0.000000,2.074074,3.933126,8,0,6,3,0,8,7,0,5
17,isolated,C_update_on,22,0.000000,2.074074,3.933126,8,0,6,3,0,8,7,0,5
17,isolated,C_update_on,23,0.000000,2.074074,3.933126,8,0,6,3,0,8,7,0,5
17,isolated,C_update_on,24,0.000000,2.074074,3.933126,8,0,6,3,0,8,7,0,5
17,isolated,C_update_on,25,0.000000,2.074074,3.933126,8,0,6,3,0,8,7,0,5
17,isolated,C_update_on,26,0.000000,2.074074,3.933126,8,0,6,3,0,8,7,0,5
17,isolated,C_update_on,27,0.000000,2.074074,3.933126,8,0,6,3,0,8,7,0,5
17,isolated,C_update_on,28,0.000000,2.074074,3.933126,8,0,6,3,0,8,7,0,5
17,isolated,C_update_on,29,0.000000,2.074074,3.933126,8,0,6,3,0,8,7,0,5
17,isolated,C_update_on,30,0.000000,2.074074,3.933126,8,0,6,3,0,8,7,0,5
17,isolated,C_update_on,31,0.000000,2.074074,3.933126,8,0,6,3,0,8,7,0,5
17,isolated,C_update_on,32,0.000000,2.074074,3.933126,8,0,6,3,0,8,7,0,5
17,isolated,C_update_on,33,0.000000,2.074074,3.933126,8,0,6,3,0,8,7,0,5
17,isolated,C_update_on,34,0.000000,2.074074,3.933126,8,0,6,3,0,8,7,0,5
17,isolated,C_update_on,35,0.000000,2.444444,4.426029,8,0,6,3,0,8,7,0,4
17,isolated,C_update_on,36,0.000000,2.444444,4.426029,8,0,6,3,0,8,7,0,4
17,isolated,C_update_on,37,0.000000,2.444444,4.426029,8,0,6,3,0,8,7,0,4
17,isolated,C_update_on,38,0.000000,2.444444,4.426029,8,0,6,3,0,8,7,0,4
17,isolated,C_update_on,39,0.000000,2.444444,4.426029,8,0,6,3,0,8,7,0,4
17,isolated,C_update_on,40,0.000000,2.444444,4.426029,8,0,6,3,0,8,7,0,4
17,isolated,C_update_on,41,0.000000,2.444444,4.426029,8,0,6,3,0,8,7,0,4
17,isolated,C_update_on,42,0.000000,2.444444,4.426029,8,0,6,3,0,8,7,0,4
17,isolated,C_update_on,43,0.000000,2.444444,4.426029,8,0,6,3,0,8,7,0,4
17,isolated,C_update_on,44,0.000000,2.444444,4.426029,8,0,6,3,0,8,7,0,4
17,isolated,C_update_on,45,0.000000,2.444444,4.426029,8,0,6,3,0,8,7,0,4
17,isolated,C_update_on,46,0.000000,2.444444,4.426029,8,0,6,3,0,8,7,0,4
17,isolated,C_update_on,47,0.000000,2.444444,4.426029,8,0,6,3,0,8,7,0,4
17,isolated,C_update_on,48,0.000000,2.444444,4.426029,8,0,6,3,0,8,7,0,4
17,isolated,C_update_on,49,0.000000,2.444444,4.426029,8,0,6,3,0,8,7,0,4
17,isolated,C_update_off,0,0.000000,0.074074,0.666667,6,2,6,5,2,6,5,2,6
17,isolated,C_update_off,1,0.000000,0.148148,1.138071,6,2,6,5,2,7,5,2,6
17,isolated,C_update_off,2,0.000000,0.740741,2.387426,8,2,6,5,2,7,5,2,6
17,isolated,C_update_off,3,0.000000,0.740741,2.387426,8,2,6,5,2,7,5,2,6
17,isolated,C_update_off,4,0.000000,0.962963,2.868517,8,2,6,5,2,8,5,2,6
17,isolated,C_update_off,5,0.000000,0.962963,2.868517,8,2,6,5,2,8,5,2,6
17,isolated,C_update_off,6,0.000000,0.962963,2.868517,8,2,6,5,2,8,5,2,6
17,isolated,C_update_off,7,0.000000,0.962963,2.868517,8,2,6,5,2,8,5,2,6
17,isolated,C_update_off,8,0.222222,1.925926,3.686600,8,2,6,3,3,8,7,2,6
17,isolated,C_update_off,9,0.888889,1.111111,2.862402,8,2,6,5,4,8,7,2,6
17,isolated,C_update_off,10,2.000000,2.740741,4.469860,8,2,6,3,5,8,7,2,5
17,isolated,C_update_off,11,1.555556,2.962963,4.871301,8,2,6,3,5,8,7,3,4
17,isolated,C_update_off,12,1.555556,2.444444,4.507771,8,2,6,3,5,8,6,4,5
17,isolated,C_update_off,13,1.555556,2.222222,4.244833,8,2,6,3,5,8,6,4,6
17,isolated,C_update_off,14,2.000000,2.740741,4.827013,8,2,6,3,5,8,7,5,5
17,isolated,C_update_off,15,1.555556,2.222222,4.244833,8,2,6,3,5,8,6,4,6
17,isolated,C_update_off,16,1.555556,2.370370,4.327686,8,2,6,3,5,8,7,4,6
17,isolated,C_update_off,17,1.555556,2.370370,4.327686,8,2,6,3,5,8,7,4,6
17,isolated,C_update_off,18,1.555556,2.370370,4.327686,8,2,6,3,5,8,7,4,6
17,isolated,C_update_off,19,1.555556,2.370370,4.327686,8,2,6,3,5,8,7,4,6
17,isolated,C_update_off,20,1.555556,2.592593,4.570974,8,2,6,3,5,8,7,4,5
17,isolated,C_update_off,21,2.000000,2.518519,4.599609,8,2,6,3,5,8,7,5,6
17,isolated,C_update_off,22,2.000000,2.518519,4.599609,8,2,6,3,5,8,7,5,6
17,isolated,C_update_off,23,2.000000,2.518519,4.599609,8,2,6,3,5,8,7,5,6
17,isolated,C_update_off,24,2.000000,2.518519,4.599609,8,2,6,3,5,8,7,5,6
17,isolated,C_update_off,25,2.000000,2.518519,4.599609,8,2,6,3,5,8,7,5,6
17,isolated,C_update_off,26,2.000000,2.518519,4.599609,8,2,6,3,5,8,7,5,6
17,isolated,C_update_off,27,2.000000,2.740741,4.827013,8,2,6,3,5,8,7,5,5
17,isolated,C_update_off,28,2.888889,3.407407,5.497184,8,2,6,3,5,8,7,6,4
17,isolated,C_update_off,29,2.000000,2.740741,4.827013,8,2,6,3,5,8,7,5,5
17,isolated,C_update_off,30,2.888889,3.407407,5.497184,8,2,6,3,5,8,7,6,4
17,isolated,C_update_off,31,2.888889,3.407407,5.497184,8,2,6,3,5,8,7,6,4
17,isolated,C_update_off,32,4.666667,4.000000,5.976664,8,1,6,3,5,8,7,6,4
17,isolated,C_update_off,33,4.666667,4.000000,5.976664,8,1,6,3,5,8,7,6,4
17,isolated,C_update_off,34,4.666667,4.000000,5.976664,8,1,6,3,5,8,7,6,4
17,isolated,C_update_off,35,4.666667,4.000000,5.976664,8,1,6,3,5,8,7,6,4
17,isolated,C_update_off,36,4.666667,4.000000,5.976664,8,1,6,3,5,8,7,6,4
17,isolated,C_update_off,37,5.555556,4.296296,6.160850,8,1,6,3,6,8,7,6,4
17,isolated,C_update_off,38,5.555556,4.296296,6.160850,8,1,6,3,6,8,7,6,4
17,isolated,C_update_off,39,5.555556,4.296296,6.160850,8,1,6,3,6,8,7,6,4
17,isolated,C_update_off,40,5.555556,4.296296,6.160850,8,1,6,3,6,8,7,6,4
17,isolated,C_update_off,41,5.555556,4.296296,6.160850,8,1,6,3,6,8,7,6,4
17,isolated,C_update_off,42,5.555556,4.296296,6.160850,8,1,6,3,6,8,7,6,4
17,isolated,C_update_off,43,5.555556,4.296296,6.160850,8,1,6,3,6,8,7,6,4
17,isolated,C_update_off,44,4.666667,4.000000,5.891869,8,1,6,3,6,8,7,5,4
17,isolated,C_update_off,45,4.666667,4.000000,5.891869,8,1,6,3,6,8,7,5,4
17,isolated,C_update_off,46,4.666667,4.000000,5.891869,8,1,6,3,6,8,7,5,4
17,isolated,C_update_off,47,4.666667,4.000000,5.891869,8,1,6,3,6,8,7,5,4
17,isolated,C_update_off,48,4.666667,4.000000,5.891869,8,1,6,3,6,8,7,5,4
17,isolated,C_update_off,49,4.666667,4.000000,5.891869,8,1,6,3,6,8,7,5,4
18,shared,C_update_on,0,0.666667,0.222222,1.333333,5,3,6,5,2,6,5,1,6
18,shared,C_update_on,1,0.222222,0.148148,1.138071,7,1,6,7,0,6,7,0,5
18,shared,C_update_on,2,0.000000,0.074074,0.666667,8,0,5,8,0,6,8,0,6
18,shared,C_update_on,3,0.000000,0.370370,1.490712,8,0,7,6,0,8,6,0,8
18,shared,C_update_on,4,0.000000,0.370370,1.745356,8,0,8,6,0,8,6,0,7
18,shared,C_update_on,5,0.000000,0.074074,0.666667,6,0,6,6,0,7,6,0,6
18,shared,C_update_on,6,0.000000,0.074074,0.666667,8,0,7,7,0,7,7,0,7
18,shared,C_update_on,7,0.000000,0.074074,0.666667,8,0,7,8,0,8,8,0,8
18,shared,C_update_on,8,0.000000,0.000000,0.000000,8,0,8,8,0,8,8,0,8
18,shared,C_update_on,9,0.000000,0.074074,0.666667,8,0,8,7,0,8,7,0,8
18,shared,C_update_on,10,0.000000,0.296296,1.333333,8,0,8,6,0,8,6,0,8
18,shared,C_update_on,11,0.000000,0.074074,0.666667,8,0,8,7,0,8,7,0,8
18,shared,C_update_on,12,0.000000,0.000000,0.000000,7,0,8,7,0,8,7,0,8
18,shared,C_update_on,13,0.000000,0.148148,1.138071,8,0,7,7,0,7,7,0,6
18,shared,C_update_on,14,0.000000,0.074074,0.666667,7,0,7,7,0,7,7,0,6
18,shared,C_update_on,15,0.000000,0.296296,1.550094,7,0,5,6,0,6,6,0,7
18,shared,C_update_on,16,0.000000,0.370370,1.745356,7,0,8,5,0,8,5,0,7
18,shared,C_update_on,17,0.000000,0.296296,1.550094,6,0,6,5,0,7,5,0,8
18,shared,C_update_on,18,0.000000,0.074074,0.666667,7,0,8,7,0,8,7,0,7
18,shared,C_update_on,19,0.000000,0.074074,0.666667,8,0,6,8,0,7,8,0,6
18,shared,C_update_on,20,0.000000,0.074074,0.666667,8,0,6,8,0,6,8,0,7
18,shared,C_update_on,21,0.000000,0.000000,0.000000,8,0,7,8,0,7,8,0,7
18,shared,C_update_on,22,0.000000,0.296296,1.333333,8,0,7,6,0,7,6,0,7
18,shared,C_update_on,23,0.000000,0.370370,1.490712,7,0,7,5,0,8,5,0,8
18,shared,C_update_on,24,0.000000,0.074074,0.666667,6,0,8,5,0,8,5,0,8
18,shared,C_update_on,25,0.000000,0.074074,0.666667,7,0,8,7,0,8,7,0,7
18,shared,C_update_on,26,0.000000,0.148148,0.942809,7,0,7,7,0,7,8,0,6
18,shared,C_update_on,27,0.000000,0.296296,1.550094,8,0,6,8,0,7,7,0,8
18,shared,C_update_on,28,0.000000,0.000000,0.000000,8,0,8,8,0,8,8,0,8
18,shared,C_update_on,29,0.000000,0.074074,0.666667,8,0,8,8,0,8,8,0,7
18,shared,C_update_on,30,0.000000,0.370370,1.490712,8,0,7,6,0,8,6,0,8
18,shared,C_update_on,31,0.000000,0.296296,1.333333,7,0,8,5,0,8,5,0,8
18,shared,C_update_on,32,0.000000,0.148148,1.138071,5,0,8,4,0,8,4,0,7
18,shared,C_update_on,33,0.000000,0.148148,1.138071,5,0,7,5,0,8,6,0,8
18,shared,C_update_on,34,0.000000,0.000000,0.000000,7,0,8,7,0,8,7,0,8
18,shared,C_update_on,35,0.000000,0.074074,0.666667,8,0,8,8,0,8,8,0,7
18,shared,C_update_on,36,0.000000,0.074074,0.666667,8,0,7,8,0,7,7,0,7
18,shared,C_update_on,37,0.000000,0.000000,0.000000,7,0,7,7,0,7,7,0,7
18,shared,C_update_on,38,0.000000,0.370370,1.490712,7,0,7,5,0,8,5,0,8
18,shared,C_update_on,39,0.000000,0.370370,1.745356,7,0,8,5,0,8,5,0,7
18,shared,C_update_on,40,0.000000,0.148148,0.942809,6,0,7,6,0,7,7,0,8
18,shared,C_update_on,41,0.000000,0.000000,0.000000,8,0,8,8,0,8,8,0,8
18,shared,C_update_on,42,0.000000,0.074074,0.666667,8,0,8,7,0,8,7,0,8
18,shared,C_update_on,43,0.000000,0.074074,0.666667,8,0,8,8,0,8,8,0,7
18,shared,C_update_on,44,0.000000,0.148148,1.138071,8,0,7,8,0,8,7,0,7
18,shared,C_update_on,45,0.000000,0.148148,0.942809,8,0,7,7,0,8,7,0,8
18,shared,C_update_on,46,0.000000,0.296296,1.333333,8,0,8,6,0,8,6,0,8
18,shared,C_update_on,47,0.000000,0.222222,1.333333,8,0,8,6,0,8,7,0,8
18,shared,C_update_on,48,0.000000,0.074074,0.666667,7,0,7,7,0,8,7,0,7
18,shared,C_update_on,49,0.000000,0.074074,0.666667,8,0,8,8,0,8,7,0,8
18,shared,C_update_off,0,0.000000,0.000000,0.000000,5,2,6,5,2,6,5,2,6
18,shared,C_update_off,1,0.000000,0.000000,0.000000,6,2,6,6,2,6,6,2,6
18,shared,C_update_off,2,0.000000,0.074074,0.666667,7,2,6,7,2,7,7,2,7
18,shared,C_update_off,3,0.000000,0.074074,0.666667,7,2,7,7,2,8,7,2,8
18,shared,C_update_off,4,0.000000,0.000000,0.000000,8,2,8,8,2,8,8,2,8
18,shared,C_update_off,5,0.000000,0.000000,0.000000,8,2,8,8,2,8,8,2,8
18,shared,C_update_off,6,0.222222,0.370370,1.490712,8,2,8,6,3,8,6,3,8
18,shared,C_update_off,7,0.222222,0.370370,1.490712,7,3,8,5,4,8,5,4,8
18,shared,C_update_off,8,0.222222,0.074074,0.666667,5,4,8,5,5,8,5,5,8
18,shared,C_update_off,9,0.000000,0.000000,0.000000,5,5,8,5,5,8,5,5,8
18,shared,C_update_off,10,0.000000,0.074074,0.666667,6,5,8,6,5,8,6,5,7
18,shared,C_update_off,11,0.222222,0.148148,0.942809,8,5,7,8,5,7,8,6,6
18,shared,C_update_off,12,0.222222,0.148148,1.138071,8,6,6,7,6,6,7,7,6
18,shared,C_update_off,13,0.000000,0.296296,1.333333,8,7,6,6,7,6,6,7,6
18,shared,C_update_off,14,0.222222,0.074074,0.666667,6,7,6,6,7,6,6,6,6
18,shared,C_update_off,15,0.000000,0.370370,1.490712,6,6,6,4,6,7,4,6,7
18,shared,C_update_off,16,0.000000,0.000000,0.000000,5,6,7,5,6,7,5,6,7
18,shared,C_update_off,17,0.000000,0.000000,0.000000,6,5,7,6,5,7,6,5,7
18,shared,C_update_off,18,0.222222,0.148148,1.138071,8,4,6,8,4,7,8,5,7
18,shared,C_update_off,19,0.222222,0.148148,1.138071,8,4,7,8,4,8,8,3,7
18,shared,C_update_off,20,0.222222,0.148148,0.942809,8,2,8,8,2,8,8,3,7
18,shared,C_update_off,21,0.222222,0.222222,1.382088,8,2,6,7,2,6,7,1,5
18,shared,C_update_off,22,0.222222,0.444444,1.632993,8,1,5,6,0,6,6,0,6
18,shared,C_update_off,23,0.222222,0.222222,1.154701,7,0,6,6,1,7,6,1,7
18,shared,C_update_off,24,0.222222,0.222222,1.154701,7,1,7,6,2,8,6,2,8
18,shared,C_update_off,25,0.666667,0.296296,1.550094,8,2,8,8,3,8,7,4,8
18,shared,C_update_off,26,0.222222,0.370370,1.794111,7,4,8,5,5,8,6,4,7
18,shared,C_update_off,27,0.222222,0.444444,1.954568,7,4,7,5,3,8,5,4,7
18,shared,C_update_off,28,0.222222,0.370370,1.794111,6,3,7,5,3,8,4,4,7
18,shared,C_update_off,29,0.222222,0.222222,1.382088,5,3,7,5,3,8,6,2,8
18,shared,C_update_off,30,0.222222,0.222222,1.154701,6,3,7,6,3,7,7,4,6
18,shared,C_update_off,31,0.222222,0.148148,1.138071,8,4,6,8,5,6,7,4,6
18,shared,C_update_off,32,0.222222,0.296296,1.609476,7,4,6,7,3,7,7,4,8
18,shared,C_update_off,33,0.222222,0.222222,1.382088,8,3,8,7,4,8,7,4,7
18,shared,C_update_off,34,0.222222,0.444444,1.632993,8,4,7,6,3,8,6,3,8
18,shared,C_update_off,35,0.222222,0.296296,1.550094,8,3,8,6,4,8,7,4,8
18,shared,C_update_off,36,0.666667,0.370370,1.727180,8,4,8,8,5,8,7,6,7
18,shared,C_update_off,37,0.222222,0.222222,1.154701,7,6,7,7,6,7,8,5,6
18,shared,C_update_off,38,0.222222,0.222222,1.382088,8,5,6,8,5,7,7,4,7
18,shared,C_update_off,39,0.222222,0.222222,1.414214,8,4,7,7,4,8,7,5,7
18,shared,C_update_off,40,0.222222,0.370370,1.759306,8,4,7,6,5,8,7,4,8
18,shared,C_update_off,41,0.666667,0.444444,1.885618,8,3,8,7,4,8,6,5,8
18,shared,C_update_off,42,0.222222,0.148148,0.942809,7,4,8,6,3,8,7,4,8
18,shared,C_update_off,43,0.666667,0.370370,1.727180,8,4,8,8,5,8,7,6,7
18,shared,C_update_off,44,0.222222,0.370370,1.727180,8,6,6,6,5,7,7,5,7
18,shared,C_update_off,45,0.222222,0.444444,1.632993,8,5,7,6,6,8,6,6,8
18,shared,C_update_off,46,0.000000,0.000000,0.000000,7,6,8,7,6,8,7,6,8
18,shared,C_update_off,47,0.000000,0.074074,0.666667,8,6,8,8,6,8,8,6,7
18,shared,C_update_off,48,0.000000,0.148148,1.138071,8,5,7,7,5,8,7,5,7
18,shared,C_update_off,49,0.222222,0.222222,1.154701,8,5,7,8,5,7,7,4,6
18,isolated,C_update_on,0,0.888889,0.296296,1.333333,5,3,6,5,1,6,5,1,6
18,isolated,C_update_on,1,0.888889,0.666667,2.433521,7,2,6,5,0,6,5,2,5
18,isolated,C_update_on,2,0.222222,0.962963,2.904990,8,1,6,5,1,7,5,2,5
18,isolated,C_update_on,3,0.222222,1.259259,3.352761,8,2,6,5,1,8,5,1,5
18,isolated,C_update_on,4,0.666667,2.148148,4.267615,8,2,6,3,0,8,5,1,5
18,isolated,C_update_on,5,0.222222,2.000000,4.133134,8,1,6,3,0,8,5,0,5
18,isolated,C_update_on,6,0.000000,2.296296,4.404531,8,0,6,3,0,8,6,0,4
18,isolated,C_update_on,7,0.000000,2.444444,4.426029,8,0,6,3,0,8,7,0,4
18,isolated,C_update_on,8,0.000000,2.444444,4.426029,8,0,6,3,0,8,7,0,4
18,isolated,C_update_on,9,0.000000,2.444444,4.426029,8,0,6,3,0,8,7,0,4
18,isolated,C_update_on,10,0.000000,2.444444,4.426029,8,0,6,3,0,8,7,0,4
18,isolated,C_update_on,11,0.000000,2.444444,4.426029,8,0,6,3,0,8,7,0,4
18,isolated,C_update_on,12,0.000000,2.444444,4.426029,8,0,6,3,0,8,7,0,4
18,isolated,C_update_on,13,0.000000,2.444444,4.426029,8,0,6,3,0,8,7,0,4
18,isolated,C_update_on,14,0.000000,2.444444,4.426029,8,0,6,3,0,8,7,0,4
18,isolated,C_update_on,15,0.000000,2.444444,4.426029,8,0,6,3,0,8,7,0,4
18,isolated,C_update_on,16,0.000000,2.444444,4.426029,8,0,6,3,0,8,7,0,4
18,isolated,C_update_on,17,0.000000,2.444444,4.426029,8,0,6,3,0,8,7,0,4
18,isolated,C_update_on,18,0.000000,2.444444,4.426029,8,0,6,3,0,8,7,0,4
18,isolated,C_update_on,19,0.000000,2.444444,4.426029,8,0,6,3,0,8,7,0,4
18,isolated,C_update_on,20,0.000000,2.444444,4.426029,8,0,6,3,0,8,7,0,4
18,isolated,C_update_on,21,0.000000,2.444444,4.426029,8,0,6,3,0,8,7,0,4
18,isolated,C_update_on,22,0.000000,2.444444,4.426029,8,0,6,3,0,8,7,0,4
18,isolated,C_update_on,23,0.000000,2.444444,4.426029,8,0,6,3,0,8,7,0,4
18,isolated,C_update_on,24,0.000000,2.444444,4.426029,8,0,6,3,0,8,7,0,4
18,isolated,C_update_on,25,0.000000,2.444444,4.426029,8,0,6,3,0,8,7,0,4
18,isolated,C_update_on,26,0.000000,2.444444,4.426029,8,0,6,3,0,8,7,0,4
18,isolated,C_update_on,27,0.000000,2.444444,4.426029,8,0,6,3,0,8,7,0,4
18,isolated,C_update_on,28,0.000000,2.444444,4.426029,8,0,6,3,0,8,7,0,4
18,isolated,C_update_on,29,0.000000,2.444444,4.426029,8,0,6,3,0,8,7,0,4
18,isolated,C_update_on,30,0.000000,2.444444,4.426029,8,0,6,3,0,8,7,0,4
18,isolated,C_update_on,31,0.000000,2.444444,4.426029,8,0,6,3,0,8,7,0,4
18,isolated,C_update_on,32,0.000000,2.444444,4.426029,8,0,6,3,0,8,7,0,4
18,isolated,C_update_on,33,0.000000,2.444444,4.426029,8,0,6,3,0,8,7,0,4
18,isolated,C_update_on,34,0.000000,2.444444,4.426029,8,0,6,3,0,8,7,0,4
18,isolated,C_update_on,35,0.000000,2.444444,4.426029,8,0,6,3,0,8,7,0,4
18,isolated,C_update_on,36,0.000000,2.444444,4.426029,8,0,6,3,0,8,7,0,4
18,isolated,C_update_on,37,0.000000,2.444444,4.426029,8,0,6,3,0,8,7,0,4
18,isolated,C_update_on,38,0.000000,2.444444,4.426029,8,0,6,3,0,8,7,0,4
18,isolated,C_update_on,39,0.000000,2.444444,4.426029,8,0,6,3,0,8,7,0,4
18,isolated,C_update_on,40,0.000000,2.444444,4.426029,8,0,6,3,0,8,7,0,4
18,isolated,C_update_on,41,0.000000,2.444444,4.426029,8,0,6,3,0,8,7,0,4
18,isolated,C_update_on,42,0.000000,2.444444,4.426029,8,0,6,3,0,8,7,0,4
18,isolated,C_update_on,43,0.000000,2.444444,4.426029,8,0,6,3,0,8,7,0,4
18,isolated,C_update_on,44,0.000000,2.444444,4.426029,8,0,6,3,0,8,7,0,4
18,isolated,C_update_on,45,0.000000,2.444444,4.426029,8,0,6,3,0,8,7,0,4
18,isolated,C_update_on,46,0.000000,2.444444,4.426029,8,0,6,3,0,8,7,0,4
18,isolated,C_update_on,47,0.000000,2.444444,4.426029,8,0,6,3,0,8,7,0,4
18,isolated,C_update_on,48,0.000000,2.444444,4.426029,8,0,6,3,0,8,7,0,4
18,isolated,C_update_on,49,0.000000,2.444444,4.426029,8,0,6,3,0,8,7,0,4
18,isolated,C_update_off,0,0.000000,0.000000,0.000000,5,2,6,5,2,6,5,2,6
18,isolated,C_update_off,1,0.000000,0.074074,0.666667,6,2,6,5,2,6,5,2,6
18,isolated,C_update_off,2,0.000000,0.370370,1.745356,7,2,6,5,2,7,5,2,6
18,isolated,C_update_off,3,0.000000,0.592593,2.276142,7,2,6,5,2,8,5,2,6
18,isolated,C_update_off,4,0.000000,0.962963,2.868517,8,2,6,5,2,8,5,2,6
18,isolated,C_update_off,5,0.000000,0.962963,2.868517,8,2,6,5,2,8,5,2,6
18,isolated,C_update_off,6,0.000000,0.962963,2.868517,8,2,6,5,2,8,5,2,6
18,isolated,C_update_off,7,0.000000,0.962963,2.868517,8,2,6,5,2,8,5,2,6
18,isolated,C_update_off,8,0.222222,1.925926,3.686600,8,2,6,3,3,8,7,2,6
18,isolated,C_update_off,9,0.888889,1.111111,2.862402,8,2,6,5,4,8,7,2,6
18,isolated,C_update_off,10,2.000000,2.740741,4.469860,8,2,6,3,5,8,7,2,5
18,isolated,C_update_off,11,1.555556,2.962963,4.871301,8,2,6,3,5,8,7,3,4
18,isolated,C_update_off,12,1.555556,2.444444,4.507771,8,2,6,3,5,8,6,4,5
18,isolated,C_update_off,13,1.555556,2.222222,4.244833,8,2,6,3,5,8,6,4,6
18,isolated,C_update_off,14,2.000000,2.740741,4.827013,8,2,6,3,5,8,7,5,5
18,isolated,C_update_off,15,1.555556,2.222222,4.244833,8,2,6,3,5,8,6,4,6
18,isolated,C_update_off,16,1.555556,2.370370,4.327686,8,2,6,3,5,8,7,4,6
18,isolated,C_update_off,17,1.555556,2.370370,4.327686,8,2,6,3,5,8,7,4,6
18,isolated,C_update_off,18,1.555556,2.370370,4.327686,8,2,6,3,5,8,7,4,6
18,isolated,C_update_off,19,1.555556,2.370370,4.327686,8,2,6,3,5,8,7,4,6
18,isolated,C_update_off,20,1.555556,2.592593,4.570974,8,2,6,3,5,8,7,4,5
18,isolated,C_update_off,21,2.000000,2.518519,4.599609,8,2,6,3,5,8,7,5,6
18,isolated,C_update_off,22,2.000000,2.518519,4.599609,8,2,6,3,5,8,7,5,6
18,isolated,C_update_off,23,2.000000,2.518519,4.599609,8,2,6,3,5,8,7,5,6
18,isolated,C_update_off,24,2.000000,2.518519,4.599609,8,2,6,3,5,8,7,5,6
18,isolated,C_update_off,25,2.000000,2.518519,4.599609,8,2,6,3,5,8,7,5,6
18,isolated,C_update_off,26,2.000000,2.518519,4.599609,8,2,6,3,5,8,7,5,6
18,isolated,C_update_off,27,2.000000,2.740741,4.827013,8,2,6,3,5,8,7,5,5
18,isolated,C_update_off,28,2.888889,3.407407,5.497184,8,2,6,3,5,8,7,6,4
18,isolated,C_update_off,29,2.000000,2.740741,4.827013,8,2,6,3,5,8,7,5,5
18,isolated,C_update_off,30,2.888889,3.407407,5.497184,8,2,6,3,5,8,7,6,4
18,isolated,C_update_off,31,2.888889,3.407407,5.497184,8,2,6,3,5,8,7,6,4
18,isolated,C_update_off,32,4.666667,4.000000,5.976664,8,1,6,3,5,8,7,6,4
18,isolated,C_update_off,33,4.666667,4.000000,5.976664,8,1,6,3,5,8,7,6,4
18,isolated,C_update_off,34,4.666667,4.000000,5.976664,8,1,6,3,5,8,7,6,4
18,isolated,C_update_off,35,4.666667,4.000000,5.976664,8,1,6,3,5,8,7,6,4
18,isolated,C_update_off,36,4.666667,4.000000,5.976664,8,1,6,3,5,8,7,6,4
18,isolated,C_update_off,37,5.555556,4.296296,6.160850,8,1,6,3,6,8,7,6,4
18,isolated,C_update_off,38,5.555556,4.296296,6.160850,8,1,6,3,6,8,7,6,4
18,isolated,C_update_off,39,5.555556,4.296296,6.160850,8,1,6,3,6,8,7,6,4
18,isolated,C_update_off,40,5.555556,4.296296,6.160850,8,1,6,3,6,8,7,6,4
18,isolated,C_update_off,41,5.555556,4.296296,6.160850,8,1,6,3,6,8,7,6,4
18,isolated,C_update_off,42,5.555556,4.296296,6.160850,8,1,6,3,6,8,7,6,4
18,isolated,C_update_off,43,5.555556,4.296296,6.160850,8,1,6,3,6,8,7,6,4
18,isolated,C_update_off,44,4.666667,4.000000,5.891869,8,1,6,3,6,8,7,5,4
18,isolated,C_update_off,45,4.666667,4.000000,5.891869,8,1,6,3,6,8,7,5,4
18,isolated,C_update_off,46,4.666667,4.000000,5.891869,8,1,6,3,6,8,7,5,4
18,isolated,C_update_off,47,4.666667,4.000000,5.891869,8,1,6,3,6,8,7,5,4
18,isolated,C_update_off,48,4.666667,4.000000,5.891869,8,1,6,3,6,8,7,5,4
18,isolated,C_update_off,49,4.666667,4.000000,5.891869,8,1,6,3,6,8,7,5,4
19,shared,C_update_on,0,0.666667,0.222222,1.333333,6,3,6,6,2,6,6,1,6
19,shared,C_update_on,1,0.222222,0.148148,1.138071,8,1,6,8,0,6,8,0,5
19,shared,C_update_on,2,0.000000,0.074074,0.666667,8,0,5,8,0,6,8,0,6
19,shared,C_update_on,3,0.000000,0.074074,0.666667,8,0,7,8,0,8,8,0,8
19,shared,C_update_on,4,0.000000,0.074074,0.666667,8,0,8,8,0,8,8,0,7
19,shared,C_update_on,5,0.000000,0.074074,0.666667,8,0,6,8,0,7,8,0,6
19,shared,C_update_on,6,0.000000,0.370370,1.490712,8,0,7,6,0,8,6,0,8
19,shared,C_update_on,7,0.000000,0.074074,0.666667,8,0,8,7,0,8,7,0,8
19,shared,C_update_on,8,0.000000,0.000000,0.000000,8,0,8,8,0,8,8,0,8
19,shared,C_update_on,9,0.000000,0.296296,1.333333,8,0,8,6,0,8,6,0,8
19,shared,C_update_on,10,0.000000,0.296296,1.333333,6,0,8,4,0,8,4,0,8
19,shared,C_update_on,11,0.000000,0.074074,0.666667,6,0,7,5,0,7,5,0,7
19,shared,C_update_on,12,0.000000,0.074074,0.666667,6,0,7,6,0,8,6,0,7
19,shared,C_update_on,13,0.000000,0.074074,0.666667,8,0,6,8,0,6,8,0,5
19,shared,C_update_on,14,0.000000,0.000000,0.000000,8,0,5,8,0,5,8,0,5
19,shared,C_update_on,15,0.000000,0.074074,0.666667,8,0,5,8,0,6,8,0,6
19,shared,C_update_on,16,0.000000,0.074074,0.666667,8,0,6,8,0,7,8,0,6
19,shared,C_update_on,17,0.000000,0.740741,2.418611,8,0,6,6,0,7,5,0,8
19,shared,C_update_on,18,0.000000,0.296296,1.333333,6,0,8,4,0,8,4,0,8
19,shared,C_update_on,19,0.000000,0.074074,0.666667,5,0,8,4,0,8,5,0,8
19,shared,C_update_on,20,0.000000,0.000000,0.000000,6,0,8,6,0,8,6,0,8
19,shared,C_update_on,21,0.000000,0.000000,0.000000,6,0,8,6,0,8,6,0,8
19,shared,C_update_on,22,0.000000,0.074074,0.666667,6,0,8,6,0,8,6,0,7
19,shared,C_update_on,23,0.000000,0.074074,0.666667,6,0,7,6,0,8,6,0,7
19,shared,C_update_on,24,0.000000,0.074074,0.666667,7,0,7,7,0,8,7,0,8
19,shared,C_update_on,25,0.000000,0.074074,0.666667,8,0,8,7,0,8,7,0,8
19,shared,C_update_on,26,0.000000,0.370370,1.745356,8,0,8,6,0,8,6,0,7
19,shared,C_update_on,27,0.000000,0.370370,1.490712,7,0,7,5,0,8,5,0,8
19,shared,C_update_on,28,0.000000,0.074074,0.666667,7,0,8,7,0,8,8,0,8
19,shared,C_update_on,29,0.000000,0.148148,0.942809,8,0,8,8,0,8,7,0,7
19,shared,C_update_on,30,0.000000,0.148148,0.942809,8,0,7,8,0,7,7,0,8
19,shared,C_update_on,31,0.000000,0.000000,0.000000,7,0,8,7,0,8,7,0,8
19,shared,C_update_on,32,0.000000,0.296296,1.333333,8,0,8,6,0,8,6,0,8
19,shared,C_update_on,33,0.000000,0.296296,1.609476,7,0,8,5,0,8,6,0,7
19,shared,C_update_on,34,0.000000,0.148148,0.942809,6,0,7,5,0,8,5,0,8
19,shared,C_update_on,35,0.000000,0.000000,0.000000,7,0,8,7,0,8,7,0,8
19,shared,C_update_on,36,0.000000,0.000000,0.000000,8,0,8,8,0,8,8,0,8
19,shared,C_update_on,37,0.000000,0.074074,0.666667,8,0,7,8,0,8,8,0,8
19,shared,C_update_on,38,0.000000,0.148148,1.138071,8,0,8,7,0,8,7,0,7
19,shared,C_update_on,39,0.000000,0.370370,1.490712,7,0,7,5,0,8,5,0,8
19,shared,C_update_on,40,0.000000,0.074074,0.666667,7,0,8,6,0,8,6,0,8
19,shared,C_update_on,41,0.000000,0.074074,0.666667,8,0,8,7,0,8,7,0,8
19,shared,C_update_on,42,0.000000,0.074074,0.666667,8,0,8,8,0,8,8,0,7
19,shared,C_update_on,43,0.000000,0.148148,1.138071,8,0,6,8,0,7,7,0,6
19,shared,C_update_on,44,0.000000,0.148148,0.942809,8,0,6,7,0,7,7,0,7
19,shared,C_update_on,45,0.000000,0.370370,1.490712,7,0,7,5,0,8,5,0,8
19,shared,C_update_on,46,0.000000,0.148148,0.942809,6,0,7,5,0,8,5,0,8
19,shared,C_update_on,47,0.000000,0.074074,0.666667,5,0,8,4,0,8,5,0,8
19,shared,C_update_on,48,0.000000,0.000000,0.000000,6,0,8,6,0,8,6,0,8
19,shared,C_update_on,49,0.000000,0.000000,0.000000,8,0,8,8,0,8,8,0,8
19,shared,C_update_off,0,0.000000,0.000000,0.000000,6,2,6,6,2,6,6,2,6
19,shared,C_update_off,1,0.000000,0.000000,0.000000,7,2,6,7,2,6,7,2,6
19,shared,C_update_off,2,0.000000,0.000000,0.000000,7,2,6,7,2,6,7,2,6
19,shared,C_update_off,3,0.000000,0.000000,0.000000,8,2,6,8,2,6,8,2,6
19,shared,C_update_off,4,0.000000,0.000000,0.000000,8,2,6,8,2,6,8,2,6
19,shared,C_update_off,5,0.222222,0.148148,0.942809,8,2,6,8,3,7,8,3,7
19,shared,C_update_off,6,0.222222,0.222222,1.154701,8,3,7,7,4,8,7,4,8
19,shared,C_update_off,7,0.222222,0.370370,1.490712,8,4,8,6,5,8,6,5,8
19,shared,C_update_off,8,0.000000,0.296296,1.333333,8,5,8,6,5,8,6,5,8
19,shared,C_update_off,9,0.000000,0.000000,0.000000,7,5,8,7,5,8,7,5,8
19,shared,C_update_off,10,0.000000,0.000000,0.000000,7,5,8,7,5,8,7,5,8
19,shared,C_update_off,11,0.000000,0.000000,0.000000,8,5,8,8,5,8,8,5,8
19,shared,C_update_off,12,0.000000,0.000000,0.000000,8,5,8,8,5,8,8,5,8
19,shared,C_update_off,13,0.222222,0.148148,1.138071,8,5,8,8,6,8,8,6,7
19,shared,C_update_off,14,0.222222,0.222222,1.382088,8,6,7,7,5,8,7,6,7
19,shared,C_update_off,15,0.222222,0.444444,1.895186,8,6,7,6,6,8,6,5,8
19,shared,C_update_off,16,0.222222,0.370370,1.745356,8,4,8,6,5,8,6,4,8
19,shared,C_update_off,17,0.222222,0.148148,1.138071,8,3,7,8,3,8,8,4,7
19,shared,C_update_off,18,0.222222,0.222222,1.382088,8,3,7,8,3,8,7,4,7
19,shared,C_update_off,19,0.000000,0.074074,0.666667,8,4,7,8,4,8,8,4,8
19,shared,C_update_off,20,0.222222,0.222222,1.154701,8,4,8,8,4,8,7,5,7
19,shared,C_update_off,21,0.222222,0.370370,1.727180,7,4,7,5,5,8,6,4,7
19,shared,C_update_off,22,0.222222,0.666667,2.393847,6,4,7,4,3,8,3,4,7
19,shared,C_update_off,23,0.222222,0.222222,1.382088,3,3,7,3,4,8,4,4,8
19,shared,C_update_off,24,0.666667,0.518519,2.097510,5,3,7,6,4,8,7,5,7
19,shared,C_update_off,25,0.222222,0.370370,1.759306,8,5,7,7,5,8,6,4,8
19,shared,C_update_off,26,0.666667,0.370370,1.759306,7,4,8,8,5,8,8,6,7
19,shared,C_update_off,27,0.222222,0.666667,2.393847,8,6,7,6,7,8,5,6,7
19,shared,C_update_off,28,0.666667,0.518519,2.104398,7,6,7,5,5,8,6,4,8
19,shared,C_update_off,29,0.222222,0.148148,1.138071,6,4,8,5,4,8,6,5,8
19,shared,C_update_off,30,0.000000,0.000000,0.000000,7,5,8,7,5,8,7,5,8
19,shared,C_update_off,31,0.222222,0.148148,0.942809,7,4,8,7,4,8,7,5,7
19,shared,C_update_off,32,0.222222,0.148148,0.942809,8,4,7,8,4,7,7,3,7
19,shared,C_update_off,33,0.666667,0.296296,1.609476,8,4,6,8,5,7,8,6,6
19,shared,C_update_off,34,0.666667,0.370370,1.727180,8,5,6,7,4,7,7,3,7
19,shared,C_update_off,35,0.222222,0.370370,1.490712,8,2,8,6,3,8,6,3,8
19,shared,C_update_off,36,0.222222,0.370370,1.490712,8,2,8,6,3,8,6,3,8
19,shared,C_update_off,37,0.222222,0.148148,0.942809,7,2,7,7,3,8,7,3,8
19,shared,C_update_off,38,0.222222,0.148148,1.138071,8,2,8,8,1,8,8,2,7
19,shared,C_update_off,39,0.666667,0.296296,1.550094,8,3,6,8,4,7,8,5,7
19,shared,C_update_off,40,0.666667,0.592593,2.149830,8,5,7,6,4,8,6,3,8
19,shared,C_update_off,41,0.666667,0.518519,2.139203,8,3,8,6,4,8,7,5,7
19,shared,C_update_off,42,0.666667,0.296296,1.550094,8,4,7,8,3,8,8,2,8
19,shared,C_update_off,43,0.666667,0.518519,2.048755,8,2,8,7,3,8,6,4,7
19,shared,C_update_off,44,0.222222,0.222222,1.382088,7,4,7,7,4,8,8,5,8
19,shared,C_update_off,45,0.222222,0.370370,1.727180,8,5,8,7,5,8,6,6,7
19,shared,C_update_off,46,0.222222,0.222222,1.414214,7,6,7,7,7,8,8,7,7
19,shared,C_update_off,47,0.222222,0.444444,1.895186,8,7,7,6,8,8,6,7,8
19,shared,C_update_off,48,0.222222,0.370370,1.794111,7,7,8,6,6,8,5,7,7
19,shared,C_update_off,49,0.222222,0.222222,1.382088,7,7,7,7,7,8,8,8,7
19,isolated,C_update_on,0,0.888889,0.370370,1.490712,6,3,6,5,1,6,5,1,6
19,isolated,C_update_on,1,0.888889,1.037037,3.001299,8,2,6,5,0,6,5,2,5
19,isolated,C_update_on,2,0.222222,0.962963,2.904990,8,1,6,5,1,7,5,2,5
19,isolated,C_update_on,3,0.222222,1.259259,3.352761,8,2,6,5,1,8,5,1,5
19,isolated,C_update_on,4,0.666667,2.148148,4.267615,8,2,6,3,0,8,5,1,5
19,isolated,C_update_on,5,0.222222,2.000000,4.133134,8,1,6,3,0,8,5,0,5
19,isolated,C_update_on,6,0.222222,2.370370,4.468224,8,1,6,3,0,8,6,1,4
19,isolated,C_update_on,7,0.222222,2.518519,4.485952,8,0,6,3,1,8,7,0,4
19,isolated,C_update_on,8,0.222222,2.000000,4.056452,8,1,6,3,0,8,6,0,5
19,isolated,C_update_on,9,0.000000,1.925926,3.954624,8,0,6,3,0,8,6,0,5
19,isolated,C_update_on,10,0.000000,2.444444,4.426029,8,0,6,3,0,8,7,0,4
19,isolated,C_update_on,11,0.000000,1.925926,3.954624,8,0,6,3,0,8,6,0,5
19,isolated,C_update_on,12,0.000000,2.074074,3.933126,8,0,6,3,0,8,7,0,5
19,isolated,C_update_on,13,0.000000,2.074074,3.933126,8,0,6,3,0,8,7,0,5
19,isolated,C_update_on,14,0.000000,2.074074,3.933126,8,0,6,3,0,8,7,0,5
19,isolated,C_update_on,15,0.000000,2.074074,3.933126,8,0,6,3,0,8,7,0,5
19,isolated,C_update_on,16,0.000000,2.074074,3.933126,8,0,6,3,0,8,7,0,5
19,isolated,C_update_on,17,0.000000,2.074074,3.933126,8,0,6,3,0,8,7,0,5
19,isolated,C_update_on,18,0.000000,2.074074,3.933126,8,0,6,3,0,8,7,0,5
19,isolated,C_update_on,19,0.000000,2.074074,3.933126,8,0,6,3,0,8,7,0,5
19,isolated,C_update_on,20,0.000000,2.074074,3.933126,8,0,6,3,0,8,7,0,5
19,isolated,C_update_on,21,0.000000,2.074074,3.933126,8,0,6,3,0,8,7,0,5
19,isolated,C_update_on,22,0.000000,2.074074,3.933126,8,0,6,3,0,8,7,0,5
19,isolated,C_update_on,23,0.000000,2.074074,3.933126,8,0,6,3,0,8,7,0,5
19,isolated,C_update_on,24,0.000000,2.074074,3.933126,8,0,6,3,0,8,7,0,5
19,isolated,C_update_on,25,0.000000,2.444444,4.426029,8,0,6,3,0,8,7,0,4
19,isolated,C_update_on,26,0.000000,2.444444,4.426029,8,0,6,3,0,8,7,0,4
19,isolated,C_update_on,27,0.000000,2.444444,4.426029,8,0,6,3,0,8,7,0,4
19,isolated,C_update_on,28,0.000000,2.444444,4.426029,8,0,6,3,0,8,7,0,4
19,isolated,C_update_on,29,0.000000,2.444444,4.426029,8,0,6,3,0,8,7,0,4
19,isolated,C_update_on,30,0.000000,2.444444,4.426029,8,0,6,3,0,8,7,0,4
19,isolated,C_update_on,31,0.000000,2.444444,4.426029,8,0,6,3,0,8,7,0,4
19,isolated,C_update_on,32,0.000000,2.444444,4.426029,8,0,6,3,0,8,7,0,4
19,isolated,C_update_on,33,0.000000,2.444444,4.426029,8,0,6,3,0,8,7,0,4
19,isolated,C_update_on,34,0.000000,2.444444,4.426029,8,0,6,3,0,8,7,0,4
19,isolated,C_update_on,35,0.000000,2.444444,4.426029,8,0,6,3,0,8,7,0,4
19,isolated,C_update_on,36,0.000000,2.444444,4.426029,8,0,6,3,0,8,7,0,4
19,isolated,C_update_on,37,0.000000,2.444444,4.426029,8,0,6,3,0,8,7,0,4
19,isolated,C_update_on,38,0.000000,2.444444,4.426029,8,0,6,3,0,8,7,0,4
19,isolated,C_update_on,39,0.000000,2.444444,4.426029,8,0,6,3,0,8,7,0,4
19,isolated,C_update_on,40,0.000000,2.444444,4.426029,8,0,6,3,0,8,7,0,4
19,isolated,C_update_on,41,0.000000,2.444444,4.426029,8,0,6,3,0,8,7,0,4
19,isolated,C_update_on,42,0.000000,2.444444,4.426029,8,0,6,3,0,8,7,0,4
19,isolated,C_update_on,43,0.000000,2.444444,4.426029,8,0,6,3,0,8,7,0,4
19,isolated,C_update_on,44,0.000000,2.444444,4.426029,8,0,6,3,0,8,7,0,4
19,isolated,C_update_on,45,0.000000,2.444444,4.426029,8,0,6,3,0,8,7,0,4
19,isolated,C_update_on,46,0.000000,2.444444,4.426029,8,0,6,3,0,8,7,0,4
19,isolated,C_update_on,47,0.000000,2.444444,4.426029,8,0,6,3,0,8,7,0,4
19,isolated,C_update_on,48,0.000000,2.444444,4.426029,8,0,6,3,0,8,7,0,4
19,isolated,C_update_on,49,0.000000,2.444444,4.426029,8,0,6,3,0,8,7,0,4
19,isolated,C_update_off,0,0.000000,0.074074,0.666667,6,2,6,5,2,6,5,2,6
19,isolated,C_update_off,1,0.000000,0.296296,1.333333,7,2,6,5,2,6,5,2,6
19,isolated,C_update_off,2,0.000000,0.296296,1.333333,7,2,6,5,2,6,5,2,6
19,isolated,C_update_off,3,0.000000,0.666667,2.000000,8,2,6,5,2,6,5,2,6
19,isolated,C_update_off,4,0.000000,0.666667,2.000000,8,2,6,5,2,6,5,2,6
19,isolated,C_update_off,5,0.000000,0.740741,2.387426,8,2,6,5,2,7,5,2,6
19,isolated,C_update_off,6,0.000000,0.962963,2.868517,8,2,6,5,2,8,5,2,6
19,isolated,C_update_off,7,0.000000,0.962963,2.868517,8,2,6,5,2,8,5,2,6
19,isolated,C_update_off,8,0.222222,1.925926,3.686600,8,2,6,3,3,8,7,2,6
19,isolated,C_update_off,9,0.888889,1.111111,2.862402,8,2,6,5,4,8,7,2,6
19,isolated,C_update_off,10,2.000000,2.740741,4.469860,8,2,6,3,5,8,7,2,5
19,isolated,C_update_off,11,1.555556,2.962963,4.871301,8,2,6,3,5,8,7,3,4
19,isolated,C_update_off,12,1.555556,2.444444,4.507771,8,2,6,3,5,8,6,4,5
19,isolated,C_update_off,13,1.555556,2.222222,4.244833,8,2,6,3,5,8,6,4,6
19,isolated,C_update_off,14,2.000000,2.740741,4.827013,8,2,6,3,5,8,7,5,5
19,isolated,C_update_off,15,1.555556,2.222222,4.244833,8,2,6,3,5,8,6,4,6
19,isolated,C_update_off,16,1.555556,2.370370,4.327686,8,2,6,3,5,8,7,4,6
19,isolated,C_update_off,17,1.555556,2.370370,4.327686,8,2,6,3,5,8,7,4,6
19,isolated,C_update_off,18,1.555556,2.370370,4.327686,8,2,6,3,5,8,7,4,6
19,isolated,C_update_off,19,1.555556,2.370370,4.327686,8,2,6,3,5,8,7,4,6
19,isolated,C_update_off,20,1.555556,2.592593,4.570974,8,2,6,3,5,8,7,4,5
19,isolated,C_update_off,21,2.000000,2.518519,4.599609,8,2,6,3,5,8,7,5,6
19,isolated,C_update_off,22,2.000000,2.518519,4.599609,8,2,6,3,5,8,7,5,6
19,isolated,C_update_off,23,2.000000,2.518519,4.599609,8,2,6,3,5,8,7,5,6
19,isolated,C_update_off,24,2.000000,2.518519,4.599609,8,2,6,3,5,8,7,5,6
19,isolated,C_update_off,25,2.000000,2.518519,4.599609,8,2,6,3,5,8,7,5,6
19,isolated,C_update_off,26,2.000000,2.518519,4.599609,8,2,6,3,5,8,7,5,6
19,isolated,C_update_off,27,2.000000,2.740741,4.827013,8,2,6,3,5,8,7,5,5
19,isolated,C_update_off,28,2.888889,3.407407,5.497184,8,2,6,3,5,8,7,6,4
19,isolated,C_update_off,29,2.000000,2.740741,4.827013,8,2,6,3,5,8,7,5,5
19,isolated,C_update_off,30,2.888889,3.407407,5.497184,8,2,6,3,5,8,7,6,4
19,isolated,C_update_off,31,2.888889,3.407407,5.497184,8,2,6,3,5,8,7,6,4
19,isolated,C_update_off,32,4.666667,4.000000,5.976664,8,1,6,3,5,8,7,6,4
19,isolated,C_update_off,33,4.666667,4.000000,5.976664,8,1,6,3,5,8,7,6,4
19,isolated,C_update_off,34,4.666667,4.000000,5.976664,8,1,6,3,5,8,7,6,4
19,isolated,C_update_off,35,4.666667,4.000000,5.976664,8,1,6,3,5,8,7,6,4
19,isolated,C_update_off,36,4.666667,4.000000,5.976664,8,1,6,3,5,8,7,6,4
19,isolated,C_update_off,37,5.555556,4.296296,6.160850,8,1,6,3,6,8,7,6,4
19,isolated,C_update_off,38,5.555556,4.296296,6.160850,8,1,6,3,6,8,7,6,4
19,isolated,C_update_off,39,5.555556,4.296296,6.160850,8,1,6,3,6,8,7,6,4
19,isolated,C_update_off,40,5.555556,4.296296,6.160850,8,1,6,3,6,8,7,6,4
19,isolated,C_update_off,41,5.555556,4.296296,6.160850,8,1,6,3,6,8,7,6,4
19,isolated,C_update_off,42,5.555556,4.296296,6.160850,8,1,6,3,6,8,7,6,4
19,isolated,C_update_off,43,5.555556,4.296296,6.160850,8,1,6,3,6,8,7,6,4
19,isolated,C_update_off,44,4.666667,4.000000,5.891869,8,1,6,3,6,8,7,5,4
19,isolated,C_update_off,45,4.666667,4.000000,5.891869,8,1,6,3,6,8,7,5,4
19,isolated,C_update_off,46,4.666667,4.000000,5.891869,8,1,6,3,6,8,7,5,4
19,isolated,C_update_off,47,4.666667,4.000000,5.891869,8,1,6,3,6,8,7,5,4
19,isolated,C_update_off,48,4.666667,4.000000,5.891869,8,1,6,3,6,8,7,5,4
19,isolated,C_update_off,49,4.666667,4.000000,5.891869,8,1,6,3,6,8,7,5,4
